<?xml version="1.0"?>
<VTKFile type="UnstructuredGrid" version="0.1" byte_order="BigEndian">
  <UnstructuredGrid>
    <Piece NumberOfPoints="2676"  NumberOfCells="4013">
      <PointData>
        <DataArray type="Int32" Name="NodeNumber" NumberOfComponents="1" format="ascii">
1 2 3 4 5 6 7 8 9 10 11 12 13 14 15 16 17 18 19 20 21 22 23 24 25 26 27 28 29 30 31 32 33 34 35 36 37 38 39 40 41 42 43 44 45 46 47 48 49 50 51 52 53 54 55 56 57 58 59 60 61 62 63 64 65 66 67 68 69 70 71 72 73 74 75 76 77 78 79 80 81 82 83 84 85 86 87 88 89 90 91 92 93 94 95 96 97 98 99 100 101 102 103 104 105 106 107 108 109 110 111 112 113 114 115 116 117 118 119 120 121 122 123 124 125 126 127 128 129 130 131 132 133 134 135 136 137 138 139 140 141 142 143 144 145 146 147 148 149 150 151 152 153 154 155 156 157 158 159 160 161 162 163 164 165 166 167 168 169 170 171 172 173 174 175 176 177 178 179 180 181 182 183 184 185 186 187 188 189 190 191 192 193 194 195 196 197 198 199 200 201 202 203 204 205 206 207 208 209 210 211 212 213 214 215 216 217 218 219 220 221 222 223 224 225 226 227 228 229 230 231 232 233 234 235 236 237 238 239 240 241 242 243 244 245 246 247 248 249 250 251 252 253 254 255 256 257 258 259 260 261 262 263 264 265 266 267 268 269 270 271 272 273 274 275 276 277 278 279 280 281 282 283 284 285 286 287 288 289 290 291 292 293 294 295 296 297 298 299 300 301 302 303 304 305 306 307 308 309 310 311 312 313 314 315 316 317 318 319 320 321 322 323 324 325 326 327 328 329 330 331 332 333 334 335 336 337 338 339 340 341 342 343 344 345 346 347 348 349 350 351 352 353 354 355 356 357 358 359 360 361 362 363 364 365 366 367 368 369 370 371 372 373 374 375 376 377 378 379 380 381 382 383 384 385 386 387 388 389 390 391 392 393 394 395 396 397 398 399 400 401 402 403 404 405 406 407 408 409 410 411 412 413 414 415 416 417 418 419 420 421 422 423 424 425 426 427 428 429 430 431 432 433 434 435 436 437 438 439 440 441 442 443 444 445 446 447 448 449 450 451 452 453 454 455 456 457 458 459 460 461 462 463 464 465 466 467 468 469 470 471 472 473 474 475 476 477 478 479 480 481 482 483 484 485 486 487 488 489 490 491 492 493 494 495 496 497 498 499 500 501 502 503 504 505 506 507 508 509 510 511 512 513 514 515 516 517 518 519 520 521 522 523 524 525 526 527 528 529 530 531 532 533 534 535 536 537 538 539 540 541 542 543 544 545 546 547 548 549 550 551 552 553 554 555 556 557 558 559 560 561 562 563 564 565 566 567 568 569 570 571 572 573 574 575 576 577 578 579 580 581 582 583 584 585 586 587 588 589 590 591 592 593 594 595 596 597 598 599 600 601 602 603 604 605 606 607 608 609 610 611 612 613 614 615 616 617 618 619 620 621 622 623 624 625 626 627 628 629 630 631 632 633 634 635 636 637 638 639 640 641 642 643 644 645 646 647 648 649 650 651 652 653 654 655 656 657 658 659 660 661 662 663 664 665 666 667 668 669 670 671 672 673 674 675 676 677 678 679 680 681 682 683 684 685 686 687 688 689 690 691 692 693 694 695 696 697 698 699 700 701 702 703 704 705 706 707 708 709 710 711 712 713 714 715 716 717 718 719 720 721 722 723 724 725 726 727 728 729 730 731 732 733 734 735 736 737 738 739 740 741 742 743 744 745 746 747 748 749 750 751 752 753 754 755 756 757 758 759 760 761 762 763 764 765 766 767 768 769 770 771 772 773 774 775 776 777 778 779 780 781 782 783 784 785 786 787 788 789 790 791 792 793 794 795 796 797 798 799 800 801 802 803 804 805 806 807 808 809 810 811 812 813 814 815 816 817 818 819 820 821 822 823 824 825 826 827 828 829 830 831 832 833 834 835 836 837 838 839 840 841 842 843 844 845 846 847 848 849 850 851 852 853 854 855 856 857 858 859 860 861 862 863 864 865 866 867 868 869 870 871 872 873 874 875 876 877 878 879 880 881 882 883 884 885 886 887 888 889 890 891 892 893 894 895 896 897 898 899 900 901 902 903 904 905 906 907 908 909 910 911 912 913 914 915 916 917 918 919 920 921 922 923 924 925 926 927 928 929 930 931 932 933 934 935 936 937 938 939 940 941 942 943 944 945 946 947 948 949 950 951 952 953 954 955 956 957 958 959 960 961 962 963 964 965 966 967 968 969 970 971 972 973 974 975 976 977 978 979 980 981 982 983 984 985 986 987 988 989 990 991 992 993 994 995 996 997 998 999 1000 1001 1002 1003 1004 1005 1006 1007 1008 1009 1010 1011 1012 1013 1014 1015 1016 1017 1018 1019 1020 1021 1022 1023 1024 1025 1026 1027 1028 1029 1030 1031 1032 1033 1034 1035 1036 1037 1038 1039 1040 1041 1042 1043 1044 1045 1046 1047 1048 1049 1050 1051 1052 1053 1054 1055 1056 1057 1058 1059 1060 1061 1062 1063 1064 1065 1066 1067 1068 1069 1070 1071 1072 1073 1074 1075 1076 1077 1078 1079 1080 1081 1082 1083 1084 1085 1086 1087 1088 1089 1090 1091 1092 1093 1094 1095 1096 1097 1098 1099 1100 1101 1102 1103 1104 1105 1106 1107 1108 1109 1110 1111 1112 1113 1114 1115 1116 1117 1118 1119 1120 1121 1122 1123 1124 1125 1126 1127 1128 1129 1130 1131 1132 1133 1134 1135 1136 1137 1138 1139 1140 1141 1142 1143 1144 1145 1146 1147 1148 1149 1150 1151 1152 1153 1154 1155 1156 1157 1158 1159 1160 1161 1162 1163 1164 1165 1166 1167 1168 1169 1170 1171 1172 1173 1174 1175 1176 1177 1178 1179 1180 1181 1182 1183 1184 1185 1186 1187 1188 1189 1190 1191 1192 1193 1194 1195 1196 1197 1198 1199 1200 1201 1202 1203 1204 1205 1206 1207 1208 1209 1210 1211 1212 1213 1214 1215 1216 1217 1218 1219 1220 1221 1222 1223 1224 1225 1226 1227 1228 1229 1230 1231 1232 1233 1234 1235 1236 1237 1238 1239 1240 1241 1242 1243 1244 1245 1246 1247 1248 1249 1250 1251 1252 1253 1254 1255 1256 1257 1258 1259 1260 1261 1262 1263 1264 1265 1266 1267 1268 1269 1270 1271 1272 1273 1274 1275 1276 1277 1278 1279 1280 1281 1282 1283 1284 1285 1286 1287 1288 1289 1290 1291 1292 1293 1294 1295 1296 1297 1298 1299 1300 1301 1302 1303 1304 1305 1306 1307 1308 1309 1310 1311 1312 1313 1314 1315 1316 1317 1318 1319 1320 1321 1322 1323 1324 1325 1326 1327 1328 1329 1330 1331 1332 1333 1334 1335 1336 1337 1338 1339 1340 1341 1342 1343 1344 1345 1346 1347 1348 1349 1350 1351 1352 1353 1354 1355 1356 1357 1358 1359 1360 1361 1362 1363 1364 1365 1366 1367 1368 1369 1370 1371 1372 1373 1374 1375 1376 1377 1378 1379 1380 1381 1382 1383 1384 1385 1386 1387 1388 1389 1390 1391 1392 1393 1394 1395 1396 1397 1398 1399 1400 1401 1402 1403 1404 1405 1406 1407 1408 1409 1410 1411 1412 1413 1414 1415 1416 1417 1418 1419 1420 1421 1422 1423 1424 1425 1426 1427 1428 1429 1430 1431 1432 1433 1434 1435 1436 1437 1438 1439 1440 1441 1442 1443 1444 1445 1446 1447 1448 1449 1450 1451 1452 1453 1454 1455 1456 1457 1458 1459 1460 1461 1462 1463 1464 1465 1466 1467 1468 1469 1470 1471 1472 1473 1474 1475 1476 1477 1478 1479 1480 1481 1482 1483 1484 1485 1486 1487 1488 1489 1490 1491 1492 1493 1494 1495 1496 1497 1498 1499 1500 1501 1502 1503 1504 1505 1506 1507 1508 1509 1510 1511 1512 1513 1514 1515 1516 1517 1518 1519 1520 1521 1522 1523 1524 1525 1526 1527 1528 1529 1530 1531 1532 1533 1534 1535 1536 1537 1538 1539 1540 1541 1542 1543 1544 1545 1546 1547 1548 1549 1550 1551 1552 1553 1554 1555 1556 1557 1558 1559 1560 1561 1562 1563 1564 1565 1566 1567 1568 1569 1570 1571 1572 1573 1574 1575 1576 1577 1578 1579 1580 1581 1582 1583 1584 1585 1586 1587 1588 1589 1590 1591 1592 1593 1594 1595 1596 1597 1598 1599 1600 1601 1602 1603 1604 1605 1606 1607 1608 1609 1610 1611 1612 1613 1614 1615 1616 1617 1618 1619 1620 1621 1622 1623 1624 1625 1626 1627 1628 1629 1630 1631 1632 1633 1634 1635 1636 1637 1638 1639 1640 1641 1642 1643 1644 1645 1646 1647 1648 1649 1650 1651 1652 1653 1654 1655 1656 1657 1658 1659 1660 1661 1662 1663 1664 1665 1666 1667 1668 1669 1670 1671 1672 1673 1674 1675 1676 1677 1678 1679 1680 1681 1682 1683 1684 1685 1686 1687 1688 1689 1690 1691 1692 1693 1694 1695 1696 1697 1698 1699 1700 1701 1702 1703 1704 1705 1706 1707 1708 1709 1710 1711 1712 1713 1714 1715 1716 1717 1718 1719 1720 1721 1722 1723 1724 1725 1726 1727 1728 1729 1730 1731 1732 1733 1734 1735 1736 1737 1738 1739 1740 1741 1742 1743 1744 1745 1746 1747 1748 1749 1750 1751 1752 1753 1754 1755 1756 1757 1758 1759 1760 1761 1762 1763 1764 1765 1766 1767 1768 1769 1770 1771 1772 1773 1774 1775 1776 1777 1778 1779 1780 1781 1782 1783 1784 1785 1786 1787 1788 1789 1790 1791 1792 1793 1794 1795 1796 1797 1798 1799 1800 1801 1802 1803 1804 1805 1806 1807 1808 1809 1810 1811 1812 1813 1814 1815 1816 1817 1818 1819 1820 1821 1822 1823 1824 1825 1826 1827 1828 1829 1830 1831 1832 1833 1834 1835 1836 1837 1838 1839 1840 1841 1842 1843 1844 1845 1846 1847 1848 1849 1850 1851 1852 1853 1854 1855 1856 1857 1858 1859 1860 1861 1862 1863 1864 1865 1866 1867 1868 1869 1870 1871 1872 1873 1874 1875 1876 1877 1878 1879 1880 1881 1882 1883 1884 1885 1886 1887 1888 1889 1890 1891 1892 1893 1894 1895 1896 1897 1898 1899 1900 1901 1902 1903 1904 1905 1906 1907 1908 1909 1910 1911 1912 1913 1914 1915 1916 1917 1918 1919 1920 1921 1922 1923 1924 1925 1926 1927 1928 1929 1930 1931 1932 1933 1934 1935 1936 1937 1938 1939 1940 1941 1942 1943 1944 1945 1946 1947 1948 1949 1950 1951 1952 1953 1954 1955 1956 1957 1958 1959 1960 1961 1962 1963 1964 1965 1966 1967 1968 1969 1970 1971 1972 1973 1974 1975 1976 1977 1978 1979 1980 1981 1982 1983 1984 1985 1986 1987 1988 1989 1990 1991 1992 1993 1994 1995 1996 1997 1998 1999 2000 2001 2002 2003 2004 2005 2006 2007 2008 2009 2010 2011 2012 2013 2014 2015 2016 2017 2018 2019 2020 2021 2022 2023 2024 2025 2026 2027 2028 2029 2030 2031 2032 2033 2034 2035 2036 2037 2038 2039 2040 2041 2042 2043 2044 2045 2046 2047 2048 2049 2050 2051 2052 2053 2054 2055 2056 2057 2058 2059 2060 2061 2062 2063 2064 2065 2066 2067 2068 2069 2070 2071 2072 2073 2074 2075 2076 2077 2078 2079 2080 2081 2082 2083 2084 2085 2086 2087 2088 2089 2090 2091 2092 2093 2094 2095 2096 2097 2098 2099 2100 2101 2102 2103 2104 2105 2106 2107 2108 2109 2110 2111 2112 2113 2114 2115 2116 2117 2118 2119 2120 2121 2122 2123 2124 2125 2126 2127 2128 2129 2130 2131 2132 2133 2134 2135 2136 2137 2138 2139 2140 2141 2142 2143 2144 2145 2146 2147 2148 2149 2150 2151 2152 2153 2154 2155 2156 2157 2158 2159 2160 2161 2162 2163 2164 2165 2166 2167 2168 2169 2170 2171 2172 2173 2174 2175 2176 2177 2178 2179 2180 2181 2182 2183 2184 2185 2186 2187 2188 2189 2190 2191 2192 2193 2194 2195 2196 2197 2198 2199 2200 2201 2202 2203 2204 2205 2206 2207 2208 2209 2210 2211 2212 2213 2214 2215 2216 2217 2218 2219 2220 2221 2222 2223 2224 2225 2226 2227 2228 2229 2230 2231 2232 2233 2234 2235 2236 2237 2238 2239 2240 2241 2242 2243 2244 2245 2246 2247 2248 2249 2250 2251 2252 2253 2254 2255 2256 2257 2258 2259 2260 2261 2262 2263 2264 2265 2266 2267 2268 2269 2270 2271 2272 2273 2274 2275 2276 2277 2278 2279 2280 2281 2282 2283 2284 2285 2286 2287 2288 2289 2290 2291 2292 2293 2294 2295 2296 2297 2298 2299 2300 2301 2302 2303 2304 2305 2306 2307 2308 2309 2310 2311 2312 2313 2314 2315 2316 2317 2318 2319 2320 2321 2322 2323 2324 2325 2326 2327 2328 2329 2330 2331 2332 2333 2334 2335 2336 2337 2338 2339 2340 2341 2342 2343 2344 2345 2346 2347 2348 2349 2350 2351 2352 2353 2354 2355 2356 2357 2358 2359 2360 2361 2362 2363 2364 2365 2366 2367 2368 2369 2370 2371 2372 2373 2374 2375 2376 2377 2378 2379 2380 2381 2382 2383 2384 2385 2386 2387 2388 2389 2390 2391 2392 2393 2394 2395 2396 2397 2398 2399 2400 2401 2402 2403 2404 2405 2406 2407 2408 2409 2410 2411 2412 2413 2414 2415 2416 2417 2418 2419 2420 2421 2422 2423 2424 2425 2426 2427 2428 2429 2430 2431 2432 2433 2434 2435 2436 2437 2438 2439 2440 2441 2442 2443 2444 2445 2446 2447 2448 2449 2450 2451 2452 2453 2454 2455 2456 2457 2458 2459 2460 2461 2462 2463 2464 2465 2466 2467 2468 2469 2470 2471 2472 2473 2474 2475 2476 2477 2478 2479 2480 2481 2482 2483 2484 2485 2486 2487 2488 2489 2490 2491 2492 2493 2494 2495 2496 2497 2498 2499 2500 2501 2502 2503 2504 2505 2506 2507 2508 2509 2510 2511 2512 2513 2514 2515 2516 2517 2518 2519 2520 2521 2522 2523 2524 2525 2526 2527 2528 2529 2530 2531 2532 2533 2534 2535 2536 2537 2538 2539 2540 2541 2542 2543 2544 2545 2546 2547 2548 2549 2550 2551 2552 2553 2554 2555 2556 2557 2558 2559 2560 2561 2562 2563 2564 2565 2566 2567 2568 2569 2570 2571 2572 2573 2574 2575 2576 2577 2578 2579 2580 2581 2582 2583 2584 2585 2586 2587 2588 2589 2590 2591 2592 2593 2594 2595 2596 2597 2598 2599 2600 2601 2602 2603 2604 2605 2606 2607 2608 2609 2610 2611 2612 2613 2614 2615 2616 2617 2618 2619 2620 2621 2622 2623 2624 2625 2626 2627 2628 2629 2630 2631 2632 2633 2634 2635 2636 2637 2638 2639 2640 2641 2642 2643 2644 2645 2646 2647 2648 2649 2650 2651 2652 2653 2654 2655 2656 2657 2658 2659 2660 2661 2662 2663 2664 2665 2666 2667 2668 2669 2670 2671 2672 2673 2674 2675 2676 
        </DataArray>
      </PointData>
      <CellData>
        <DataArray type="Int32" Name="ElementNumber" NumberOfComponents="1" format="ascii">
1 2 3 4 5 6 7 8 9 10 11 12 13 14 15 16 17 18 19 20 21 22 23 24 25 26 27 28 29 30 31 32 33 34 35 36 37 38 39 40 41 42 43 44 45 46 47 48 49 50 51 52 53 54 55 56 57 58 59 60 61 62 63 64 65 66 67 68 69 70 71 72 73 74 75 76 77 78 79 80 81 82 83 84 85 86 87 88 89 90 91 92 93 94 95 96 97 98 99 100 101 102 103 104 105 106 107 108 109 110 111 112 113 114 115 116 117 118 119 120 121 122 123 124 125 126 127 128 129 130 131 132 133 134 135 136 137 138 139 140 141 142 143 144 145 146 147 148 149 150 151 152 153 154 155 156 157 158 159 160 161 162 163 164 165 166 167 168 169 170 171 172 173 174 175 176 177 178 179 180 181 182 183 184 185 186 187 188 189 190 191 192 193 194 195 196 197 198 199 200 201 202 203 204 205 206 207 208 209 210 211 212 213 214 215 216 217 218 219 220 221 222 223 224 225 226 227 228 229 230 231 232 233 234 235 236 237 238 239 240 241 242 243 244 245 246 247 248 249 250 251 252 253 254 255 256 257 258 259 260 261 262 263 264 265 266 267 268 269 270 271 272 273 274 275 276 277 278 279 280 281 282 283 284 285 286 287 288 289 290 291 292 293 294 295 296 297 298 299 300 301 302 303 304 305 306 307 308 309 310 311 312 313 314 315 316 317 318 319 320 321 322 323 324 325 326 327 328 329 330 331 332 333 334 335 336 337 338 339 340 341 342 343 344 345 346 347 348 349 350 351 352 353 354 355 356 357 358 359 360 361 362 363 364 365 366 367 368 369 370 371 372 373 374 375 376 377 378 379 380 381 382 383 384 385 386 387 388 389 390 391 392 393 394 395 396 397 398 399 400 401 402 403 404 405 406 407 408 409 410 411 412 413 414 415 416 417 418 419 420 421 422 423 424 425 426 427 428 429 430 431 432 433 434 435 436 437 438 439 440 441 442 443 444 445 446 447 448 449 450 451 452 453 454 455 456 457 458 459 460 461 462 463 464 465 466 467 468 469 470 471 472 473 474 475 476 477 478 479 480 481 482 483 484 485 486 487 488 489 490 491 492 493 494 495 496 497 498 499 500 501 502 503 504 505 506 507 508 509 510 511 512 513 514 515 516 517 518 519 520 521 522 523 524 525 526 527 528 529 530 531 532 533 534 535 536 537 538 539 540 541 542 543 544 545 546 547 548 549 550 551 552 553 554 555 556 557 558 559 560 561 562 563 564 565 566 567 568 569 570 571 572 573 574 575 576 577 578 579 580 581 582 583 584 585 586 587 588 589 590 591 592 593 594 595 596 597 598 599 600 601 602 603 604 605 606 607 608 609 610 611 612 613 614 615 616 617 618 619 620 621 622 623 624 625 626 627 628 629 630 631 632 633 634 635 636 637 638 639 640 641 642 643 644 645 646 647 648 649 650 651 652 653 654 655 656 657 658 659 660 661 662 663 664 665 666 667 668 669 670 671 672 673 674 675 676 677 678 679 680 681 682 683 684 685 686 687 688 689 690 691 692 693 694 695 696 697 698 699 700 701 702 703 704 705 706 707 708 709 710 711 712 713 714 715 716 717 718 719 720 721 722 723 724 725 726 727 728 729 730 731 732 733 734 735 736 737 738 739 740 741 742 743 744 745 746 747 748 749 750 751 752 753 754 755 756 757 758 759 760 761 762 763 764 765 766 767 768 769 770 771 772 773 774 775 776 777 778 779 780 781 782 783 784 785 786 787 788 789 790 791 792 793 794 795 796 797 798 799 800 801 802 803 804 805 806 807 808 809 810 811 812 813 814 815 816 817 818 819 820 821 822 823 824 825 826 827 828 829 830 831 832 833 834 835 836 837 838 839 840 841 842 843 844 845 846 847 848 849 850 851 852 853 854 855 856 857 858 859 860 861 862 863 864 865 866 867 868 869 870 871 872 873 874 875 876 877 878 879 880 881 882 883 884 885 886 887 888 889 890 891 892 893 894 895 896 897 898 899 900 901 902 903 904 905 906 907 908 909 910 911 912 913 914 915 916 917 918 919 920 921 922 923 924 925 926 927 928 929 930 931 932 933 934 935 936 937 938 939 940 941 942 943 944 945 946 947 948 949 950 951 952 953 954 955 956 957 958 959 960 961 962 963 964 965 966 967 968 969 970 971 972 973 974 975 976 977 978 979 980 981 982 983 984 985 986 987 988 989 990 991 992 993 994 995 996 997 998 999 1000 1001 1002 1003 1004 1005 1006 1007 1008 1009 1010 1011 1012 1013 1014 1015 1016 1017 1018 1019 1020 1021 1022 1023 1024 1025 1026 1027 1028 1029 1030 1031 1032 1033 1034 1035 1036 1037 1038 1039 1040 1041 1042 1043 1044 1045 1046 1047 1048 1049 1050 1051 1052 1053 1054 1055 1056 1057 1058 1059 1060 1061 1062 1063 1064 1065 1066 1067 1068 1069 1070 1071 1072 1073 1074 1075 1076 1077 1078 1079 1080 1081 1082 1083 1084 1085 1086 1087 1088 1089 1090 1091 1092 1093 1094 1095 1096 1097 1098 1099 1100 1101 1102 1103 1104 1105 1106 1107 1108 1109 1110 1111 1112 1113 1114 1115 1116 1117 1118 1119 1120 1121 1122 1123 1124 1125 1126 1127 1128 1129 1130 1131 1132 1133 1134 1135 1136 1137 1138 1139 1140 1141 1142 1143 1144 1145 1146 1147 1148 1149 1150 1151 1152 1153 1154 1155 1156 1157 1158 1159 1160 1161 1162 1163 1164 1165 1166 1167 1168 1169 1170 1171 1172 1173 1174 1175 1176 1177 1178 1179 1180 1181 1182 1183 1184 1185 1186 1187 1188 1189 1190 1191 1192 1193 1194 1195 1196 1197 1198 1199 1200 1201 1202 1203 1204 1205 1206 1207 1208 1209 1210 1211 1212 1213 1214 1215 1216 1217 1218 1219 1220 1221 1222 1223 1224 1225 1226 1227 1228 1229 1230 1231 1232 1233 1234 1235 1236 1237 1238 1239 1240 1241 1242 1243 1244 1245 1246 1247 1248 1249 1250 1251 1252 1253 1254 1255 1256 1257 1258 1259 1260 1261 1262 1263 1264 1265 1266 1267 1268 1269 1270 1271 1272 1273 1274 1275 1276 1277 1278 1279 1280 1281 1282 1283 1284 1285 1286 1287 1288 1289 1290 1291 1292 1293 1294 1295 1296 1297 1298 1299 1300 1301 1302 1303 1304 1305 1306 1307 1308 1309 1310 1311 1312 1313 1314 1315 1316 1317 1318 1319 1320 1321 1322 1323 1324 1325 1326 1327 1328 1329 1330 1331 1332 1333 1334 1335 1336 1337 1338 1339 1340 1341 1342 1343 1344 1345 1346 1347 1348 1349 1350 1351 1352 1353 1354 1355 1356 1357 1358 1359 1360 1361 1362 1363 1364 1365 1366 1367 1368 1369 1370 1371 1372 1373 1374 1375 1376 1377 1378 1379 1380 1381 1382 1383 1384 1385 1386 1387 1388 1389 1390 1391 1392 1393 1394 1395 1396 1397 1398 1399 1400 1401 1402 1403 1404 1405 1406 1407 1408 1409 1410 1411 1412 1413 1414 1415 1416 1417 1418 1419 1420 1421 1422 1423 1424 1425 1426 1427 1428 1429 1430 1431 1432 1433 1434 1435 1436 1437 1438 1439 1440 1441 1442 1443 1444 1445 1446 1447 1448 1449 1450 1451 1452 1453 1454 1455 1456 1457 1458 1459 1460 1461 1462 1463 1464 1465 1466 1467 1468 1469 1470 1471 1472 1473 1474 1475 1476 1477 1478 1479 1480 1481 1482 1483 1484 1485 1486 1487 1488 1489 1490 1491 1492 1493 1494 1495 1496 1497 1498 1499 1500 1501 1502 1503 1504 1505 1506 1507 1508 1509 1510 1511 1512 1513 1514 1515 1516 1517 1518 1519 1520 1521 1522 1523 1524 1525 1526 1527 1528 1529 1530 1531 1532 1533 1534 1535 1536 1537 1538 1539 1540 1541 1542 1543 1544 1545 1546 1547 1548 1549 1550 1551 1552 1553 1554 1555 1556 1557 1558 1559 1560 1561 1562 1563 1564 1565 1566 1567 1568 1569 1570 1571 1572 1573 1574 1575 1576 1577 1578 1579 1580 1581 1582 1583 1584 1585 1586 1587 1588 1589 1590 1591 1592 1593 1594 1595 1596 1597 1598 1599 1600 1601 1602 1603 1604 1605 1606 1607 1608 1609 1610 1611 1612 1613 1614 1615 1616 1617 1618 1619 1620 1621 1622 1623 1624 1625 1626 1627 1628 1629 1630 1631 1632 1633 1634 1635 1636 1637 1638 1639 1640 1641 1642 1643 1644 1645 1646 1647 1648 1649 1650 1651 1652 1653 1654 1655 1656 1657 1658 1659 1660 1661 1662 1663 1664 1665 1666 1667 1668 1669 1670 1671 1672 1673 1674 1675 1676 1677 1678 1679 1680 1681 1682 1683 1684 1685 1686 1687 1688 1689 1690 1691 1692 1693 1694 1695 1696 1697 1698 1699 1700 1701 1702 1703 1704 1705 1706 1707 1708 1709 1710 1711 1712 1713 1714 1715 1716 1717 1718 1719 1720 1721 1722 1723 1724 1725 1726 1727 1728 1729 1730 1731 1732 1733 1734 1735 1736 1737 1738 1739 1740 1741 1742 1743 1744 1745 1746 1747 1748 1749 1750 1751 1752 1753 1754 1755 1756 1757 1758 1759 1760 1761 1762 1763 1764 1765 1766 1767 1768 1769 1770 1771 1772 1773 1774 1775 1776 1777 1778 1779 1780 1781 1782 1783 1784 1785 1786 1787 1788 1789 1790 1791 1792 1793 1794 1795 1796 1797 1798 1799 1800 1801 1802 1803 1804 1805 1806 1807 1808 1809 1810 1811 1812 1813 1814 1815 1816 1817 1818 1819 1820 1821 1822 1823 1824 1825 1826 1827 1828 1829 1830 1831 1832 1833 1834 1835 1836 1837 1838 1839 1840 1841 1842 1843 1844 1845 1846 1847 1848 1849 1850 1851 1852 1853 1854 1855 1856 1857 1858 1859 1860 1861 1862 1863 1864 1865 1866 1867 1868 1869 1870 1871 1872 1873 1874 1875 1876 1877 1878 1879 1880 1881 1882 1883 1884 1885 1886 1887 1888 1889 1890 1891 1892 1893 1894 1895 1896 1897 1898 1899 1900 1901 1902 1903 1904 1905 1906 1907 1908 1909 1910 1911 1912 1913 1914 1915 1916 1917 1918 1919 1920 1921 1922 1923 1924 1925 1926 1927 1928 1929 1930 1931 1932 1933 1934 1935 1936 1937 1938 1939 1940 1941 1942 1943 1944 1945 1946 1947 1948 1949 1950 1951 1952 1953 1954 1955 1956 1957 1958 1959 1960 1961 1962 1963 1964 1965 1966 1967 1968 1969 1970 1971 1972 1973 1974 1975 1976 1977 1978 1979 1980 1981 1982 1983 1984 1985 1986 1987 1988 1989 1990 1991 1992 1993 1994 1995 1996 1997 1998 1999 2000 2001 2002 2003 2004 2005 2006 2007 2008 2009 2010 2011 2012 2013 2014 2015 2016 2017 2018 2019 2020 2021 2022 2023 2024 2025 2026 2027 2028 2029 2030 2031 2032 2033 2034 2035 2036 2037 2038 2039 2040 2041 2042 2043 2044 2045 2046 2047 2048 2049 2050 2051 2052 2053 2054 2055 2056 2057 2058 2059 2060 2061 2062 2063 2064 2065 2066 2067 2068 2069 2070 2071 2072 2073 2074 2075 2076 2077 2078 2079 2080 2081 2082 2083 2084 2085 2086 2087 2088 2089 2090 2091 2092 2093 2094 2095 2096 2097 2098 2099 2100 2101 2102 2103 2104 2105 2106 2107 2108 2109 2110 2111 2112 2113 2114 2115 2116 2117 2118 2119 2120 2121 2122 2123 2124 2125 2126 2127 2128 2129 2130 2131 2132 2133 2134 2135 2136 2137 2138 2139 2140 2141 2142 2143 2144 2145 2146 2147 2148 2149 2150 2151 2152 2153 2154 2155 2156 2157 2158 2159 2160 2161 2162 2163 2164 2165 2166 2167 2168 2169 2170 2171 2172 2173 2174 2175 2176 2177 2178 2179 2180 2181 2182 2183 2184 2185 2186 2187 2188 2189 2190 2191 2192 2193 2194 2195 2196 2197 2198 2199 2200 2201 2202 2203 2204 2205 2206 2207 2208 2209 2210 2211 2212 2213 2214 2215 2216 2217 2218 2219 2220 2221 2222 2223 2224 2225 2226 2227 2228 2229 2230 2231 2232 2233 2234 2235 2236 2237 2238 2239 2240 2241 2242 2243 2244 2245 2246 2247 2248 2249 2250 2251 2252 2253 2254 2255 2256 2257 2258 2259 2260 2261 2262 2263 2264 2265 2266 2267 2268 2269 2270 2271 2272 2273 2274 2275 2276 2277 2278 2279 2280 2281 2282 2283 2284 2285 2286 2287 2288 2289 2290 2291 2292 2293 2294 2295 2296 2297 2298 2299 2300 2301 2302 2303 2304 2305 2306 2307 2308 2309 2310 2311 2312 2313 2314 2315 2316 2317 2318 2319 2320 2321 2322 2323 2324 2325 2326 2327 2328 2329 2330 2331 2332 2333 2334 2335 2336 2337 2338 2339 2340 2341 2342 2343 2344 2345 2346 2347 2348 2349 2350 2351 2352 2353 2354 2355 2356 2357 2358 2359 2360 2361 2362 2363 2364 2365 2366 2367 2368 2369 2370 2371 2372 2373 2374 2375 2376 2377 2378 2379 2380 2381 2382 2383 2384 2385 2386 2387 2388 2389 2390 2391 2392 2393 2394 2395 2396 2397 2398 2399 2400 2401 2402 2403 2404 2405 2406 2407 2408 2409 2410 2411 2412 2413 2414 2415 2416 2417 2418 2419 2420 2421 2422 2423 2424 2425 2426 2427 2428 2429 2430 2431 2432 2433 2434 2435 2436 2437 2438 2439 2440 2441 2442 2443 2444 2445 2446 2447 2448 2449 2450 2451 2452 2453 2454 2455 2456 2457 2458 2459 2460 2461 2462 2463 2464 2465 2466 2467 2468 2469 2470 2471 2472 2473 2474 2475 2476 2477 2478 2479 2480 2481 2482 2483 2484 2485 2486 2487 2488 2489 2490 2491 2492 2493 2494 2495 2496 2497 2498 2499 2500 2501 2502 2503 2504 2505 2506 2507 2508 2509 2510 2511 2512 2513 2514 2515 2516 2517 2518 2519 2520 2521 2522 2523 2524 2525 2526 2527 2528 2529 2530 2531 2532 2533 2534 2535 2536 2537 2538 2539 2540 2541 2542 2543 2544 2545 2546 2547 2548 2549 2550 2551 2552 2553 2554 2555 2556 2557 2558 2559 2560 2561 2562 2563 2564 2565 2566 2567 2568 2569 2570 2571 2572 2573 2574 2575 2576 2577 2578 2579 2580 2581 2582 2583 2584 2585 2586 2587 2588 2589 2590 2591 2592 2593 2594 2595 2596 2597 2598 2599 2600 2601 2602 2603 2604 2605 2606 2607 2608 2609 2610 2611 2612 2613 2614 2615 2616 2617 2618 2619 2620 2621 2622 2623 2624 2625 2626 2627 2628 2629 2630 2631 2632 2633 2634 2635 2636 2637 2638 2639 2640 2641 2642 2643 2644 2645 2646 2647 2648 2649 2650 2651 2652 2653 2654 2655 2656 2657 2658 2659 2660 2661 2662 2663 2664 2665 2666 2667 2668 2669 2670 2671 2672 2673 2674 2675 2676 2677 2678 2679 2680 2681 2682 2683 2684 2685 2686 2687 2688 2689 2690 2691 2692 2693 2694 2695 2696 2697 2698 2699 2700 2701 2702 2703 2704 2705 2706 2707 2708 2709 2710 2711 2712 2713 2714 2715 2716 2717 2718 2719 2720 2721 2722 2723 2724 2725 2726 2727 2728 2729 2730 2731 2732 2733 2734 2735 2736 2737 2738 2739 2740 2741 2742 2743 2744 2745 2746 2747 2748 2749 2750 2751 2752 2753 2754 2755 2756 2757 2758 2759 2760 2761 2762 2763 2764 2765 2766 2767 2768 2769 2770 2771 2772 2773 2774 2775 2776 2777 2778 2779 2780 2781 2782 2783 2784 2785 2786 2787 2788 2789 2790 2791 2792 2793 2794 2795 2796 2797 2798 2799 2800 2801 2802 2803 2804 2805 2806 2807 2808 2809 2810 2811 2812 2813 2814 2815 2816 2817 2818 2819 2820 2821 2822 2823 2824 2825 2826 2827 2828 2829 2830 2831 2832 2833 2834 2835 2836 2837 2838 2839 2840 2841 2842 2843 2844 2845 2846 2847 2848 2849 2850 2851 2852 2853 2854 2855 2856 2857 2858 2859 2860 2861 2862 2863 2864 2865 2866 2867 2868 2869 2870 2871 2872 2873 2874 2875 2876 2877 2878 2879 2880 2881 2882 2883 2884 2885 2886 2887 2888 2889 2890 2891 2892 2893 2894 2895 2896 2897 2898 2899 2900 2901 2902 2903 2904 2905 2906 2907 2908 2909 2910 2911 2912 2913 2914 2915 2916 2917 2918 2919 2920 2921 2922 2923 2924 2925 2926 2927 2928 2929 2930 2931 2932 2933 2934 2935 2936 2937 2938 2939 2940 2941 2942 2943 2944 2945 2946 2947 2948 2949 2950 2951 2952 2953 2954 2955 2956 2957 2958 2959 2960 2961 2962 2963 2964 2965 2966 2967 2968 2969 2970 2971 2972 2973 2974 2975 2976 2977 2978 2979 2980 2981 2982 2983 2984 2985 2986 2987 2988 2989 2990 2991 2992 2993 2994 2995 2996 2997 2998 2999 3000 3001 3002 3003 3004 3005 3006 3007 3008 3009 3010 3011 3012 3013 3014 3015 3016 3017 3018 3019 3020 3021 3022 3023 3024 3025 3026 3027 3028 3029 3030 3031 3032 3033 3034 3035 3036 3037 3038 3039 3040 3041 3042 3043 3044 3045 3046 3047 3048 3049 3050 3051 3052 3053 3054 3055 3056 3057 3058 3059 3060 3061 3062 3063 3064 3065 3066 3067 3068 3069 3070 3071 3072 3073 3074 3075 3076 3077 3078 3079 3080 3081 3082 3083 3084 3085 3086 3087 3088 3089 3090 3091 3092 3093 3094 3095 3096 3097 3098 3099 3100 3101 3102 3103 3104 3105 3106 3107 3108 3109 3110 3111 3112 3113 3114 3115 3116 3117 3118 3119 3120 3121 3122 3123 3124 3125 3126 3127 3128 3129 3130 3131 3132 3133 3134 3135 3136 3137 3138 3139 3140 3141 3142 3143 3144 3145 3146 3147 3148 3149 3150 3151 3152 3153 3154 3155 3156 3157 3158 3159 3160 3161 3162 3163 3164 3165 3166 3167 3168 3169 3170 3171 3172 3173 3174 3175 3176 3177 3178 3179 3180 3181 3182 3183 3184 3185 3186 3187 3188 3189 3190 3191 3192 3193 3194 3195 3196 3197 3198 3199 3200 3201 3202 3203 3204 3205 3206 3207 3208 3209 3210 3211 3212 3213 3214 3215 3216 3217 3218 3219 3220 3221 3222 3223 3224 3225 3226 3227 3228 3229 3230 3231 3232 3233 3234 3235 3236 3237 3238 3239 3240 3241 3242 3243 3244 3245 3246 3247 3248 3249 3250 3251 3252 3253 3254 3255 3256 3257 3258 3259 3260 3261 3262 3263 3264 3265 3266 3267 3268 3269 3270 3271 3272 3273 3274 3275 3276 3277 3278 3279 3280 3281 3282 3283 3284 3285 3286 3287 3288 3289 3290 3291 3292 3293 3294 3295 3296 3297 3298 3299 3300 3301 3302 3303 3304 3305 3306 3307 3308 3309 3310 3311 3312 3313 3314 3315 3316 3317 3318 3319 3320 3321 3322 3323 3324 3325 3326 3327 3328 3329 3330 3331 3332 3333 3334 3335 3336 3337 3338 3339 3340 3341 3342 3343 3344 3345 3346 3347 3348 3349 3350 3351 3352 3353 3354 3355 3356 3357 3358 3359 3360 3361 3362 3363 3364 3365 3366 3367 3368 3369 3370 3371 3372 3373 3374 3375 3376 3377 3378 3379 3380 3381 3382 3383 3384 3385 3386 3387 3388 3389 3390 3391 3392 3393 3394 3395 3396 3397 3398 3399 3400 3401 3402 3403 3404 3405 3406 3407 3408 3409 3410 3411 3412 3413 3414 3415 3416 3417 3418 3419 3420 3421 3422 3423 3424 3425 3426 3427 3428 3429 3430 3431 3432 3433 3434 3435 3436 3437 3438 3439 3440 3441 3442 3443 3444 3445 3446 3447 3448 3449 3450 3451 3452 3453 3454 3455 3456 3457 3458 3459 3460 3461 3462 3463 3464 3465 3466 3467 3468 3469 3470 3471 3472 3473 3474 3475 3476 3477 3478 3479 3480 3481 3482 3483 3484 3485 3486 3487 3488 3489 3490 3491 3492 3493 3494 3495 3496 3497 3498 3499 3500 3501 3502 3503 3504 3505 3506 3507 3508 3509 3510 3511 3512 3513 3514 3515 3516 3517 3518 3519 3520 3521 3522 3523 3524 3525 3526 3527 3528 3529 3530 3531 3532 3533 3534 3535 3536 3537 3538 3539 3540 3541 3542 3543 3544 3545 3546 3547 3548 3549 3550 3551 3552 3553 3554 3555 3556 3557 3558 3559 3560 3561 3562 3563 3564 3565 3566 3567 3568 3569 3570 3571 3572 3573 3574 3575 3576 3577 3578 3579 3580 3581 3582 3583 3584 3585 3586 3587 3588 3589 3590 3591 3592 3593 3594 3595 3596 3597 3598 3599 3600 3601 3602 3603 3604 3605 3606 3607 3608 3609 3610 3611 3612 3613 3614 3615 3616 3617 3618 3619 3620 3621 3622 3623 3624 3625 3626 3627 3628 3629 3630 3631 3632 3633 3634 3635 3636 3637 3638 3639 3640 3641 3642 3643 3644 3645 3646 3647 3648 3649 3650 3651 3652 3653 3654 3655 3656 3657 3658 3659 3660 3661 3662 3663 3664 3665 3666 3667 3668 3669 3670 3671 3672 3673 3674 3675 3676 3677 3678 3679 3680 3681 3682 3683 3684 3685 3686 3687 3688 3689 3690 3691 3692 3693 3694 3695 3696 3697 3698 3699 3700 3701 3702 3703 3704 3705 3706 3707 3708 3709 3710 3711 3712 3713 3714 3715 3716 3717 3718 3719 3720 3721 3722 3723 3724 3725 3726 3727 3728 3729 3730 3731 3732 3733 3734 3735 3736 3737 3738 3739 3740 3741 3742 3743 3744 3745 3746 3747 3748 3749 3750 3751 3752 3753 3754 3755 3756 3757 3758 3759 3760 3761 3762 3763 3764 3765 3766 3767 3768 3769 3770 3771 3772 3773 3774 3775 3776 3777 3778 3779 3780 3781 3782 3783 3784 3785 3786 3787 3788 3789 3790 3791 3792 3793 3794 3795 3796 3797 3798 3799 3800 3801 3802 3803 3804 3805 3806 3807 3808 3809 3810 3811 3812 3813 3814 3815 3816 3817 3818 3819 3820 3821 3822 3823 3824 3825 3826 3827 3828 3829 3830 3831 3832 3833 3834 3835 3836 3837 3838 3839 3840 3841 3842 3843 3844 3845 3846 3847 3848 3849 3850 3851 3852 3853 3854 3855 3856 3857 3858 3859 3860 3861 3862 3863 3864 3865 3866 3867 3868 3869 3870 3871 3872 3873 3874 3875 3876 3877 3878 3879 3880 3881 3882 3883 3884 3885 3886 3887 3888 3889 3890 3891 3892 3893 3894 3895 3896 3897 3898 3899 3900 3901 3902 3903 3904 3905 3906 3907 3908 3909 3910 3911 3912 3913 3914 3915 3916 3917 3918 3919 3920 3921 3922 3923 3924 3925 3926 3927 3928 3929 3930 3931 3932 3933 3934 3935 3936 3937 3938 3939 3940 3941 3942 3943 3944 3945 3946 3947 3948 3949 3950 3951 3952 3953 3954 3955 3956 3957 3958 3959 3960 3961 3962 3963 3964 3965 3966 3967 3968 3969 3970 3971 3972 3973 3974 3975 3976 3977 3978 3979 3980 3981 3982 3983 3984 3985 3986 3987 3988 3989 3990 3991 3992 3993 3994 3995 3996 3997 3998 3999 4000 4001 4002 4003 4004 4005 4006 4007 4008 4009 4010 4011 4012 4013 
        </DataArray>
        <DataArray type="Int32" Name="GeometryIds" NumberOfComponents="1" format="ascii">
1 1 1 1 1 1 1 1 1 1 1 1 1 1 1 1 1 1 1 1 1 1 1 1 1 1 1 1 1 1 1 1 1 1 1 1 1 1 1 1 1 1 1 1 1 1 1 1 1 1 1 1 1 1 1 1 1 1 1 1 1 1 1 1 1 1 1 1 1 1 1 1 1 1 1 1 1 1 1 1 1 1 1 1 1 1 1 1 1 1 1 1 1 1 1 1 1 1 1 1 1 1 1 1 1 1 1 1 1 1 1 1 1 1 1 1 1 1 1 1 1 1 1 1 1 1 1 1 1 1 1 1 1 1 1 1 1 1 1 1 1 1 1 1 1 1 1 1 1 1 1 1 1 1 1 1 1 1 1 1 1 1 1 1 1 1 1 1 1 1 1 1 1 1 1 1 1 1 1 1 1 1 1 1 1 1 1 1 1 1 1 1 1 1 1 1 1 1 1 1 1 1 1 1 1 1 1 1 1 1 1 1 1 1 1 1 1 1 1 1 1 1 1 1 1 1 1 1 1 1 1 1 1 1 1 1 1 1 1 1 1 1 1 1 1 1 1 1 1 1 1 1 1 1 1 1 1 1 1 1 1 1 1 1 1 1 1 1 1 1 1 1 1 1 1 1 1 1 1 1 1 1 1 1 1 1 1 1 1 1 1 1 1 1 1 1 1 1 1 1 1 1 1 1 1 1 1 1 1 1 1 1 1 1 1 1 1 1 1 1 1 1 1 1 1 1 1 1 1 1 1 1 1 1 1 1 1 1 1 1 1 1 1 1 1 1 1 1 1 1 1 1 1 1 1 1 1 1 1 1 1 1 1 1 1 1 1 1 1 1 1 1 1 1 1 1 1 1 1 1 1 1 1 1 1 1 1 1 1 1 1 1 1 1 1 1 1 1 1 1 1 1 1 1 1 1 1 1 1 1 1 1 1 1 1 1 1 1 1 1 1 1 1 1 1 1 1 1 1 1 1 1 1 1 1 1 1 1 1 1 1 1 1 1 1 1 1 1 1 1 1 1 1 1 1 1 1 1 1 1 1 1 1 1 1 1 1 1 1 1 1 1 1 1 1 1 1 1 1 1 1 1 1 1 1 1 1 1 1 1 1 1 1 1 1 1 1 1 1 1 1 1 1 1 1 1 1 1 1 1 1 1 1 1 1 1 1 1 1 1 1 1 1 1 1 1 1 1 1 1 1 1 1 1 1 1 1 1 1 1 1 1 1 1 1 1 1 1 1 1 1 1 1 1 1 1 1 1 1 1 1 1 1 1 1 1 1 1 1 1 1 1 1 1 1 1 1 1 1 1 1 1 1 1 1 1 1 1 1 1 1 1 1 1 1 1 1 1 1 1 1 1 1 1 1 1 1 1 1 1 1 1 1 1 1 1 1 1 1 1 1 1 1 1 1 1 1 1 1 1 1 1 1 1 1 1 1 1 1 1 1 1 1 1 1 1 1 1 1 1 1 1 1 1 1 1 1 1 1 1 1 1 1 1 1 1 1 1 1 1 1 1 1 1 1 1 1 1 1 1 1 1 1 1 1 1 1 1 1 1 1 1 1 1 1 1 1 1 1 1 1 1 1 1 1 1 1 1 1 1 1 1 1 1 1 1 1 1 1 1 1 1 1 1 1 1 1 1 1 1 1 1 1 1 1 1 1 1 1 1 1 1 1 1 1 1 1 1 1 1 1 1 1 1 1 1 1 1 1 1 1 1 1 1 1 1 1 1 1 1 1 1 1 1 1 1 1 1 1 1 1 1 1 1 1 1 1 1 1 1 1 1 1 1 1 1 1 1 1 1 1 1 1 1 1 1 1 1 1 1 1 1 1 1 1 1 1 1 1 1 1 1 1 1 1 1 1 1 1 1 1 1 1 1 1 1 1 1 1 1 1 1 1 1 1 1 1 1 1 1 1 1 1 1 1 1 1 1 1 1 1 1 1 1 1 1 1 1 1 1 1 1 1 1 1 1 1 1 1 1 1 1 1 1 1 1 1 1 1 1 1 1 1 1 1 1 1 1 1 1 1 1 1 1 1 1 1 1 1 1 1 1 1 1 1 1 1 1 1 1 1 1 1 1 1 1 1 1 1 1 1 1 1 1 1 1 1 1 1 1 1 1 1 1 1 1 1 1 1 1 1 1 1 1 1 1 1 1 1 1 1 1 1 1 1 1 1 1 1 1 1 1 1 1 1 1 1 1 1 1 1 1 1 1 1 1 1 1 1 1 1 1 1 1 1 1 1 1 1 1 1 1 1 1 1 1 1 1 1 1 1 1 1 1 1 1 1 1 1 1 1 1 1 1 1 1 1 1 1 1 1 1 1 1 1 1 1 1 1 1 1 1 1 1 1 1 1 1 1 1 1 1 1 1 1 1 1 1 1 1 1 1 1 1 1 1 1 1 1 1 1 1 1 1 1 1 1 1 1 1 1 1 1 1 1 1 1 1 1 1 1 1 1 1 1 1 1 1 1 1 1 1 1 1 1 1 1 1 1 1 1 1 1 1 1 1 1 1 1 1 1 1 1 1 1 1 1 1 1 1 1 1 1 1 1 1 1 1 1 1 1 1 1 1 1 1 1 1 1 1 1 1 1 1 1 1 1 1 1 1 1 1 1 1 1 1 1 1 1 1 1 1 1 1 1 1 1 1 1 1 1 1 1 1 1 1 1 1 1 1 1 1 1 1 1 1 1 1 1 1 1 1 1 1 1 1 1 1 1 1 1 1 1 1 1 1 1 1 1 1 1 1 1 1 1 1 1 1 1 1 1 1 1 1 1 1 1 1 1 1 1 1 1 1 1 1 1 1 1 1 1 1 1 1 1 1 1 1 1 1 1 1 1 1 1 1 1 1 1 1 1 1 1 1 1 1 1 1 1 1 1 1 1 1 1 1 1 1 1 1 1 1 1 1 1 1 1 1 1 1 1 1 1 1 1 1 1 1 1 1 1 1 1 1 1 1 1 1 1 1 1 1 1 1 1 1 1 1 1 1 1 1 1 1 1 1 1 103 103 103 103 103 103 103 103 103 103 103 103 103 103 103 103 103 103 103 103 103 103 103 103 103 103 103 103 103 103 103 103 103 103 103 103 103 103 103 103 103 103 103 103 103 103 103 103 103 103 103 103 103 103 103 103 103 103 103 103 103 103 103 103 103 103 103 103 103 103 103 103 103 103 103 103 103 103 103 103 103 103 103 103 103 103 103 103 103 103 103 103 103 103 103 103 103 103 103 103 103 103 103 103 103 103 103 103 103 103 103 103 103 103 103 103 103 103 103 103 103 103 103 103 103 103 103 103 103 103 103 103 103 103 103 103 103 103 103 103 103 103 103 103 103 103 103 103 103 103 103 103 103 103 103 103 103 103 103 103 103 103 103 103 103 103 103 103 103 103 103 103 103 103 103 103 103 103 103 103 103 103 103 103 103 103 103 103 103 103 103 103 103 103 103 103 103 103 103 103 103 103 103 103 103 103 103 103 103 103 103 103 103 103 103 103 103 103 103 103 103 103 103 103 103 103 103 103 103 103 103 103 103 103 103 103 103 103 103 103 103 103 103 103 103 103 103 103 103 103 103 103 103 103 103 103 103 103 103 103 103 103 103 103 103 103 103 103 103 103 103 103 103 103 103 103 103 103 103 103 103 103 103 103 103 103 103 103 103 103 103 103 103 103 103 103 103 103 103 103 103 103 103 103 103 103 103 103 103 103 103 103 103 103 103 103 103 103 103 103 103 103 103 103 103 103 103 103 103 103 103 103 103 103 103 103 103 103 103 103 103 103 103 103 103 103 103 103 103 103 103 103 103 103 103 103 103 103 103 103 103 103 103 103 103 103 103 103 103 103 103 103 103 103 103 103 103 103 103 103 103 103 103 103 103 103 103 103 103 103 103 103 103 103 103 103 103 103 103 103 103 103 103 103 103 103 103 103 103 103 103 103 103 103 103 103 103 103 103 103 103 103 103 103 103 103 103 103 103 103 103 103 103 103 103 103 103 103 103 103 103 103 103 103 103 103 103 103 103 103 103 103 103 103 103 103 103 103 103 103 103 103 103 103 103 103 103 103 103 103 103 103 103 103 103 103 103 103 103 103 103 103 103 103 103 103 103 103 103 103 103 103 103 103 103 103 103 103 103 103 103 103 103 103 103 103 103 103 103 103 103 103 103 103 103 103 103 103 103 103 103 103 103 103 103 103 103 103 103 103 103 103 103 103 103 103 103 103 103 103 103 103 103 103 103 103 103 103 103 103 103 103 103 103 103 103 103 103 103 103 103 103 103 103 103 103 103 103 103 103 103 103 103 103 103 103 103 103 103 103 103 103 103 103 103 103 103 103 103 103 103 103 103 103 103 103 103 103 103 103 103 103 103 103 103 103 103 103 103 103 103 103 103 103 103 103 103 103 103 103 103 103 103 103 103 103 103 103 103 103 103 103 103 103 103 103 103 103 103 103 103 103 103 103 103 103 103 103 103 103 103 103 103 103 103 103 103 103 103 103 103 103 103 103 103 103 103 103 103 103 103 103 103 103 103 103 103 103 103 103 103 103 103 103 103 103 103 103 103 103 103 103 103 103 103 103 103 103 103 103 103 103 103 103 103 103 103 103 103 103 103 103 103 103 103 103 103 103 103 103 103 103 103 103 103 103 103 103 103 103 103 103 103 103 103 103 103 103 103 103 103 103 103 103 103 103 103 103 103 103 103 103 103 103 103 103 103 103 103 103 103 103 103 103 103 103 103 103 103 103 103 103 103 103 103 103 103 103 103 103 103 103 103 103 103 103 103 103 103 103 103 103 103 103 103 103 103 103 103 103 103 103 103 103 103 103 103 103 103 103 103 103 103 103 103 103 103 103 103 103 103 103 103 103 103 103 103 103 103 103 103 103 103 103 103 103 103 103 103 103 103 103 103 103 103 103 103 103 103 103 103 103 103 103 103 103 103 103 103 103 103 103 103 103 103 103 103 103 103 103 103 103 103 103 103 103 103 103 103 103 103 103 103 103 103 103 103 103 103 103 103 103 103 103 103 103 103 103 103 103 103 103 103 103 103 103 103 103 103 103 103 103 103 103 103 103 103 103 103 103 103 103 103 103 103 103 103 103 103 103 103 103 103 103 103 103 103 103 103 103 103 103 103 103 103 103 103 103 103 103 103 103 103 103 103 103 103 103 103 103 103 103 103 103 103 103 103 103 103 103 103 103 103 103 103 103 103 103 103 103 103 103 103 103 103 103 103 103 103 103 103 103 103 103 103 103 103 103 103 103 103 103 103 103 103 103 103 103 103 103 103 103 103 103 103 103 103 103 103 103 103 103 103 103 103 103 103 103 103 103 103 103 103 103 103 103 103 103 103 103 103 103 103 103 103 103 103 103 103 103 103 103 103 103 103 103 103 103 103 103 103 103 103 103 103 103 103 103 103 103 103 103 103 103 103 103 103 103 103 103 103 103 103 103 103 103 103 103 103 103 103 103 103 103 103 103 103 103 103 103 103 103 103 103 103 103 103 103 103 103 103 103 103 103 103 103 103 103 103 103 103 103 103 103 103 103 103 103 103 103 103 103 103 103 103 103 103 103 103 103 103 103 103 103 103 103 103 103 103 103 103 103 103 103 103 103 103 103 103 103 103 103 103 103 103 103 103 103 103 103 103 103 103 103 103 103 103 103 103 103 103 103 103 103 103 103 103 103 103 103 103 103 103 103 103 103 103 103 103 103 103 103 103 103 103 103 103 103 103 103 103 103 103 103 103 103 103 103 103 103 103 103 103 103 103 103 103 103 103 103 103 103 103 103 103 103 103 103 103 103 103 103 103 103 103 103 103 103 103 103 103 103 103 103 103 103 103 103 103 103 103 103 103 103 103 103 103 103 103 103 103 103 103 103 103 103 103 103 103 103 103 103 103 103 103 103 103 103 103 103 103 103 103 103 103 103 103 103 103 103 103 103 103 103 103 103 103 103 103 103 103 103 103 103 103 103 103 103 103 103 103 103 103 103 103 103 103 103 103 103 103 103 103 103 103 103 103 104 104 104 104 104 104 104 104 104 104 104 104 104 104 104 104 104 104 104 104 104 104 104 104 104 104 104 104 104 104 104 104 104 104 104 104 104 104 104 104 104 104 104 104 104 104 104 104 104 104 104 104 104 104 104 104 104 104 104 104 104 104 104 104 104 104 104 104 104 104 104 104 104 104 104 104 104 104 104 104 104 104 104 104 104 104 104 104 104 104 104 104 104 104 104 104 104 104 104 104 104 104 104 104 104 104 104 104 104 104 104 104 104 104 104 104 104 104 104 104 104 104 104 104 104 104 104 104 104 104 104 104 104 104 104 104 104 104 104 104 104 104 104 104 104 104 104 104 104 104 104 104 104 104 104 104 104 104 104 104 104 104 104 104 104 104 104 104 104 104 104 104 104 104 104 104 104 104 104 104 104 104 104 104 104 104 104 104 104 104 104 104 104 104 104 104 104 104 104 104 104 104 104 104 104 104 104 104 104 104 104 104 104 104 104 104 104 104 104 104 104 104 104 104 104 104 104 104 104 104 104 104 104 104 104 104 104 104 104 104 104 104 104 104 104 104 104 104 104 104 104 104 104 104 104 104 104 104 104 104 104 104 104 104 104 104 104 104 104 104 104 104 104 104 104 104 104 104 104 104 104 104 104 104 104 104 104 104 104 104 104 104 104 104 104 104 104 104 104 104 104 104 104 104 104 104 104 104 104 104 104 104 104 104 104 104 104 104 104 104 104 104 104 104 104 104 104 104 101 104 104 104 104 104 104 104 104 104 104 104 104 104 104 104 104 104 104 104 104 104 104 104 104 104 104 104 104 104 104 104 104 104 104 104 104 104 104 104 104 104 104 104 104 104 104 104 104 104 104 104 104 104 104 104 104 104 104 104 104 104 104 104 104 104 104 104 104 104 104 104 104 104 104 104 104 104 104 104 104 104 104 104 104 104 104 104 104 104 104 104 104 104 104 104 104 104 104 104 104 104 104 104 104 104 104 104 104 104 104 104 104 104 104 104 104 104 104 104 104 104 104 104 104 104 104 104 104 104 104 104 104 104 104 104 104 104 104 104 104 104 104 104 104 104 104 104 104 104 104 104 104 104 104 104 104 104 104 104 104 104 104 104 104 104 104 104 104 104 104 104 104 104 104 104 104 104 104 104 104 104 104 104 104 104 104 104 104 104 104 104 104 104 104 104 104 104 104 104 104 104 104 104 104 104 104 104 104 104 104 104 104 104 104 104 104 104 104 104 104 104 104 104 104 104 104 104 104 104 104 104 104 104 104 104 104 104 104 104 104 104 104 104 104 104 104 104 104 104 104 104 104 104 104 104 104 104 104 104 104 104 104 104 104 104 104 104 104 104 104 104 104 104 104 104 104 104 104 104 104 104 104 104 104 104 104 104 104 104 104 104 104 104 104 104 104 104 104 104 104 104 104 104 104 104 104 104 104 104 104 104 104 104 104 104 104 104 104 104 104 104 104 104 104 104 104 104 104 104 104 104 104 104 104 104 104 104 104 104 104 104 104 104 104 104 104 104 104 104 104 104 104 104 104 104 104 104 104 104 104 104 104 104 104 104 104 104 104 104 104 104 104 104 104 104 104 104 104 104 104 104 104 104 104 104 104 104 104 104 104 104 104 104 104 104 104 104 104 104 104 104 104 104 104 104 104 104 104 104 104 104 104 104 104 104 104 104 104 104 104 104 104 104 104 104 104 104 104 104 104 104 104 104 104 104 104 104 104 104 104 104 104 104 104 104 104 104 104 104 104 104 104 104 104 104 104 104 104 104 104 104 104 104 104 104 104 104 104 104 104 104 104 104 104 104 104 104 104 104 104 104 104 104 104 104 104 104 104 104 104 104 104 104 104 104 104 104 104 104 104 104 104 104 104 104 104 104 104 104 104 104 104 104 104 104 104 104 104 104 104 104 104 104 104 104 104 104 104 104 104 104 104 104 104 104 104 104 104 104 104 104 104 104 104 104 104 104 104 104 104 104 104 104 104 104 104 104 104 104 104 104 104 104 104 104 104 104 104 104 104 104 104 104 104 104 104 104 104 104 104 104 104 104 104 104 104 104 104 104 104 104 104 104 104 104 104 104 104 104 104 104 104 104 104 104 104 104 104 104 104 104 104 104 104 104 104 104 104 104 104 104 104 104 104 104 104 104 104 104 104 104 104 104 104 104 104 104 104 104 104 104 104 104 104 104 104 104 104 104 104 104 104 104 104 104 104 104 104 104 104 104 104 104 104 104 104 104 104 104 104 104 104 104 104 104 104 104 104 104 104 104 104 104 104 104 104 104 104 104 104 104 104 104 104 104 104 104 104 104 104 104 104 104 104 104 104 104 104 104 104 104 104 104 104 104 104 104 104 104 104 104 104 104 104 104 104 104 104 104 104 104 104 104 104 104 104 104 104 104 104 104 104 104 104 104 104 104 104 104 104 104 104 104 104 104 104 104 104 104 104 104 104 104 104 104 104 104 104 104 104 104 104 104 104 104 104 104 104 104 104 104 104 104 104 104 104 104 104 104 104 104 104 104 104 104 104 104 104 104 104 104 104 104 104 104 104 104 104 104 104 104 104 104 104 104 104 104 104 104 104 104 104 104 104 104 104 104 104 104 104 104 104 104 104 104 104 104 104 104 104 104 104 104 104 104 104 104 104 104 104 104 104 104 104 104 104 104 104 104 104 104 104 104 104 104 104 104 104 104 104 104 104 104 104 104 104 104 104 104 104 104 104 104 104 104 104 104 104 104 104 104 104 104 104 104 104 104 104 104 104 104 104 104 104 104 104 104 104 104 104 104 104 104 104 104 104 104 104 104 104 104 104 104 104 104 104 104 104 104 104 104 104 104 104 104 104 104 104 104 104 104 104 104 104 104 104 104 104 104 104 104 104 104 104 104 104 104 104 104 104 104 104 104 104 104 104 104 104 104 104 104 104 104 104 104 104 104 104 104 104 104 104 104 104 104 104 104 104 104 104 104 104 104 104 104 104 104 104 104 104 104 104 104 104 104 104 104 104 104 102 
        </DataArray>
        <DataArray type="Int32" Name="Partition" NumberOfComponents="1" format="ascii">
1 1 1 1 1 1 1 1 1 1 1 1 1 1 1 1 1 1 1 1 2 2 2 2 2 2 2 2 2 2 2 2 2 2 2 2 2 2 2 2 2 3 3 3 3 3 3 3 3 3 3 3 3 3 3 3 3 3 3 3 3 3 4 4 4 4 4 4 4 4 4 4 4 4 4 4 4 4 4 4 4 4 4 5 5 5 5 5 5 5 5 5 5 5 5 5 5 5 5 5 5 5 5 5 6 6 6 6 6 6 6 6 6 6 6 6 6 6 6 6 6 6 6 6 6 7 7 7 7 7 7 7 7 7 7 7 7 7 7 7 7 7 7 7 7 7 8 8 8 8 8 8 8 8 8 8 8 8 8 8 8 8 8 8 8 8 8 9 9 9 9 9 9 9 9 9 9 9 9 9 9 9 9 9 9 9 9 9 10 10 10 10 10 10 10 10 10 10 10 10 10 10 10 10 10 10 10 10 11 11 11 11 11 11 11 11 11 11 11 11 11 11 11 11 11 11 11 11 11 12 12 12 12 12 12 12 12 12 12 12 12 12 12 12 12 12 12 12 12 12 13 13 13 13 13 13 13 13 13 13 13 13 13 13 13 13 13 13 13 13 13 14 14 14 14 14 14 14 14 14 14 14 14 14 14 14 14 14 14 14 14 14 15 15 15 15 15 15 15 15 15 15 15 15 15 15 15 15 15 15 15 15 15 16 16 16 16 16 16 16 16 16 16 16 16 16 16 16 16 16 16 16 16 16 17 17 17 17 17 17 17 17 17 17 17 17 17 17 17 17 17 17 17 17 17 18 18 18 18 18 18 18 18 18 18 18 18 18 18 18 18 18 18 18 18 18 19 19 19 19 19 19 19 19 19 19 19 19 19 19 19 19 19 19 19 19 20 20 20 20 20 20 20 20 20 20 20 20 20 20 20 20 20 20 20 20 20 21 21 21 21 21 21 21 21 21 21 21 21 21 21 21 21 21 21 21 21 21 22 22 22 22 22 22 22 22 22 22 22 22 22 22 22 22 22 22 22 22 22 23 23 23 23 23 23 23 23 23 23 23 23 23 23 23 23 23 23 23 23 23 24 24 24 24 24 24 24 24 24 24 24 24 24 24 24 24 24 24 24 24 24 25 25 25 25 25 25 25 25 25 25 25 25 25 25 25 25 25 25 25 25 25 26 26 26 26 26 26 26 26 26 26 26 26 26 26 26 26 26 26 26 26 26 27 27 27 27 27 27 27 27 27 27 27 27 27 27 27 27 27 27 27 27 27 28 28 28 28 28 28 28 28 28 28 28 28 28 28 28 28 28 28 28 28 29 29 29 29 29 29 29 29 29 29 29 29 29 29 29 29 29 29 29 29 29 30 30 30 30 30 30 30 30 30 30 30 30 30 30 30 30 30 30 30 30 30 31 31 31 31 31 31 31 31 31 31 31 31 31 31 31 31 31 31 31 31 31 32 32 32 32 32 32 32 32 32 32 32 32 32 32 32 32 32 32 32 32 32 33 33 33 33 33 33 33 33 33 33 33 33 33 33 33 33 33 33 33 33 33 34 34 34 34 34 34 34 34 34 34 34 34 34 34 34 34 34 34 34 34 34 35 35 35 35 35 35 35 35 35 35 35 35 35 35 35 35 35 35 35 35 35 36 36 36 36 36 36 36 36 36 36 36 36 36 36 36 36 36 36 36 36 36 37 37 37 37 37 37 37 37 37 37 37 37 37 37 37 37 37 37 37 37 38 38 38 38 38 38 38 38 38 38 38 38 38 38 38 38 38 38 38 38 38 39 39 39 39 39 39 39 39 39 39 39 39 39 39 39 39 39 39 39 39 39 40 40 40 40 40 40 40 40 40 40 40 40 40 40 40 40 40 40 40 40 40 41 41 41 41 41 41 41 41 41 41 41 41 41 41 41 41 41 41 41 41 41 42 42 42 42 42 42 42 42 42 42 42 42 42 42 42 42 42 42 42 42 42 43 43 43 43 43 43 43 43 43 43 43 43 43 43 43 43 43 43 43 43 43 44 44 44 44 44 44 44 44 44 44 44 44 44 44 44 44 44 44 44 44 44 45 45 45 45 45 45 45 45 45 45 45 45 45 45 45 45 45 45 45 45 45 46 46 46 46 46 46 46 46 46 46 46 46 46 46 46 46 46 46 46 46 47 47 47 47 47 47 47 47 47 47 47 47 47 47 47 47 47 47 47 47 47 48 48 48 48 48 48 48 48 48 48 48 48 48 48 48 48 48 48 48 48 48 49 49 49 49 49 49 49 49 49 49 49 49 49 49 49 49 49 49 49 49 49 50 50 50 50 50 50 50 50 50 50 50 50 50 50 50 50 50 50 50 50 50 51 51 51 51 51 51 51 51 51 51 51 51 51 51 51 51 51 51 51 51 51 52 52 52 52 52 52 52 52 52 52 52 52 52 52 52 52 52 52 52 52 52 53 53 53 53 53 53 53 53 53 53 53 53 53 53 53 53 53 53 53 53 53 54 54 54 54 54 54 54 54 54 54 54 54 54 54 54 54 54 54 54 54 54 55 55 55 55 55 55 55 55 55 55 55 55 55 55 55 55 55 55 55 55 56 56 56 56 56 56 56 56 56 56 56 56 56 56 56 56 56 56 56 56 56 57 57 57 57 57 57 57 57 57 57 57 57 57 57 57 57 57 57 57 57 57 58 58 58 58 58 58 58 58 58 58 58 58 58 58 58 58 58 58 58 58 58 59 59 59 59 59 59 59 59 59 59 59 59 59 59 59 59 59 59 59 59 59 60 60 60 60 60 60 60 60 60 60 60 60 60 60 60 60 60 60 60 60 60 61 61 61 61 61 61 61 61 61 61 61 61 61 61 61 61 61 61 61 61 61 62 62 62 62 62 62 62 62 62 62 62 62 62 62 62 62 62 62 62 62 62 63 63 63 63 63 63 63 63 63 63 63 63 63 63 63 63 63 63 63 63 63 64 64 64 64 64 64 64 64 64 64 64 64 64 64 64 64 64 64 64 64 64 1 1 1 1 1 1 1 1 1 1 1 1 1 1 1 1 1 1 1 1 2 2 2 2 2 2 2 2 2 2 2 2 2 2 2 2 2 2 2 2 2 3 3 3 3 3 3 3 3 3 3 3 3 3 3 3 3 3 3 3 3 3 4 4 4 4 4 4 4 4 4 4 4 4 4 4 4 4 4 4 4 4 4 5 5 5 5 5 5 5 5 5 5 5 5 5 5 5 5 5 5 5 5 5 6 6 6 6 6 6 6 6 6 6 6 6 6 6 6 6 6 6 6 6 6 7 7 7 7 7 7 7 7 7 7 7 7 7 7 7 7 7 7 7 7 7 8 8 8 8 8 8 8 8 8 8 8 8 8 8 8 8 8 8 8 8 8 9 9 9 9 9 9 9 9 9 9 9 9 9 9 9 9 9 9 9 9 9 10 10 10 10 10 10 10 10 10 10 10 10 10 10 10 10 10 10 10 10 11 11 11 11 11 11 11 11 11 11 11 11 11 11 11 11 11 11 11 11 11 12 12 12 12 12 12 12 12 12 12 12 12 12 12 12 12 12 12 12 12 12 13 13 13 13 13 13 13 13 13 13 13 13 13 13 13 13 13 13 13 13 13 14 14 14 14 14 14 14 14 14 14 14 14 14 14 14 14 14 14 14 14 14 15 15 15 15 15 15 15 15 15 15 15 15 15 15 15 15 15 15 15 15 15 16 16 16 16 16 16 16 16 16 16 16 16 16 16 16 16 16 16 16 16 16 17 17 17 17 17 17 17 17 17 17 17 17 17 17 17 17 17 17 17 17 17 18 18 18 18 18 18 18 18 18 18 18 18 18 18 18 18 18 18 18 18 18 19 19 19 19 19 19 19 19 19 19 19 19 19 19 19 19 19 19 19 19 20 20 20 20 20 20 20 20 20 20 20 20 20 20 20 20 20 20 20 20 20 21 21 21 21 21 21 21 21 21 21 21 21 21 21 21 21 21 21 21 21 21 22 22 22 22 22 22 22 22 22 22 22 22 22 22 22 22 22 22 22 22 22 23 23 23 23 23 23 23 23 23 23 23 23 23 23 23 23 23 23 23 23 23 24 24 24 24 24 24 24 24 24 24 24 24 24 24 24 24 24 24 24 24 24 25 25 25 25 25 25 25 25 25 25 25 25 25 25 25 25 25 25 25 25 25 26 26 26 26 26 26 26 26 26 26 26 26 26 26 26 26 26 26 26 26 26 27 27 27 27 27 27 27 27 27 27 27 27 27 27 27 27 27 27 27 27 27 28 28 28 28 28 28 28 28 28 28 28 28 28 28 28 28 28 28 28 28 29 29 29 29 29 29 29 29 29 29 29 29 29 29 29 29 29 29 29 29 29 30 30 30 30 30 30 30 30 30 30 30 30 30 30 30 30 30 30 30 30 30 31 31 31 31 31 31 31 31 31 31 31 31 31 31 31 31 31 31 31 31 31 32 32 32 32 32 32 32 32 32 32 32 32 32 32 32 32 32 32 32 32 32 33 33 33 33 33 33 33 33 33 33 33 33 33 33 33 33 33 33 33 33 33 34 34 34 34 34 34 34 34 34 34 34 34 34 34 34 34 34 34 34 34 34 35 35 35 35 35 35 35 35 35 35 35 35 35 35 35 35 35 35 35 35 35 36 36 36 36 36 36 36 36 36 36 36 36 36 36 36 36 36 36 36 36 36 37 37 37 37 37 37 37 37 37 37 37 37 37 37 37 37 37 37 37 37 38 38 38 38 38 38 38 38 38 38 38 38 38 38 38 38 38 38 38 38 38 39 39 39 39 39 39 39 39 39 39 39 39 39 39 39 39 39 39 39 39 39 40 40 40 40 40 40 40 40 40 40 40 40 40 40 40 40 40 40 40 40 40 41 41 41 41 41 41 41 41 41 41 41 41 41 41 41 41 41 41 41 41 41 42 42 42 42 42 42 42 42 42 42 42 42 42 42 42 42 42 42 42 42 42 43 43 43 43 43 43 43 43 43 43 43 43 43 43 43 43 43 43 43 43 43 44 44 44 44 44 44 44 44 44 44 44 44 44 44 44 44 44 44 44 44 44 45 45 45 45 45 45 45 45 45 45 45 45 45 45 45 45 45 45 45 45 45 46 46 46 46 46 46 46 46 46 46 46 46 46 46 46 46 46 46 46 46 47 47 47 47 47 47 47 47 47 47 47 47 47 47 47 47 47 47 47 47 47 48 48 48 48 48 48 48 48 48 48 48 48 48 48 48 48 48 48 48 48 48 49 49 49 49 49 49 49 49 49 49 49 49 49 49 49 49 49 49 49 49 49 50 50 50 50 50 50 50 50 50 50 50 50 50 50 50 50 50 50 50 50 50 51 51 51 51 51 51 51 51 51 51 51 51 51 51 51 51 51 51 51 51 51 52 52 52 52 52 52 52 52 52 52 52 52 52 52 52 52 52 52 52 52 52 53 53 53 53 53 53 53 53 53 53 53 53 53 53 53 53 53 53 53 53 53 54 54 54 54 54 54 54 54 54 54 54 54 54 54 54 54 54 54 54 54 54 55 55 55 55 55 55 55 55 55 55 55 55 55 55 55 55 55 55 55 55 56 56 56 56 56 56 56 56 56 56 56 56 56 56 56 56 56 56 56 56 56 57 57 57 57 57 57 57 57 57 57 57 57 57 57 57 57 57 57 57 57 57 58 58 58 58 58 58 58 58 58 58 58 58 58 58 58 58 58 58 58 58 58 59 59 59 59 59 59 59 59 59 59 59 59 59 59 59 59 59 59 59 59 59 60 60 60 60 60 60 60 60 60 60 60 60 60 60 60 60 60 60 60 60 60 61 61 61 61 61 61 61 61 61 61 61 61 61 61 61 61 61 61 61 61 61 62 62 62 62 62 62 62 62 62 62 62 62 62 62 62 62 62 62 62 62 62 63 63 63 63 63 63 63 63 63 63 63 63 63 63 63 63 63 63 63 63 63 64 64 64 64 64 64 64 64 64 64 64 64 64 64 64 64 64 64 64 64 64 1 1 1 1 1 1 1 1 1 1 1 1 1 1 1 1 1 1 1 1 2 2 2 2 2 2 2 2 2 2 2 2 2 2 2 2 2 2 2 2 2 3 3 3 3 3 3 3 3 3 3 3 3 3 3 3 3 3 3 3 3 3 4 4 4 4 4 4 4 4 4 4 4 4 4 4 4 4 4 4 4 4 4 5 5 5 5 5 5 5 5 5 5 5 5 5 5 5 5 5 5 5 5 5 6 6 6 6 6 6 6 6 6 6 6 6 6 6 6 6 6 6 6 6 6 7 7 7 7 7 7 7 7 7 7 7 7 7 7 7 7 7 7 7 7 7 8 8 8 8 8 8 8 8 8 8 8 8 8 8 8 8 8 8 8 8 8 9 9 9 9 9 9 9 9 9 9 9 9 9 9 9 9 9 9 9 9 9 10 10 10 10 10 10 10 10 10 10 10 10 10 10 10 10 10 10 10 10 11 11 11 11 11 11 11 11 11 11 11 11 11 11 11 11 11 11 11 11 11 12 12 12 12 12 12 12 12 12 12 12 12 12 12 12 12 12 12 12 12 12 13 13 13 13 13 13 13 13 13 13 13 13 13 13 13 13 13 13 13 13 13 14 14 14 14 14 14 14 14 14 14 14 14 14 14 14 14 14 14 14 14 14 15 15 15 15 15 15 15 15 15 15 15 15 15 15 15 15 15 15 15 15 15 16 16 16 16 16 16 16 16 16 16 16 16 16 16 16 1 16 16 16 16 16 16 17 17 17 17 17 17 17 17 17 17 17 17 17 17 17 17 17 17 17 17 17 18 18 18 18 18 18 18 18 18 18 18 18 18 18 18 18 18 18 18 18 18 19 19 19 19 19 19 19 19 19 19 19 19 19 19 19 19 19 19 19 19 20 20 20 20 20 20 20 20 20 20 20 20 20 20 20 20 20 20 20 20 20 21 21 21 21 21 21 21 21 21 21 21 21 21 21 21 21 21 21 21 21 21 22 22 22 22 22 22 22 22 22 22 22 22 22 22 22 22 22 22 22 22 22 23 23 23 23 23 23 23 23 23 23 23 23 23 23 23 23 23 23 23 23 23 24 24 24 24 24 24 24 24 24 24 24 24 24 24 24 24 24 24 24 24 24 25 25 25 25 25 25 25 25 25 25 25 25 25 25 25 25 25 25 25 25 25 26 26 26 26 26 26 26 26 26 26 26 26 26 26 26 26 26 26 26 26 26 27 27 27 27 27 27 27 27 27 27 27 27 27 27 27 27 27 27 27 27 27 28 28 28 28 28 28 28 28 28 28 28 28 28 28 28 28 28 28 28 28 29 29 29 29 29 29 29 29 29 29 29 29 29 29 29 29 29 29 29 29 29 30 30 30 30 30 30 30 30 30 30 30 30 30 30 30 30 30 30 30 30 30 31 31 31 31 31 31 31 31 31 31 31 31 31 31 31 31 31 31 31 31 31 32 32 32 32 32 32 32 32 32 32 32 32 32 32 32 32 32 32 32 32 32 33 33 33 33 33 33 33 33 33 33 33 33 33 33 33 33 33 33 33 33 33 34 34 34 34 34 34 34 34 34 34 34 34 34 34 34 34 34 34 34 34 34 35 35 35 35 35 35 35 35 35 35 35 35 35 35 35 35 35 35 35 35 35 36 36 36 36 36 36 36 36 36 36 36 36 36 36 36 36 36 36 36 36 36 37 37 37 37 37 37 37 37 37 37 37 37 37 37 37 37 37 37 37 37 38 38 38 38 38 38 38 38 38 38 38 38 38 38 38 38 38 38 38 38 38 39 39 39 39 39 39 39 39 39 39 39 39 39 39 39 39 39 39 39 39 39 40 40 40 40 40 40 40 40 40 40 40 40 40 40 40 40 40 40 40 40 40 41 41 41 41 41 41 41 41 41 41 41 41 41 41 41 41 41 41 41 41 41 42 42 42 42 42 42 42 42 42 42 42 42 42 42 42 42 42 42 42 42 42 43 43 43 43 43 43 43 43 43 43 43 43 43 43 43 43 43 43 43 43 43 44 44 44 44 44 44 44 44 44 44 44 44 44 44 44 44 44 44 44 44 44 45 45 45 45 45 45 45 45 45 45 45 45 45 45 45 45 45 45 45 45 45 46 46 46 46 46 46 46 46 46 46 46 46 46 46 46 46 46 46 46 46 47 47 47 47 47 47 47 47 47 47 47 47 47 47 47 47 47 47 47 47 47 48 48 48 48 48 48 48 48 48 48 48 48 48 48 48 48 48 48 48 48 48 49 49 49 49 49 49 49 49 49 49 49 49 49 49 49 49 49 49 49 49 49 50 50 50 50 50 50 50 50 50 50 50 50 50 50 50 50 50 50 50 50 50 51 51 51 51 51 51 51 51 51 51 51 51 51 51 51 51 51 51 51 51 51 52 52 52 52 52 52 52 52 52 52 52 52 52 52 52 52 52 52 52 52 52 53 53 53 53 53 53 53 53 53 53 53 53 53 53 53 53 53 53 53 53 53 54 54 54 54 54 54 54 54 54 54 54 54 54 54 54 54 54 54 54 54 54 55 55 55 55 55 55 55 55 55 55 55 55 55 55 55 55 55 55 55 55 56 56 56 56 56 56 56 56 56 56 56 56 56 56 56 56 56 56 56 56 56 57 57 57 57 57 57 57 57 57 57 57 57 57 57 57 57 57 57 57 57 57 58 58 58 58 58 58 58 58 58 58 58 58 58 58 58 58 58 58 58 58 58 59 59 59 59 59 59 59 59 59 59 59 59 59 59 59 59 59 59 59 59 59 60 60 60 60 60 60 60 60 60 60 60 60 60 60 60 60 60 60 60 60 60 61 61 61 61 61 61 61 61 61 61 61 61 61 61 61 61 61 61 61 61 61 62 62 62 62 62 62 62 62 62 62 62 62 62 62 62 62 62 62 62 62 62 63 63 63 63 63 63 63 63 63 63 63 63 63 63 63 63 63 63 63 63 63 64 64 64 64 64 64 64 64 64 64 64 64 64 64 64 64 64 64 64 64 64 64 
        </DataArray>
      </CellData>
      <Points>
        <DataArray type="Float64" Name="ElementNumber" NumberOfComponents="3" format="ascii">
0.000000e+00 0.000000e+00 0.000000e+00 3.333333e+06 0.000000e+00 0.000000e+00 4.000000e+06 0.000000e+00 0.000000e+00 4.250000e+06 0.000000e+00 0.000000e+00 4.809229e+06 0.000000e+00 0.000000e+00 0.000000e+00 1.000000e+03 0.000000e+00 3.333333e+06 1.000000e+03 0.000000e+00 4.000000e+06 1.000000e+03 0.000000e+00 4.250000e+06 1.000000e+03 0.000000e+00 4.809229e+06 1.000000e+03 0.000000e+00 3.823445e+04 0.000000e+00 0.000000e+00 7.604130e+04 0.000000e+00 0.000000e+00 1.134253e+05 0.000000e+00 0.000000e+00 1.503913e+05 0.000000e+00 0.000000e+00 1.869438e+05 0.000000e+00 0.000000e+00 2.230876e+05 0.000000e+00 0.000000e+00 2.588271e+05 0.000000e+00 0.000000e+00 2.941670e+05 0.000000e+00 0.000000e+00 3.291116e+05 0.000000e+00 0.000000e+00 3.636654e+05 0.000000e+00 0.000000e+00 3.978328e+05 0.000000e+00 0.000000e+00 4.316180e+05 0.000000e+00 0.000000e+00 4.650254e+05 0.000000e+00 0.000000e+00 4.980592e+05 0.000000e+00 0.000000e+00 5.307236e+05 0.000000e+00 0.000000e+00 5.630227e+05 0.000000e+00 0.000000e+00 5.949605e+05 0.000000e+00 0.000000e+00 6.265412e+05 0.000000e+00 0.000000e+00 6.577687e+05 0.000000e+00 0.000000e+00 6.886469e+05 0.000000e+00 0.000000e+00 7.191798e+05 0.000000e+00 0.000000e+00 7.493713e+05 0.000000e+00 0.000000e+00 7.792251e+05 0.000000e+00 0.000000e+00 8.087450e+05 0.000000e+00 0.000000e+00 8.379348e+05 0.000000e+00 0.000000e+00 8.667981e+05 0.000000e+00 0.000000e+00 8.953387e+05 0.000000e+00 0.000000e+00 9.235600e+05 0.000000e+00 0.000000e+00 9.514658e+05 0.000000e+00 0.000000e+00 9.790595e+05 0.000000e+00 0.000000e+00 1.006345e+06 0.000000e+00 0.000000e+00 1.033324e+06 0.000000e+00 0.000000e+00 1.060003e+06 0.000000e+00 0.000000e+00 1.086382e+06 0.000000e+00 0.000000e+00 1.112467e+06 0.000000e+00 0.000000e+00 1.138260e+06 0.000000e+00 0.000000e+00 1.163765e+06 0.000000e+00 0.000000e+00 1.188984e+06 0.000000e+00 0.000000e+00 1.213922e+06 0.000000e+00 0.000000e+00 1.238580e+06 0.000000e+00 0.000000e+00 1.262963e+06 0.000000e+00 0.000000e+00 1.287073e+06 0.000000e+00 0.000000e+00 1.310913e+06 0.000000e+00 0.000000e+00 1.334487e+06 0.000000e+00 0.000000e+00 1.357797e+06 0.000000e+00 0.000000e+00 1.380847e+06 0.000000e+00 0.000000e+00 1.403638e+06 0.000000e+00 0.000000e+00 1.426175e+06 0.000000e+00 0.000000e+00 1.448460e+06 0.000000e+00 0.000000e+00 1.470495e+06 0.000000e+00 0.000000e+00 1.492284e+06 0.000000e+00 0.000000e+00 1.513830e+06 0.000000e+00 0.000000e+00 1.535134e+06 0.000000e+00 0.000000e+00 1.556200e+06 0.000000e+00 0.000000e+00 1.577031e+06 0.000000e+00 0.000000e+00 1.597628e+06 0.000000e+00 0.000000e+00 1.617996e+06 0.000000e+00 0.000000e+00 1.638135e+06 0.000000e+00 0.000000e+00 1.658049e+06 0.000000e+00 0.000000e+00 1.677741e+06 0.000000e+00 0.000000e+00 1.697212e+06 0.000000e+00 0.000000e+00 1.716466e+06 0.000000e+00 0.000000e+00 1.735504e+06 0.000000e+00 0.000000e+00 1.754329e+06 0.000000e+00 0.000000e+00 1.772944e+06 0.000000e+00 0.000000e+00 1.791351e+06 0.000000e+00 0.000000e+00 1.809551e+06 0.000000e+00 0.000000e+00 1.827549e+06 0.000000e+00 0.000000e+00 1.845344e+06 0.000000e+00 0.000000e+00 1.862941e+06 0.000000e+00 0.000000e+00 1.880341e+06 0.000000e+00 0.000000e+00 1.897547e+06 0.000000e+00 0.000000e+00 1.914560e+06 0.000000e+00 0.000000e+00 1.931383e+06 0.000000e+00 0.000000e+00 1.948018e+06 0.000000e+00 0.000000e+00 1.964466e+06 0.000000e+00 0.000000e+00 1.980731e+06 0.000000e+00 0.000000e+00 1.996814e+06 0.000000e+00 0.000000e+00 2.012717e+06 0.000000e+00 0.000000e+00 2.028442e+06 0.000000e+00 0.000000e+00 2.043991e+06 0.000000e+00 0.000000e+00 2.059366e+06 0.000000e+00 0.000000e+00 2.074570e+06 0.000000e+00 0.000000e+00 2.089603e+06 0.000000e+00 0.000000e+00 2.104468e+06 0.000000e+00 0.000000e+00 2.119167e+06 0.000000e+00 0.000000e+00 2.133702e+06 0.000000e+00 0.000000e+00 2.148074e+06 0.000000e+00 0.000000e+00 2.162285e+06 0.000000e+00 0.000000e+00 2.176337e+06 0.000000e+00 0.000000e+00 2.190233e+06 0.000000e+00 0.000000e+00 2.203972e+06 0.000000e+00 0.000000e+00 2.217559e+06 0.000000e+00 0.000000e+00 2.230993e+06 0.000000e+00 0.000000e+00 2.244277e+06 0.000000e+00 0.000000e+00 2.257412e+06 0.000000e+00 0.000000e+00 2.270401e+06 0.000000e+00 0.000000e+00 2.283244e+06 0.000000e+00 0.000000e+00 2.295944e+06 0.000000e+00 0.000000e+00 2.308501e+06 0.000000e+00 0.000000e+00 2.320918e+06 0.000000e+00 0.000000e+00 2.333197e+06 0.000000e+00 0.000000e+00 2.345338e+06 0.000000e+00 0.000000e+00 2.357343e+06 0.000000e+00 0.000000e+00 2.369214e+06 0.000000e+00 0.000000e+00 2.380952e+06 0.000000e+00 0.000000e+00 2.392559e+06 0.000000e+00 0.000000e+00 2.404036e+06 0.000000e+00 0.000000e+00 2.415385e+06 0.000000e+00 0.000000e+00 2.426606e+06 0.000000e+00 0.000000e+00 2.437703e+06 0.000000e+00 0.000000e+00 2.448675e+06 0.000000e+00 0.000000e+00 2.459524e+06 0.000000e+00 0.000000e+00 2.470253e+06 0.000000e+00 0.000000e+00 2.480861e+06 0.000000e+00 0.000000e+00 2.491350e+06 0.000000e+00 0.000000e+00 2.501723e+06 0.000000e+00 0.000000e+00 2.511979e+06 0.000000e+00 0.000000e+00 2.522120e+06 0.000000e+00 0.000000e+00 2.532149e+06 0.000000e+00 0.000000e+00 2.542064e+06 0.000000e+00 0.000000e+00 2.551870e+06 0.000000e+00 0.000000e+00 2.561565e+06 0.000000e+00 0.000000e+00 2.571152e+06 0.000000e+00 0.000000e+00 2.580632e+06 0.000000e+00 0.000000e+00 2.590006e+06 0.000000e+00 0.000000e+00 2.599274e+06 0.000000e+00 0.000000e+00 2.608440e+06 0.000000e+00 0.000000e+00 2.617502e+06 0.000000e+00 0.000000e+00 2.626464e+06 0.000000e+00 0.000000e+00 2.635325e+06 0.000000e+00 0.000000e+00 2.644087e+06 0.000000e+00 0.000000e+00 2.652751e+06 0.000000e+00 0.000000e+00 2.661318e+06 0.000000e+00 0.000000e+00 2.669790e+06 0.000000e+00 0.000000e+00 2.678167e+06 0.000000e+00 0.000000e+00 2.686449e+06 0.000000e+00 0.000000e+00 2.694640e+06 0.000000e+00 0.000000e+00 2.702739e+06 0.000000e+00 0.000000e+00 2.710747e+06 0.000000e+00 0.000000e+00 2.718665e+06 0.000000e+00 0.000000e+00 2.726495e+06 0.000000e+00 0.000000e+00 2.734238e+06 0.000000e+00 0.000000e+00 2.741894e+06 0.000000e+00 0.000000e+00 2.749464e+06 0.000000e+00 0.000000e+00 2.756950e+06 0.000000e+00 0.000000e+00 2.764352e+06 0.000000e+00 0.000000e+00 2.771671e+06 0.000000e+00 0.000000e+00 2.778908e+06 0.000000e+00 0.000000e+00 2.786064e+06 0.000000e+00 0.000000e+00 2.793141e+06 0.000000e+00 0.000000e+00 2.800138e+06 0.000000e+00 0.000000e+00 2.807057e+06 0.000000e+00 0.000000e+00 2.813898e+06 0.000000e+00 0.000000e+00 2.820663e+06 0.000000e+00 0.000000e+00 2.827352e+06 0.000000e+00 0.000000e+00 2.833967e+06 0.000000e+00 0.000000e+00 2.840508e+06 0.000000e+00 0.000000e+00 2.846975e+06 0.000000e+00 0.000000e+00 2.853370e+06 0.000000e+00 0.000000e+00 2.859694e+06 0.000000e+00 0.000000e+00 2.865946e+06 0.000000e+00 0.000000e+00 2.872129e+06 0.000000e+00 0.000000e+00 2.878243e+06 0.000000e+00 0.000000e+00 2.884289e+06 0.000000e+00 0.000000e+00 2.890266e+06 0.000000e+00 0.000000e+00 2.896177e+06 0.000000e+00 0.000000e+00 2.902022e+06 0.000000e+00 0.000000e+00 2.907802e+06 0.000000e+00 0.000000e+00 2.913516e+06 0.000000e+00 0.000000e+00 2.919167e+06 0.000000e+00 0.000000e+00 2.924755e+06 0.000000e+00 0.000000e+00 2.930280e+06 0.000000e+00 0.000000e+00 2.935744e+06 0.000000e+00 0.000000e+00 2.941146e+06 0.000000e+00 0.000000e+00 2.946488e+06 0.000000e+00 0.000000e+00 2.951770e+06 0.000000e+00 0.000000e+00 2.956993e+06 0.000000e+00 0.000000e+00 2.962158e+06 0.000000e+00 0.000000e+00 2.967265e+06 0.000000e+00 0.000000e+00 2.972315e+06 0.000000e+00 0.000000e+00 2.977308e+06 0.000000e+00 0.000000e+00 2.982245e+06 0.000000e+00 0.000000e+00 2.987128e+06 0.000000e+00 0.000000e+00 2.991955e+06 0.000000e+00 0.000000e+00 2.996729e+06 0.000000e+00 0.000000e+00 3.001449e+06 0.000000e+00 0.000000e+00 3.006117e+06 0.000000e+00 0.000000e+00 3.010732e+06 0.000000e+00 0.000000e+00 3.015296e+06 0.000000e+00 0.000000e+00 3.019809e+06 0.000000e+00 0.000000e+00 3.024271e+06 0.000000e+00 0.000000e+00 3.028683e+06 0.000000e+00 0.000000e+00 3.033046e+06 0.000000e+00 0.000000e+00 3.037360e+06 0.000000e+00 0.000000e+00 3.041626e+06 0.000000e+00 0.000000e+00 3.045844e+06 0.000000e+00 0.000000e+00 3.050015e+06 0.000000e+00 0.000000e+00 3.054140e+06 0.000000e+00 0.000000e+00 3.058218e+06 0.000000e+00 0.000000e+00 3.062251e+06 0.000000e+00 0.000000e+00 3.066238e+06 0.000000e+00 0.000000e+00 3.070181e+06 0.000000e+00 0.000000e+00 3.074080e+06 0.000000e+00 0.000000e+00 3.077935e+06 0.000000e+00 0.000000e+00 3.081747e+06 0.000000e+00 0.000000e+00 3.085517e+06 0.000000e+00 0.000000e+00 3.089244e+06 0.000000e+00 0.000000e+00 3.092930e+06 0.000000e+00 0.000000e+00 3.096574e+06 0.000000e+00 0.000000e+00 3.100178e+06 0.000000e+00 0.000000e+00 3.103741e+06 0.000000e+00 0.000000e+00 3.107265e+06 0.000000e+00 0.000000e+00 3.110749e+06 0.000000e+00 0.000000e+00 3.114194e+06 0.000000e+00 0.000000e+00 3.117601e+06 0.000000e+00 0.000000e+00 3.120969e+06 0.000000e+00 0.000000e+00 3.124300e+06 0.000000e+00 0.000000e+00 3.127594e+06 0.000000e+00 0.000000e+00 3.130850e+06 0.000000e+00 0.000000e+00 3.134071e+06 0.000000e+00 0.000000e+00 3.137255e+06 0.000000e+00 0.000000e+00 3.140404e+06 0.000000e+00 0.000000e+00 3.143517e+06 0.000000e+00 0.000000e+00 3.146596e+06 0.000000e+00 0.000000e+00 3.149640e+06 0.000000e+00 0.000000e+00 3.152650e+06 0.000000e+00 0.000000e+00 3.155627e+06 0.000000e+00 0.000000e+00 3.158570e+06 0.000000e+00 0.000000e+00 3.161481e+06 0.000000e+00 0.000000e+00 3.164358e+06 0.000000e+00 0.000000e+00 3.167204e+06 0.000000e+00 0.000000e+00 3.170018e+06 0.000000e+00 0.000000e+00 3.172800e+06 0.000000e+00 0.000000e+00 3.175551e+06 0.000000e+00 0.000000e+00 3.178272e+06 0.000000e+00 0.000000e+00 3.180962e+06 0.000000e+00 0.000000e+00 3.183622e+06 0.000000e+00 0.000000e+00 3.186252e+06 0.000000e+00 0.000000e+00 3.188853e+06 0.000000e+00 0.000000e+00 3.191424e+06 0.000000e+00 0.000000e+00 3.193967e+06 0.000000e+00 0.000000e+00 3.196482e+06 0.000000e+00 0.000000e+00 3.198968e+06 0.000000e+00 0.000000e+00 3.201426e+06 0.000000e+00 0.000000e+00 3.203858e+06 0.000000e+00 0.000000e+00 3.206261e+06 0.000000e+00 0.000000e+00 3.208638e+06 0.000000e+00 0.000000e+00 3.210989e+06 0.000000e+00 0.000000e+00 3.213313e+06 0.000000e+00 0.000000e+00 3.215611e+06 0.000000e+00 0.000000e+00 3.217883e+06 0.000000e+00 0.000000e+00 3.220130e+06 0.000000e+00 0.000000e+00 3.222352e+06 0.000000e+00 0.000000e+00 3.224549e+06 0.000000e+00 0.000000e+00 3.226722e+06 0.000000e+00 0.000000e+00 3.228870e+06 0.000000e+00 0.000000e+00 3.230994e+06 0.000000e+00 0.000000e+00 3.233094e+06 0.000000e+00 0.000000e+00 3.235171e+06 0.000000e+00 0.000000e+00 3.237225e+06 0.000000e+00 0.000000e+00 3.239256e+06 0.000000e+00 0.000000e+00 3.241264e+06 0.000000e+00 0.000000e+00 3.243249e+06 0.000000e+00 0.000000e+00 3.245213e+06 0.000000e+00 0.000000e+00 3.247154e+06 0.000000e+00 0.000000e+00 3.249074e+06 0.000000e+00 0.000000e+00 3.250972e+06 0.000000e+00 0.000000e+00 3.252849e+06 0.000000e+00 0.000000e+00 3.254705e+06 0.000000e+00 0.000000e+00 3.256540e+06 0.000000e+00 0.000000e+00 3.258355e+06 0.000000e+00 0.000000e+00 3.260149e+06 0.000000e+00 0.000000e+00 3.261923e+06 0.000000e+00 0.000000e+00 3.263678e+06 0.000000e+00 0.000000e+00 3.265413e+06 0.000000e+00 0.000000e+00 3.267128e+06 0.000000e+00 0.000000e+00 3.268824e+06 0.000000e+00 0.000000e+00 3.270502e+06 0.000000e+00 0.000000e+00 3.272160e+06 0.000000e+00 0.000000e+00 3.273800e+06 0.000000e+00 0.000000e+00 3.275422e+06 0.000000e+00 0.000000e+00 3.277025e+06 0.000000e+00 0.000000e+00 3.278611e+06 0.000000e+00 0.000000e+00 3.280179e+06 0.000000e+00 0.000000e+00 3.281729e+06 0.000000e+00 0.000000e+00 3.283262e+06 0.000000e+00 0.000000e+00 3.284778e+06 0.000000e+00 0.000000e+00 3.286277e+06 0.000000e+00 0.000000e+00 3.287759e+06 0.000000e+00 0.000000e+00 3.289225e+06 0.000000e+00 0.000000e+00 3.290674e+06 0.000000e+00 0.000000e+00 3.292107e+06 0.000000e+00 0.000000e+00 3.293524e+06 0.000000e+00 0.000000e+00 3.294925e+06 0.000000e+00 0.000000e+00 3.296310e+06 0.000000e+00 0.000000e+00 3.297680e+06 0.000000e+00 0.000000e+00 3.299035e+06 0.000000e+00 0.000000e+00 3.300374e+06 0.000000e+00 0.000000e+00 3.301698e+06 0.000000e+00 0.000000e+00 3.303008e+06 0.000000e+00 0.000000e+00 3.304303e+06 0.000000e+00 0.000000e+00 3.305584e+06 0.000000e+00 0.000000e+00 3.306850e+06 0.000000e+00 0.000000e+00 3.308102e+06 0.000000e+00 0.000000e+00 3.309340e+06 0.000000e+00 0.000000e+00 3.310564e+06 0.000000e+00 0.000000e+00 3.311775e+06 0.000000e+00 0.000000e+00 3.312972e+06 0.000000e+00 0.000000e+00 3.314155e+06 0.000000e+00 0.000000e+00 3.315325e+06 0.000000e+00 0.000000e+00 3.316483e+06 0.000000e+00 0.000000e+00 3.317627e+06 0.000000e+00 0.000000e+00 3.318759e+06 0.000000e+00 0.000000e+00 3.319877e+06 0.000000e+00 0.000000e+00 3.320984e+06 0.000000e+00 0.000000e+00 3.322078e+06 0.000000e+00 0.000000e+00 3.323159e+06 0.000000e+00 0.000000e+00 3.324229e+06 0.000000e+00 0.000000e+00 3.325287e+06 0.000000e+00 0.000000e+00 3.326333e+06 0.000000e+00 0.000000e+00 3.327367e+06 0.000000e+00 0.000000e+00 3.328389e+06 0.000000e+00 0.000000e+00 3.329401e+06 0.000000e+00 0.000000e+00 3.330400e+06 0.000000e+00 0.000000e+00 3.331389e+06 0.000000e+00 0.000000e+00 3.332367e+06 0.000000e+00 0.000000e+00 3.334294e+06 0.000000e+00 0.000000e+00 3.335255e+06 0.000000e+00 0.000000e+00 3.336215e+06 0.000000e+00 0.000000e+00 3.337176e+06 0.000000e+00 0.000000e+00 3.338136e+06 0.000000e+00 0.000000e+00 3.339097e+06 0.000000e+00 0.000000e+00 3.340058e+06 0.000000e+00 0.000000e+00 3.341018e+06 0.000000e+00 0.000000e+00 3.341979e+06 0.000000e+00 0.000000e+00 3.342939e+06 0.000000e+00 0.000000e+00 3.343900e+06 0.000000e+00 0.000000e+00 3.344861e+06 0.000000e+00 0.000000e+00 3.345821e+06 0.000000e+00 0.000000e+00 3.346782e+06 0.000000e+00 0.000000e+00 3.347743e+06 0.000000e+00 0.000000e+00 3.348703e+06 0.000000e+00 0.000000e+00 3.349664e+06 0.000000e+00 0.000000e+00 3.350624e+06 0.000000e+00 0.000000e+00 3.351585e+06 0.000000e+00 0.000000e+00 3.352546e+06 0.000000e+00 0.000000e+00 3.353506e+06 0.000000e+00 0.000000e+00 3.354467e+06 0.000000e+00 0.000000e+00 3.355427e+06 0.000000e+00 0.000000e+00 3.356388e+06 0.000000e+00 0.000000e+00 3.357349e+06 0.000000e+00 0.000000e+00 3.358309e+06 0.000000e+00 0.000000e+00 3.359270e+06 0.000000e+00 0.000000e+00 3.360231e+06 0.000000e+00 0.000000e+00 3.361191e+06 0.000000e+00 0.000000e+00 3.362152e+06 0.000000e+00 0.000000e+00 3.363112e+06 0.000000e+00 0.000000e+00 3.364073e+06 0.000000e+00 0.000000e+00 3.365034e+06 0.000000e+00 0.000000e+00 3.365994e+06 0.000000e+00 0.000000e+00 3.366955e+06 0.000000e+00 0.000000e+00 3.367915e+06 0.000000e+00 0.000000e+00 3.368876e+06 0.000000e+00 0.000000e+00 3.369837e+06 0.000000e+00 0.000000e+00 3.370797e+06 0.000000e+00 0.000000e+00 3.371758e+06 0.000000e+00 0.000000e+00 3.372719e+06 0.000000e+00 0.000000e+00 3.373679e+06 0.000000e+00 0.000000e+00 3.374640e+06 0.000000e+00 0.000000e+00 3.375600e+06 0.000000e+00 0.000000e+00 3.376561e+06 0.000000e+00 0.000000e+00 3.377522e+06 0.000000e+00 0.000000e+00 3.378482e+06 0.000000e+00 0.000000e+00 3.379443e+06 0.000000e+00 0.000000e+00 3.380403e+06 0.000000e+00 0.000000e+00 3.381364e+06 0.000000e+00 0.000000e+00 3.382325e+06 0.000000e+00 0.000000e+00 3.383285e+06 0.000000e+00 0.000000e+00 3.384246e+06 0.000000e+00 0.000000e+00 3.385207e+06 0.000000e+00 0.000000e+00 3.386167e+06 0.000000e+00 0.000000e+00 3.387128e+06 0.000000e+00 0.000000e+00 3.388088e+06 0.000000e+00 0.000000e+00 3.389049e+06 0.000000e+00 0.000000e+00 3.390010e+06 0.000000e+00 0.000000e+00 3.390970e+06 0.000000e+00 0.000000e+00 3.391931e+06 0.000000e+00 0.000000e+00 3.392891e+06 0.000000e+00 0.000000e+00 3.393852e+06 0.000000e+00 0.000000e+00 3.394813e+06 0.000000e+00 0.000000e+00 3.395773e+06 0.000000e+00 0.000000e+00 3.396734e+06 0.000000e+00 0.000000e+00 3.397695e+06 0.000000e+00 0.000000e+00 3.398655e+06 0.000000e+00 0.000000e+00 3.399616e+06 0.000000e+00 0.000000e+00 3.400576e+06 0.000000e+00 0.000000e+00 3.401537e+06 0.000000e+00 0.000000e+00 3.402498e+06 0.000000e+00 0.000000e+00 3.403458e+06 0.000000e+00 0.000000e+00 3.404419e+06 0.000000e+00 0.000000e+00 3.405379e+06 0.000000e+00 0.000000e+00 3.406340e+06 0.000000e+00 0.000000e+00 3.407301e+06 0.000000e+00 0.000000e+00 3.408261e+06 0.000000e+00 0.000000e+00 3.409222e+06 0.000000e+00 0.000000e+00 3.410183e+06 0.000000e+00 0.000000e+00 3.411143e+06 0.000000e+00 0.000000e+00 3.412104e+06 0.000000e+00 0.000000e+00 3.413064e+06 0.000000e+00 0.000000e+00 3.414025e+06 0.000000e+00 0.000000e+00 3.414986e+06 0.000000e+00 0.000000e+00 3.415946e+06 0.000000e+00 0.000000e+00 3.416907e+06 0.000000e+00 0.000000e+00 3.417867e+06 0.000000e+00 0.000000e+00 3.418828e+06 0.000000e+00 0.000000e+00 3.419789e+06 0.000000e+00 0.000000e+00 3.420749e+06 0.000000e+00 0.000000e+00 3.421710e+06 0.000000e+00 0.000000e+00 3.422671e+06 0.000000e+00 0.000000e+00 3.423631e+06 0.000000e+00 0.000000e+00 3.424592e+06 0.000000e+00 0.000000e+00 3.425552e+06 0.000000e+00 0.000000e+00 3.426513e+06 0.000000e+00 0.000000e+00 3.427474e+06 0.000000e+00 0.000000e+00 3.428434e+06 0.000000e+00 0.000000e+00 3.429395e+06 0.000000e+00 0.000000e+00 3.430355e+06 0.000000e+00 0.000000e+00 3.431316e+06 0.000000e+00 0.000000e+00 3.432277e+06 0.000000e+00 0.000000e+00 3.433237e+06 0.000000e+00 0.000000e+00 3.434198e+06 0.000000e+00 0.000000e+00 3.435159e+06 0.000000e+00 0.000000e+00 3.436119e+06 0.000000e+00 0.000000e+00 3.437080e+06 0.000000e+00 0.000000e+00 3.438040e+06 0.000000e+00 0.000000e+00 3.439001e+06 0.000000e+00 0.000000e+00 3.439962e+06 0.000000e+00 0.000000e+00 3.440922e+06 0.000000e+00 0.000000e+00 3.441883e+06 0.000000e+00 0.000000e+00 3.442843e+06 0.000000e+00 0.000000e+00 3.443804e+06 0.000000e+00 0.000000e+00 3.444765e+06 0.000000e+00 0.000000e+00 3.445725e+06 0.000000e+00 0.000000e+00 3.446686e+06 0.000000e+00 0.000000e+00 3.447646e+06 0.000000e+00 0.000000e+00 3.448607e+06 0.000000e+00 0.000000e+00 3.449568e+06 0.000000e+00 0.000000e+00 3.450528e+06 0.000000e+00 0.000000e+00 3.451489e+06 0.000000e+00 0.000000e+00 3.452450e+06 0.000000e+00 0.000000e+00 3.453410e+06 0.000000e+00 0.000000e+00 3.454371e+06 0.000000e+00 0.000000e+00 3.455331e+06 0.000000e+00 0.000000e+00 3.456292e+06 0.000000e+00 0.000000e+00 3.457253e+06 0.000000e+00 0.000000e+00 3.458213e+06 0.000000e+00 0.000000e+00 3.459174e+06 0.000000e+00 0.000000e+00 3.460134e+06 0.000000e+00 0.000000e+00 3.461095e+06 0.000000e+00 0.000000e+00 3.462056e+06 0.000000e+00 0.000000e+00 3.463016e+06 0.000000e+00 0.000000e+00 3.463977e+06 0.000000e+00 0.000000e+00 3.464938e+06 0.000000e+00 0.000000e+00 3.465898e+06 0.000000e+00 0.000000e+00 3.466859e+06 0.000000e+00 0.000000e+00 3.467819e+06 0.000000e+00 0.000000e+00 3.468780e+06 0.000000e+00 0.000000e+00 3.469741e+06 0.000000e+00 0.000000e+00 3.470701e+06 0.000000e+00 0.000000e+00 3.471662e+06 0.000000e+00 0.000000e+00 3.472622e+06 0.000000e+00 0.000000e+00 3.473583e+06 0.000000e+00 0.000000e+00 3.474544e+06 0.000000e+00 0.000000e+00 3.475504e+06 0.000000e+00 0.000000e+00 3.476465e+06 0.000000e+00 0.000000e+00 3.477426e+06 0.000000e+00 0.000000e+00 3.478386e+06 0.000000e+00 0.000000e+00 3.479347e+06 0.000000e+00 0.000000e+00 3.480307e+06 0.000000e+00 0.000000e+00 3.481268e+06 0.000000e+00 0.000000e+00 3.482229e+06 0.000000e+00 0.000000e+00 3.483189e+06 0.000000e+00 0.000000e+00 3.484150e+06 0.000000e+00 0.000000e+00 3.485110e+06 0.000000e+00 0.000000e+00 3.486071e+06 0.000000e+00 0.000000e+00 3.487032e+06 0.000000e+00 0.000000e+00 3.487992e+06 0.000000e+00 0.000000e+00 3.488953e+06 0.000000e+00 0.000000e+00 3.489914e+06 0.000000e+00 0.000000e+00 3.490874e+06 0.000000e+00 0.000000e+00 3.491835e+06 0.000000e+00 0.000000e+00 3.492795e+06 0.000000e+00 0.000000e+00 3.493756e+06 0.000000e+00 0.000000e+00 3.494717e+06 0.000000e+00 0.000000e+00 3.495677e+06 0.000000e+00 0.000000e+00 3.496638e+06 0.000000e+00 0.000000e+00 3.497598e+06 0.000000e+00 0.000000e+00 3.498559e+06 0.000000e+00 0.000000e+00 3.499520e+06 0.000000e+00 0.000000e+00 3.500480e+06 0.000000e+00 0.000000e+00 3.501441e+06 0.000000e+00 0.000000e+00 3.502402e+06 0.000000e+00 0.000000e+00 3.503362e+06 0.000000e+00 0.000000e+00 3.504323e+06 0.000000e+00 0.000000e+00 3.505283e+06 0.000000e+00 0.000000e+00 3.506244e+06 0.000000e+00 0.000000e+00 3.507205e+06 0.000000e+00 0.000000e+00 3.508165e+06 0.000000e+00 0.000000e+00 3.509126e+06 0.000000e+00 0.000000e+00 3.510086e+06 0.000000e+00 0.000000e+00 3.511047e+06 0.000000e+00 0.000000e+00 3.512008e+06 0.000000e+00 0.000000e+00 3.512968e+06 0.000000e+00 0.000000e+00 3.513929e+06 0.000000e+00 0.000000e+00 3.514890e+06 0.000000e+00 0.000000e+00 3.515850e+06 0.000000e+00 0.000000e+00 3.516811e+06 0.000000e+00 0.000000e+00 3.517771e+06 0.000000e+00 0.000000e+00 3.518732e+06 0.000000e+00 0.000000e+00 3.519693e+06 0.000000e+00 0.000000e+00 3.520653e+06 0.000000e+00 0.000000e+00 3.521614e+06 0.000000e+00 0.000000e+00 3.522574e+06 0.000000e+00 0.000000e+00 3.523535e+06 0.000000e+00 0.000000e+00 3.524496e+06 0.000000e+00 0.000000e+00 3.525456e+06 0.000000e+00 0.000000e+00 3.526417e+06 0.000000e+00 0.000000e+00 3.527378e+06 0.000000e+00 0.000000e+00 3.528338e+06 0.000000e+00 0.000000e+00 3.529299e+06 0.000000e+00 0.000000e+00 3.530259e+06 0.000000e+00 0.000000e+00 3.531220e+06 0.000000e+00 0.000000e+00 3.532181e+06 0.000000e+00 0.000000e+00 3.533141e+06 0.000000e+00 0.000000e+00 3.534102e+06 0.000000e+00 0.000000e+00 3.535062e+06 0.000000e+00 0.000000e+00 3.536023e+06 0.000000e+00 0.000000e+00 3.536984e+06 0.000000e+00 0.000000e+00 3.537944e+06 0.000000e+00 0.000000e+00 3.538905e+06 0.000000e+00 0.000000e+00 3.539866e+06 0.000000e+00 0.000000e+00 3.540826e+06 0.000000e+00 0.000000e+00 3.541787e+06 0.000000e+00 0.000000e+00 3.542747e+06 0.000000e+00 0.000000e+00 3.543708e+06 0.000000e+00 0.000000e+00 3.544669e+06 0.000000e+00 0.000000e+00 3.545629e+06 0.000000e+00 0.000000e+00 3.546590e+06 0.000000e+00 0.000000e+00 3.547550e+06 0.000000e+00 0.000000e+00 3.548511e+06 0.000000e+00 0.000000e+00 3.549472e+06 0.000000e+00 0.000000e+00 3.550432e+06 0.000000e+00 0.000000e+00 3.551393e+06 0.000000e+00 0.000000e+00 3.552354e+06 0.000000e+00 0.000000e+00 3.553314e+06 0.000000e+00 0.000000e+00 3.554275e+06 0.000000e+00 0.000000e+00 3.555235e+06 0.000000e+00 0.000000e+00 3.556196e+06 0.000000e+00 0.000000e+00 3.557157e+06 0.000000e+00 0.000000e+00 3.558117e+06 0.000000e+00 0.000000e+00 3.559078e+06 0.000000e+00 0.000000e+00 3.560038e+06 0.000000e+00 0.000000e+00 3.560999e+06 0.000000e+00 0.000000e+00 3.561960e+06 0.000000e+00 0.000000e+00 3.562920e+06 0.000000e+00 0.000000e+00 3.563881e+06 0.000000e+00 0.000000e+00 3.564841e+06 0.000000e+00 0.000000e+00 3.565802e+06 0.000000e+00 0.000000e+00 3.566763e+06 0.000000e+00 0.000000e+00 3.567723e+06 0.000000e+00 0.000000e+00 3.568684e+06 0.000000e+00 0.000000e+00 3.569645e+06 0.000000e+00 0.000000e+00 3.570605e+06 0.000000e+00 0.000000e+00 3.571566e+06 0.000000e+00 0.000000e+00 3.572526e+06 0.000000e+00 0.000000e+00 3.573487e+06 0.000000e+00 0.000000e+00 3.574448e+06 0.000000e+00 0.000000e+00 3.575408e+06 0.000000e+00 0.000000e+00 3.576369e+06 0.000000e+00 0.000000e+00 3.577329e+06 0.000000e+00 0.000000e+00 3.578290e+06 0.000000e+00 0.000000e+00 3.579251e+06 0.000000e+00 0.000000e+00 3.580211e+06 0.000000e+00 0.000000e+00 3.581172e+06 0.000000e+00 0.000000e+00 3.582133e+06 0.000000e+00 0.000000e+00 3.583093e+06 0.000000e+00 0.000000e+00 3.584054e+06 0.000000e+00 0.000000e+00 3.585014e+06 0.000000e+00 0.000000e+00 3.585975e+06 0.000000e+00 0.000000e+00 3.586936e+06 0.000000e+00 0.000000e+00 3.587896e+06 0.000000e+00 0.000000e+00 3.588857e+06 0.000000e+00 0.000000e+00 3.589817e+06 0.000000e+00 0.000000e+00 3.590778e+06 0.000000e+00 0.000000e+00 3.591739e+06 0.000000e+00 0.000000e+00 3.592699e+06 0.000000e+00 0.000000e+00 3.593660e+06 0.000000e+00 0.000000e+00 3.594621e+06 0.000000e+00 0.000000e+00 3.595581e+06 0.000000e+00 0.000000e+00 3.596542e+06 0.000000e+00 0.000000e+00 3.597502e+06 0.000000e+00 0.000000e+00 3.598463e+06 0.000000e+00 0.000000e+00 3.599424e+06 0.000000e+00 0.000000e+00 3.600384e+06 0.000000e+00 0.000000e+00 3.601345e+06 0.000000e+00 0.000000e+00 3.602305e+06 0.000000e+00 0.000000e+00 3.603266e+06 0.000000e+00 0.000000e+00 3.604227e+06 0.000000e+00 0.000000e+00 3.605187e+06 0.000000e+00 0.000000e+00 3.606148e+06 0.000000e+00 0.000000e+00 3.607109e+06 0.000000e+00 0.000000e+00 3.608069e+06 0.000000e+00 0.000000e+00 3.609030e+06 0.000000e+00 0.000000e+00 3.609990e+06 0.000000e+00 0.000000e+00 3.610951e+06 0.000000e+00 0.000000e+00 3.611912e+06 0.000000e+00 0.000000e+00 3.612872e+06 0.000000e+00 0.000000e+00 3.613833e+06 0.000000e+00 0.000000e+00 3.614793e+06 0.000000e+00 0.000000e+00 3.615754e+06 0.000000e+00 0.000000e+00 3.616715e+06 0.000000e+00 0.000000e+00 3.617675e+06 0.000000e+00 0.000000e+00 3.618636e+06 0.000000e+00 0.000000e+00 3.619597e+06 0.000000e+00 0.000000e+00 3.620557e+06 0.000000e+00 0.000000e+00 3.621518e+06 0.000000e+00 0.000000e+00 3.622478e+06 0.000000e+00 0.000000e+00 3.623439e+06 0.000000e+00 0.000000e+00 3.624400e+06 0.000000e+00 0.000000e+00 3.625360e+06 0.000000e+00 0.000000e+00 3.626321e+06 0.000000e+00 0.000000e+00 3.627281e+06 0.000000e+00 0.000000e+00 3.628242e+06 0.000000e+00 0.000000e+00 3.629203e+06 0.000000e+00 0.000000e+00 3.630163e+06 0.000000e+00 0.000000e+00 3.631124e+06 0.000000e+00 0.000000e+00 3.632085e+06 0.000000e+00 0.000000e+00 3.633045e+06 0.000000e+00 0.000000e+00 3.634006e+06 0.000000e+00 0.000000e+00 3.634966e+06 0.000000e+00 0.000000e+00 3.635927e+06 0.000000e+00 0.000000e+00 3.636888e+06 0.000000e+00 0.000000e+00 3.637848e+06 0.000000e+00 0.000000e+00 3.638809e+06 0.000000e+00 0.000000e+00 3.639769e+06 0.000000e+00 0.000000e+00 3.640730e+06 0.000000e+00 0.000000e+00 3.641691e+06 0.000000e+00 0.000000e+00 3.642651e+06 0.000000e+00 0.000000e+00 3.643612e+06 0.000000e+00 0.000000e+00 3.644573e+06 0.000000e+00 0.000000e+00 3.645533e+06 0.000000e+00 0.000000e+00 3.646494e+06 0.000000e+00 0.000000e+00 3.647454e+06 0.000000e+00 0.000000e+00 3.648415e+06 0.000000e+00 0.000000e+00 3.649376e+06 0.000000e+00 0.000000e+00 3.650336e+06 0.000000e+00 0.000000e+00 3.651297e+06 0.000000e+00 0.000000e+00 3.652257e+06 0.000000e+00 0.000000e+00 3.653218e+06 0.000000e+00 0.000000e+00 3.654179e+06 0.000000e+00 0.000000e+00 3.655139e+06 0.000000e+00 0.000000e+00 3.656100e+06 0.000000e+00 0.000000e+00 3.657061e+06 0.000000e+00 0.000000e+00 3.658021e+06 0.000000e+00 0.000000e+00 3.658982e+06 0.000000e+00 0.000000e+00 3.659942e+06 0.000000e+00 0.000000e+00 3.660903e+06 0.000000e+00 0.000000e+00 3.661864e+06 0.000000e+00 0.000000e+00 3.662824e+06 0.000000e+00 0.000000e+00 3.663785e+06 0.000000e+00 0.000000e+00 3.664745e+06 0.000000e+00 0.000000e+00 3.665706e+06 0.000000e+00 0.000000e+00 3.666667e+06 0.000000e+00 0.000000e+00 3.667627e+06 0.000000e+00 0.000000e+00 3.668588e+06 0.000000e+00 0.000000e+00 3.669549e+06 0.000000e+00 0.000000e+00 3.670509e+06 0.000000e+00 0.000000e+00 3.671470e+06 0.000000e+00 0.000000e+00 3.672430e+06 0.000000e+00 0.000000e+00 3.673391e+06 0.000000e+00 0.000000e+00 3.674352e+06 0.000000e+00 0.000000e+00 3.675312e+06 0.000000e+00 0.000000e+00 3.676273e+06 0.000000e+00 0.000000e+00 3.677233e+06 0.000000e+00 0.000000e+00 3.678194e+06 0.000000e+00 0.000000e+00 3.679155e+06 0.000000e+00 0.000000e+00 3.680115e+06 0.000000e+00 0.000000e+00 3.681076e+06 0.000000e+00 0.000000e+00 3.682037e+06 0.000000e+00 0.000000e+00 3.682997e+06 0.000000e+00 0.000000e+00 3.683958e+06 0.000000e+00 0.000000e+00 3.684918e+06 0.000000e+00 0.000000e+00 3.685879e+06 0.000000e+00 0.000000e+00 3.686840e+06 0.000000e+00 0.000000e+00 3.687800e+06 0.000000e+00 0.000000e+00 3.688761e+06 0.000000e+00 0.000000e+00 3.689721e+06 0.000000e+00 0.000000e+00 3.690682e+06 0.000000e+00 0.000000e+00 3.691643e+06 0.000000e+00 0.000000e+00 3.692603e+06 0.000000e+00 0.000000e+00 3.693564e+06 0.000000e+00 0.000000e+00 3.694524e+06 0.000000e+00 0.000000e+00 3.695485e+06 0.000000e+00 0.000000e+00 3.696446e+06 0.000000e+00 0.000000e+00 3.697406e+06 0.000000e+00 0.000000e+00 3.698367e+06 0.000000e+00 0.000000e+00 3.699328e+06 0.000000e+00 0.000000e+00 3.700288e+06 0.000000e+00 0.000000e+00 3.701249e+06 0.000000e+00 0.000000e+00 3.702209e+06 0.000000e+00 0.000000e+00 3.703170e+06 0.000000e+00 0.000000e+00 3.704131e+06 0.000000e+00 0.000000e+00 3.705091e+06 0.000000e+00 0.000000e+00 3.706052e+06 0.000000e+00 0.000000e+00 3.707012e+06 0.000000e+00 0.000000e+00 3.707973e+06 0.000000e+00 0.000000e+00 3.708934e+06 0.000000e+00 0.000000e+00 3.709894e+06 0.000000e+00 0.000000e+00 3.710855e+06 0.000000e+00 0.000000e+00 3.711816e+06 0.000000e+00 0.000000e+00 3.712776e+06 0.000000e+00 0.000000e+00 3.713737e+06 0.000000e+00 0.000000e+00 3.714697e+06 0.000000e+00 0.000000e+00 3.715658e+06 0.000000e+00 0.000000e+00 3.716619e+06 0.000000e+00 0.000000e+00 3.717579e+06 0.000000e+00 0.000000e+00 3.718540e+06 0.000000e+00 0.000000e+00 3.719500e+06 0.000000e+00 0.000000e+00 3.720461e+06 0.000000e+00 0.000000e+00 3.721422e+06 0.000000e+00 0.000000e+00 3.722382e+06 0.000000e+00 0.000000e+00 3.723343e+06 0.000000e+00 0.000000e+00 3.724304e+06 0.000000e+00 0.000000e+00 3.725264e+06 0.000000e+00 0.000000e+00 3.726225e+06 0.000000e+00 0.000000e+00 3.727185e+06 0.000000e+00 0.000000e+00 3.728146e+06 0.000000e+00 0.000000e+00 3.729107e+06 0.000000e+00 0.000000e+00 3.730067e+06 0.000000e+00 0.000000e+00 3.731028e+06 0.000000e+00 0.000000e+00 3.731988e+06 0.000000e+00 0.000000e+00 3.732949e+06 0.000000e+00 0.000000e+00 3.733910e+06 0.000000e+00 0.000000e+00 3.734870e+06 0.000000e+00 0.000000e+00 3.735831e+06 0.000000e+00 0.000000e+00 3.736792e+06 0.000000e+00 0.000000e+00 3.737752e+06 0.000000e+00 0.000000e+00 3.738713e+06 0.000000e+00 0.000000e+00 3.739673e+06 0.000000e+00 0.000000e+00 3.740634e+06 0.000000e+00 0.000000e+00 3.741595e+06 0.000000e+00 0.000000e+00 3.742555e+06 0.000000e+00 0.000000e+00 3.743516e+06 0.000000e+00 0.000000e+00 3.744476e+06 0.000000e+00 0.000000e+00 3.745437e+06 0.000000e+00 0.000000e+00 3.746398e+06 0.000000e+00 0.000000e+00 3.747358e+06 0.000000e+00 0.000000e+00 3.748319e+06 0.000000e+00 0.000000e+00 3.749280e+06 0.000000e+00 0.000000e+00 3.750240e+06 0.000000e+00 0.000000e+00 3.751201e+06 0.000000e+00 0.000000e+00 3.752161e+06 0.000000e+00 0.000000e+00 3.753122e+06 0.000000e+00 0.000000e+00 3.754083e+06 0.000000e+00 0.000000e+00 3.755043e+06 0.000000e+00 0.000000e+00 3.756004e+06 0.000000e+00 0.000000e+00 3.756964e+06 0.000000e+00 0.000000e+00 3.757925e+06 0.000000e+00 0.000000e+00 3.758886e+06 0.000000e+00 0.000000e+00 3.759846e+06 0.000000e+00 0.000000e+00 3.760807e+06 0.000000e+00 0.000000e+00 3.761768e+06 0.000000e+00 0.000000e+00 3.762728e+06 0.000000e+00 0.000000e+00 3.763689e+06 0.000000e+00 0.000000e+00 3.764649e+06 0.000000e+00 0.000000e+00 3.765610e+06 0.000000e+00 0.000000e+00 3.766571e+06 0.000000e+00 0.000000e+00 3.767531e+06 0.000000e+00 0.000000e+00 3.768492e+06 0.000000e+00 0.000000e+00 3.769452e+06 0.000000e+00 0.000000e+00 3.770413e+06 0.000000e+00 0.000000e+00 3.771374e+06 0.000000e+00 0.000000e+00 3.772334e+06 0.000000e+00 0.000000e+00 3.773295e+06 0.000000e+00 0.000000e+00 3.774256e+06 0.000000e+00 0.000000e+00 3.775216e+06 0.000000e+00 0.000000e+00 3.776177e+06 0.000000e+00 0.000000e+00 3.777137e+06 0.000000e+00 0.000000e+00 3.778098e+06 0.000000e+00 0.000000e+00 3.779059e+06 0.000000e+00 0.000000e+00 3.780019e+06 0.000000e+00 0.000000e+00 3.780980e+06 0.000000e+00 0.000000e+00 3.781940e+06 0.000000e+00 0.000000e+00 3.782901e+06 0.000000e+00 0.000000e+00 3.783862e+06 0.000000e+00 0.000000e+00 3.784822e+06 0.000000e+00 0.000000e+00 3.785783e+06 0.000000e+00 0.000000e+00 3.786744e+06 0.000000e+00 0.000000e+00 3.787704e+06 0.000000e+00 0.000000e+00 3.788665e+06 0.000000e+00 0.000000e+00 3.789625e+06 0.000000e+00 0.000000e+00 3.790586e+06 0.000000e+00 0.000000e+00 3.791547e+06 0.000000e+00 0.000000e+00 3.792507e+06 0.000000e+00 0.000000e+00 3.793468e+06 0.000000e+00 0.000000e+00 3.794428e+06 0.000000e+00 0.000000e+00 3.795389e+06 0.000000e+00 0.000000e+00 3.796350e+06 0.000000e+00 0.000000e+00 3.797310e+06 0.000000e+00 0.000000e+00 3.798271e+06 0.000000e+00 0.000000e+00 3.799232e+06 0.000000e+00 0.000000e+00 3.800192e+06 0.000000e+00 0.000000e+00 3.801153e+06 0.000000e+00 0.000000e+00 3.802113e+06 0.000000e+00 0.000000e+00 3.803074e+06 0.000000e+00 0.000000e+00 3.804035e+06 0.000000e+00 0.000000e+00 3.804995e+06 0.000000e+00 0.000000e+00 3.805956e+06 0.000000e+00 0.000000e+00 3.806916e+06 0.000000e+00 0.000000e+00 3.807877e+06 0.000000e+00 0.000000e+00 3.808838e+06 0.000000e+00 0.000000e+00 3.809798e+06 0.000000e+00 0.000000e+00 3.810759e+06 0.000000e+00 0.000000e+00 3.811720e+06 0.000000e+00 0.000000e+00 3.812680e+06 0.000000e+00 0.000000e+00 3.813641e+06 0.000000e+00 0.000000e+00 3.814601e+06 0.000000e+00 0.000000e+00 3.815562e+06 0.000000e+00 0.000000e+00 3.816523e+06 0.000000e+00 0.000000e+00 3.817483e+06 0.000000e+00 0.000000e+00 3.818444e+06 0.000000e+00 0.000000e+00 3.819404e+06 0.000000e+00 0.000000e+00 3.820365e+06 0.000000e+00 0.000000e+00 3.821326e+06 0.000000e+00 0.000000e+00 3.822286e+06 0.000000e+00 0.000000e+00 3.823247e+06 0.000000e+00 0.000000e+00 3.824207e+06 0.000000e+00 0.000000e+00 3.825168e+06 0.000000e+00 0.000000e+00 3.826129e+06 0.000000e+00 0.000000e+00 3.827089e+06 0.000000e+00 0.000000e+00 3.828050e+06 0.000000e+00 0.000000e+00 3.829011e+06 0.000000e+00 0.000000e+00 3.829971e+06 0.000000e+00 0.000000e+00 3.830932e+06 0.000000e+00 0.000000e+00 3.831892e+06 0.000000e+00 0.000000e+00 3.832853e+06 0.000000e+00 0.000000e+00 3.833814e+06 0.000000e+00 0.000000e+00 3.834774e+06 0.000000e+00 0.000000e+00 3.835735e+06 0.000000e+00 0.000000e+00 3.836695e+06 0.000000e+00 0.000000e+00 3.837656e+06 0.000000e+00 0.000000e+00 3.838617e+06 0.000000e+00 0.000000e+00 3.839577e+06 0.000000e+00 0.000000e+00 3.840538e+06 0.000000e+00 0.000000e+00 3.841499e+06 0.000000e+00 0.000000e+00 3.842459e+06 0.000000e+00 0.000000e+00 3.843420e+06 0.000000e+00 0.000000e+00 3.844380e+06 0.000000e+00 0.000000e+00 3.845341e+06 0.000000e+00 0.000000e+00 3.846302e+06 0.000000e+00 0.000000e+00 3.847262e+06 0.000000e+00 0.000000e+00 3.848223e+06 0.000000e+00 0.000000e+00 3.849183e+06 0.000000e+00 0.000000e+00 3.850144e+06 0.000000e+00 0.000000e+00 3.851105e+06 0.000000e+00 0.000000e+00 3.852065e+06 0.000000e+00 0.000000e+00 3.853026e+06 0.000000e+00 0.000000e+00 3.853987e+06 0.000000e+00 0.000000e+00 3.854947e+06 0.000000e+00 0.000000e+00 3.855908e+06 0.000000e+00 0.000000e+00 3.856868e+06 0.000000e+00 0.000000e+00 3.857829e+06 0.000000e+00 0.000000e+00 3.858790e+06 0.000000e+00 0.000000e+00 3.859750e+06 0.000000e+00 0.000000e+00 3.860711e+06 0.000000e+00 0.000000e+00 3.861671e+06 0.000000e+00 0.000000e+00 3.862632e+06 0.000000e+00 0.000000e+00 3.863593e+06 0.000000e+00 0.000000e+00 3.864553e+06 0.000000e+00 0.000000e+00 3.865514e+06 0.000000e+00 0.000000e+00 3.866475e+06 0.000000e+00 0.000000e+00 3.867435e+06 0.000000e+00 0.000000e+00 3.868396e+06 0.000000e+00 0.000000e+00 3.869356e+06 0.000000e+00 0.000000e+00 3.870317e+06 0.000000e+00 0.000000e+00 3.871278e+06 0.000000e+00 0.000000e+00 3.872238e+06 0.000000e+00 0.000000e+00 3.873199e+06 0.000000e+00 0.000000e+00 3.874159e+06 0.000000e+00 0.000000e+00 3.875120e+06 0.000000e+00 0.000000e+00 3.876081e+06 0.000000e+00 0.000000e+00 3.877041e+06 0.000000e+00 0.000000e+00 3.878002e+06 0.000000e+00 0.000000e+00 3.878963e+06 0.000000e+00 0.000000e+00 3.879923e+06 0.000000e+00 0.000000e+00 3.880884e+06 0.000000e+00 0.000000e+00 3.881844e+06 0.000000e+00 0.000000e+00 3.882805e+06 0.000000e+00 0.000000e+00 3.883766e+06 0.000000e+00 0.000000e+00 3.884726e+06 0.000000e+00 0.000000e+00 3.885687e+06 0.000000e+00 0.000000e+00 3.886647e+06 0.000000e+00 0.000000e+00 3.887608e+06 0.000000e+00 0.000000e+00 3.888569e+06 0.000000e+00 0.000000e+00 3.889529e+06 0.000000e+00 0.000000e+00 3.890490e+06 0.000000e+00 0.000000e+00 3.891451e+06 0.000000e+00 0.000000e+00 3.892411e+06 0.000000e+00 0.000000e+00 3.893372e+06 0.000000e+00 0.000000e+00 3.894332e+06 0.000000e+00 0.000000e+00 3.895293e+06 0.000000e+00 0.000000e+00 3.896254e+06 0.000000e+00 0.000000e+00 3.897214e+06 0.000000e+00 0.000000e+00 3.898175e+06 0.000000e+00 0.000000e+00 3.899135e+06 0.000000e+00 0.000000e+00 3.900096e+06 0.000000e+00 0.000000e+00 3.901057e+06 0.000000e+00 0.000000e+00 3.902017e+06 0.000000e+00 0.000000e+00 3.902978e+06 0.000000e+00 0.000000e+00 3.903939e+06 0.000000e+00 0.000000e+00 3.904899e+06 0.000000e+00 0.000000e+00 3.905860e+06 0.000000e+00 0.000000e+00 3.906820e+06 0.000000e+00 0.000000e+00 3.907781e+06 0.000000e+00 0.000000e+00 3.908742e+06 0.000000e+00 0.000000e+00 3.909702e+06 0.000000e+00 0.000000e+00 3.910663e+06 0.000000e+00 0.000000e+00 3.911623e+06 0.000000e+00 0.000000e+00 3.912584e+06 0.000000e+00 0.000000e+00 3.913545e+06 0.000000e+00 0.000000e+00 3.914505e+06 0.000000e+00 0.000000e+00 3.915466e+06 0.000000e+00 0.000000e+00 3.916427e+06 0.000000e+00 0.000000e+00 3.917387e+06 0.000000e+00 0.000000e+00 3.918348e+06 0.000000e+00 0.000000e+00 3.919308e+06 0.000000e+00 0.000000e+00 3.920269e+06 0.000000e+00 0.000000e+00 3.921230e+06 0.000000e+00 0.000000e+00 3.922190e+06 0.000000e+00 0.000000e+00 3.923151e+06 0.000000e+00 0.000000e+00 3.924111e+06 0.000000e+00 0.000000e+00 3.925072e+06 0.000000e+00 0.000000e+00 3.926033e+06 0.000000e+00 0.000000e+00 3.926993e+06 0.000000e+00 0.000000e+00 3.927954e+06 0.000000e+00 0.000000e+00 3.928915e+06 0.000000e+00 0.000000e+00 3.929875e+06 0.000000e+00 0.000000e+00 3.930836e+06 0.000000e+00 0.000000e+00 3.931796e+06 0.000000e+00 0.000000e+00 3.932757e+06 0.000000e+00 0.000000e+00 3.933718e+06 0.000000e+00 0.000000e+00 3.934678e+06 0.000000e+00 0.000000e+00 3.935639e+06 0.000000e+00 0.000000e+00 3.936599e+06 0.000000e+00 0.000000e+00 3.937560e+06 0.000000e+00 0.000000e+00 3.938521e+06 0.000000e+00 0.000000e+00 3.939481e+06 0.000000e+00 0.000000e+00 3.940442e+06 0.000000e+00 0.000000e+00 3.941402e+06 0.000000e+00 0.000000e+00 3.942363e+06 0.000000e+00 0.000000e+00 3.943324e+06 0.000000e+00 0.000000e+00 3.944284e+06 0.000000e+00 0.000000e+00 3.945245e+06 0.000000e+00 0.000000e+00 3.946206e+06 0.000000e+00 0.000000e+00 3.947166e+06 0.000000e+00 0.000000e+00 3.948127e+06 0.000000e+00 0.000000e+00 3.949087e+06 0.000000e+00 0.000000e+00 3.950048e+06 0.000000e+00 0.000000e+00 3.951009e+06 0.000000e+00 0.000000e+00 3.951969e+06 0.000000e+00 0.000000e+00 3.952930e+06 0.000000e+00 0.000000e+00 3.953890e+06 0.000000e+00 0.000000e+00 3.954851e+06 0.000000e+00 0.000000e+00 3.955812e+06 0.000000e+00 0.000000e+00 3.956772e+06 0.000000e+00 0.000000e+00 3.957733e+06 0.000000e+00 0.000000e+00 3.958694e+06 0.000000e+00 0.000000e+00 3.959654e+06 0.000000e+00 0.000000e+00 3.960615e+06 0.000000e+00 0.000000e+00 3.961575e+06 0.000000e+00 0.000000e+00 3.962536e+06 0.000000e+00 0.000000e+00 3.963497e+06 0.000000e+00 0.000000e+00 3.964457e+06 0.000000e+00 0.000000e+00 3.965418e+06 0.000000e+00 0.000000e+00 3.966378e+06 0.000000e+00 0.000000e+00 3.967339e+06 0.000000e+00 0.000000e+00 3.968300e+06 0.000000e+00 0.000000e+00 3.969260e+06 0.000000e+00 0.000000e+00 3.970221e+06 0.000000e+00 0.000000e+00 3.971182e+06 0.000000e+00 0.000000e+00 3.972142e+06 0.000000e+00 0.000000e+00 3.973103e+06 0.000000e+00 0.000000e+00 3.974063e+06 0.000000e+00 0.000000e+00 3.975024e+06 0.000000e+00 0.000000e+00 3.975985e+06 0.000000e+00 0.000000e+00 3.976945e+06 0.000000e+00 0.000000e+00 3.977906e+06 0.000000e+00 0.000000e+00 3.978866e+06 0.000000e+00 0.000000e+00 3.979827e+06 0.000000e+00 0.000000e+00 3.980788e+06 0.000000e+00 0.000000e+00 3.981748e+06 0.000000e+00 0.000000e+00 3.982709e+06 0.000000e+00 0.000000e+00 3.983670e+06 0.000000e+00 0.000000e+00 3.984630e+06 0.000000e+00 0.000000e+00 3.985591e+06 0.000000e+00 0.000000e+00 3.986551e+06 0.000000e+00 0.000000e+00 3.987512e+06 0.000000e+00 0.000000e+00 3.988473e+06 0.000000e+00 0.000000e+00 3.989433e+06 0.000000e+00 0.000000e+00 3.990394e+06 0.000000e+00 0.000000e+00 3.991354e+06 0.000000e+00 0.000000e+00 3.992315e+06 0.000000e+00 0.000000e+00 3.993276e+06 0.000000e+00 0.000000e+00 3.994236e+06 0.000000e+00 0.000000e+00 3.995197e+06 0.000000e+00 0.000000e+00 3.996158e+06 0.000000e+00 0.000000e+00 3.997118e+06 0.000000e+00 0.000000e+00 3.998079e+06 0.000000e+00 0.000000e+00 3.999039e+06 0.000000e+00 0.000000e+00 4.000962e+06 0.000000e+00 0.000000e+00 4.001923e+06 0.000000e+00 0.000000e+00 4.002885e+06 0.000000e+00 0.000000e+00 4.003846e+06 0.000000e+00 0.000000e+00 4.004808e+06 0.000000e+00 0.000000e+00 4.005769e+06 0.000000e+00 0.000000e+00 4.006731e+06 0.000000e+00 0.000000e+00 4.007692e+06 0.000000e+00 0.000000e+00 4.008654e+06 0.000000e+00 0.000000e+00 4.009615e+06 0.000000e+00 0.000000e+00 4.010577e+06 0.000000e+00 0.000000e+00 4.011538e+06 0.000000e+00 0.000000e+00 4.012500e+06 0.000000e+00 0.000000e+00 4.013462e+06 0.000000e+00 0.000000e+00 4.014423e+06 0.000000e+00 0.000000e+00 4.015385e+06 0.000000e+00 0.000000e+00 4.016346e+06 0.000000e+00 0.000000e+00 4.017308e+06 0.000000e+00 0.000000e+00 4.018269e+06 0.000000e+00 0.000000e+00 4.019231e+06 0.000000e+00 0.000000e+00 4.020192e+06 0.000000e+00 0.000000e+00 4.021154e+06 0.000000e+00 0.000000e+00 4.022115e+06 0.000000e+00 0.000000e+00 4.023077e+06 0.000000e+00 0.000000e+00 4.024038e+06 0.000000e+00 0.000000e+00 4.025000e+06 0.000000e+00 0.000000e+00 4.025962e+06 0.000000e+00 0.000000e+00 4.026923e+06 0.000000e+00 0.000000e+00 4.027885e+06 0.000000e+00 0.000000e+00 4.028846e+06 0.000000e+00 0.000000e+00 4.029808e+06 0.000000e+00 0.000000e+00 4.030769e+06 0.000000e+00 0.000000e+00 4.031731e+06 0.000000e+00 0.000000e+00 4.032692e+06 0.000000e+00 0.000000e+00 4.033654e+06 0.000000e+00 0.000000e+00 4.034615e+06 0.000000e+00 0.000000e+00 4.035577e+06 0.000000e+00 0.000000e+00 4.036538e+06 0.000000e+00 0.000000e+00 4.037500e+06 0.000000e+00 0.000000e+00 4.038462e+06 0.000000e+00 0.000000e+00 4.039423e+06 0.000000e+00 0.000000e+00 4.040385e+06 0.000000e+00 0.000000e+00 4.041346e+06 0.000000e+00 0.000000e+00 4.042308e+06 0.000000e+00 0.000000e+00 4.043269e+06 0.000000e+00 0.000000e+00 4.044231e+06 0.000000e+00 0.000000e+00 4.045192e+06 0.000000e+00 0.000000e+00 4.046154e+06 0.000000e+00 0.000000e+00 4.047115e+06 0.000000e+00 0.000000e+00 4.048077e+06 0.000000e+00 0.000000e+00 4.049038e+06 0.000000e+00 0.000000e+00 4.050000e+06 0.000000e+00 0.000000e+00 4.050962e+06 0.000000e+00 0.000000e+00 4.051923e+06 0.000000e+00 0.000000e+00 4.052885e+06 0.000000e+00 0.000000e+00 4.053846e+06 0.000000e+00 0.000000e+00 4.054808e+06 0.000000e+00 0.000000e+00 4.055769e+06 0.000000e+00 0.000000e+00 4.056731e+06 0.000000e+00 0.000000e+00 4.057692e+06 0.000000e+00 0.000000e+00 4.058654e+06 0.000000e+00 0.000000e+00 4.059615e+06 0.000000e+00 0.000000e+00 4.060577e+06 0.000000e+00 0.000000e+00 4.061538e+06 0.000000e+00 0.000000e+00 4.062500e+06 0.000000e+00 0.000000e+00 4.063462e+06 0.000000e+00 0.000000e+00 4.064423e+06 0.000000e+00 0.000000e+00 4.065385e+06 0.000000e+00 0.000000e+00 4.066346e+06 0.000000e+00 0.000000e+00 4.067308e+06 0.000000e+00 0.000000e+00 4.068269e+06 0.000000e+00 0.000000e+00 4.069231e+06 0.000000e+00 0.000000e+00 4.070192e+06 0.000000e+00 0.000000e+00 4.071154e+06 0.000000e+00 0.000000e+00 4.072115e+06 0.000000e+00 0.000000e+00 4.073077e+06 0.000000e+00 0.000000e+00 4.074038e+06 0.000000e+00 0.000000e+00 4.075000e+06 0.000000e+00 0.000000e+00 4.075962e+06 0.000000e+00 0.000000e+00 4.076923e+06 0.000000e+00 0.000000e+00 4.077885e+06 0.000000e+00 0.000000e+00 4.078846e+06 0.000000e+00 0.000000e+00 4.079808e+06 0.000000e+00 0.000000e+00 4.080769e+06 0.000000e+00 0.000000e+00 4.081731e+06 0.000000e+00 0.000000e+00 4.082692e+06 0.000000e+00 0.000000e+00 4.083654e+06 0.000000e+00 0.000000e+00 4.084615e+06 0.000000e+00 0.000000e+00 4.085577e+06 0.000000e+00 0.000000e+00 4.086538e+06 0.000000e+00 0.000000e+00 4.087500e+06 0.000000e+00 0.000000e+00 4.088462e+06 0.000000e+00 0.000000e+00 4.089423e+06 0.000000e+00 0.000000e+00 4.090385e+06 0.000000e+00 0.000000e+00 4.091346e+06 0.000000e+00 0.000000e+00 4.092308e+06 0.000000e+00 0.000000e+00 4.093269e+06 0.000000e+00 0.000000e+00 4.094231e+06 0.000000e+00 0.000000e+00 4.095192e+06 0.000000e+00 0.000000e+00 4.096154e+06 0.000000e+00 0.000000e+00 4.097115e+06 0.000000e+00 0.000000e+00 4.098077e+06 0.000000e+00 0.000000e+00 4.099038e+06 0.000000e+00 0.000000e+00 4.100000e+06 0.000000e+00 0.000000e+00 4.100962e+06 0.000000e+00 0.000000e+00 4.101923e+06 0.000000e+00 0.000000e+00 4.102885e+06 0.000000e+00 0.000000e+00 4.103846e+06 0.000000e+00 0.000000e+00 4.104808e+06 0.000000e+00 0.000000e+00 4.105769e+06 0.000000e+00 0.000000e+00 4.106731e+06 0.000000e+00 0.000000e+00 4.107692e+06 0.000000e+00 0.000000e+00 4.108654e+06 0.000000e+00 0.000000e+00 4.109615e+06 0.000000e+00 0.000000e+00 4.110577e+06 0.000000e+00 0.000000e+00 4.111538e+06 0.000000e+00 0.000000e+00 4.112500e+06 0.000000e+00 0.000000e+00 4.113462e+06 0.000000e+00 0.000000e+00 4.114423e+06 0.000000e+00 0.000000e+00 4.115385e+06 0.000000e+00 0.000000e+00 4.116346e+06 0.000000e+00 0.000000e+00 4.117308e+06 0.000000e+00 0.000000e+00 4.118269e+06 0.000000e+00 0.000000e+00 4.119231e+06 0.000000e+00 0.000000e+00 4.120192e+06 0.000000e+00 0.000000e+00 4.121154e+06 0.000000e+00 0.000000e+00 4.122115e+06 0.000000e+00 0.000000e+00 4.123077e+06 0.000000e+00 0.000000e+00 4.124038e+06 0.000000e+00 0.000000e+00 4.125000e+06 0.000000e+00 0.000000e+00 4.125962e+06 0.000000e+00 0.000000e+00 4.126923e+06 0.000000e+00 0.000000e+00 4.127885e+06 0.000000e+00 0.000000e+00 4.128846e+06 0.000000e+00 0.000000e+00 4.129808e+06 0.000000e+00 0.000000e+00 4.130769e+06 0.000000e+00 0.000000e+00 4.131731e+06 0.000000e+00 0.000000e+00 4.132692e+06 0.000000e+00 0.000000e+00 4.133654e+06 0.000000e+00 0.000000e+00 4.134615e+06 0.000000e+00 0.000000e+00 4.135577e+06 0.000000e+00 0.000000e+00 4.136538e+06 0.000000e+00 0.000000e+00 4.137500e+06 0.000000e+00 0.000000e+00 4.138462e+06 0.000000e+00 0.000000e+00 4.139423e+06 0.000000e+00 0.000000e+00 4.140385e+06 0.000000e+00 0.000000e+00 4.141346e+06 0.000000e+00 0.000000e+00 4.142308e+06 0.000000e+00 0.000000e+00 4.143269e+06 0.000000e+00 0.000000e+00 4.144231e+06 0.000000e+00 0.000000e+00 4.145192e+06 0.000000e+00 0.000000e+00 4.146154e+06 0.000000e+00 0.000000e+00 4.147115e+06 0.000000e+00 0.000000e+00 4.148077e+06 0.000000e+00 0.000000e+00 4.149038e+06 0.000000e+00 0.000000e+00 4.150000e+06 0.000000e+00 0.000000e+00 4.150962e+06 0.000000e+00 0.000000e+00 4.151923e+06 0.000000e+00 0.000000e+00 4.152885e+06 0.000000e+00 0.000000e+00 4.153846e+06 0.000000e+00 0.000000e+00 4.154808e+06 0.000000e+00 0.000000e+00 4.155769e+06 0.000000e+00 0.000000e+00 4.156731e+06 0.000000e+00 0.000000e+00 4.157692e+06 0.000000e+00 0.000000e+00 4.158654e+06 0.000000e+00 0.000000e+00 4.159615e+06 0.000000e+00 0.000000e+00 4.160577e+06 0.000000e+00 0.000000e+00 4.161538e+06 0.000000e+00 0.000000e+00 4.162500e+06 0.000000e+00 0.000000e+00 4.163462e+06 0.000000e+00 0.000000e+00 4.164423e+06 0.000000e+00 0.000000e+00 4.165385e+06 0.000000e+00 0.000000e+00 4.166346e+06 0.000000e+00 0.000000e+00 4.167308e+06 0.000000e+00 0.000000e+00 4.168269e+06 0.000000e+00 0.000000e+00 4.169231e+06 0.000000e+00 0.000000e+00 4.170192e+06 0.000000e+00 0.000000e+00 4.171154e+06 0.000000e+00 0.000000e+00 4.172115e+06 0.000000e+00 0.000000e+00 4.173077e+06 0.000000e+00 0.000000e+00 4.174038e+06 0.000000e+00 0.000000e+00 4.175000e+06 0.000000e+00 0.000000e+00 4.175962e+06 0.000000e+00 0.000000e+00 4.176923e+06 0.000000e+00 0.000000e+00 4.177885e+06 0.000000e+00 0.000000e+00 4.178846e+06 0.000000e+00 0.000000e+00 4.179808e+06 0.000000e+00 0.000000e+00 4.180769e+06 0.000000e+00 0.000000e+00 4.181731e+06 0.000000e+00 0.000000e+00 4.182692e+06 0.000000e+00 0.000000e+00 4.183654e+06 0.000000e+00 0.000000e+00 4.184615e+06 0.000000e+00 0.000000e+00 4.185577e+06 0.000000e+00 0.000000e+00 4.186538e+06 0.000000e+00 0.000000e+00 4.187500e+06 0.000000e+00 0.000000e+00 4.188462e+06 0.000000e+00 0.000000e+00 4.189423e+06 0.000000e+00 0.000000e+00 4.190385e+06 0.000000e+00 0.000000e+00 4.191346e+06 0.000000e+00 0.000000e+00 4.192308e+06 0.000000e+00 0.000000e+00 4.193269e+06 0.000000e+00 0.000000e+00 4.194231e+06 0.000000e+00 0.000000e+00 4.195192e+06 0.000000e+00 0.000000e+00 4.196154e+06 0.000000e+00 0.000000e+00 4.197115e+06 0.000000e+00 0.000000e+00 4.198077e+06 0.000000e+00 0.000000e+00 4.199038e+06 0.000000e+00 0.000000e+00 4.200000e+06 0.000000e+00 0.000000e+00 4.200962e+06 0.000000e+00 0.000000e+00 4.201923e+06 0.000000e+00 0.000000e+00 4.202885e+06 0.000000e+00 0.000000e+00 4.203846e+06 0.000000e+00 0.000000e+00 4.204808e+06 0.000000e+00 0.000000e+00 4.205769e+06 0.000000e+00 0.000000e+00 4.206731e+06 0.000000e+00 0.000000e+00 4.207692e+06 0.000000e+00 0.000000e+00 4.208654e+06 0.000000e+00 0.000000e+00 4.209615e+06 0.000000e+00 0.000000e+00 4.210577e+06 0.000000e+00 0.000000e+00 4.211538e+06 0.000000e+00 0.000000e+00 4.212500e+06 0.000000e+00 0.000000e+00 4.213462e+06 0.000000e+00 0.000000e+00 4.214423e+06 0.000000e+00 0.000000e+00 4.215385e+06 0.000000e+00 0.000000e+00 4.216346e+06 0.000000e+00 0.000000e+00 4.217308e+06 0.000000e+00 0.000000e+00 4.218269e+06 0.000000e+00 0.000000e+00 4.219231e+06 0.000000e+00 0.000000e+00 4.220192e+06 0.000000e+00 0.000000e+00 4.221154e+06 0.000000e+00 0.000000e+00 4.222115e+06 0.000000e+00 0.000000e+00 4.223077e+06 0.000000e+00 0.000000e+00 4.224038e+06 0.000000e+00 0.000000e+00 4.225000e+06 0.000000e+00 0.000000e+00 4.225962e+06 0.000000e+00 0.000000e+00 4.226923e+06 0.000000e+00 0.000000e+00 4.227885e+06 0.000000e+00 0.000000e+00 4.228846e+06 0.000000e+00 0.000000e+00 4.229808e+06 0.000000e+00 0.000000e+00 4.230769e+06 0.000000e+00 0.000000e+00 4.231731e+06 0.000000e+00 0.000000e+00 4.232692e+06 0.000000e+00 0.000000e+00 4.233654e+06 0.000000e+00 0.000000e+00 4.234615e+06 0.000000e+00 0.000000e+00 4.235577e+06 0.000000e+00 0.000000e+00 4.236538e+06 0.000000e+00 0.000000e+00 4.237500e+06 0.000000e+00 0.000000e+00 4.238462e+06 0.000000e+00 0.000000e+00 4.239423e+06 0.000000e+00 0.000000e+00 4.240385e+06 0.000000e+00 0.000000e+00 4.241346e+06 0.000000e+00 0.000000e+00 4.242308e+06 0.000000e+00 0.000000e+00 4.243269e+06 0.000000e+00 0.000000e+00 4.244231e+06 0.000000e+00 0.000000e+00 4.245192e+06 0.000000e+00 0.000000e+00 4.246154e+06 0.000000e+00 0.000000e+00 4.247115e+06 0.000000e+00 0.000000e+00 4.248077e+06 0.000000e+00 0.000000e+00 4.249038e+06 0.000000e+00 0.000000e+00 4.250995e+06 0.000000e+00 0.000000e+00 4.252058e+06 0.000000e+00 0.000000e+00 4.253196e+06 0.000000e+00 0.000000e+00 4.254412e+06 0.000000e+00 0.000000e+00 4.255713e+06 0.000000e+00 0.000000e+00 4.257104e+06 0.000000e+00 0.000000e+00 4.258592e+06 0.000000e+00 0.000000e+00 4.260183e+06 0.000000e+00 0.000000e+00 4.261884e+06 0.000000e+00 0.000000e+00 4.263703e+06 0.000000e+00 0.000000e+00 4.265648e+06 0.000000e+00 0.000000e+00 4.267728e+06 0.000000e+00 0.000000e+00 4.269953e+06 0.000000e+00 0.000000e+00 4.272332e+06 0.000000e+00 0.000000e+00 4.274876e+06 0.000000e+00 0.000000e+00 4.277596e+06 0.000000e+00 0.000000e+00 4.280505e+06 0.000000e+00 0.000000e+00 4.283616e+06 0.000000e+00 0.000000e+00 4.286943e+06 0.000000e+00 0.000000e+00 4.290500e+06 0.000000e+00 0.000000e+00 4.294304e+06 0.000000e+00 0.000000e+00 4.298373e+06 0.000000e+00 0.000000e+00 4.302723e+06 0.000000e+00 0.000000e+00 4.307375e+06 0.000000e+00 0.000000e+00 4.312350e+06 0.000000e+00 0.000000e+00 4.317670e+06 0.000000e+00 0.000000e+00 4.323359e+06 0.000000e+00 0.000000e+00 4.329443e+06 0.000000e+00 0.000000e+00 4.335948e+06 0.000000e+00 0.000000e+00 4.342906e+06 0.000000e+00 0.000000e+00 4.350345e+06 0.000000e+00 0.000000e+00 4.358301e+06 0.000000e+00 0.000000e+00 4.366809e+06 0.000000e+00 0.000000e+00 4.375906e+06 0.000000e+00 0.000000e+00 4.385635e+06 0.000000e+00 0.000000e+00 4.396039e+06 0.000000e+00 0.000000e+00 4.407165e+06 0.000000e+00 0.000000e+00 4.419062e+06 0.000000e+00 0.000000e+00 4.431785e+06 0.000000e+00 0.000000e+00 4.445390e+06 0.000000e+00 0.000000e+00 4.459940e+06 0.000000e+00 0.000000e+00 4.475498e+06 0.000000e+00 0.000000e+00 4.492136e+06 0.000000e+00 0.000000e+00 4.509928e+06 0.000000e+00 0.000000e+00 4.528954e+06 0.000000e+00 0.000000e+00 4.549300e+06 0.000000e+00 0.000000e+00 4.571057e+06 0.000000e+00 0.000000e+00 4.594324e+06 0.000000e+00 0.000000e+00 4.619205e+06 0.000000e+00 0.000000e+00 4.645811e+06 0.000000e+00 0.000000e+00 4.674264e+06 0.000000e+00 0.000000e+00 4.704690e+06 0.000000e+00 0.000000e+00 4.737227e+06 0.000000e+00 0.000000e+00 4.772021e+06 0.000000e+00 0.000000e+00 3.823445e+04 1.000000e+03 0.000000e+00 7.604130e+04 1.000000e+03 0.000000e+00 1.134253e+05 1.000000e+03 0.000000e+00 1.503913e+05 1.000000e+03 0.000000e+00 1.869438e+05 1.000000e+03 0.000000e+00 2.230876e+05 1.000000e+03 0.000000e+00 2.588271e+05 1.000000e+03 0.000000e+00 2.941670e+05 1.000000e+03 0.000000e+00 3.291116e+05 1.000000e+03 0.000000e+00 3.636654e+05 1.000000e+03 0.000000e+00 3.978328e+05 1.000000e+03 0.000000e+00 4.316180e+05 1.000000e+03 0.000000e+00 4.650254e+05 1.000000e+03 0.000000e+00 4.980592e+05 1.000000e+03 0.000000e+00 5.307236e+05 1.000000e+03 0.000000e+00 5.630227e+05 1.000000e+03 0.000000e+00 5.949605e+05 1.000000e+03 0.000000e+00 6.265412e+05 1.000000e+03 0.000000e+00 6.577687e+05 1.000000e+03 0.000000e+00 6.886469e+05 1.000000e+03 0.000000e+00 7.191798e+05 1.000000e+03 0.000000e+00 7.493713e+05 1.000000e+03 0.000000e+00 7.792251e+05 1.000000e+03 0.000000e+00 8.087450e+05 1.000000e+03 0.000000e+00 8.379348e+05 1.000000e+03 0.000000e+00 8.667981e+05 1.000000e+03 0.000000e+00 8.953387e+05 1.000000e+03 0.000000e+00 9.235600e+05 1.000000e+03 0.000000e+00 9.514658e+05 1.000000e+03 0.000000e+00 9.790595e+05 1.000000e+03 0.000000e+00 1.006345e+06 1.000000e+03 0.000000e+00 1.033324e+06 1.000000e+03 0.000000e+00 1.060003e+06 1.000000e+03 0.000000e+00 1.086382e+06 1.000000e+03 0.000000e+00 1.112467e+06 1.000000e+03 0.000000e+00 1.138260e+06 1.000000e+03 0.000000e+00 1.163765e+06 1.000000e+03 0.000000e+00 1.188984e+06 1.000000e+03 0.000000e+00 1.213922e+06 1.000000e+03 0.000000e+00 1.238580e+06 1.000000e+03 0.000000e+00 1.262963e+06 1.000000e+03 0.000000e+00 1.287073e+06 1.000000e+03 0.000000e+00 1.310913e+06 1.000000e+03 0.000000e+00 1.334487e+06 1.000000e+03 0.000000e+00 1.357797e+06 1.000000e+03 0.000000e+00 1.380847e+06 1.000000e+03 0.000000e+00 1.403638e+06 1.000000e+03 0.000000e+00 1.426175e+06 1.000000e+03 0.000000e+00 1.448460e+06 1.000000e+03 0.000000e+00 1.470495e+06 1.000000e+03 0.000000e+00 1.492284e+06 1.000000e+03 0.000000e+00 1.513830e+06 1.000000e+03 0.000000e+00 1.535134e+06 1.000000e+03 0.000000e+00 1.556200e+06 1.000000e+03 0.000000e+00 1.577031e+06 1.000000e+03 0.000000e+00 1.597628e+06 1.000000e+03 0.000000e+00 1.617996e+06 1.000000e+03 0.000000e+00 1.638135e+06 1.000000e+03 0.000000e+00 1.658049e+06 1.000000e+03 0.000000e+00 1.677741e+06 1.000000e+03 0.000000e+00 1.697212e+06 1.000000e+03 0.000000e+00 1.716466e+06 1.000000e+03 0.000000e+00 1.735504e+06 1.000000e+03 0.000000e+00 1.754329e+06 1.000000e+03 0.000000e+00 1.772944e+06 1.000000e+03 0.000000e+00 1.791351e+06 1.000000e+03 0.000000e+00 1.809551e+06 1.000000e+03 0.000000e+00 1.827549e+06 1.000000e+03 0.000000e+00 1.845344e+06 1.000000e+03 0.000000e+00 1.862941e+06 1.000000e+03 0.000000e+00 1.880341e+06 1.000000e+03 0.000000e+00 1.897547e+06 1.000000e+03 0.000000e+00 1.914560e+06 1.000000e+03 0.000000e+00 1.931383e+06 1.000000e+03 0.000000e+00 1.948018e+06 1.000000e+03 0.000000e+00 1.964466e+06 1.000000e+03 0.000000e+00 1.980731e+06 1.000000e+03 0.000000e+00 1.996814e+06 1.000000e+03 0.000000e+00 2.012717e+06 1.000000e+03 0.000000e+00 2.028442e+06 1.000000e+03 0.000000e+00 2.043991e+06 1.000000e+03 0.000000e+00 2.059366e+06 1.000000e+03 0.000000e+00 2.074570e+06 1.000000e+03 0.000000e+00 2.089603e+06 1.000000e+03 0.000000e+00 2.104468e+06 1.000000e+03 0.000000e+00 2.119167e+06 1.000000e+03 0.000000e+00 2.133702e+06 1.000000e+03 0.000000e+00 2.148074e+06 1.000000e+03 0.000000e+00 2.162285e+06 1.000000e+03 0.000000e+00 2.176337e+06 1.000000e+03 0.000000e+00 2.190233e+06 1.000000e+03 0.000000e+00 2.203972e+06 1.000000e+03 0.000000e+00 2.217559e+06 1.000000e+03 0.000000e+00 2.230993e+06 1.000000e+03 0.000000e+00 2.244277e+06 1.000000e+03 0.000000e+00 2.257412e+06 1.000000e+03 0.000000e+00 2.270401e+06 1.000000e+03 0.000000e+00 2.283244e+06 1.000000e+03 0.000000e+00 2.295944e+06 1.000000e+03 0.000000e+00 2.308501e+06 1.000000e+03 0.000000e+00 2.320918e+06 1.000000e+03 0.000000e+00 2.333197e+06 1.000000e+03 0.000000e+00 2.345338e+06 1.000000e+03 0.000000e+00 2.357343e+06 1.000000e+03 0.000000e+00 2.369214e+06 1.000000e+03 0.000000e+00 2.380952e+06 1.000000e+03 0.000000e+00 2.392559e+06 1.000000e+03 0.000000e+00 2.404036e+06 1.000000e+03 0.000000e+00 2.415385e+06 1.000000e+03 0.000000e+00 2.426606e+06 1.000000e+03 0.000000e+00 2.437703e+06 1.000000e+03 0.000000e+00 2.448675e+06 1.000000e+03 0.000000e+00 2.459524e+06 1.000000e+03 0.000000e+00 2.470253e+06 1.000000e+03 0.000000e+00 2.480861e+06 1.000000e+03 0.000000e+00 2.491350e+06 1.000000e+03 0.000000e+00 2.501723e+06 1.000000e+03 0.000000e+00 2.511979e+06 1.000000e+03 0.000000e+00 2.522120e+06 1.000000e+03 0.000000e+00 2.532149e+06 1.000000e+03 0.000000e+00 2.542064e+06 1.000000e+03 0.000000e+00 2.551870e+06 1.000000e+03 0.000000e+00 2.561565e+06 1.000000e+03 0.000000e+00 2.571152e+06 1.000000e+03 0.000000e+00 2.580632e+06 1.000000e+03 0.000000e+00 2.590006e+06 1.000000e+03 0.000000e+00 2.599274e+06 1.000000e+03 0.000000e+00 2.608440e+06 1.000000e+03 0.000000e+00 2.617502e+06 1.000000e+03 0.000000e+00 2.626464e+06 1.000000e+03 0.000000e+00 2.635325e+06 1.000000e+03 0.000000e+00 2.644087e+06 1.000000e+03 0.000000e+00 2.652751e+06 1.000000e+03 0.000000e+00 2.661318e+06 1.000000e+03 0.000000e+00 2.669790e+06 1.000000e+03 0.000000e+00 2.678167e+06 1.000000e+03 0.000000e+00 2.686449e+06 1.000000e+03 0.000000e+00 2.694640e+06 1.000000e+03 0.000000e+00 2.702739e+06 1.000000e+03 0.000000e+00 2.710747e+06 1.000000e+03 0.000000e+00 2.718665e+06 1.000000e+03 0.000000e+00 2.726495e+06 1.000000e+03 0.000000e+00 2.734238e+06 1.000000e+03 0.000000e+00 2.741894e+06 1.000000e+03 0.000000e+00 2.749464e+06 1.000000e+03 0.000000e+00 2.756950e+06 1.000000e+03 0.000000e+00 2.764352e+06 1.000000e+03 0.000000e+00 2.771671e+06 1.000000e+03 0.000000e+00 2.778908e+06 1.000000e+03 0.000000e+00 2.786064e+06 1.000000e+03 0.000000e+00 2.793141e+06 1.000000e+03 0.000000e+00 2.800138e+06 1.000000e+03 0.000000e+00 2.807057e+06 1.000000e+03 0.000000e+00 2.813898e+06 1.000000e+03 0.000000e+00 2.820663e+06 1.000000e+03 0.000000e+00 2.827352e+06 1.000000e+03 0.000000e+00 2.833967e+06 1.000000e+03 0.000000e+00 2.840508e+06 1.000000e+03 0.000000e+00 2.846975e+06 1.000000e+03 0.000000e+00 2.853370e+06 1.000000e+03 0.000000e+00 2.859694e+06 1.000000e+03 0.000000e+00 2.865946e+06 1.000000e+03 0.000000e+00 2.872129e+06 1.000000e+03 0.000000e+00 2.878243e+06 1.000000e+03 0.000000e+00 2.884289e+06 1.000000e+03 0.000000e+00 2.890266e+06 1.000000e+03 0.000000e+00 2.896177e+06 1.000000e+03 0.000000e+00 2.902022e+06 1.000000e+03 0.000000e+00 2.907802e+06 1.000000e+03 0.000000e+00 2.913516e+06 1.000000e+03 0.000000e+00 2.919167e+06 1.000000e+03 0.000000e+00 2.924755e+06 1.000000e+03 0.000000e+00 2.930280e+06 1.000000e+03 0.000000e+00 2.935744e+06 1.000000e+03 0.000000e+00 2.941146e+06 1.000000e+03 0.000000e+00 2.946488e+06 1.000000e+03 0.000000e+00 2.951770e+06 1.000000e+03 0.000000e+00 2.956993e+06 1.000000e+03 0.000000e+00 2.962158e+06 1.000000e+03 0.000000e+00 2.967265e+06 1.000000e+03 0.000000e+00 2.972315e+06 1.000000e+03 0.000000e+00 2.977308e+06 1.000000e+03 0.000000e+00 2.982245e+06 1.000000e+03 0.000000e+00 2.987128e+06 1.000000e+03 0.000000e+00 2.991955e+06 1.000000e+03 0.000000e+00 2.996729e+06 1.000000e+03 0.000000e+00 3.001449e+06 1.000000e+03 0.000000e+00 3.006117e+06 1.000000e+03 0.000000e+00 3.010732e+06 1.000000e+03 0.000000e+00 3.015296e+06 1.000000e+03 0.000000e+00 3.019809e+06 1.000000e+03 0.000000e+00 3.024271e+06 1.000000e+03 0.000000e+00 3.028683e+06 1.000000e+03 0.000000e+00 3.033046e+06 1.000000e+03 0.000000e+00 3.037360e+06 1.000000e+03 0.000000e+00 3.041626e+06 1.000000e+03 0.000000e+00 3.045844e+06 1.000000e+03 0.000000e+00 3.050015e+06 1.000000e+03 0.000000e+00 3.054140e+06 1.000000e+03 0.000000e+00 3.058218e+06 1.000000e+03 0.000000e+00 3.062251e+06 1.000000e+03 0.000000e+00 3.066238e+06 1.000000e+03 0.000000e+00 3.070181e+06 1.000000e+03 0.000000e+00 3.074080e+06 1.000000e+03 0.000000e+00 3.077935e+06 1.000000e+03 0.000000e+00 3.081747e+06 1.000000e+03 0.000000e+00 3.085517e+06 1.000000e+03 0.000000e+00 3.089244e+06 1.000000e+03 0.000000e+00 3.092930e+06 1.000000e+03 0.000000e+00 3.096574e+06 1.000000e+03 0.000000e+00 3.100178e+06 1.000000e+03 0.000000e+00 3.103741e+06 1.000000e+03 0.000000e+00 3.107265e+06 1.000000e+03 0.000000e+00 3.110749e+06 1.000000e+03 0.000000e+00 3.114194e+06 1.000000e+03 0.000000e+00 3.117601e+06 1.000000e+03 0.000000e+00 3.120969e+06 1.000000e+03 0.000000e+00 3.124300e+06 1.000000e+03 0.000000e+00 3.127594e+06 1.000000e+03 0.000000e+00 3.130850e+06 1.000000e+03 0.000000e+00 3.134071e+06 1.000000e+03 0.000000e+00 3.137255e+06 1.000000e+03 0.000000e+00 3.140404e+06 1.000000e+03 0.000000e+00 3.143517e+06 1.000000e+03 0.000000e+00 3.146596e+06 1.000000e+03 0.000000e+00 3.149640e+06 1.000000e+03 0.000000e+00 3.152650e+06 1.000000e+03 0.000000e+00 3.155627e+06 1.000000e+03 0.000000e+00 3.158570e+06 1.000000e+03 0.000000e+00 3.161481e+06 1.000000e+03 0.000000e+00 3.164358e+06 1.000000e+03 0.000000e+00 3.167204e+06 1.000000e+03 0.000000e+00 3.170018e+06 1.000000e+03 0.000000e+00 3.172800e+06 1.000000e+03 0.000000e+00 3.175551e+06 1.000000e+03 0.000000e+00 3.178272e+06 1.000000e+03 0.000000e+00 3.180962e+06 1.000000e+03 0.000000e+00 3.183622e+06 1.000000e+03 0.000000e+00 3.186252e+06 1.000000e+03 0.000000e+00 3.188853e+06 1.000000e+03 0.000000e+00 3.191424e+06 1.000000e+03 0.000000e+00 3.193967e+06 1.000000e+03 0.000000e+00 3.196482e+06 1.000000e+03 0.000000e+00 3.198968e+06 1.000000e+03 0.000000e+00 3.201426e+06 1.000000e+03 0.000000e+00 3.203858e+06 1.000000e+03 0.000000e+00 3.206261e+06 1.000000e+03 0.000000e+00 3.208638e+06 1.000000e+03 0.000000e+00 3.210989e+06 1.000000e+03 0.000000e+00 3.213313e+06 1.000000e+03 0.000000e+00 3.215611e+06 1.000000e+03 0.000000e+00 3.217883e+06 1.000000e+03 0.000000e+00 3.220130e+06 1.000000e+03 0.000000e+00 3.222352e+06 1.000000e+03 0.000000e+00 3.224549e+06 1.000000e+03 0.000000e+00 3.226722e+06 1.000000e+03 0.000000e+00 3.228870e+06 1.000000e+03 0.000000e+00 3.230994e+06 1.000000e+03 0.000000e+00 3.233094e+06 1.000000e+03 0.000000e+00 3.235171e+06 1.000000e+03 0.000000e+00 3.237225e+06 1.000000e+03 0.000000e+00 3.239256e+06 1.000000e+03 0.000000e+00 3.241264e+06 1.000000e+03 0.000000e+00 3.243249e+06 1.000000e+03 0.000000e+00 3.245213e+06 1.000000e+03 0.000000e+00 3.247154e+06 1.000000e+03 0.000000e+00 3.249074e+06 1.000000e+03 0.000000e+00 3.250972e+06 1.000000e+03 0.000000e+00 3.252849e+06 1.000000e+03 0.000000e+00 3.254705e+06 1.000000e+03 0.000000e+00 3.256540e+06 1.000000e+03 0.000000e+00 3.258355e+06 1.000000e+03 0.000000e+00 3.260149e+06 1.000000e+03 0.000000e+00 3.261923e+06 1.000000e+03 0.000000e+00 3.263678e+06 1.000000e+03 0.000000e+00 3.265413e+06 1.000000e+03 0.000000e+00 3.267128e+06 1.000000e+03 0.000000e+00 3.268824e+06 1.000000e+03 0.000000e+00 3.270502e+06 1.000000e+03 0.000000e+00 3.272160e+06 1.000000e+03 0.000000e+00 3.273800e+06 1.000000e+03 0.000000e+00 3.275422e+06 1.000000e+03 0.000000e+00 3.277025e+06 1.000000e+03 0.000000e+00 3.278611e+06 1.000000e+03 0.000000e+00 3.280179e+06 1.000000e+03 0.000000e+00 3.281729e+06 1.000000e+03 0.000000e+00 3.283262e+06 1.000000e+03 0.000000e+00 3.284778e+06 1.000000e+03 0.000000e+00 3.286277e+06 1.000000e+03 0.000000e+00 3.287759e+06 1.000000e+03 0.000000e+00 3.289225e+06 1.000000e+03 0.000000e+00 3.290674e+06 1.000000e+03 0.000000e+00 3.292107e+06 1.000000e+03 0.000000e+00 3.293524e+06 1.000000e+03 0.000000e+00 3.294925e+06 1.000000e+03 0.000000e+00 3.296310e+06 1.000000e+03 0.000000e+00 3.297680e+06 1.000000e+03 0.000000e+00 3.299035e+06 1.000000e+03 0.000000e+00 3.300374e+06 1.000000e+03 0.000000e+00 3.301698e+06 1.000000e+03 0.000000e+00 3.303008e+06 1.000000e+03 0.000000e+00 3.304303e+06 1.000000e+03 0.000000e+00 3.305584e+06 1.000000e+03 0.000000e+00 3.306850e+06 1.000000e+03 0.000000e+00 3.308102e+06 1.000000e+03 0.000000e+00 3.309340e+06 1.000000e+03 0.000000e+00 3.310564e+06 1.000000e+03 0.000000e+00 3.311775e+06 1.000000e+03 0.000000e+00 3.312972e+06 1.000000e+03 0.000000e+00 3.314155e+06 1.000000e+03 0.000000e+00 3.315325e+06 1.000000e+03 0.000000e+00 3.316483e+06 1.000000e+03 0.000000e+00 3.317627e+06 1.000000e+03 0.000000e+00 3.318759e+06 1.000000e+03 0.000000e+00 3.319877e+06 1.000000e+03 0.000000e+00 3.320984e+06 1.000000e+03 0.000000e+00 3.322078e+06 1.000000e+03 0.000000e+00 3.323159e+06 1.000000e+03 0.000000e+00 3.324229e+06 1.000000e+03 0.000000e+00 3.325287e+06 1.000000e+03 0.000000e+00 3.326333e+06 1.000000e+03 0.000000e+00 3.327367e+06 1.000000e+03 0.000000e+00 3.328389e+06 1.000000e+03 0.000000e+00 3.329401e+06 1.000000e+03 0.000000e+00 3.330400e+06 1.000000e+03 0.000000e+00 3.331389e+06 1.000000e+03 0.000000e+00 3.332367e+06 1.000000e+03 0.000000e+00 3.334294e+06 1.000000e+03 0.000000e+00 3.335255e+06 1.000000e+03 0.000000e+00 3.336215e+06 1.000000e+03 0.000000e+00 3.337176e+06 1.000000e+03 0.000000e+00 3.338136e+06 1.000000e+03 0.000000e+00 3.339097e+06 1.000000e+03 0.000000e+00 3.340058e+06 1.000000e+03 0.000000e+00 3.341018e+06 1.000000e+03 0.000000e+00 3.341979e+06 1.000000e+03 0.000000e+00 3.342939e+06 1.000000e+03 0.000000e+00 3.343900e+06 1.000000e+03 0.000000e+00 3.344861e+06 1.000000e+03 0.000000e+00 3.345821e+06 1.000000e+03 0.000000e+00 3.346782e+06 1.000000e+03 0.000000e+00 3.347743e+06 1.000000e+03 0.000000e+00 3.348703e+06 1.000000e+03 0.000000e+00 3.349664e+06 1.000000e+03 0.000000e+00 3.350624e+06 1.000000e+03 0.000000e+00 3.351585e+06 1.000000e+03 0.000000e+00 3.352546e+06 1.000000e+03 0.000000e+00 3.353506e+06 1.000000e+03 0.000000e+00 3.354467e+06 1.000000e+03 0.000000e+00 3.355427e+06 1.000000e+03 0.000000e+00 3.356388e+06 1.000000e+03 0.000000e+00 3.357349e+06 1.000000e+03 0.000000e+00 3.358309e+06 1.000000e+03 0.000000e+00 3.359270e+06 1.000000e+03 0.000000e+00 3.360231e+06 1.000000e+03 0.000000e+00 3.361191e+06 1.000000e+03 0.000000e+00 3.362152e+06 1.000000e+03 0.000000e+00 3.363112e+06 1.000000e+03 0.000000e+00 3.364073e+06 1.000000e+03 0.000000e+00 3.365034e+06 1.000000e+03 0.000000e+00 3.365994e+06 1.000000e+03 0.000000e+00 3.366955e+06 1.000000e+03 0.000000e+00 3.367915e+06 1.000000e+03 0.000000e+00 3.368876e+06 1.000000e+03 0.000000e+00 3.369837e+06 1.000000e+03 0.000000e+00 3.370797e+06 1.000000e+03 0.000000e+00 3.371758e+06 1.000000e+03 0.000000e+00 3.372719e+06 1.000000e+03 0.000000e+00 3.373679e+06 1.000000e+03 0.000000e+00 3.374640e+06 1.000000e+03 0.000000e+00 3.375600e+06 1.000000e+03 0.000000e+00 3.376561e+06 1.000000e+03 0.000000e+00 3.377522e+06 1.000000e+03 0.000000e+00 3.378482e+06 1.000000e+03 0.000000e+00 3.379443e+06 1.000000e+03 0.000000e+00 3.380403e+06 1.000000e+03 0.000000e+00 3.381364e+06 1.000000e+03 0.000000e+00 3.382325e+06 1.000000e+03 0.000000e+00 3.383285e+06 1.000000e+03 0.000000e+00 3.384246e+06 1.000000e+03 0.000000e+00 3.385207e+06 1.000000e+03 0.000000e+00 3.386167e+06 1.000000e+03 0.000000e+00 3.387128e+06 1.000000e+03 0.000000e+00 3.388088e+06 1.000000e+03 0.000000e+00 3.389049e+06 1.000000e+03 0.000000e+00 3.390010e+06 1.000000e+03 0.000000e+00 3.390970e+06 1.000000e+03 0.000000e+00 3.391931e+06 1.000000e+03 0.000000e+00 3.392891e+06 1.000000e+03 0.000000e+00 3.393852e+06 1.000000e+03 0.000000e+00 3.394813e+06 1.000000e+03 0.000000e+00 3.395773e+06 1.000000e+03 0.000000e+00 3.396734e+06 1.000000e+03 0.000000e+00 3.397695e+06 1.000000e+03 0.000000e+00 3.398655e+06 1.000000e+03 0.000000e+00 3.399616e+06 1.000000e+03 0.000000e+00 3.400576e+06 1.000000e+03 0.000000e+00 3.401537e+06 1.000000e+03 0.000000e+00 3.402498e+06 1.000000e+03 0.000000e+00 3.403458e+06 1.000000e+03 0.000000e+00 3.404419e+06 1.000000e+03 0.000000e+00 3.405379e+06 1.000000e+03 0.000000e+00 3.406340e+06 1.000000e+03 0.000000e+00 3.407301e+06 1.000000e+03 0.000000e+00 3.408261e+06 1.000000e+03 0.000000e+00 3.409222e+06 1.000000e+03 0.000000e+00 3.410183e+06 1.000000e+03 0.000000e+00 3.411143e+06 1.000000e+03 0.000000e+00 3.412104e+06 1.000000e+03 0.000000e+00 3.413064e+06 1.000000e+03 0.000000e+00 3.414025e+06 1.000000e+03 0.000000e+00 3.414986e+06 1.000000e+03 0.000000e+00 3.415946e+06 1.000000e+03 0.000000e+00 3.416907e+06 1.000000e+03 0.000000e+00 3.417867e+06 1.000000e+03 0.000000e+00 3.418828e+06 1.000000e+03 0.000000e+00 3.419789e+06 1.000000e+03 0.000000e+00 3.420749e+06 1.000000e+03 0.000000e+00 3.421710e+06 1.000000e+03 0.000000e+00 3.422671e+06 1.000000e+03 0.000000e+00 3.423631e+06 1.000000e+03 0.000000e+00 3.424592e+06 1.000000e+03 0.000000e+00 3.425552e+06 1.000000e+03 0.000000e+00 3.426513e+06 1.000000e+03 0.000000e+00 3.427474e+06 1.000000e+03 0.000000e+00 3.428434e+06 1.000000e+03 0.000000e+00 3.429395e+06 1.000000e+03 0.000000e+00 3.430355e+06 1.000000e+03 0.000000e+00 3.431316e+06 1.000000e+03 0.000000e+00 3.432277e+06 1.000000e+03 0.000000e+00 3.433237e+06 1.000000e+03 0.000000e+00 3.434198e+06 1.000000e+03 0.000000e+00 3.435159e+06 1.000000e+03 0.000000e+00 3.436119e+06 1.000000e+03 0.000000e+00 3.437080e+06 1.000000e+03 0.000000e+00 3.438040e+06 1.000000e+03 0.000000e+00 3.439001e+06 1.000000e+03 0.000000e+00 3.439962e+06 1.000000e+03 0.000000e+00 3.440922e+06 1.000000e+03 0.000000e+00 3.441883e+06 1.000000e+03 0.000000e+00 3.442843e+06 1.000000e+03 0.000000e+00 3.443804e+06 1.000000e+03 0.000000e+00 3.444765e+06 1.000000e+03 0.000000e+00 3.445725e+06 1.000000e+03 0.000000e+00 3.446686e+06 1.000000e+03 0.000000e+00 3.447646e+06 1.000000e+03 0.000000e+00 3.448607e+06 1.000000e+03 0.000000e+00 3.449568e+06 1.000000e+03 0.000000e+00 3.450528e+06 1.000000e+03 0.000000e+00 3.451489e+06 1.000000e+03 0.000000e+00 3.452450e+06 1.000000e+03 0.000000e+00 3.453410e+06 1.000000e+03 0.000000e+00 3.454371e+06 1.000000e+03 0.000000e+00 3.455331e+06 1.000000e+03 0.000000e+00 3.456292e+06 1.000000e+03 0.000000e+00 3.457253e+06 1.000000e+03 0.000000e+00 3.458213e+06 1.000000e+03 0.000000e+00 3.459174e+06 1.000000e+03 0.000000e+00 3.460134e+06 1.000000e+03 0.000000e+00 3.461095e+06 1.000000e+03 0.000000e+00 3.462056e+06 1.000000e+03 0.000000e+00 3.463016e+06 1.000000e+03 0.000000e+00 3.463977e+06 1.000000e+03 0.000000e+00 3.464938e+06 1.000000e+03 0.000000e+00 3.465898e+06 1.000000e+03 0.000000e+00 3.466859e+06 1.000000e+03 0.000000e+00 3.467819e+06 1.000000e+03 0.000000e+00 3.468780e+06 1.000000e+03 0.000000e+00 3.469741e+06 1.000000e+03 0.000000e+00 3.470701e+06 1.000000e+03 0.000000e+00 3.471662e+06 1.000000e+03 0.000000e+00 3.472622e+06 1.000000e+03 0.000000e+00 3.473583e+06 1.000000e+03 0.000000e+00 3.474544e+06 1.000000e+03 0.000000e+00 3.475504e+06 1.000000e+03 0.000000e+00 3.476465e+06 1.000000e+03 0.000000e+00 3.477426e+06 1.000000e+03 0.000000e+00 3.478386e+06 1.000000e+03 0.000000e+00 3.479347e+06 1.000000e+03 0.000000e+00 3.480307e+06 1.000000e+03 0.000000e+00 3.481268e+06 1.000000e+03 0.000000e+00 3.482229e+06 1.000000e+03 0.000000e+00 3.483189e+06 1.000000e+03 0.000000e+00 3.484150e+06 1.000000e+03 0.000000e+00 3.485110e+06 1.000000e+03 0.000000e+00 3.486071e+06 1.000000e+03 0.000000e+00 3.487032e+06 1.000000e+03 0.000000e+00 3.487992e+06 1.000000e+03 0.000000e+00 3.488953e+06 1.000000e+03 0.000000e+00 3.489914e+06 1.000000e+03 0.000000e+00 3.490874e+06 1.000000e+03 0.000000e+00 3.491835e+06 1.000000e+03 0.000000e+00 3.492795e+06 1.000000e+03 0.000000e+00 3.493756e+06 1.000000e+03 0.000000e+00 3.494717e+06 1.000000e+03 0.000000e+00 3.495677e+06 1.000000e+03 0.000000e+00 3.496638e+06 1.000000e+03 0.000000e+00 3.497598e+06 1.000000e+03 0.000000e+00 3.498559e+06 1.000000e+03 0.000000e+00 3.499520e+06 1.000000e+03 0.000000e+00 3.500480e+06 1.000000e+03 0.000000e+00 3.501441e+06 1.000000e+03 0.000000e+00 3.502402e+06 1.000000e+03 0.000000e+00 3.503362e+06 1.000000e+03 0.000000e+00 3.504323e+06 1.000000e+03 0.000000e+00 3.505283e+06 1.000000e+03 0.000000e+00 3.506244e+06 1.000000e+03 0.000000e+00 3.507205e+06 1.000000e+03 0.000000e+00 3.508165e+06 1.000000e+03 0.000000e+00 3.509126e+06 1.000000e+03 0.000000e+00 3.510086e+06 1.000000e+03 0.000000e+00 3.511047e+06 1.000000e+03 0.000000e+00 3.512008e+06 1.000000e+03 0.000000e+00 3.512968e+06 1.000000e+03 0.000000e+00 3.513929e+06 1.000000e+03 0.000000e+00 3.514890e+06 1.000000e+03 0.000000e+00 3.515850e+06 1.000000e+03 0.000000e+00 3.516811e+06 1.000000e+03 0.000000e+00 3.517771e+06 1.000000e+03 0.000000e+00 3.518732e+06 1.000000e+03 0.000000e+00 3.519693e+06 1.000000e+03 0.000000e+00 3.520653e+06 1.000000e+03 0.000000e+00 3.521614e+06 1.000000e+03 0.000000e+00 3.522574e+06 1.000000e+03 0.000000e+00 3.523535e+06 1.000000e+03 0.000000e+00 3.524496e+06 1.000000e+03 0.000000e+00 3.525456e+06 1.000000e+03 0.000000e+00 3.526417e+06 1.000000e+03 0.000000e+00 3.527378e+06 1.000000e+03 0.000000e+00 3.528338e+06 1.000000e+03 0.000000e+00 3.529299e+06 1.000000e+03 0.000000e+00 3.530259e+06 1.000000e+03 0.000000e+00 3.531220e+06 1.000000e+03 0.000000e+00 3.532181e+06 1.000000e+03 0.000000e+00 3.533141e+06 1.000000e+03 0.000000e+00 3.534102e+06 1.000000e+03 0.000000e+00 3.535062e+06 1.000000e+03 0.000000e+00 3.536023e+06 1.000000e+03 0.000000e+00 3.536984e+06 1.000000e+03 0.000000e+00 3.537944e+06 1.000000e+03 0.000000e+00 3.538905e+06 1.000000e+03 0.000000e+00 3.539866e+06 1.000000e+03 0.000000e+00 3.540826e+06 1.000000e+03 0.000000e+00 3.541787e+06 1.000000e+03 0.000000e+00 3.542747e+06 1.000000e+03 0.000000e+00 3.543708e+06 1.000000e+03 0.000000e+00 3.544669e+06 1.000000e+03 0.000000e+00 3.545629e+06 1.000000e+03 0.000000e+00 3.546590e+06 1.000000e+03 0.000000e+00 3.547550e+06 1.000000e+03 0.000000e+00 3.548511e+06 1.000000e+03 0.000000e+00 3.549472e+06 1.000000e+03 0.000000e+00 3.550432e+06 1.000000e+03 0.000000e+00 3.551393e+06 1.000000e+03 0.000000e+00 3.552354e+06 1.000000e+03 0.000000e+00 3.553314e+06 1.000000e+03 0.000000e+00 3.554275e+06 1.000000e+03 0.000000e+00 3.555235e+06 1.000000e+03 0.000000e+00 3.556196e+06 1.000000e+03 0.000000e+00 3.557157e+06 1.000000e+03 0.000000e+00 3.558117e+06 1.000000e+03 0.000000e+00 3.559078e+06 1.000000e+03 0.000000e+00 3.560038e+06 1.000000e+03 0.000000e+00 3.560999e+06 1.000000e+03 0.000000e+00 3.561960e+06 1.000000e+03 0.000000e+00 3.562920e+06 1.000000e+03 0.000000e+00 3.563881e+06 1.000000e+03 0.000000e+00 3.564841e+06 1.000000e+03 0.000000e+00 3.565802e+06 1.000000e+03 0.000000e+00 3.566763e+06 1.000000e+03 0.000000e+00 3.567723e+06 1.000000e+03 0.000000e+00 3.568684e+06 1.000000e+03 0.000000e+00 3.569645e+06 1.000000e+03 0.000000e+00 3.570605e+06 1.000000e+03 0.000000e+00 3.571566e+06 1.000000e+03 0.000000e+00 3.572526e+06 1.000000e+03 0.000000e+00 3.573487e+06 1.000000e+03 0.000000e+00 3.574448e+06 1.000000e+03 0.000000e+00 3.575408e+06 1.000000e+03 0.000000e+00 3.576369e+06 1.000000e+03 0.000000e+00 3.577329e+06 1.000000e+03 0.000000e+00 3.578290e+06 1.000000e+03 0.000000e+00 3.579251e+06 1.000000e+03 0.000000e+00 3.580211e+06 1.000000e+03 0.000000e+00 3.581172e+06 1.000000e+03 0.000000e+00 3.582133e+06 1.000000e+03 0.000000e+00 3.583093e+06 1.000000e+03 0.000000e+00 3.584054e+06 1.000000e+03 0.000000e+00 3.585014e+06 1.000000e+03 0.000000e+00 3.585975e+06 1.000000e+03 0.000000e+00 3.586936e+06 1.000000e+03 0.000000e+00 3.587896e+06 1.000000e+03 0.000000e+00 3.588857e+06 1.000000e+03 0.000000e+00 3.589817e+06 1.000000e+03 0.000000e+00 3.590778e+06 1.000000e+03 0.000000e+00 3.591739e+06 1.000000e+03 0.000000e+00 3.592699e+06 1.000000e+03 0.000000e+00 3.593660e+06 1.000000e+03 0.000000e+00 3.594621e+06 1.000000e+03 0.000000e+00 3.595581e+06 1.000000e+03 0.000000e+00 3.596542e+06 1.000000e+03 0.000000e+00 3.597502e+06 1.000000e+03 0.000000e+00 3.598463e+06 1.000000e+03 0.000000e+00 3.599424e+06 1.000000e+03 0.000000e+00 3.600384e+06 1.000000e+03 0.000000e+00 3.601345e+06 1.000000e+03 0.000000e+00 3.602305e+06 1.000000e+03 0.000000e+00 3.603266e+06 1.000000e+03 0.000000e+00 3.604227e+06 1.000000e+03 0.000000e+00 3.605187e+06 1.000000e+03 0.000000e+00 3.606148e+06 1.000000e+03 0.000000e+00 3.607109e+06 1.000000e+03 0.000000e+00 3.608069e+06 1.000000e+03 0.000000e+00 3.609030e+06 1.000000e+03 0.000000e+00 3.609990e+06 1.000000e+03 0.000000e+00 3.610951e+06 1.000000e+03 0.000000e+00 3.611912e+06 1.000000e+03 0.000000e+00 3.612872e+06 1.000000e+03 0.000000e+00 3.613833e+06 1.000000e+03 0.000000e+00 3.614793e+06 1.000000e+03 0.000000e+00 3.615754e+06 1.000000e+03 0.000000e+00 3.616715e+06 1.000000e+03 0.000000e+00 3.617675e+06 1.000000e+03 0.000000e+00 3.618636e+06 1.000000e+03 0.000000e+00 3.619597e+06 1.000000e+03 0.000000e+00 3.620557e+06 1.000000e+03 0.000000e+00 3.621518e+06 1.000000e+03 0.000000e+00 3.622478e+06 1.000000e+03 0.000000e+00 3.623439e+06 1.000000e+03 0.000000e+00 3.624400e+06 1.000000e+03 0.000000e+00 3.625360e+06 1.000000e+03 0.000000e+00 3.626321e+06 1.000000e+03 0.000000e+00 3.627281e+06 1.000000e+03 0.000000e+00 3.628242e+06 1.000000e+03 0.000000e+00 3.629203e+06 1.000000e+03 0.000000e+00 3.630163e+06 1.000000e+03 0.000000e+00 3.631124e+06 1.000000e+03 0.000000e+00 3.632085e+06 1.000000e+03 0.000000e+00 3.633045e+06 1.000000e+03 0.000000e+00 3.634006e+06 1.000000e+03 0.000000e+00 3.634966e+06 1.000000e+03 0.000000e+00 3.635927e+06 1.000000e+03 0.000000e+00 3.636888e+06 1.000000e+03 0.000000e+00 3.637848e+06 1.000000e+03 0.000000e+00 3.638809e+06 1.000000e+03 0.000000e+00 3.639769e+06 1.000000e+03 0.000000e+00 3.640730e+06 1.000000e+03 0.000000e+00 3.641691e+06 1.000000e+03 0.000000e+00 3.642651e+06 1.000000e+03 0.000000e+00 3.643612e+06 1.000000e+03 0.000000e+00 3.644573e+06 1.000000e+03 0.000000e+00 3.645533e+06 1.000000e+03 0.000000e+00 3.646494e+06 1.000000e+03 0.000000e+00 3.647454e+06 1.000000e+03 0.000000e+00 3.648415e+06 1.000000e+03 0.000000e+00 3.649376e+06 1.000000e+03 0.000000e+00 3.650336e+06 1.000000e+03 0.000000e+00 3.651297e+06 1.000000e+03 0.000000e+00 3.652257e+06 1.000000e+03 0.000000e+00 3.653218e+06 1.000000e+03 0.000000e+00 3.654179e+06 1.000000e+03 0.000000e+00 3.655139e+06 1.000000e+03 0.000000e+00 3.656100e+06 1.000000e+03 0.000000e+00 3.657061e+06 1.000000e+03 0.000000e+00 3.658021e+06 1.000000e+03 0.000000e+00 3.658982e+06 1.000000e+03 0.000000e+00 3.659942e+06 1.000000e+03 0.000000e+00 3.660903e+06 1.000000e+03 0.000000e+00 3.661864e+06 1.000000e+03 0.000000e+00 3.662824e+06 1.000000e+03 0.000000e+00 3.663785e+06 1.000000e+03 0.000000e+00 3.664745e+06 1.000000e+03 0.000000e+00 3.665706e+06 1.000000e+03 0.000000e+00 3.666667e+06 1.000000e+03 0.000000e+00 3.667627e+06 1.000000e+03 0.000000e+00 3.668588e+06 1.000000e+03 0.000000e+00 3.669549e+06 1.000000e+03 0.000000e+00 3.670509e+06 1.000000e+03 0.000000e+00 3.671470e+06 1.000000e+03 0.000000e+00 3.672430e+06 1.000000e+03 0.000000e+00 3.673391e+06 1.000000e+03 0.000000e+00 3.674352e+06 1.000000e+03 0.000000e+00 3.675312e+06 1.000000e+03 0.000000e+00 3.676273e+06 1.000000e+03 0.000000e+00 3.677233e+06 1.000000e+03 0.000000e+00 3.678194e+06 1.000000e+03 0.000000e+00 3.679155e+06 1.000000e+03 0.000000e+00 3.680115e+06 1.000000e+03 0.000000e+00 3.681076e+06 1.000000e+03 0.000000e+00 3.682037e+06 1.000000e+03 0.000000e+00 3.682997e+06 1.000000e+03 0.000000e+00 3.683958e+06 1.000000e+03 0.000000e+00 3.684918e+06 1.000000e+03 0.000000e+00 3.685879e+06 1.000000e+03 0.000000e+00 3.686840e+06 1.000000e+03 0.000000e+00 3.687800e+06 1.000000e+03 0.000000e+00 3.688761e+06 1.000000e+03 0.000000e+00 3.689721e+06 1.000000e+03 0.000000e+00 3.690682e+06 1.000000e+03 0.000000e+00 3.691643e+06 1.000000e+03 0.000000e+00 3.692603e+06 1.000000e+03 0.000000e+00 3.693564e+06 1.000000e+03 0.000000e+00 3.694524e+06 1.000000e+03 0.000000e+00 3.695485e+06 1.000000e+03 0.000000e+00 3.696446e+06 1.000000e+03 0.000000e+00 3.697406e+06 1.000000e+03 0.000000e+00 3.698367e+06 1.000000e+03 0.000000e+00 3.699328e+06 1.000000e+03 0.000000e+00 3.700288e+06 1.000000e+03 0.000000e+00 3.701249e+06 1.000000e+03 0.000000e+00 3.702209e+06 1.000000e+03 0.000000e+00 3.703170e+06 1.000000e+03 0.000000e+00 3.704131e+06 1.000000e+03 0.000000e+00 3.705091e+06 1.000000e+03 0.000000e+00 3.706052e+06 1.000000e+03 0.000000e+00 3.707012e+06 1.000000e+03 0.000000e+00 3.707973e+06 1.000000e+03 0.000000e+00 3.708934e+06 1.000000e+03 0.000000e+00 3.709894e+06 1.000000e+03 0.000000e+00 3.710855e+06 1.000000e+03 0.000000e+00 3.711816e+06 1.000000e+03 0.000000e+00 3.712776e+06 1.000000e+03 0.000000e+00 3.713737e+06 1.000000e+03 0.000000e+00 3.714697e+06 1.000000e+03 0.000000e+00 3.715658e+06 1.000000e+03 0.000000e+00 3.716619e+06 1.000000e+03 0.000000e+00 3.717579e+06 1.000000e+03 0.000000e+00 3.718540e+06 1.000000e+03 0.000000e+00 3.719500e+06 1.000000e+03 0.000000e+00 3.720461e+06 1.000000e+03 0.000000e+00 3.721422e+06 1.000000e+03 0.000000e+00 3.722382e+06 1.000000e+03 0.000000e+00 3.723343e+06 1.000000e+03 0.000000e+00 3.724304e+06 1.000000e+03 0.000000e+00 3.725264e+06 1.000000e+03 0.000000e+00 3.726225e+06 1.000000e+03 0.000000e+00 3.727185e+06 1.000000e+03 0.000000e+00 3.728146e+06 1.000000e+03 0.000000e+00 3.729107e+06 1.000000e+03 0.000000e+00 3.730067e+06 1.000000e+03 0.000000e+00 3.731028e+06 1.000000e+03 0.000000e+00 3.731988e+06 1.000000e+03 0.000000e+00 3.732949e+06 1.000000e+03 0.000000e+00 3.733910e+06 1.000000e+03 0.000000e+00 3.734870e+06 1.000000e+03 0.000000e+00 3.735831e+06 1.000000e+03 0.000000e+00 3.736792e+06 1.000000e+03 0.000000e+00 3.737752e+06 1.000000e+03 0.000000e+00 3.738713e+06 1.000000e+03 0.000000e+00 3.739673e+06 1.000000e+03 0.000000e+00 3.740634e+06 1.000000e+03 0.000000e+00 3.741595e+06 1.000000e+03 0.000000e+00 3.742555e+06 1.000000e+03 0.000000e+00 3.743516e+06 1.000000e+03 0.000000e+00 3.744476e+06 1.000000e+03 0.000000e+00 3.745437e+06 1.000000e+03 0.000000e+00 3.746398e+06 1.000000e+03 0.000000e+00 3.747358e+06 1.000000e+03 0.000000e+00 3.748319e+06 1.000000e+03 0.000000e+00 3.749280e+06 1.000000e+03 0.000000e+00 3.750240e+06 1.000000e+03 0.000000e+00 3.751201e+06 1.000000e+03 0.000000e+00 3.752161e+06 1.000000e+03 0.000000e+00 3.753122e+06 1.000000e+03 0.000000e+00 3.754083e+06 1.000000e+03 0.000000e+00 3.755043e+06 1.000000e+03 0.000000e+00 3.756004e+06 1.000000e+03 0.000000e+00 3.756964e+06 1.000000e+03 0.000000e+00 3.757925e+06 1.000000e+03 0.000000e+00 3.758886e+06 1.000000e+03 0.000000e+00 3.759846e+06 1.000000e+03 0.000000e+00 3.760807e+06 1.000000e+03 0.000000e+00 3.761768e+06 1.000000e+03 0.000000e+00 3.762728e+06 1.000000e+03 0.000000e+00 3.763689e+06 1.000000e+03 0.000000e+00 3.764649e+06 1.000000e+03 0.000000e+00 3.765610e+06 1.000000e+03 0.000000e+00 3.766571e+06 1.000000e+03 0.000000e+00 3.767531e+06 1.000000e+03 0.000000e+00 3.768492e+06 1.000000e+03 0.000000e+00 3.769452e+06 1.000000e+03 0.000000e+00 3.770413e+06 1.000000e+03 0.000000e+00 3.771374e+06 1.000000e+03 0.000000e+00 3.772334e+06 1.000000e+03 0.000000e+00 3.773295e+06 1.000000e+03 0.000000e+00 3.774256e+06 1.000000e+03 0.000000e+00 3.775216e+06 1.000000e+03 0.000000e+00 3.776177e+06 1.000000e+03 0.000000e+00 3.777137e+06 1.000000e+03 0.000000e+00 3.778098e+06 1.000000e+03 0.000000e+00 3.779059e+06 1.000000e+03 0.000000e+00 3.780019e+06 1.000000e+03 0.000000e+00 3.780980e+06 1.000000e+03 0.000000e+00 3.781940e+06 1.000000e+03 0.000000e+00 3.782901e+06 1.000000e+03 0.000000e+00 3.783862e+06 1.000000e+03 0.000000e+00 3.784822e+06 1.000000e+03 0.000000e+00 3.785783e+06 1.000000e+03 0.000000e+00 3.786744e+06 1.000000e+03 0.000000e+00 3.787704e+06 1.000000e+03 0.000000e+00 3.788665e+06 1.000000e+03 0.000000e+00 3.789625e+06 1.000000e+03 0.000000e+00 3.790586e+06 1.000000e+03 0.000000e+00 3.791547e+06 1.000000e+03 0.000000e+00 3.792507e+06 1.000000e+03 0.000000e+00 3.793468e+06 1.000000e+03 0.000000e+00 3.794428e+06 1.000000e+03 0.000000e+00 3.795389e+06 1.000000e+03 0.000000e+00 3.796350e+06 1.000000e+03 0.000000e+00 3.797310e+06 1.000000e+03 0.000000e+00 3.798271e+06 1.000000e+03 0.000000e+00 3.799232e+06 1.000000e+03 0.000000e+00 3.800192e+06 1.000000e+03 0.000000e+00 3.801153e+06 1.000000e+03 0.000000e+00 3.802113e+06 1.000000e+03 0.000000e+00 3.803074e+06 1.000000e+03 0.000000e+00 3.804035e+06 1.000000e+03 0.000000e+00 3.804995e+06 1.000000e+03 0.000000e+00 3.805956e+06 1.000000e+03 0.000000e+00 3.806916e+06 1.000000e+03 0.000000e+00 3.807877e+06 1.000000e+03 0.000000e+00 3.808838e+06 1.000000e+03 0.000000e+00 3.809798e+06 1.000000e+03 0.000000e+00 3.810759e+06 1.000000e+03 0.000000e+00 3.811720e+06 1.000000e+03 0.000000e+00 3.812680e+06 1.000000e+03 0.000000e+00 3.813641e+06 1.000000e+03 0.000000e+00 3.814601e+06 1.000000e+03 0.000000e+00 3.815562e+06 1.000000e+03 0.000000e+00 3.816523e+06 1.000000e+03 0.000000e+00 3.817483e+06 1.000000e+03 0.000000e+00 3.818444e+06 1.000000e+03 0.000000e+00 3.819404e+06 1.000000e+03 0.000000e+00 3.820365e+06 1.000000e+03 0.000000e+00 3.821326e+06 1.000000e+03 0.000000e+00 3.822286e+06 1.000000e+03 0.000000e+00 3.823247e+06 1.000000e+03 0.000000e+00 3.824207e+06 1.000000e+03 0.000000e+00 3.825168e+06 1.000000e+03 0.000000e+00 3.826129e+06 1.000000e+03 0.000000e+00 3.827089e+06 1.000000e+03 0.000000e+00 3.828050e+06 1.000000e+03 0.000000e+00 3.829011e+06 1.000000e+03 0.000000e+00 3.829971e+06 1.000000e+03 0.000000e+00 3.830932e+06 1.000000e+03 0.000000e+00 3.831892e+06 1.000000e+03 0.000000e+00 3.832853e+06 1.000000e+03 0.000000e+00 3.833814e+06 1.000000e+03 0.000000e+00 3.834774e+06 1.000000e+03 0.000000e+00 3.835735e+06 1.000000e+03 0.000000e+00 3.836695e+06 1.000000e+03 0.000000e+00 3.837656e+06 1.000000e+03 0.000000e+00 3.838617e+06 1.000000e+03 0.000000e+00 3.839577e+06 1.000000e+03 0.000000e+00 3.840538e+06 1.000000e+03 0.000000e+00 3.841499e+06 1.000000e+03 0.000000e+00 3.842459e+06 1.000000e+03 0.000000e+00 3.843420e+06 1.000000e+03 0.000000e+00 3.844380e+06 1.000000e+03 0.000000e+00 3.845341e+06 1.000000e+03 0.000000e+00 3.846302e+06 1.000000e+03 0.000000e+00 3.847262e+06 1.000000e+03 0.000000e+00 3.848223e+06 1.000000e+03 0.000000e+00 3.849183e+06 1.000000e+03 0.000000e+00 3.850144e+06 1.000000e+03 0.000000e+00 3.851105e+06 1.000000e+03 0.000000e+00 3.852065e+06 1.000000e+03 0.000000e+00 3.853026e+06 1.000000e+03 0.000000e+00 3.853987e+06 1.000000e+03 0.000000e+00 3.854947e+06 1.000000e+03 0.000000e+00 3.855908e+06 1.000000e+03 0.000000e+00 3.856868e+06 1.000000e+03 0.000000e+00 3.857829e+06 1.000000e+03 0.000000e+00 3.858790e+06 1.000000e+03 0.000000e+00 3.859750e+06 1.000000e+03 0.000000e+00 3.860711e+06 1.000000e+03 0.000000e+00 3.861671e+06 1.000000e+03 0.000000e+00 3.862632e+06 1.000000e+03 0.000000e+00 3.863593e+06 1.000000e+03 0.000000e+00 3.864553e+06 1.000000e+03 0.000000e+00 3.865514e+06 1.000000e+03 0.000000e+00 3.866475e+06 1.000000e+03 0.000000e+00 3.867435e+06 1.000000e+03 0.000000e+00 3.868396e+06 1.000000e+03 0.000000e+00 3.869356e+06 1.000000e+03 0.000000e+00 3.870317e+06 1.000000e+03 0.000000e+00 3.871278e+06 1.000000e+03 0.000000e+00 3.872238e+06 1.000000e+03 0.000000e+00 3.873199e+06 1.000000e+03 0.000000e+00 3.874159e+06 1.000000e+03 0.000000e+00 3.875120e+06 1.000000e+03 0.000000e+00 3.876081e+06 1.000000e+03 0.000000e+00 3.877041e+06 1.000000e+03 0.000000e+00 3.878002e+06 1.000000e+03 0.000000e+00 3.878963e+06 1.000000e+03 0.000000e+00 3.879923e+06 1.000000e+03 0.000000e+00 3.880884e+06 1.000000e+03 0.000000e+00 3.881844e+06 1.000000e+03 0.000000e+00 3.882805e+06 1.000000e+03 0.000000e+00 3.883766e+06 1.000000e+03 0.000000e+00 3.884726e+06 1.000000e+03 0.000000e+00 3.885687e+06 1.000000e+03 0.000000e+00 3.886647e+06 1.000000e+03 0.000000e+00 3.887608e+06 1.000000e+03 0.000000e+00 3.888569e+06 1.000000e+03 0.000000e+00 3.889529e+06 1.000000e+03 0.000000e+00 3.890490e+06 1.000000e+03 0.000000e+00 3.891451e+06 1.000000e+03 0.000000e+00 3.892411e+06 1.000000e+03 0.000000e+00 3.893372e+06 1.000000e+03 0.000000e+00 3.894332e+06 1.000000e+03 0.000000e+00 3.895293e+06 1.000000e+03 0.000000e+00 3.896254e+06 1.000000e+03 0.000000e+00 3.897214e+06 1.000000e+03 0.000000e+00 3.898175e+06 1.000000e+03 0.000000e+00 3.899135e+06 1.000000e+03 0.000000e+00 3.900096e+06 1.000000e+03 0.000000e+00 3.901057e+06 1.000000e+03 0.000000e+00 3.902017e+06 1.000000e+03 0.000000e+00 3.902978e+06 1.000000e+03 0.000000e+00 3.903939e+06 1.000000e+03 0.000000e+00 3.904899e+06 1.000000e+03 0.000000e+00 3.905860e+06 1.000000e+03 0.000000e+00 3.906820e+06 1.000000e+03 0.000000e+00 3.907781e+06 1.000000e+03 0.000000e+00 3.908742e+06 1.000000e+03 0.000000e+00 3.909702e+06 1.000000e+03 0.000000e+00 3.910663e+06 1.000000e+03 0.000000e+00 3.911623e+06 1.000000e+03 0.000000e+00 3.912584e+06 1.000000e+03 0.000000e+00 3.913545e+06 1.000000e+03 0.000000e+00 3.914505e+06 1.000000e+03 0.000000e+00 3.915466e+06 1.000000e+03 0.000000e+00 3.916427e+06 1.000000e+03 0.000000e+00 3.917387e+06 1.000000e+03 0.000000e+00 3.918348e+06 1.000000e+03 0.000000e+00 3.919308e+06 1.000000e+03 0.000000e+00 3.920269e+06 1.000000e+03 0.000000e+00 3.921230e+06 1.000000e+03 0.000000e+00 3.922190e+06 1.000000e+03 0.000000e+00 3.923151e+06 1.000000e+03 0.000000e+00 3.924111e+06 1.000000e+03 0.000000e+00 3.925072e+06 1.000000e+03 0.000000e+00 3.926033e+06 1.000000e+03 0.000000e+00 3.926993e+06 1.000000e+03 0.000000e+00 3.927954e+06 1.000000e+03 0.000000e+00 3.928915e+06 1.000000e+03 0.000000e+00 3.929875e+06 1.000000e+03 0.000000e+00 3.930836e+06 1.000000e+03 0.000000e+00 3.931796e+06 1.000000e+03 0.000000e+00 3.932757e+06 1.000000e+03 0.000000e+00 3.933718e+06 1.000000e+03 0.000000e+00 3.934678e+06 1.000000e+03 0.000000e+00 3.935639e+06 1.000000e+03 0.000000e+00 3.936599e+06 1.000000e+03 0.000000e+00 3.937560e+06 1.000000e+03 0.000000e+00 3.938521e+06 1.000000e+03 0.000000e+00 3.939481e+06 1.000000e+03 0.000000e+00 3.940442e+06 1.000000e+03 0.000000e+00 3.941402e+06 1.000000e+03 0.000000e+00 3.942363e+06 1.000000e+03 0.000000e+00 3.943324e+06 1.000000e+03 0.000000e+00 3.944284e+06 1.000000e+03 0.000000e+00 3.945245e+06 1.000000e+03 0.000000e+00 3.946206e+06 1.000000e+03 0.000000e+00 3.947166e+06 1.000000e+03 0.000000e+00 3.948127e+06 1.000000e+03 0.000000e+00 3.949087e+06 1.000000e+03 0.000000e+00 3.950048e+06 1.000000e+03 0.000000e+00 3.951009e+06 1.000000e+03 0.000000e+00 3.951969e+06 1.000000e+03 0.000000e+00 3.952930e+06 1.000000e+03 0.000000e+00 3.953890e+06 1.000000e+03 0.000000e+00 3.954851e+06 1.000000e+03 0.000000e+00 3.955812e+06 1.000000e+03 0.000000e+00 3.956772e+06 1.000000e+03 0.000000e+00 3.957733e+06 1.000000e+03 0.000000e+00 3.958694e+06 1.000000e+03 0.000000e+00 3.959654e+06 1.000000e+03 0.000000e+00 3.960615e+06 1.000000e+03 0.000000e+00 3.961575e+06 1.000000e+03 0.000000e+00 3.962536e+06 1.000000e+03 0.000000e+00 3.963497e+06 1.000000e+03 0.000000e+00 3.964457e+06 1.000000e+03 0.000000e+00 3.965418e+06 1.000000e+03 0.000000e+00 3.966378e+06 1.000000e+03 0.000000e+00 3.967339e+06 1.000000e+03 0.000000e+00 3.968300e+06 1.000000e+03 0.000000e+00 3.969260e+06 1.000000e+03 0.000000e+00 3.970221e+06 1.000000e+03 0.000000e+00 3.971182e+06 1.000000e+03 0.000000e+00 3.972142e+06 1.000000e+03 0.000000e+00 3.973103e+06 1.000000e+03 0.000000e+00 3.974063e+06 1.000000e+03 0.000000e+00 3.975024e+06 1.000000e+03 0.000000e+00 3.975985e+06 1.000000e+03 0.000000e+00 3.976945e+06 1.000000e+03 0.000000e+00 3.977906e+06 1.000000e+03 0.000000e+00 3.978866e+06 1.000000e+03 0.000000e+00 3.979827e+06 1.000000e+03 0.000000e+00 3.980788e+06 1.000000e+03 0.000000e+00 3.981748e+06 1.000000e+03 0.000000e+00 3.982709e+06 1.000000e+03 0.000000e+00 3.983670e+06 1.000000e+03 0.000000e+00 3.984630e+06 1.000000e+03 0.000000e+00 3.985591e+06 1.000000e+03 0.000000e+00 3.986551e+06 1.000000e+03 0.000000e+00 3.987512e+06 1.000000e+03 0.000000e+00 3.988473e+06 1.000000e+03 0.000000e+00 3.989433e+06 1.000000e+03 0.000000e+00 3.990394e+06 1.000000e+03 0.000000e+00 3.991354e+06 1.000000e+03 0.000000e+00 3.992315e+06 1.000000e+03 0.000000e+00 3.993276e+06 1.000000e+03 0.000000e+00 3.994236e+06 1.000000e+03 0.000000e+00 3.995197e+06 1.000000e+03 0.000000e+00 3.996158e+06 1.000000e+03 0.000000e+00 3.997118e+06 1.000000e+03 0.000000e+00 3.998079e+06 1.000000e+03 0.000000e+00 3.999039e+06 1.000000e+03 0.000000e+00 4.000962e+06 1.000000e+03 0.000000e+00 4.001923e+06 1.000000e+03 0.000000e+00 4.002885e+06 1.000000e+03 0.000000e+00 4.003846e+06 1.000000e+03 0.000000e+00 4.004808e+06 1.000000e+03 0.000000e+00 4.005769e+06 1.000000e+03 0.000000e+00 4.006731e+06 1.000000e+03 0.000000e+00 4.007692e+06 1.000000e+03 0.000000e+00 4.008654e+06 1.000000e+03 0.000000e+00 4.009615e+06 1.000000e+03 0.000000e+00 4.010577e+06 1.000000e+03 0.000000e+00 4.011538e+06 1.000000e+03 0.000000e+00 4.012500e+06 1.000000e+03 0.000000e+00 4.013462e+06 1.000000e+03 0.000000e+00 4.014423e+06 1.000000e+03 0.000000e+00 4.015385e+06 1.000000e+03 0.000000e+00 4.016346e+06 1.000000e+03 0.000000e+00 4.017308e+06 1.000000e+03 0.000000e+00 4.018269e+06 1.000000e+03 0.000000e+00 4.019231e+06 1.000000e+03 0.000000e+00 4.020192e+06 1.000000e+03 0.000000e+00 4.021154e+06 1.000000e+03 0.000000e+00 4.022115e+06 1.000000e+03 0.000000e+00 4.023077e+06 1.000000e+03 0.000000e+00 4.024038e+06 1.000000e+03 0.000000e+00 4.025000e+06 1.000000e+03 0.000000e+00 4.025962e+06 1.000000e+03 0.000000e+00 4.026923e+06 1.000000e+03 0.000000e+00 4.027885e+06 1.000000e+03 0.000000e+00 4.028846e+06 1.000000e+03 0.000000e+00 4.029808e+06 1.000000e+03 0.000000e+00 4.030769e+06 1.000000e+03 0.000000e+00 4.031731e+06 1.000000e+03 0.000000e+00 4.032692e+06 1.000000e+03 0.000000e+00 4.033654e+06 1.000000e+03 0.000000e+00 4.034615e+06 1.000000e+03 0.000000e+00 4.035577e+06 1.000000e+03 0.000000e+00 4.036538e+06 1.000000e+03 0.000000e+00 4.037500e+06 1.000000e+03 0.000000e+00 4.038462e+06 1.000000e+03 0.000000e+00 4.039423e+06 1.000000e+03 0.000000e+00 4.040385e+06 1.000000e+03 0.000000e+00 4.041346e+06 1.000000e+03 0.000000e+00 4.042308e+06 1.000000e+03 0.000000e+00 4.043269e+06 1.000000e+03 0.000000e+00 4.044231e+06 1.000000e+03 0.000000e+00 4.045192e+06 1.000000e+03 0.000000e+00 4.046154e+06 1.000000e+03 0.000000e+00 4.047115e+06 1.000000e+03 0.000000e+00 4.048077e+06 1.000000e+03 0.000000e+00 4.049038e+06 1.000000e+03 0.000000e+00 4.050000e+06 1.000000e+03 0.000000e+00 4.050962e+06 1.000000e+03 0.000000e+00 4.051923e+06 1.000000e+03 0.000000e+00 4.052885e+06 1.000000e+03 0.000000e+00 4.053846e+06 1.000000e+03 0.000000e+00 4.054808e+06 1.000000e+03 0.000000e+00 4.055769e+06 1.000000e+03 0.000000e+00 4.056731e+06 1.000000e+03 0.000000e+00 4.057692e+06 1.000000e+03 0.000000e+00 4.058654e+06 1.000000e+03 0.000000e+00 4.059615e+06 1.000000e+03 0.000000e+00 4.060577e+06 1.000000e+03 0.000000e+00 4.061538e+06 1.000000e+03 0.000000e+00 4.062500e+06 1.000000e+03 0.000000e+00 4.063462e+06 1.000000e+03 0.000000e+00 4.064423e+06 1.000000e+03 0.000000e+00 4.065385e+06 1.000000e+03 0.000000e+00 4.066346e+06 1.000000e+03 0.000000e+00 4.067308e+06 1.000000e+03 0.000000e+00 4.068269e+06 1.000000e+03 0.000000e+00 4.069231e+06 1.000000e+03 0.000000e+00 4.070192e+06 1.000000e+03 0.000000e+00 4.071154e+06 1.000000e+03 0.000000e+00 4.072115e+06 1.000000e+03 0.000000e+00 4.073077e+06 1.000000e+03 0.000000e+00 4.074038e+06 1.000000e+03 0.000000e+00 4.075000e+06 1.000000e+03 0.000000e+00 4.075962e+06 1.000000e+03 0.000000e+00 4.076923e+06 1.000000e+03 0.000000e+00 4.077885e+06 1.000000e+03 0.000000e+00 4.078846e+06 1.000000e+03 0.000000e+00 4.079808e+06 1.000000e+03 0.000000e+00 4.080769e+06 1.000000e+03 0.000000e+00 4.081731e+06 1.000000e+03 0.000000e+00 4.082692e+06 1.000000e+03 0.000000e+00 4.083654e+06 1.000000e+03 0.000000e+00 4.084615e+06 1.000000e+03 0.000000e+00 4.085577e+06 1.000000e+03 0.000000e+00 4.086538e+06 1.000000e+03 0.000000e+00 4.087500e+06 1.000000e+03 0.000000e+00 4.088462e+06 1.000000e+03 0.000000e+00 4.089423e+06 1.000000e+03 0.000000e+00 4.090385e+06 1.000000e+03 0.000000e+00 4.091346e+06 1.000000e+03 0.000000e+00 4.092308e+06 1.000000e+03 0.000000e+00 4.093269e+06 1.000000e+03 0.000000e+00 4.094231e+06 1.000000e+03 0.000000e+00 4.095192e+06 1.000000e+03 0.000000e+00 4.096154e+06 1.000000e+03 0.000000e+00 4.097115e+06 1.000000e+03 0.000000e+00 4.098077e+06 1.000000e+03 0.000000e+00 4.099038e+06 1.000000e+03 0.000000e+00 4.100000e+06 1.000000e+03 0.000000e+00 4.100962e+06 1.000000e+03 0.000000e+00 4.101923e+06 1.000000e+03 0.000000e+00 4.102885e+06 1.000000e+03 0.000000e+00 4.103846e+06 1.000000e+03 0.000000e+00 4.104808e+06 1.000000e+03 0.000000e+00 4.105769e+06 1.000000e+03 0.000000e+00 4.106731e+06 1.000000e+03 0.000000e+00 4.107692e+06 1.000000e+03 0.000000e+00 4.108654e+06 1.000000e+03 0.000000e+00 4.109615e+06 1.000000e+03 0.000000e+00 4.110577e+06 1.000000e+03 0.000000e+00 4.111538e+06 1.000000e+03 0.000000e+00 4.112500e+06 1.000000e+03 0.000000e+00 4.113462e+06 1.000000e+03 0.000000e+00 4.114423e+06 1.000000e+03 0.000000e+00 4.115385e+06 1.000000e+03 0.000000e+00 4.116346e+06 1.000000e+03 0.000000e+00 4.117308e+06 1.000000e+03 0.000000e+00 4.118269e+06 1.000000e+03 0.000000e+00 4.119231e+06 1.000000e+03 0.000000e+00 4.120192e+06 1.000000e+03 0.000000e+00 4.121154e+06 1.000000e+03 0.000000e+00 4.122115e+06 1.000000e+03 0.000000e+00 4.123077e+06 1.000000e+03 0.000000e+00 4.124038e+06 1.000000e+03 0.000000e+00 4.125000e+06 1.000000e+03 0.000000e+00 4.125962e+06 1.000000e+03 0.000000e+00 4.126923e+06 1.000000e+03 0.000000e+00 4.127885e+06 1.000000e+03 0.000000e+00 4.128846e+06 1.000000e+03 0.000000e+00 4.129808e+06 1.000000e+03 0.000000e+00 4.130769e+06 1.000000e+03 0.000000e+00 4.131731e+06 1.000000e+03 0.000000e+00 4.132692e+06 1.000000e+03 0.000000e+00 4.133654e+06 1.000000e+03 0.000000e+00 4.134615e+06 1.000000e+03 0.000000e+00 4.135577e+06 1.000000e+03 0.000000e+00 4.136538e+06 1.000000e+03 0.000000e+00 4.137500e+06 1.000000e+03 0.000000e+00 4.138462e+06 1.000000e+03 0.000000e+00 4.139423e+06 1.000000e+03 0.000000e+00 4.140385e+06 1.000000e+03 0.000000e+00 4.141346e+06 1.000000e+03 0.000000e+00 4.142308e+06 1.000000e+03 0.000000e+00 4.143269e+06 1.000000e+03 0.000000e+00 4.144231e+06 1.000000e+03 0.000000e+00 4.145192e+06 1.000000e+03 0.000000e+00 4.146154e+06 1.000000e+03 0.000000e+00 4.147115e+06 1.000000e+03 0.000000e+00 4.148077e+06 1.000000e+03 0.000000e+00 4.149038e+06 1.000000e+03 0.000000e+00 4.150000e+06 1.000000e+03 0.000000e+00 4.150962e+06 1.000000e+03 0.000000e+00 4.151923e+06 1.000000e+03 0.000000e+00 4.152885e+06 1.000000e+03 0.000000e+00 4.153846e+06 1.000000e+03 0.000000e+00 4.154808e+06 1.000000e+03 0.000000e+00 4.155769e+06 1.000000e+03 0.000000e+00 4.156731e+06 1.000000e+03 0.000000e+00 4.157692e+06 1.000000e+03 0.000000e+00 4.158654e+06 1.000000e+03 0.000000e+00 4.159615e+06 1.000000e+03 0.000000e+00 4.160577e+06 1.000000e+03 0.000000e+00 4.161538e+06 1.000000e+03 0.000000e+00 4.162500e+06 1.000000e+03 0.000000e+00 4.163462e+06 1.000000e+03 0.000000e+00 4.164423e+06 1.000000e+03 0.000000e+00 4.165385e+06 1.000000e+03 0.000000e+00 4.166346e+06 1.000000e+03 0.000000e+00 4.167308e+06 1.000000e+03 0.000000e+00 4.168269e+06 1.000000e+03 0.000000e+00 4.169231e+06 1.000000e+03 0.000000e+00 4.170192e+06 1.000000e+03 0.000000e+00 4.171154e+06 1.000000e+03 0.000000e+00 4.172115e+06 1.000000e+03 0.000000e+00 4.173077e+06 1.000000e+03 0.000000e+00 4.174038e+06 1.000000e+03 0.000000e+00 4.175000e+06 1.000000e+03 0.000000e+00 4.175962e+06 1.000000e+03 0.000000e+00 4.176923e+06 1.000000e+03 0.000000e+00 4.177885e+06 1.000000e+03 0.000000e+00 4.178846e+06 1.000000e+03 0.000000e+00 4.179808e+06 1.000000e+03 0.000000e+00 4.180769e+06 1.000000e+03 0.000000e+00 4.181731e+06 1.000000e+03 0.000000e+00 4.182692e+06 1.000000e+03 0.000000e+00 4.183654e+06 1.000000e+03 0.000000e+00 4.184615e+06 1.000000e+03 0.000000e+00 4.185577e+06 1.000000e+03 0.000000e+00 4.186538e+06 1.000000e+03 0.000000e+00 4.187500e+06 1.000000e+03 0.000000e+00 4.188462e+06 1.000000e+03 0.000000e+00 4.189423e+06 1.000000e+03 0.000000e+00 4.190385e+06 1.000000e+03 0.000000e+00 4.191346e+06 1.000000e+03 0.000000e+00 4.192308e+06 1.000000e+03 0.000000e+00 4.193269e+06 1.000000e+03 0.000000e+00 4.194231e+06 1.000000e+03 0.000000e+00 4.195192e+06 1.000000e+03 0.000000e+00 4.196154e+06 1.000000e+03 0.000000e+00 4.197115e+06 1.000000e+03 0.000000e+00 4.198077e+06 1.000000e+03 0.000000e+00 4.199038e+06 1.000000e+03 0.000000e+00 4.200000e+06 1.000000e+03 0.000000e+00 4.200962e+06 1.000000e+03 0.000000e+00 4.201923e+06 1.000000e+03 0.000000e+00 4.202885e+06 1.000000e+03 0.000000e+00 4.203846e+06 1.000000e+03 0.000000e+00 4.204808e+06 1.000000e+03 0.000000e+00 4.205769e+06 1.000000e+03 0.000000e+00 4.206731e+06 1.000000e+03 0.000000e+00 4.207692e+06 1.000000e+03 0.000000e+00 4.208654e+06 1.000000e+03 0.000000e+00 4.209615e+06 1.000000e+03 0.000000e+00 4.210577e+06 1.000000e+03 0.000000e+00 4.211538e+06 1.000000e+03 0.000000e+00 4.212500e+06 1.000000e+03 0.000000e+00 4.213462e+06 1.000000e+03 0.000000e+00 4.214423e+06 1.000000e+03 0.000000e+00 4.215385e+06 1.000000e+03 0.000000e+00 4.216346e+06 1.000000e+03 0.000000e+00 4.217308e+06 1.000000e+03 0.000000e+00 4.218269e+06 1.000000e+03 0.000000e+00 4.219231e+06 1.000000e+03 0.000000e+00 4.220192e+06 1.000000e+03 0.000000e+00 4.221154e+06 1.000000e+03 0.000000e+00 4.222115e+06 1.000000e+03 0.000000e+00 4.223077e+06 1.000000e+03 0.000000e+00 4.224038e+06 1.000000e+03 0.000000e+00 4.225000e+06 1.000000e+03 0.000000e+00 4.225962e+06 1.000000e+03 0.000000e+00 4.226923e+06 1.000000e+03 0.000000e+00 4.227885e+06 1.000000e+03 0.000000e+00 4.228846e+06 1.000000e+03 0.000000e+00 4.229808e+06 1.000000e+03 0.000000e+00 4.230769e+06 1.000000e+03 0.000000e+00 4.231731e+06 1.000000e+03 0.000000e+00 4.232692e+06 1.000000e+03 0.000000e+00 4.233654e+06 1.000000e+03 0.000000e+00 4.234615e+06 1.000000e+03 0.000000e+00 4.235577e+06 1.000000e+03 0.000000e+00 4.236538e+06 1.000000e+03 0.000000e+00 4.237500e+06 1.000000e+03 0.000000e+00 4.238462e+06 1.000000e+03 0.000000e+00 4.239423e+06 1.000000e+03 0.000000e+00 4.240385e+06 1.000000e+03 0.000000e+00 4.241346e+06 1.000000e+03 0.000000e+00 4.242308e+06 1.000000e+03 0.000000e+00 4.243269e+06 1.000000e+03 0.000000e+00 4.244231e+06 1.000000e+03 0.000000e+00 4.245192e+06 1.000000e+03 0.000000e+00 4.246154e+06 1.000000e+03 0.000000e+00 4.247115e+06 1.000000e+03 0.000000e+00 4.248077e+06 1.000000e+03 0.000000e+00 4.249038e+06 1.000000e+03 0.000000e+00 4.250995e+06 1.000000e+03 0.000000e+00 4.252058e+06 1.000000e+03 0.000000e+00 4.253196e+06 1.000000e+03 0.000000e+00 4.254412e+06 1.000000e+03 0.000000e+00 4.255713e+06 1.000000e+03 0.000000e+00 4.257104e+06 1.000000e+03 0.000000e+00 4.258592e+06 1.000000e+03 0.000000e+00 4.260183e+06 1.000000e+03 0.000000e+00 4.261884e+06 1.000000e+03 0.000000e+00 4.263703e+06 1.000000e+03 0.000000e+00 4.265648e+06 1.000000e+03 0.000000e+00 4.267728e+06 1.000000e+03 0.000000e+00 4.269953e+06 1.000000e+03 0.000000e+00 4.272332e+06 1.000000e+03 0.000000e+00 4.274876e+06 1.000000e+03 0.000000e+00 4.277596e+06 1.000000e+03 0.000000e+00 4.280505e+06 1.000000e+03 0.000000e+00 4.283616e+06 1.000000e+03 0.000000e+00 4.286943e+06 1.000000e+03 0.000000e+00 4.290500e+06 1.000000e+03 0.000000e+00 4.294304e+06 1.000000e+03 0.000000e+00 4.298373e+06 1.000000e+03 0.000000e+00 4.302723e+06 1.000000e+03 0.000000e+00 4.307375e+06 1.000000e+03 0.000000e+00 4.312350e+06 1.000000e+03 0.000000e+00 4.317670e+06 1.000000e+03 0.000000e+00 4.323359e+06 1.000000e+03 0.000000e+00 4.329443e+06 1.000000e+03 0.000000e+00 4.335948e+06 1.000000e+03 0.000000e+00 4.342906e+06 1.000000e+03 0.000000e+00 4.350345e+06 1.000000e+03 0.000000e+00 4.358301e+06 1.000000e+03 0.000000e+00 4.366809e+06 1.000000e+03 0.000000e+00 4.375906e+06 1.000000e+03 0.000000e+00 4.385635e+06 1.000000e+03 0.000000e+00 4.396039e+06 1.000000e+03 0.000000e+00 4.407165e+06 1.000000e+03 0.000000e+00 4.419062e+06 1.000000e+03 0.000000e+00 4.431785e+06 1.000000e+03 0.000000e+00 4.445390e+06 1.000000e+03 0.000000e+00 4.459940e+06 1.000000e+03 0.000000e+00 4.475498e+06 1.000000e+03 0.000000e+00 4.492136e+06 1.000000e+03 0.000000e+00 4.509928e+06 1.000000e+03 0.000000e+00 4.528954e+06 1.000000e+03 0.000000e+00 4.549300e+06 1.000000e+03 0.000000e+00 4.571057e+06 1.000000e+03 0.000000e+00 4.594324e+06 1.000000e+03 0.000000e+00 4.619205e+06 1.000000e+03 0.000000e+00 4.645811e+06 1.000000e+03 0.000000e+00 4.674264e+06 1.000000e+03 0.000000e+00 4.704690e+06 1.000000e+03 0.000000e+00 4.737227e+06 1.000000e+03 0.000000e+00 4.772021e+06 1.000000e+03 0.000000e+00 
        </DataArray>
      </Points>
      <Cells>
        <DataArray type="Int32" Name="connectivity" NumberOfComponents="1" format="ascii">
0 10 1343 5 10 11 1344 1343 11 12 1345 1344 12 13 1346 1345 13 14 1347 1346 14 15 1348 1347 15 16 1349 1348 16 17 1350 1349 17 18 1351 1350 18 19 1352 1351 19 20 1353 1352 20 21 1354 1353 21 22 1355 1354 22 23 1356 1355 23 24 1357 1356 24 25 1358 1357 25 26 1359 1358 26 27 1360 1359 27 28 1361 1360 28 29 1362 1361 29 30 1363 1362 30 31 1364 1363 31 32 1365 1364 32 33 1366 1365 33 34 1367 1366 34 35 1368 1367 35 36 1369 1368 36 37 1370 1369 37 38 1371 1370 38 39 1372 1371 39 40 1373 1372 40 41 1374 1373 41 42 1375 1374 42 43 1376 1375 43 44 1377 1376 44 45 1378 1377 45 46 1379 1378 46 47 1380 1379 47 48 1381 1380 48 49 1382 1381 49 50 1383 1382 50 51 1384 1383 51 52 1385 1384 52 53 1386 1385 53 54 1387 1386 54 55 1388 1387 55 56 1389 1388 56 57 1390 1389 57 58 1391 1390 58 59 1392 1391 59 60 1393 1392 60 61 1394 1393 61 62 1395 1394 62 63 1396 1395 63 64 1397 1396 64 65 1398 1397 65 66 1399 1398 66 67 1400 1399 67 68 1401 1400 68 69 1402 1401 69 70 1403 1402 70 71 1404 1403 71 72 1405 1404 72 73 1406 1405 73 74 1407 1406 74 75 1408 1407 75 76 1409 1408 76 77 1410 1409 77 78 1411 1410 78 79 1412 1411 79 80 1413 1412 80 81 1414 1413 81 82 1415 1414 82 83 1416 1415 83 84 1417 1416 84 85 1418 1417 85 86 1419 1418 86 87 1420 1419 87 88 1421 1420 88 89 1422 1421 89 90 1423 1422 90 91 1424 1423 91 92 1425 1424 92 93 1426 1425 93 94 1427 1426 94 95 1428 1427 95 96 1429 1428 96 97 1430 1429 97 98 1431 1430 98 99 1432 1431 99 100 1433 1432 100 101 1434 1433 101 102 1435 1434 102 103 1436 1435 103 104 1437 1436 104 105 1438 1437 105 106 1439 1438 106 107 1440 1439 107 108 1441 1440 108 109 1442 1441 109 110 1443 1442 110 111 1444 1443 111 112 1445 1444 112 113 1446 1445 113 114 1447 1446 114 115 1448 1447 115 116 1449 1448 116 117 1450 1449 117 118 1451 1450 118 119 1452 1451 119 120 1453 1452 120 121 1454 1453 121 122 1455 1454 122 123 1456 1455 123 124 1457 1456 124 125 1458 1457 125 126 1459 1458 126 127 1460 1459 127 128 1461 1460 128 129 1462 1461 129 130 1463 1462 130 131 1464 1463 131 132 1465 1464 132 133 1466 1465 133 134 1467 1466 134 135 1468 1467 135 136 1469 1468 136 137 1470 1469 137 138 1471 1470 138 139 1472 1471 139 140 1473 1472 140 141 1474 1473 141 142 1475 1474 142 143 1476 1475 143 144 1477 1476 144 145 1478 1477 145 146 1479 1478 146 147 1480 1479 147 148 1481 1480 148 149 1482 1481 149 150 1483 1482 150 151 1484 1483 151 152 1485 1484 152 153 1486 1485 153 154 1487 1486 154 155 1488 1487 155 156 1489 1488 156 157 1490 1489 157 158 1491 1490 158 159 1492 1491 159 160 1493 1492 160 161 1494 1493 161 162 1495 1494 162 163 1496 1495 163 164 1497 1496 164 165 1498 1497 165 166 1499 1498 166 167 1500 1499 167 168 1501 1500 168 169 1502 1501 169 170 1503 1502 170 171 1504 1503 171 172 1505 1504 172 173 1506 1505 173 174 1507 1506 174 175 1508 1507 175 176 1509 1508 176 177 1510 1509 177 178 1511 1510 178 179 1512 1511 179 180 1513 1512 180 181 1514 1513 181 182 1515 1514 182 183 1516 1515 183 184 1517 1516 184 185 1518 1517 185 186 1519 1518 186 187 1520 1519 187 188 1521 1520 188 189 1522 1521 189 190 1523 1522 190 191 1524 1523 191 192 1525 1524 192 193 1526 1525 193 194 1527 1526 194 195 1528 1527 195 196 1529 1528 196 197 1530 1529 197 198 1531 1530 198 199 1532 1531 199 200 1533 1532 200 201 1534 1533 201 202 1535 1534 202 203 1536 1535 203 204 1537 1536 204 205 1538 1537 205 206 1539 1538 206 207 1540 1539 207 208 1541 1540 208 209 1542 1541 209 210 1543 1542 210 211 1544 1543 211 212 1545 1544 212 213 1546 1545 213 214 1547 1546 214 215 1548 1547 215 216 1549 1548 216 217 1550 1549 217 218 1551 1550 218 219 1552 1551 219 220 1553 1552 220 221 1554 1553 221 222 1555 1554 222 223 1556 1555 223 224 1557 1556 224 225 1558 1557 225 226 1559 1558 226 227 1560 1559 227 228 1561 1560 228 229 1562 1561 229 230 1563 1562 230 231 1564 1563 231 232 1565 1564 232 233 1566 1565 233 234 1567 1566 234 235 1568 1567 235 236 1569 1568 236 237 1570 1569 237 238 1571 1570 238 239 1572 1571 239 240 1573 1572 240 241 1574 1573 241 242 1575 1574 242 243 1576 1575 243 244 1577 1576 244 245 1578 1577 245 246 1579 1578 246 247 1580 1579 247 248 1581 1580 248 249 1582 1581 249 250 1583 1582 250 251 1584 1583 251 252 1585 1584 252 253 1586 1585 253 254 1587 1586 254 255 1588 1587 255 256 1589 1588 256 257 1590 1589 257 258 1591 1590 258 259 1592 1591 259 260 1593 1592 260 261 1594 1593 261 262 1595 1594 262 263 1596 1595 263 264 1597 1596 264 265 1598 1597 265 266 1599 1598 266 267 1600 1599 267 268 1601 1600 268 269 1602 1601 269 270 1603 1602 270 271 1604 1603 271 272 1605 1604 272 273 1606 1605 273 274 1607 1606 274 275 1608 1607 275 276 1609 1608 276 277 1610 1609 277 278 1611 1610 278 279 1612 1611 279 280 1613 1612 280 281 1614 1613 281 282 1615 1614 282 283 1616 1615 283 284 1617 1616 284 285 1618 1617 285 286 1619 1618 286 287 1620 1619 287 288 1621 1620 288 289 1622 1621 289 290 1623 1622 290 291 1624 1623 291 292 1625 1624 292 293 1626 1625 293 294 1627 1626 294 295 1628 1627 295 296 1629 1628 296 297 1630 1629 297 298 1631 1630 298 299 1632 1631 299 300 1633 1632 300 301 1634 1633 301 302 1635 1634 302 303 1636 1635 303 304 1637 1636 304 305 1638 1637 305 306 1639 1638 306 307 1640 1639 307 308 1641 1640 308 309 1642 1641 309 310 1643 1642 310 311 1644 1643 311 312 1645 1644 312 313 1646 1645 313 314 1647 1646 314 315 1648 1647 315 316 1649 1648 316 317 1650 1649 317 318 1651 1650 318 319 1652 1651 319 320 1653 1652 320 321 1654 1653 321 322 1655 1654 322 323 1656 1655 323 324 1657 1656 324 325 1658 1657 325 326 1659 1658 326 327 1660 1659 327 328 1661 1660 328 329 1662 1661 329 330 1663 1662 330 331 1664 1663 331 332 1665 1664 332 333 1666 1665 333 334 1667 1666 334 335 1668 1667 335 336 1669 1668 336 1 6 1669 1 337 1670 6 337 338 1671 1670 338 339 1672 1671 339 340 1673 1672 340 341 1674 1673 341 342 1675 1674 342 343 1676 1675 343 344 1677 1676 344 345 1678 1677 345 346 1679 1678 346 347 1680 1679 347 348 1681 1680 348 349 1682 1681 349 350 1683 1682 350 351 1684 1683 351 352 1685 1684 352 353 1686 1685 353 354 1687 1686 354 355 1688 1687 355 356 1689 1688 356 357 1690 1689 357 358 1691 1690 358 359 1692 1691 359 360 1693 1692 360 361 1694 1693 361 362 1695 1694 362 363 1696 1695 363 364 1697 1696 364 365 1698 1697 365 366 1699 1698 366 367 1700 1699 367 368 1701 1700 368 369 1702 1701 369 370 1703 1702 370 371 1704 1703 371 372 1705 1704 372 373 1706 1705 373 374 1707 1706 374 375 1708 1707 375 376 1709 1708 376 377 1710 1709 377 378 1711 1710 378 379 1712 1711 379 380 1713 1712 380 381 1714 1713 381 382 1715 1714 382 383 1716 1715 383 384 1717 1716 384 385 1718 1717 385 386 1719 1718 386 387 1720 1719 387 388 1721 1720 388 389 1722 1721 389 390 1723 1722 390 391 1724 1723 391 392 1725 1724 392 393 1726 1725 393 394 1727 1726 394 395 1728 1727 395 396 1729 1728 396 397 1730 1729 397 398 1731 1730 398 399 1732 1731 399 400 1733 1732 400 401 1734 1733 401 402 1735 1734 402 403 1736 1735 403 404 1737 1736 404 405 1738 1737 405 406 1739 1738 406 407 1740 1739 407 408 1741 1740 408 409 1742 1741 409 410 1743 1742 410 411 1744 1743 411 412 1745 1744 412 413 1746 1745 413 414 1747 1746 414 415 1748 1747 415 416 1749 1748 416 417 1750 1749 417 418 1751 1750 418 419 1752 1751 419 420 1753 1752 420 421 1754 1753 421 422 1755 1754 422 423 1756 1755 423 424 1757 1756 424 425 1758 1757 425 426 1759 1758 426 427 1760 1759 427 428 1761 1760 428 429 1762 1761 429 430 1763 1762 430 431 1764 1763 431 432 1765 1764 432 433 1766 1765 433 434 1767 1766 434 435 1768 1767 435 436 1769 1768 436 437 1770 1769 437 438 1771 1770 438 439 1772 1771 439 440 1773 1772 440 441 1774 1773 441 442 1775 1774 442 443 1776 1775 443 444 1777 1776 444 445 1778 1777 445 446 1779 1778 446 447 1780 1779 447 448 1781 1780 448 449 1782 1781 449 450 1783 1782 450 451 1784 1783 451 452 1785 1784 452 453 1786 1785 453 454 1787 1786 454 455 1788 1787 455 456 1789 1788 456 457 1790 1789 457 458 1791 1790 458 459 1792 1791 459 460 1793 1792 460 461 1794 1793 461 462 1795 1794 462 463 1796 1795 463 464 1797 1796 464 465 1798 1797 465 466 1799 1798 466 467 1800 1799 467 468 1801 1800 468 469 1802 1801 469 470 1803 1802 470 471 1804 1803 471 472 1805 1804 472 473 1806 1805 473 474 1807 1806 474 475 1808 1807 475 476 1809 1808 476 477 1810 1809 477 478 1811 1810 478 479 1812 1811 479 480 1813 1812 480 481 1814 1813 481 482 1815 1814 482 483 1816 1815 483 484 1817 1816 484 485 1818 1817 485 486 1819 1818 486 487 1820 1819 487 488 1821 1820 488 489 1822 1821 489 490 1823 1822 490 491 1824 1823 491 492 1825 1824 492 493 1826 1825 493 494 1827 1826 494 495 1828 1827 495 496 1829 1828 496 497 1830 1829 497 498 1831 1830 498 499 1832 1831 499 500 1833 1832 500 501 1834 1833 501 502 1835 1834 502 503 1836 1835 503 504 1837 1836 504 505 1838 1837 505 506 1839 1838 506 507 1840 1839 507 508 1841 1840 508 509 1842 1841 509 510 1843 1842 510 511 1844 1843 511 512 1845 1844 512 513 1846 1845 513 514 1847 1846 514 515 1848 1847 515 516 1849 1848 516 517 1850 1849 517 518 1851 1850 518 519 1852 1851 519 520 1853 1852 520 521 1854 1853 521 522 1855 1854 522 523 1856 1855 523 524 1857 1856 524 525 1858 1857 525 526 1859 1858 526 527 1860 1859 527 528 1861 1860 528 529 1862 1861 529 530 1863 1862 530 531 1864 1863 531 532 1865 1864 532 533 1866 1865 533 534 1867 1866 534 535 1868 1867 535 536 1869 1868 536 537 1870 1869 537 538 1871 1870 538 539 1872 1871 539 540 1873 1872 540 541 1874 1873 541 542 1875 1874 542 543 1876 1875 543 544 1877 1876 544 545 1878 1877 545 546 1879 1878 546 547 1880 1879 547 548 1881 1880 548 549 1882 1881 549 550 1883 1882 550 551 1884 1883 551 552 1885 1884 552 553 1886 1885 553 554 1887 1886 554 555 1888 1887 555 556 1889 1888 556 557 1890 1889 557 558 1891 1890 558 559 1892 1891 559 560 1893 1892 560 561 1894 1893 561 562 1895 1894 562 563 1896 1895 563 564 1897 1896 564 565 1898 1897 565 566 1899 1898 566 567 1900 1899 567 568 1901 1900 568 569 1902 1901 569 570 1903 1902 570 571 1904 1903 571 572 1905 1904 572 573 1906 1905 573 574 1907 1906 574 575 1908 1907 575 576 1909 1908 576 577 1910 1909 577 578 1911 1910 578 579 1912 1911 579 580 1913 1912 580 581 1914 1913 581 582 1915 1914 582 583 1916 1915 583 584 1917 1916 584 585 1918 1917 585 586 1919 1918 586 587 1920 1919 587 588 1921 1920 588 589 1922 1921 589 590 1923 1922 590 591 1924 1923 591 592 1925 1924 592 593 1926 1925 593 594 1927 1926 594 595 1928 1927 595 596 1929 1928 596 597 1930 1929 597 598 1931 1930 598 599 1932 1931 599 600 1933 1932 600 601 1934 1933 601 602 1935 1934 602 603 1936 1935 603 604 1937 1936 604 605 1938 1937 605 606 1939 1938 606 607 1940 1939 607 608 1941 1940 608 609 1942 1941 609 610 1943 1942 610 611 1944 1943 611 612 1945 1944 612 613 1946 1945 613 614 1947 1946 614 615 1948 1947 615 616 1949 1948 616 617 1950 1949 617 618 1951 1950 618 619 1952 1951 619 620 1953 1952 620 621 1954 1953 621 622 1955 1954 622 623 1956 1955 623 624 1957 1956 624 625 1958 1957 625 626 1959 1958 626 627 1960 1959 627 628 1961 1960 628 629 1962 1961 629 630 1963 1962 630 631 1964 1963 631 632 1965 1964 632 633 1966 1965 633 634 1967 1966 634 635 1968 1967 635 636 1969 1968 636 637 1970 1969 637 638 1971 1970 638 639 1972 1971 639 640 1973 1972 640 641 1974 1973 641 642 1975 1974 642 643 1976 1975 643 644 1977 1976 644 645 1978 1977 645 646 1979 1978 646 647 1980 1979 647 648 1981 1980 648 649 1982 1981 649 650 1983 1982 650 651 1984 1983 651 652 1985 1984 652 653 1986 1985 653 654 1987 1986 654 655 1988 1987 655 656 1989 1988 656 657 1990 1989 657 658 1991 1990 658 659 1992 1991 659 660 1993 1992 660 661 1994 1993 661 662 1995 1994 662 663 1996 1995 663 664 1997 1996 664 665 1998 1997 665 666 1999 1998 666 667 2000 1999 667 668 2001 2000 668 669 2002 2001 669 670 2003 2002 670 671 2004 2003 671 672 2005 2004 672 673 2006 2005 673 674 2007 2006 674 675 2008 2007 675 676 2009 2008 676 677 2010 2009 677 678 2011 2010 678 679 2012 2011 679 680 2013 2012 680 681 2014 2013 681 682 2015 2014 682 683 2016 2015 683 684 2017 2016 684 685 2018 2017 685 686 2019 2018 686 687 2020 2019 687 688 2021 2020 688 689 2022 2021 689 690 2023 2022 690 691 2024 2023 691 692 2025 2024 692 693 2026 2025 693 694 2027 2026 694 695 2028 2027 695 696 2029 2028 696 697 2030 2029 697 698 2031 2030 698 699 2032 2031 699 700 2033 2032 700 701 2034 2033 701 702 2035 2034 702 703 2036 2035 703 704 2037 2036 704 705 2038 2037 705 706 2039 2038 706 707 2040 2039 707 708 2041 2040 708 709 2042 2041 709 710 2043 2042 710 711 2044 2043 711 712 2045 2044 712 713 2046 2045 713 714 2047 2046 714 715 2048 2047 715 716 2049 2048 716 717 2050 2049 717 718 2051 2050 718 719 2052 2051 719 720 2053 2052 720 721 2054 2053 721 722 2055 2054 722 723 2056 2055 723 724 2057 2056 724 725 2058 2057 725 726 2059 2058 726 727 2060 2059 727 728 2061 2060 728 729 2062 2061 729 730 2063 2062 730 731 2064 2063 731 732 2065 2064 732 733 2066 2065 733 734 2067 2066 734 735 2068 2067 735 736 2069 2068 736 737 2070 2069 737 738 2071 2070 738 739 2072 2071 739 740 2073 2072 740 741 2074 2073 741 742 2075 2074 742 743 2076 2075 743 744 2077 2076 744 745 2078 2077 745 746 2079 2078 746 747 2080 2079 747 748 2081 2080 748 749 2082 2081 749 750 2083 2082 750 751 2084 2083 751 752 2085 2084 752 753 2086 2085 753 754 2087 2086 754 755 2088 2087 755 756 2089 2088 756 757 2090 2089 757 758 2091 2090 758 759 2092 2091 759 760 2093 2092 760 761 2094 2093 761 762 2095 2094 762 763 2096 2095 763 764 2097 2096 764 765 2098 2097 765 766 2099 2098 766 767 2100 2099 767 768 2101 2100 768 769 2102 2101 769 770 2103 2102 770 771 2104 2103 771 772 2105 2104 772 773 2106 2105 773 774 2107 2106 774 775 2108 2107 775 776 2109 2108 776 777 2110 2109 777 778 2111 2110 778 779 2112 2111 779 780 2113 2112 780 781 2114 2113 781 782 2115 2114 782 783 2116 2115 783 784 2117 2116 784 785 2118 2117 785 786 2119 2118 786 787 2120 2119 787 788 2121 2120 788 789 2122 2121 789 790 2123 2122 790 791 2124 2123 791 792 2125 2124 792 793 2126 2125 793 794 2127 2126 794 795 2128 2127 795 796 2129 2128 796 797 2130 2129 797 798 2131 2130 798 799 2132 2131 799 800 2133 2132 800 801 2134 2133 801 802 2135 2134 802 803 2136 2135 803 804 2137 2136 804 805 2138 2137 805 806 2139 2138 806 807 2140 2139 807 808 2141 2140 808 809 2142 2141 809 810 2143 2142 810 811 2144 2143 811 812 2145 2144 812 813 2146 2145 813 814 2147 2146 814 815 2148 2147 815 816 2149 2148 816 817 2150 2149 817 818 2151 2150 818 819 2152 2151 819 820 2153 2152 820 821 2154 2153 821 822 2155 2154 822 823 2156 2155 823 824 2157 2156 824 825 2158 2157 825 826 2159 2158 826 827 2160 2159 827 828 2161 2160 828 829 2162 2161 829 830 2163 2162 830 831 2164 2163 831 832 2165 2164 832 833 2166 2165 833 834 2167 2166 834 835 2168 2167 835 836 2169 2168 836 837 2170 2169 837 838 2171 2170 838 839 2172 2171 839 840 2173 2172 840 841 2174 2173 841 842 2175 2174 842 843 2176 2175 843 844 2177 2176 844 845 2178 2177 845 846 2179 2178 846 847 2180 2179 847 848 2181 2180 848 849 2182 2181 849 850 2183 2182 850 851 2184 2183 851 852 2185 2184 852 853 2186 2185 853 854 2187 2186 854 855 2188 2187 855 856 2189 2188 856 857 2190 2189 857 858 2191 2190 858 859 2192 2191 859 860 2193 2192 860 861 2194 2193 861 862 2195 2194 862 863 2196 2195 863 864 2197 2196 864 865 2198 2197 865 866 2199 2198 866 867 2200 2199 867 868 2201 2200 868 869 2202 2201 869 870 2203 2202 870 871 2204 2203 871 872 2205 2204 872 873 2206 2205 873 874 2207 2206 874 875 2208 2207 875 876 2209 2208 876 877 2210 2209 877 878 2211 2210 878 879 2212 2211 879 880 2213 2212 880 881 2214 2213 881 882 2215 2214 882 883 2216 2215 883 884 2217 2216 884 885 2218 2217 885 886 2219 2218 886 887 2220 2219 887 888 2221 2220 888 889 2222 2221 889 890 2223 2222 890 891 2224 2223 891 892 2225 2224 892 893 2226 2225 893 894 2227 2226 894 895 2228 2227 895 896 2229 2228 896 897 2230 2229 897 898 2231 2230 898 899 2232 2231 899 900 2233 2232 900 901 2234 2233 901 902 2235 2234 902 903 2236 2235 903 904 2237 2236 904 905 2238 2237 905 906 2239 2238 906 907 2240 2239 907 908 2241 2240 908 909 2242 2241 909 910 2243 2242 910 911 2244 2243 911 912 2245 2244 912 913 2246 2245 913 914 2247 2246 914 915 2248 2247 915 916 2249 2248 916 917 2250 2249 917 918 2251 2250 918 919 2252 2251 919 920 2253 2252 920 921 2254 2253 921 922 2255 2254 922 923 2256 2255 923 924 2257 2256 924 925 2258 2257 925 926 2259 2258 926 927 2260 2259 927 928 2261 2260 928 929 2262 2261 929 930 2263 2262 930 931 2264 2263 931 932 2265 2264 932 933 2266 2265 933 934 2267 2266 934 935 2268 2267 935 936 2269 2268 936 937 2270 2269 937 938 2271 2270 938 939 2272 2271 939 940 2273 2272 940 941 2274 2273 941 942 2275 2274 942 943 2276 2275 943 944 2277 2276 944 945 2278 2277 945 946 2279 2278 946 947 2280 2279 947 948 2281 2280 948 949 2282 2281 949 950 2283 2282 950 951 2284 2283 951 952 2285 2284 952 953 2286 2285 953 954 2287 2286 954 955 2288 2287 955 956 2289 2288 956 957 2290 2289 957 958 2291 2290 958 959 2292 2291 959 960 2293 2292 960 961 2294 2293 961 962 2295 2294 962 963 2296 2295 963 964 2297 2296 964 965 2298 2297 965 966 2299 2298 966 967 2300 2299 967 968 2301 2300 968 969 2302 2301 969 970 2303 2302 970 971 2304 2303 971 972 2305 2304 972 973 2306 2305 973 974 2307 2306 974 975 2308 2307 975 976 2309 2308 976 977 2310 2309 977 978 2311 2310 978 979 2312 2311 979 980 2313 2312 980 981 2314 2313 981 982 2315 2314 982 983 2316 2315 983 984 2317 2316 984 985 2318 2317 985 986 2319 2318 986 987 2320 2319 987 988 2321 2320 988 989 2322 2321 989 990 2323 2322 990 991 2324 2323 991 992 2325 2324 992 993 2326 2325 993 994 2327 2326 994 995 2328 2327 995 996 2329 2328 996 997 2330 2329 997 998 2331 2330 998 999 2332 2331 999 1000 2333 2332 1000 1001 2334 2333 1001 1002 2335 2334 1002 1003 2336 2335 1003 1004 2337 2336 1004 1005 2338 2337 1005 1006 2339 2338 1006 1007 2340 2339 1007 1008 2341 2340 1008 1009 2342 2341 1009 1010 2343 2342 1010 1011 2344 2343 1011 1012 2345 2344 1012 1013 2346 2345 1013 1014 2347 2346 1014 1015 2348 2347 1015 1016 2349 2348 1016 1017 2350 2349 1017 1018 2351 2350 1018 1019 2352 2351 1019 1020 2353 2352 1020 1021 2354 2353 1021 1022 2355 2354 1022 1023 2356 2355 1023 1024 2357 2356 1024 1025 2358 2357 1025 1026 2359 2358 1026 1027 2360 2359 1027 1028 2361 2360 1028 1029 2362 2361 1029 2 7 2362 2 1030 2363 7 1030 1031 2364 2363 1031 1032 2365 2364 1032 1033 2366 2365 1033 1034 2367 2366 1034 1035 2368 2367 1035 1036 2369 2368 1036 1037 2370 2369 1037 1038 2371 2370 1038 1039 2372 2371 1039 1040 2373 2372 1040 1041 2374 2373 1041 1042 2375 2374 1042 1043 2376 2375 1043 1044 2377 2376 1044 1045 2378 2377 1045 1046 2379 2378 1046 1047 2380 2379 1047 1048 2381 2380 1048 1049 2382 2381 1049 1050 2383 2382 1050 1051 2384 2383 1051 1052 2385 2384 1052 1053 2386 2385 1053 1054 2387 2386 1054 1055 2388 2387 1055 1056 2389 2388 1056 1057 2390 2389 1057 1058 2391 2390 1058 1059 2392 2391 1059 1060 2393 2392 1060 1061 2394 2393 1061 1062 2395 2394 1062 1063 2396 2395 1063 1064 2397 2396 1064 1065 2398 2397 1065 1066 2399 2398 1066 1067 2400 2399 1067 1068 2401 2400 1068 1069 2402 2401 1069 1070 2403 2402 1070 1071 2404 2403 1071 1072 2405 2404 1072 1073 2406 2405 1073 1074 2407 2406 1074 1075 2408 2407 1075 1076 2409 2408 1076 1077 2410 2409 1077 1078 2411 2410 1078 1079 2412 2411 1079 1080 2413 2412 1080 1081 2414 2413 1081 1082 2415 2414 1082 1083 2416 2415 1083 1084 2417 2416 1084 1085 2418 2417 1085 1086 2419 2418 1086 1087 2420 2419 1087 1088 2421 2420 1088 1089 2422 2421 1089 1090 2423 2422 1090 1091 2424 2423 1091 1092 2425 2424 1092 1093 2426 2425 1093 1094 2427 2426 1094 1095 2428 2427 1095 1096 2429 2428 1096 1097 2430 2429 1097 1098 2431 2430 1098 1099 2432 2431 1099 1100 2433 2432 1100 1101 2434 2433 1101 1102 2435 2434 1102 1103 2436 2435 1103 1104 2437 2436 1104 1105 2438 2437 1105 1106 2439 2438 1106 1107 2440 2439 1107 1108 2441 2440 1108 1109 2442 2441 1109 1110 2443 2442 1110 1111 2444 2443 1111 1112 2445 2444 1112 1113 2446 2445 1113 1114 2447 2446 1114 1115 2448 2447 1115 1116 2449 2448 1116 1117 2450 2449 1117 1118 2451 2450 1118 1119 2452 2451 1119 1120 2453 2452 1120 1121 2454 2453 1121 1122 2455 2454 1122 1123 2456 2455 1123 1124 2457 2456 1124 1125 2458 2457 1125 1126 2459 2458 1126 1127 2460 2459 1127 1128 2461 2460 1128 1129 2462 2461 1129 1130 2463 2462 1130 1131 2464 2463 1131 1132 2465 2464 1132 1133 2466 2465 1133 1134 2467 2466 1134 1135 2468 2467 1135 1136 2469 2468 1136 1137 2470 2469 1137 1138 2471 2470 1138 1139 2472 2471 1139 1140 2473 2472 1140 1141 2474 2473 1141 1142 2475 2474 1142 1143 2476 2475 1143 1144 2477 2476 1144 1145 2478 2477 1145 1146 2479 2478 1146 1147 2480 2479 1147 1148 2481 2480 1148 1149 2482 2481 1149 1150 2483 2482 1150 1151 2484 2483 1151 1152 2485 2484 1152 1153 2486 2485 1153 1154 2487 2486 1154 1155 2488 2487 1155 1156 2489 2488 1156 1157 2490 2489 1157 1158 2491 2490 1158 1159 2492 2491 1159 1160 2493 2492 1160 1161 2494 2493 1161 1162 2495 2494 1162 1163 2496 2495 1163 1164 2497 2496 1164 1165 2498 2497 1165 1166 2499 2498 1166 1167 2500 2499 1167 1168 2501 2500 1168 1169 2502 2501 1169 1170 2503 2502 1170 1171 2504 2503 1171 1172 2505 2504 1172 1173 2506 2505 1173 1174 2507 2506 1174 1175 2508 2507 1175 1176 2509 2508 1176 1177 2510 2509 1177 1178 2511 2510 1178 1179 2512 2511 1179 1180 2513 2512 1180 1181 2514 2513 1181 1182 2515 2514 1182 1183 2516 2515 1183 1184 2517 2516 1184 1185 2518 2517 1185 1186 2519 2518 1186 1187 2520 2519 1187 1188 2521 2520 1188 1189 2522 2521 1189 1190 2523 2522 1190 1191 2524 2523 1191 1192 2525 2524 1192 1193 2526 2525 1193 1194 2527 2526 1194 1195 2528 2527 1195 1196 2529 2528 1196 1197 2530 2529 1197 1198 2531 2530 1198 1199 2532 2531 1199 1200 2533 2532 1200 1201 2534 2533 1201 1202 2535 2534 1202 1203 2536 2535 1203 1204 2537 2536 1204 1205 2538 2537 1205 1206 2539 2538 1206 1207 2540 2539 1207 1208 2541 2540 1208 1209 2542 2541 1209 1210 2543 2542 1210 1211 2544 2543 1211 1212 2545 2544 1212 1213 2546 2545 1213 1214 2547 2546 1214 1215 2548 2547 1215 1216 2549 2548 1216 1217 2550 2549 1217 1218 2551 2550 1218 1219 2552 2551 1219 1220 2553 2552 1220 1221 2554 2553 1221 1222 2555 2554 1222 1223 2556 2555 1223 1224 2557 2556 1224 1225 2558 2557 1225 1226 2559 2558 1226 1227 2560 2559 1227 1228 2561 2560 1228 1229 2562 2561 1229 1230 2563 2562 1230 1231 2564 2563 1231 1232 2565 2564 1232 1233 2566 2565 1233 1234 2567 2566 1234 1235 2568 2567 1235 1236 2569 2568 1236 1237 2570 2569 1237 1238 2571 2570 1238 1239 2572 2571 1239 1240 2573 2572 1240 1241 2574 2573 1241 1242 2575 2574 1242 1243 2576 2575 1243 1244 2577 2576 1244 1245 2578 2577 1245 1246 2579 2578 1246 1247 2580 2579 1247 1248 2581 2580 1248 1249 2582 2581 1249 1250 2583 2582 1250 1251 2584 2583 1251 1252 2585 2584 1252 1253 2586 2585 1253 1254 2587 2586 1254 1255 2588 2587 1255 1256 2589 2588 1256 1257 2590 2589 1257 1258 2591 2590 1258 1259 2592 2591 1259 1260 2593 2592 1260 1261 2594 2593 1261 1262 2595 2594 1262 1263 2596 2595 1263 1264 2597 2596 1264 1265 2598 2597 1265 1266 2599 2598 1266 1267 2600 2599 1267 1268 2601 2600 1268 1269 2602 2601 1269 1270 2603 2602 1270 1271 2604 2603 1271 1272 2605 2604 1272 1273 2606 2605 1273 1274 2607 2606 1274 1275 2608 2607 1275 1276 2609 2608 1276 1277 2610 2609 1277 1278 2611 2610 1278 1279 2612 2611 1279 1280 2613 2612 1280 1281 2614 2613 1281 1282 2615 2614 1282 1283 2616 2615 1283 1284 2617 2616 1284 1285 2618 2617 1285 1286 2619 2618 1286 1287 2620 2619 1287 1288 2621 2620 1288 3 8 2621 3 1289 2622 8 1289 1290 2623 2622 1290 1291 2624 2623 1291 1292 2625 2624 1292 1293 2626 2625 1293 1294 2627 2626 1294 1295 2628 2627 1295 1296 2629 2628 1296 1297 2630 2629 1297 1298 2631 2630 1298 1299 2632 2631 1299 1300 2633 2632 1300 1301 2634 2633 1301 1302 2635 2634 1302 1303 2636 2635 1303 1304 2637 2636 1304 1305 2638 2637 1305 1306 2639 2638 1306 1307 2640 2639 1307 1308 2641 2640 1308 1309 2642 2641 1309 1310 2643 2642 1310 1311 2644 2643 1311 1312 2645 2644 1312 1313 2646 2645 1313 1314 2647 2646 1314 1315 2648 2647 1315 1316 2649 2648 1316 1317 2650 2649 1317 1318 2651 2650 1318 1319 2652 2651 1319 1320 2653 2652 1320 1321 2654 2653 1321 1322 2655 2654 1322 1323 2656 2655 1323 1324 2657 2656 1324 1325 2658 2657 1325 1326 2659 2658 1326 1327 2660 2659 1327 1328 2661 2660 1328 1329 2662 2661 1329 1330 2663 2662 1330 1331 2664 2663 1331 1332 2665 2664 1332 1333 2666 2665 1333 1334 2667 2666 1334 1335 2668 2667 1335 1336 2669 2668 1336 1337 2670 2669 1337 1338 2671 2670 1338 1339 2672 2671 1339 1340 2673 2672 1340 1341 2674 2673 1341 1342 2675 2674 1342 4 9 2675 0 10 10 11 11 12 12 13 13 14 14 15 15 16 16 17 17 18 18 19 19 20 20 21 21 22 22 23 23 24 24 25 25 26 26 27 27 28 28 29 29 30 30 31 31 32 32 33 33 34 34 35 35 36 36 37 37 38 38 39 39 40 40 41 41 42 42 43 43 44 44 45 45 46 46 47 47 48 48 49 49 50 50 51 51 52 52 53 53 54 54 55 55 56 56 57 57 58 58 59 59 60 60 61 61 62 62 63 63 64 64 65 65 66 66 67 67 68 68 69 69 70 70 71 71 72 72 73 73 74 74 75 75 76 76 77 77 78 78 79 79 80 80 81 81 82 82 83 83 84 84 85 85 86 86 87 87 88 88 89 89 90 90 91 91 92 92 93 93 94 94 95 95 96 96 97 97 98 98 99 99 100 100 101 101 102 102 103 103 104 104 105 105 106 106 107 107 108 108 109 109 110 110 111 111 112 112 113 113 114 114 115 115 116 116 117 117 118 118 119 119 120 120 121 121 122 122 123 123 124 124 125 125 126 126 127 127 128 128 129 129 130 130 131 131 132 132 133 133 134 134 135 135 136 136 137 137 138 138 139 139 140 140 141 141 142 142 143 143 144 144 145 145 146 146 147 147 148 148 149 149 150 150 151 151 152 152 153 153 154 154 155 155 156 156 157 157 158 158 159 159 160 160 161 161 162 162 163 163 164 164 165 165 166 166 167 167 168 168 169 169 170 170 171 171 172 172 173 173 174 174 175 175 176 176 177 177 178 178 179 179 180 180 181 181 182 182 183 183 184 184 185 185 186 186 187 187 188 188 189 189 190 190 191 191 192 192 193 193 194 194 195 195 196 196 197 197 198 198 199 199 200 200 201 201 202 202 203 203 204 204 205 205 206 206 207 207 208 208 209 209 210 210 211 211 212 212 213 213 214 214 215 215 216 216 217 217 218 218 219 219 220 220 221 221 222 222 223 223 224 224 225 225 226 226 227 227 228 228 229 229 230 230 231 231 232 232 233 233 234 234 235 235 236 236 237 237 238 238 239 239 240 240 241 241 242 242 243 243 244 244 245 245 246 246 247 247 248 248 249 249 250 250 251 251 252 252 253 253 254 254 255 255 256 256 257 257 258 258 259 259 260 260 261 261 262 262 263 263 264 264 265 265 266 266 267 267 268 268 269 269 270 270 271 271 272 272 273 273 274 274 275 275 276 276 277 277 278 278 279 279 280 280 281 281 282 282 283 283 284 284 285 285 286 286 287 287 288 288 289 289 290 290 291 291 292 292 293 293 294 294 295 295 296 296 297 297 298 298 299 299 300 300 301 301 302 302 303 303 304 304 305 305 306 306 307 307 308 308 309 309 310 310 311 311 312 312 313 313 314 314 315 315 316 316 317 317 318 318 319 319 320 320 321 321 322 322 323 323 324 324 325 325 326 326 327 327 328 328 329 329 330 330 331 331 332 332 333 333 334 334 335 335 336 336 1 1 337 337 338 338 339 339 340 340 341 341 342 342 343 343 344 344 345 345 346 346 347 347 348 348 349 349 350 350 351 351 352 352 353 353 354 354 355 355 356 356 357 357 358 358 359 359 360 360 361 361 362 362 363 363 364 364 365 365 366 366 367 367 368 368 369 369 370 370 371 371 372 372 373 373 374 374 375 375 376 376 377 377 378 378 379 379 380 380 381 381 382 382 383 383 384 384 385 385 386 386 387 387 388 388 389 389 390 390 391 391 392 392 393 393 394 394 395 395 396 396 397 397 398 398 399 399 400 400 401 401 402 402 403 403 404 404 405 405 406 406 407 407 408 408 409 409 410 410 411 411 412 412 413 413 414 414 415 415 416 416 417 417 418 418 419 419 420 420 421 421 422 422 423 423 424 424 425 425 426 426 427 427 428 428 429 429 430 430 431 431 432 432 433 433 434 434 435 435 436 436 437 437 438 438 439 439 440 440 441 441 442 442 443 443 444 444 445 445 446 446 447 447 448 448 449 449 450 450 451 451 452 452 453 453 454 454 455 455 456 456 457 457 458 458 459 459 460 460 461 461 462 462 463 463 464 464 465 465 466 466 467 467 468 468 469 469 470 470 471 471 472 472 473 473 474 474 475 475 476 476 477 477 478 478 479 479 480 480 481 481 482 482 483 483 484 484 485 485 486 486 487 487 488 488 489 489 490 490 491 491 492 492 493 493 494 494 495 495 496 496 497 497 498 498 499 499 500 500 501 501 502 502 503 503 504 504 505 505 506 506 507 507 508 508 509 509 510 510 511 511 512 512 513 513 514 514 515 515 516 516 517 517 518 518 519 519 520 520 521 521 522 522 523 523 524 524 525 525 526 526 527 527 528 528 529 529 530 530 531 531 532 532 533 533 534 534 535 535 536 536 537 537 538 538 539 539 540 540 541 541 542 542 543 543 544 544 545 545 546 546 547 547 548 548 549 549 550 550 551 551 552 552 553 553 554 554 555 555 556 556 557 557 558 558 559 559 560 560 561 561 562 562 563 563 564 564 565 565 566 566 567 567 568 568 569 569 570 570 571 571 572 572 573 573 574 574 575 575 576 576 577 577 578 578 579 579 580 580 581 581 582 582 583 583 584 584 585 585 586 586 587 587 588 588 589 589 590 590 591 591 592 592 593 593 594 594 595 595 596 596 597 597 598 598 599 599 600 600 601 601 602 602 603 603 604 604 605 605 606 606 607 607 608 608 609 609 610 610 611 611 612 612 613 613 614 614 615 615 616 616 617 617 618 618 619 619 620 620 621 621 622 622 623 623 624 624 625 625 626 626 627 627 628 628 629 629 630 630 631 631 632 632 633 633 634 634 635 635 636 636 637 637 638 638 639 639 640 640 641 641 642 642 643 643 644 644 645 645 646 646 647 647 648 648 649 649 650 650 651 651 652 652 653 653 654 654 655 655 656 656 657 657 658 658 659 659 660 660 661 661 662 662 663 663 664 664 665 665 666 666 667 667 668 668 669 669 670 670 671 671 672 672 673 673 674 674 675 675 676 676 677 677 678 678 679 679 680 680 681 681 682 682 683 683 684 684 685 685 686 686 687 687 688 688 689 689 690 690 691 691 692 692 693 693 694 694 695 695 696 696 697 697 698 698 699 699 700 700 701 701 702 702 703 703 704 704 705 705 706 706 707 707 708 708 709 709 710 710 711 711 712 712 713 713 714 714 715 715 716 716 717 717 718 718 719 719 720 720 721 721 722 722 723 723 724 724 725 725 726 726 727 727 728 728 729 729 730 730 731 731 732 732 733 733 734 734 735 735 736 736 737 737 738 738 739 739 740 740 741 741 742 742 743 743 744 744 745 745 746 746 747 747 748 748 749 749 750 750 751 751 752 752 753 753 754 754 755 755 756 756 757 757 758 758 759 759 760 760 761 761 762 762 763 763 764 764 765 765 766 766 767 767 768 768 769 769 770 770 771 771 772 772 773 773 774 774 775 775 776 776 777 777 778 778 779 779 780 780 781 781 782 782 783 783 784 784 785 785 786 786 787 787 788 788 789 789 790 790 791 791 792 792 793 793 794 794 795 795 796 796 797 797 798 798 799 799 800 800 801 801 802 802 803 803 804 804 805 805 806 806 807 807 808 808 809 809 810 810 811 811 812 812 813 813 814 814 815 815 816 816 817 817 818 818 819 819 820 820 821 821 822 822 823 823 824 824 825 825 826 826 827 827 828 828 829 829 830 830 831 831 832 832 833 833 834 834 835 835 836 836 837 837 838 838 839 839 840 840 841 841 842 842 843 843 844 844 845 845 846 846 847 847 848 848 849 849 850 850 851 851 852 852 853 853 854 854 855 855 856 856 857 857 858 858 859 859 860 860 861 861 862 862 863 863 864 864 865 865 866 866 867 867 868 868 869 869 870 870 871 871 872 872 873 873 874 874 875 875 876 876 877 877 878 878 879 879 880 880 881 881 882 882 883 883 884 884 885 885 886 886 887 887 888 888 889 889 890 890 891 891 892 892 893 893 894 894 895 895 896 896 897 897 898 898 899 899 900 900 901 901 902 902 903 903 904 904 905 905 906 906 907 907 908 908 909 909 910 910 911 911 912 912 913 913 914 914 915 915 916 916 917 917 918 918 919 919 920 920 921 921 922 922 923 923 924 924 925 925 926 926 927 927 928 928 929 929 930 930 931 931 932 932 933 933 934 934 935 935 936 936 937 937 938 938 939 939 940 940 941 941 942 942 943 943 944 944 945 945 946 946 947 947 948 948 949 949 950 950 951 951 952 952 953 953 954 954 955 955 956 956 957 957 958 958 959 959 960 960 961 961 962 962 963 963 964 964 965 965 966 966 967 967 968 968 969 969 970 970 971 971 972 972 973 973 974 974 975 975 976 976 977 977 978 978 979 979 980 980 981 981 982 982 983 983 984 984 985 985 986 986 987 987 988 988 989 989 990 990 991 991 992 992 993 993 994 994 995 995 996 996 997 997 998 998 999 999 1000 1000 1001 1001 1002 1002 1003 1003 1004 1004 1005 1005 1006 1006 1007 1007 1008 1008 1009 1009 1010 1010 1011 1011 1012 1012 1013 1013 1014 1014 1015 1015 1016 1016 1017 1017 1018 1018 1019 1019 1020 1020 1021 1021 1022 1022 1023 1023 1024 1024 1025 1025 1026 1026 1027 1027 1028 1028 1029 1029 2 2 1030 1030 1031 1031 1032 1032 1033 1033 1034 1034 1035 1035 1036 1036 1037 1037 1038 1038 1039 1039 1040 1040 1041 1041 1042 1042 1043 1043 1044 1044 1045 1045 1046 1046 1047 1047 1048 1048 1049 1049 1050 1050 1051 1051 1052 1052 1053 1053 1054 1054 1055 1055 1056 1056 1057 1057 1058 1058 1059 1059 1060 1060 1061 1061 1062 1062 1063 1063 1064 1064 1065 1065 1066 1066 1067 1067 1068 1068 1069 1069 1070 1070 1071 1071 1072 1072 1073 1073 1074 1074 1075 1075 1076 1076 1077 1077 1078 1078 1079 1079 1080 1080 1081 1081 1082 1082 1083 1083 1084 1084 1085 1085 1086 1086 1087 1087 1088 1088 1089 1089 1090 1090 1091 1091 1092 1092 1093 1093 1094 1094 1095 1095 1096 1096 1097 1097 1098 1098 1099 1099 1100 1100 1101 1101 1102 1102 1103 1103 1104 1104 1105 1105 1106 1106 1107 1107 1108 1108 1109 1109 1110 1110 1111 1111 1112 1112 1113 1113 1114 1114 1115 1115 1116 1116 1117 1117 1118 1118 1119 1119 1120 1120 1121 1121 1122 1122 1123 1123 1124 1124 1125 1125 1126 1126 1127 1127 1128 1128 1129 1129 1130 1130 1131 1131 1132 1132 1133 1133 1134 1134 1135 1135 1136 1136 1137 1137 1138 1138 1139 1139 1140 1140 1141 1141 1142 1142 1143 1143 1144 1144 1145 1145 1146 1146 1147 1147 1148 1148 1149 1149 1150 1150 1151 1151 1152 1152 1153 1153 1154 1154 1155 1155 1156 1156 1157 1157 1158 1158 1159 1159 1160 1160 1161 1161 1162 1162 1163 1163 1164 1164 1165 1165 1166 1166 1167 1167 1168 1168 1169 1169 1170 1170 1171 1171 1172 1172 1173 1173 1174 1174 1175 1175 1176 1176 1177 1177 1178 1178 1179 1179 1180 1180 1181 1181 1182 1182 1183 1183 1184 1184 1185 1185 1186 1186 1187 1187 1188 1188 1189 1189 1190 1190 1191 1191 1192 1192 1193 1193 1194 1194 1195 1195 1196 1196 1197 1197 1198 1198 1199 1199 1200 1200 1201 1201 1202 1202 1203 1203 1204 1204 1205 1205 1206 1206 1207 1207 1208 1208 1209 1209 1210 1210 1211 1211 1212 1212 1213 1213 1214 1214 1215 1215 1216 1216 1217 1217 1218 1218 1219 1219 1220 1220 1221 1221 1222 1222 1223 1223 1224 1224 1225 1225 1226 1226 1227 1227 1228 1228 1229 1229 1230 1230 1231 1231 1232 1232 1233 1233 1234 1234 1235 1235 1236 1236 1237 1237 1238 1238 1239 1239 1240 1240 1241 1241 1242 1242 1243 1243 1244 1244 1245 1245 1246 1246 1247 1247 1248 1248 1249 1249 1250 1250 1251 1251 1252 1252 1253 1253 1254 1254 1255 1255 1256 1256 1257 1257 1258 1258 1259 1259 1260 1260 1261 1261 1262 1262 1263 1263 1264 1264 1265 1265 1266 1266 1267 1267 1268 1268 1269 1269 1270 1270 1271 1271 1272 1272 1273 1273 1274 1274 1275 1275 1276 1276 1277 1277 1278 1278 1279 1279 1280 1280 1281 1281 1282 1282 1283 1283 1284 1284 1285 1285 1286 1286 1287 1287 1288 1288 3 3 1289 1289 1290 1290 1291 1291 1292 1292 1293 1293 1294 1294 1295 1295 1296 1296 1297 1297 1298 1298 1299 1299 1300 1300 1301 1301 1302 1302 1303 1303 1304 1304 1305 1305 1306 1306 1307 1307 1308 1308 1309 1309 1310 1310 1311 1311 1312 1312 1313 1313 1314 1314 1315 1315 1316 1316 1317 1317 1318 1318 1319 1319 1320 1320 1321 1321 1322 1322 1323 1323 1324 1324 1325 1325 1326 1326 1327 1327 1328 1328 1329 1329 1330 1330 1331 1331 1332 1332 1333 1333 1334 1334 1335 1335 1336 1336 1337 1337 1338 1338 1339 1339 1340 1340 1341 1341 1342 1342 4 5 1343 1343 1344 1344 1345 1345 1346 1346 1347 1347 1348 1348 1349 1349 1350 1350 1351 1351 1352 1352 1353 1353 1354 1354 1355 1355 1356 1356 1357 1357 1358 1358 1359 1359 1360 1360 1361 1361 1362 1362 1363 1363 1364 1364 1365 1365 1366 1366 1367 1367 1368 1368 1369 1369 1370 1370 1371 1371 1372 1372 1373 1373 1374 1374 1375 1375 1376 1376 1377 1377 1378 1378 1379 1379 1380 1380 1381 1381 1382 1382 1383 1383 1384 1384 1385 1385 1386 1386 1387 1387 1388 1388 1389 1389 1390 1390 1391 1391 1392 1392 1393 1393 1394 1394 1395 1395 1396 1396 1397 1397 1398 1398 1399 1399 1400 1400 1401 1401 1402 1402 1403 1403 1404 1404 1405 1405 1406 1406 1407 1407 1408 1408 1409 1409 1410 1410 1411 1411 1412 1412 1413 1413 1414 1414 1415 1415 1416 1416 1417 1417 1418 1418 1419 1419 1420 1420 1421 1421 1422 1422 1423 1423 1424 1424 1425 1425 1426 1426 1427 1427 1428 1428 1429 1429 1430 1430 1431 1431 1432 1432 1433 1433 1434 1434 1435 1435 1436 1436 1437 1437 1438 1438 1439 1439 1440 1440 1441 1441 1442 1442 1443 1443 1444 1444 1445 1445 1446 1446 1447 1447 1448 1448 1449 1449 1450 1450 1451 1451 1452 1452 1453 1453 1454 1454 1455 1455 1456 1456 1457 1457 1458 1458 1459 1459 1460 1460 1461 1461 1462 1462 1463 1463 1464 1464 1465 1465 1466 1466 1467 1467 1468 1468 1469 1469 1470 1470 1471 1471 1472 1472 1473 1473 1474 1474 1475 1475 1476 1476 1477 1477 1478 1478 1479 1479 1480 1480 1481 1481 1482 1482 1483 1483 1484 1484 1485 1485 1486 1486 1487 1487 1488 1488 1489 1489 1490 1490 1491 1491 1492 1492 1493 1493 1494 1494 1495 1495 1496 1496 1497 1497 1498 1498 1499 1499 1500 1500 1501 1501 1502 1502 1503 1503 1504 1504 1505 1505 1506 1506 1507 1507 1508 1508 1509 1509 1510 1510 1511 1511 1512 1512 1513 1513 1514 1514 1515 1515 1516 1516 1517 1517 1518 1518 1519 1519 1520 1520 1521 1521 1522 1522 1523 1523 1524 1524 1525 1525 1526 1526 1527 1527 1528 1528 1529 1529 1530 1530 1531 1531 1532 1532 1533 1533 1534 1534 1535 1535 1536 1536 1537 1537 1538 1538 1539 1539 1540 1540 1541 1541 1542 1542 1543 1543 1544 1544 1545 1545 1546 1546 1547 1547 1548 1548 1549 1549 1550 1550 1551 1551 1552 1552 1553 1553 1554 1554 1555 1555 1556 1556 1557 1557 1558 1558 1559 1559 1560 1560 1561 1561 1562 1562 1563 1563 1564 1564 1565 1565 1566 1566 1567 1567 1568 1568 1569 1569 1570 1570 1571 1571 1572 1572 1573 1573 1574 1574 1575 1575 1576 1576 1577 1577 1578 1578 1579 1579 1580 1580 1581 1581 1582 1582 1583 1583 1584 1584 1585 1585 1586 1586 1587 1587 1588 1588 1589 1589 1590 1590 1591 1591 1592 1592 1593 1593 1594 1594 1595 1595 1596 1596 1597 1597 1598 1598 1599 1599 1600 1600 1601 1601 1602 1602 1603 1603 1604 1604 1605 1605 1606 1606 1607 1607 1608 1608 1609 1609 1610 1610 1611 1611 1612 1612 1613 1613 1614 1614 1615 1615 1616 1616 1617 1617 1618 1618 1619 1619 1620 1620 1621 1621 1622 1622 1623 1623 1624 1624 1625 1625 1626 1626 1627 1627 1628 1628 1629 1629 1630 1630 1631 1631 1632 1632 1633 1633 1634 1634 1635 1635 1636 1636 1637 1637 1638 1638 1639 1639 1640 1640 1641 1641 1642 1642 1643 1643 1644 1644 1645 1645 1646 1646 1647 1647 1648 1648 1649 1649 1650 1650 1651 1651 1652 1652 1653 1653 1654 1654 1655 1655 1656 1656 1657 1657 1658 1658 1659 1659 1660 1660 1661 1661 1662 1662 1663 1663 1664 1664 1665 1665 1666 1666 1667 1667 1668 1668 1669 1669 6 0 5 6 1670 1670 1671 1671 1672 1672 1673 1673 1674 1674 1675 1675 1676 1676 1677 1677 1678 1678 1679 1679 1680 1680 1681 1681 1682 1682 1683 1683 1684 1684 1685 1685 1686 1686 1687 1687 1688 1688 1689 1689 1690 1690 1691 1691 1692 1692 1693 1693 1694 1694 1695 1695 1696 1696 1697 1697 1698 1698 1699 1699 1700 1700 1701 1701 1702 1702 1703 1703 1704 1704 1705 1705 1706 1706 1707 1707 1708 1708 1709 1709 1710 1710 1711 1711 1712 1712 1713 1713 1714 1714 1715 1715 1716 1716 1717 1717 1718 1718 1719 1719 1720 1720 1721 1721 1722 1722 1723 1723 1724 1724 1725 1725 1726 1726 1727 1727 1728 1728 1729 1729 1730 1730 1731 1731 1732 1732 1733 1733 1734 1734 1735 1735 1736 1736 1737 1737 1738 1738 1739 1739 1740 1740 1741 1741 1742 1742 1743 1743 1744 1744 1745 1745 1746 1746 1747 1747 1748 1748 1749 1749 1750 1750 1751 1751 1752 1752 1753 1753 1754 1754 1755 1755 1756 1756 1757 1757 1758 1758 1759 1759 1760 1760 1761 1761 1762 1762 1763 1763 1764 1764 1765 1765 1766 1766 1767 1767 1768 1768 1769 1769 1770 1770 1771 1771 1772 1772 1773 1773 1774 1774 1775 1775 1776 1776 1777 1777 1778 1778 1779 1779 1780 1780 1781 1781 1782 1782 1783 1783 1784 1784 1785 1785 1786 1786 1787 1787 1788 1788 1789 1789 1790 1790 1791 1791 1792 1792 1793 1793 1794 1794 1795 1795 1796 1796 1797 1797 1798 1798 1799 1799 1800 1800 1801 1801 1802 1802 1803 1803 1804 1804 1805 1805 1806 1806 1807 1807 1808 1808 1809 1809 1810 1810 1811 1811 1812 1812 1813 1813 1814 1814 1815 1815 1816 1816 1817 1817 1818 1818 1819 1819 1820 1820 1821 1821 1822 1822 1823 1823 1824 1824 1825 1825 1826 1826 1827 1827 1828 1828 1829 1829 1830 1830 1831 1831 1832 1832 1833 1833 1834 1834 1835 1835 1836 1836 1837 1837 1838 1838 1839 1839 1840 1840 1841 1841 1842 1842 1843 1843 1844 1844 1845 1845 1846 1846 1847 1847 1848 1848 1849 1849 1850 1850 1851 1851 1852 1852 1853 1853 1854 1854 1855 1855 1856 1856 1857 1857 1858 1858 1859 1859 1860 1860 1861 1861 1862 1862 1863 1863 1864 1864 1865 1865 1866 1866 1867 1867 1868 1868 1869 1869 1870 1870 1871 1871 1872 1872 1873 1873 1874 1874 1875 1875 1876 1876 1877 1877 1878 1878 1879 1879 1880 1880 1881 1881 1882 1882 1883 1883 1884 1884 1885 1885 1886 1886 1887 1887 1888 1888 1889 1889 1890 1890 1891 1891 1892 1892 1893 1893 1894 1894 1895 1895 1896 1896 1897 1897 1898 1898 1899 1899 1900 1900 1901 1901 1902 1902 1903 1903 1904 1904 1905 1905 1906 1906 1907 1907 1908 1908 1909 1909 1910 1910 1911 1911 1912 1912 1913 1913 1914 1914 1915 1915 1916 1916 1917 1917 1918 1918 1919 1919 1920 1920 1921 1921 1922 1922 1923 1923 1924 1924 1925 1925 1926 1926 1927 1927 1928 1928 1929 1929 1930 1930 1931 1931 1932 1932 1933 1933 1934 1934 1935 1935 1936 1936 1937 1937 1938 1938 1939 1939 1940 1940 1941 1941 1942 1942 1943 1943 1944 1944 1945 1945 1946 1946 1947 1947 1948 1948 1949 1949 1950 1950 1951 1951 1952 1952 1953 1953 1954 1954 1955 1955 1956 1956 1957 1957 1958 1958 1959 1959 1960 1960 1961 1961 1962 1962 1963 1963 1964 1964 1965 1965 1966 1966 1967 1967 1968 1968 1969 1969 1970 1970 1971 1971 1972 1972 1973 1973 1974 1974 1975 1975 1976 1976 1977 1977 1978 1978 1979 1979 1980 1980 1981 1981 1982 1982 1983 1983 1984 1984 1985 1985 1986 1986 1987 1987 1988 1988 1989 1989 1990 1990 1991 1991 1992 1992 1993 1993 1994 1994 1995 1995 1996 1996 1997 1997 1998 1998 1999 1999 2000 2000 2001 2001 2002 2002 2003 2003 2004 2004 2005 2005 2006 2006 2007 2007 2008 2008 2009 2009 2010 2010 2011 2011 2012 2012 2013 2013 2014 2014 2015 2015 2016 2016 2017 2017 2018 2018 2019 2019 2020 2020 2021 2021 2022 2022 2023 2023 2024 2024 2025 2025 2026 2026 2027 2027 2028 2028 2029 2029 2030 2030 2031 2031 2032 2032 2033 2033 2034 2034 2035 2035 2036 2036 2037 2037 2038 2038 2039 2039 2040 2040 2041 2041 2042 2042 2043 2043 2044 2044 2045 2045 2046 2046 2047 2047 2048 2048 2049 2049 2050 2050 2051 2051 2052 2052 2053 2053 2054 2054 2055 2055 2056 2056 2057 2057 2058 2058 2059 2059 2060 2060 2061 2061 2062 2062 2063 2063 2064 2064 2065 2065 2066 2066 2067 2067 2068 2068 2069 2069 2070 2070 2071 2071 2072 2072 2073 2073 2074 2074 2075 2075 2076 2076 2077 2077 2078 2078 2079 2079 2080 2080 2081 2081 2082 2082 2083 2083 2084 2084 2085 2085 2086 2086 2087 2087 2088 2088 2089 2089 2090 2090 2091 2091 2092 2092 2093 2093 2094 2094 2095 2095 2096 2096 2097 2097 2098 2098 2099 2099 2100 2100 2101 2101 2102 2102 2103 2103 2104 2104 2105 2105 2106 2106 2107 2107 2108 2108 2109 2109 2110 2110 2111 2111 2112 2112 2113 2113 2114 2114 2115 2115 2116 2116 2117 2117 2118 2118 2119 2119 2120 2120 2121 2121 2122 2122 2123 2123 2124 2124 2125 2125 2126 2126 2127 2127 2128 2128 2129 2129 2130 2130 2131 2131 2132 2132 2133 2133 2134 2134 2135 2135 2136 2136 2137 2137 2138 2138 2139 2139 2140 2140 2141 2141 2142 2142 2143 2143 2144 2144 2145 2145 2146 2146 2147 2147 2148 2148 2149 2149 2150 2150 2151 2151 2152 2152 2153 2153 2154 2154 2155 2155 2156 2156 2157 2157 2158 2158 2159 2159 2160 2160 2161 2161 2162 2162 2163 2163 2164 2164 2165 2165 2166 2166 2167 2167 2168 2168 2169 2169 2170 2170 2171 2171 2172 2172 2173 2173 2174 2174 2175 2175 2176 2176 2177 2177 2178 2178 2179 2179 2180 2180 2181 2181 2182 2182 2183 2183 2184 2184 2185 2185 2186 2186 2187 2187 2188 2188 2189 2189 2190 2190 2191 2191 2192 2192 2193 2193 2194 2194 2195 2195 2196 2196 2197 2197 2198 2198 2199 2199 2200 2200 2201 2201 2202 2202 2203 2203 2204 2204 2205 2205 2206 2206 2207 2207 2208 2208 2209 2209 2210 2210 2211 2211 2212 2212 2213 2213 2214 2214 2215 2215 2216 2216 2217 2217 2218 2218 2219 2219 2220 2220 2221 2221 2222 2222 2223 2223 2224 2224 2225 2225 2226 2226 2227 2227 2228 2228 2229 2229 2230 2230 2231 2231 2232 2232 2233 2233 2234 2234 2235 2235 2236 2236 2237 2237 2238 2238 2239 2239 2240 2240 2241 2241 2242 2242 2243 2243 2244 2244 2245 2245 2246 2246 2247 2247 2248 2248 2249 2249 2250 2250 2251 2251 2252 2252 2253 2253 2254 2254 2255 2255 2256 2256 2257 2257 2258 2258 2259 2259 2260 2260 2261 2261 2262 2262 2263 2263 2264 2264 2265 2265 2266 2266 2267 2267 2268 2268 2269 2269 2270 2270 2271 2271 2272 2272 2273 2273 2274 2274 2275 2275 2276 2276 2277 2277 2278 2278 2279 2279 2280 2280 2281 2281 2282 2282 2283 2283 2284 2284 2285 2285 2286 2286 2287 2287 2288 2288 2289 2289 2290 2290 2291 2291 2292 2292 2293 2293 2294 2294 2295 2295 2296 2296 2297 2297 2298 2298 2299 2299 2300 2300 2301 2301 2302 2302 2303 2303 2304 2304 2305 2305 2306 2306 2307 2307 2308 2308 2309 2309 2310 2310 2311 2311 2312 2312 2313 2313 2314 2314 2315 2315 2316 2316 2317 2317 2318 2318 2319 2319 2320 2320 2321 2321 2322 2322 2323 2323 2324 2324 2325 2325 2326 2326 2327 2327 2328 2328 2329 2329 2330 2330 2331 2331 2332 2332 2333 2333 2334 2334 2335 2335 2336 2336 2337 2337 2338 2338 2339 2339 2340 2340 2341 2341 2342 2342 2343 2343 2344 2344 2345 2345 2346 2346 2347 2347 2348 2348 2349 2349 2350 2350 2351 2351 2352 2352 2353 2353 2354 2354 2355 2355 2356 2356 2357 2357 2358 2358 2359 2359 2360 2360 2361 2361 2362 2362 7 7 2363 2363 2364 2364 2365 2365 2366 2366 2367 2367 2368 2368 2369 2369 2370 2370 2371 2371 2372 2372 2373 2373 2374 2374 2375 2375 2376 2376 2377 2377 2378 2378 2379 2379 2380 2380 2381 2381 2382 2382 2383 2383 2384 2384 2385 2385 2386 2386 2387 2387 2388 2388 2389 2389 2390 2390 2391 2391 2392 2392 2393 2393 2394 2394 2395 2395 2396 2396 2397 2397 2398 2398 2399 2399 2400 2400 2401 2401 2402 2402 2403 2403 2404 2404 2405 2405 2406 2406 2407 2407 2408 2408 2409 2409 2410 2410 2411 2411 2412 2412 2413 2413 2414 2414 2415 2415 2416 2416 2417 2417 2418 2418 2419 2419 2420 2420 2421 2421 2422 2422 2423 2423 2424 2424 2425 2425 2426 2426 2427 2427 2428 2428 2429 2429 2430 2430 2431 2431 2432 2432 2433 2433 2434 2434 2435 2435 2436 2436 2437 2437 2438 2438 2439 2439 2440 2440 2441 2441 2442 2442 2443 2443 2444 2444 2445 2445 2446 2446 2447 2447 2448 2448 2449 2449 2450 2450 2451 2451 2452 2452 2453 2453 2454 2454 2455 2455 2456 2456 2457 2457 2458 2458 2459 2459 2460 2460 2461 2461 2462 2462 2463 2463 2464 2464 2465 2465 2466 2466 2467 2467 2468 2468 2469 2469 2470 2470 2471 2471 2472 2472 2473 2473 2474 2474 2475 2475 2476 2476 2477 2477 2478 2478 2479 2479 2480 2480 2481 2481 2482 2482 2483 2483 2484 2484 2485 2485 2486 2486 2487 2487 2488 2488 2489 2489 2490 2490 2491 2491 2492 2492 2493 2493 2494 2494 2495 2495 2496 2496 2497 2497 2498 2498 2499 2499 2500 2500 2501 2501 2502 2502 2503 2503 2504 2504 2505 2505 2506 2506 2507 2507 2508 2508 2509 2509 2510 2510 2511 2511 2512 2512 2513 2513 2514 2514 2515 2515 2516 2516 2517 2517 2518 2518 2519 2519 2520 2520 2521 2521 2522 2522 2523 2523 2524 2524 2525 2525 2526 2526 2527 2527 2528 2528 2529 2529 2530 2530 2531 2531 2532 2532 2533 2533 2534 2534 2535 2535 2536 2536 2537 2537 2538 2538 2539 2539 2540 2540 2541 2541 2542 2542 2543 2543 2544 2544 2545 2545 2546 2546 2547 2547 2548 2548 2549 2549 2550 2550 2551 2551 2552 2552 2553 2553 2554 2554 2555 2555 2556 2556 2557 2557 2558 2558 2559 2559 2560 2560 2561 2561 2562 2562 2563 2563 2564 2564 2565 2565 2566 2566 2567 2567 2568 2568 2569 2569 2570 2570 2571 2571 2572 2572 2573 2573 2574 2574 2575 2575 2576 2576 2577 2577 2578 2578 2579 2579 2580 2580 2581 2581 2582 2582 2583 2583 2584 2584 2585 2585 2586 2586 2587 2587 2588 2588 2589 2589 2590 2590 2591 2591 2592 2592 2593 2593 2594 2594 2595 2595 2596 2596 2597 2597 2598 2598 2599 2599 2600 2600 2601 2601 2602 2602 2603 2603 2604 2604 2605 2605 2606 2606 2607 2607 2608 2608 2609 2609 2610 2610 2611 2611 2612 2612 2613 2613 2614 2614 2615 2615 2616 2616 2617 2617 2618 2618 2619 2619 2620 2620 2621 2621 8 8 2622 2622 2623 2623 2624 2624 2625 2625 2626 2626 2627 2627 2628 2628 2629 2629 2630 2630 2631 2631 2632 2632 2633 2633 2634 2634 2635 2635 2636 2636 2637 2637 2638 2638 2639 2639 2640 2640 2641 2641 2642 2642 2643 2643 2644 2644 2645 2645 2646 2646 2647 2647 2648 2648 2649 2649 2650 2650 2651 2651 2652 2652 2653 2653 2654 2654 2655 2655 2656 2656 2657 2657 2658 2658 2659 2659 2660 2660 2661 2661 2662 2662 2663 2663 2664 2664 2665 2665 2666 2666 2667 2667 2668 2668 2669 2669 2670 2670 2671 2671 2672 2672 2673 2673 2674 2674 2675 2675 9 4 9 
        </DataArray>
        <DataArray type="Int32" Name="offsets" NumberOfComponents="1" format="ascii">
4 8 12 16 20 24 28 32 36 40 44 48 52 56 60 64 68 72 76 80 84 88 92 96 100 104 108 112 116 120 124 128 132 136 140 144 148 152 156 160 164 168 172 176 180 184 188 192 196 200 204 208 212 216 220 224 228 232 236 240 244 248 252 256 260 264 268 272 276 280 284 288 292 296 300 304 308 312 316 320 324 328 332 336 340 344 348 352 356 360 364 368 372 376 380 384 388 392 396 400 404 408 412 416 420 424 428 432 436 440 444 448 452 456 460 464 468 472 476 480 484 488 492 496 500 504 508 512 516 520 524 528 532 536 540 544 548 552 556 560 564 568 572 576 580 584 588 592 596 600 604 608 612 616 620 624 628 632 636 640 644 648 652 656 660 664 668 672 676 680 684 688 692 696 700 704 708 712 716 720 724 728 732 736 740 744 748 752 756 760 764 768 772 776 780 784 788 792 796 800 804 808 812 816 820 824 828 832 836 840 844 848 852 856 860 864 868 872 876 880 884 888 892 896 900 904 908 912 916 920 924 928 932 936 940 944 948 952 956 960 964 968 972 976 980 984 988 992 996 1000 1004 1008 1012 1016 1020 1024 1028 1032 1036 1040 1044 1048 1052 1056 1060 1064 1068 1072 1076 1080 1084 1088 1092 1096 1100 1104 1108 1112 1116 1120 1124 1128 1132 1136 1140 1144 1148 1152 1156 1160 1164 1168 1172 1176 1180 1184 1188 1192 1196 1200 1204 1208 1212 1216 1220 1224 1228 1232 1236 1240 1244 1248 1252 1256 1260 1264 1268 1272 1276 1280 1284 1288 1292 1296 1300 1304 1308 1312 1316 1320 1324 1328 1332 1336 1340 1344 1348 1352 1356 1360 1364 1368 1372 1376 1380 1384 1388 1392 1396 1400 1404 1408 1412 1416 1420 1424 1428 1432 1436 1440 1444 1448 1452 1456 1460 1464 1468 1472 1476 1480 1484 1488 1492 1496 1500 1504 1508 1512 1516 1520 1524 1528 1532 1536 1540 1544 1548 1552 1556 1560 1564 1568 1572 1576 1580 1584 1588 1592 1596 1600 1604 1608 1612 1616 1620 1624 1628 1632 1636 1640 1644 1648 1652 1656 1660 1664 1668 1672 1676 1680 1684 1688 1692 1696 1700 1704 1708 1712 1716 1720 1724 1728 1732 1736 1740 1744 1748 1752 1756 1760 1764 1768 1772 1776 1780 1784 1788 1792 1796 1800 1804 1808 1812 1816 1820 1824 1828 1832 1836 1840 1844 1848 1852 1856 1860 1864 1868 1872 1876 1880 1884 1888 1892 1896 1900 1904 1908 1912 1916 1920 1924 1928 1932 1936 1940 1944 1948 1952 1956 1960 1964 1968 1972 1976 1980 1984 1988 1992 1996 2000 2004 2008 2012 2016 2020 2024 2028 2032 2036 2040 2044 2048 2052 2056 2060 2064 2068 2072 2076 2080 2084 2088 2092 2096 2100 2104 2108 2112 2116 2120 2124 2128 2132 2136 2140 2144 2148 2152 2156 2160 2164 2168 2172 2176 2180 2184 2188 2192 2196 2200 2204 2208 2212 2216 2220 2224 2228 2232 2236 2240 2244 2248 2252 2256 2260 2264 2268 2272 2276 2280 2284 2288 2292 2296 2300 2304 2308 2312 2316 2320 2324 2328 2332 2336 2340 2344 2348 2352 2356 2360 2364 2368 2372 2376 2380 2384 2388 2392 2396 2400 2404 2408 2412 2416 2420 2424 2428 2432 2436 2440 2444 2448 2452 2456 2460 2464 2468 2472 2476 2480 2484 2488 2492 2496 2500 2504 2508 2512 2516 2520 2524 2528 2532 2536 2540 2544 2548 2552 2556 2560 2564 2568 2572 2576 2580 2584 2588 2592 2596 2600 2604 2608 2612 2616 2620 2624 2628 2632 2636 2640 2644 2648 2652 2656 2660 2664 2668 2672 2676 2680 2684 2688 2692 2696 2700 2704 2708 2712 2716 2720 2724 2728 2732 2736 2740 2744 2748 2752 2756 2760 2764 2768 2772 2776 2780 2784 2788 2792 2796 2800 2804 2808 2812 2816 2820 2824 2828 2832 2836 2840 2844 2848 2852 2856 2860 2864 2868 2872 2876 2880 2884 2888 2892 2896 2900 2904 2908 2912 2916 2920 2924 2928 2932 2936 2940 2944 2948 2952 2956 2960 2964 2968 2972 2976 2980 2984 2988 2992 2996 3000 3004 3008 3012 3016 3020 3024 3028 3032 3036 3040 3044 3048 3052 3056 3060 3064 3068 3072 3076 3080 3084 3088 3092 3096 3100 3104 3108 3112 3116 3120 3124 3128 3132 3136 3140 3144 3148 3152 3156 3160 3164 3168 3172 3176 3180 3184 3188 3192 3196 3200 3204 3208 3212 3216 3220 3224 3228 3232 3236 3240 3244 3248 3252 3256 3260 3264 3268 3272 3276 3280 3284 3288 3292 3296 3300 3304 3308 3312 3316 3320 3324 3328 3332 3336 3340 3344 3348 3352 3356 3360 3364 3368 3372 3376 3380 3384 3388 3392 3396 3400 3404 3408 3412 3416 3420 3424 3428 3432 3436 3440 3444 3448 3452 3456 3460 3464 3468 3472 3476 3480 3484 3488 3492 3496 3500 3504 3508 3512 3516 3520 3524 3528 3532 3536 3540 3544 3548 3552 3556 3560 3564 3568 3572 3576 3580 3584 3588 3592 3596 3600 3604 3608 3612 3616 3620 3624 3628 3632 3636 3640 3644 3648 3652 3656 3660 3664 3668 3672 3676 3680 3684 3688 3692 3696 3700 3704 3708 3712 3716 3720 3724 3728 3732 3736 3740 3744 3748 3752 3756 3760 3764 3768 3772 3776 3780 3784 3788 3792 3796 3800 3804 3808 3812 3816 3820 3824 3828 3832 3836 3840 3844 3848 3852 3856 3860 3864 3868 3872 3876 3880 3884 3888 3892 3896 3900 3904 3908 3912 3916 3920 3924 3928 3932 3936 3940 3944 3948 3952 3956 3960 3964 3968 3972 3976 3980 3984 3988 3992 3996 4000 4004 4008 4012 4016 4020 4024 4028 4032 4036 4040 4044 4048 4052 4056 4060 4064 4068 4072 4076 4080 4084 4088 4092 4096 4100 4104 4108 4112 4116 4120 4124 4128 4132 4136 4140 4144 4148 4152 4156 4160 4164 4168 4172 4176 4180 4184 4188 4192 4196 4200 4204 4208 4212 4216 4220 4224 4228 4232 4236 4240 4244 4248 4252 4256 4260 4264 4268 4272 4276 4280 4284 4288 4292 4296 4300 4304 4308 4312 4316 4320 4324 4328 4332 4336 4340 4344 4348 4352 4356 4360 4364 4368 4372 4376 4380 4384 4388 4392 4396 4400 4404 4408 4412 4416 4420 4424 4428 4432 4436 4440 4444 4448 4452 4456 4460 4464 4468 4472 4476 4480 4484 4488 4492 4496 4500 4504 4508 4512 4516 4520 4524 4528 4532 4536 4540 4544 4548 4552 4556 4560 4564 4568 4572 4576 4580 4584 4588 4592 4596 4600 4604 4608 4612 4616 4620 4624 4628 4632 4636 4640 4644 4648 4652 4656 4660 4664 4668 4672 4676 4680 4684 4688 4692 4696 4700 4704 4708 4712 4716 4720 4724 4728 4732 4736 4740 4744 4748 4752 4756 4760 4764 4768 4772 4776 4780 4784 4788 4792 4796 4800 4804 4808 4812 4816 4820 4824 4828 4832 4836 4840 4844 4848 4852 4856 4860 4864 4868 4872 4876 4880 4884 4888 4892 4896 4900 4904 4908 4912 4916 4920 4924 4928 4932 4936 4940 4944 4948 4952 4956 4960 4964 4968 4972 4976 4980 4984 4988 4992 4996 5000 5004 5008 5012 5016 5020 5024 5028 5032 5036 5040 5044 5048 5052 5056 5060 5064 5068 5072 5076 5080 5084 5088 5092 5096 5100 5104 5108 5112 5116 5120 5124 5128 5132 5136 5140 5144 5148 5152 5156 5160 5164 5168 5172 5176 5180 5184 5188 5192 5196 5200 5204 5208 5212 5216 5220 5224 5228 5232 5236 5240 5244 5248 5252 5256 5260 5264 5268 5272 5276 5280 5284 5288 5292 5296 5300 5304 5308 5312 5316 5320 5324 5328 5332 5336 5340 5344 5348 5350 5352 5354 5356 5358 5360 5362 5364 5366 5368 5370 5372 5374 5376 5378 5380 5382 5384 5386 5388 5390 5392 5394 5396 5398 5400 5402 5404 5406 5408 5410 5412 5414 5416 5418 5420 5422 5424 5426 5428 5430 5432 5434 5436 5438 5440 5442 5444 5446 5448 5450 5452 5454 5456 5458 5460 5462 5464 5466 5468 5470 5472 5474 5476 5478 5480 5482 5484 5486 5488 5490 5492 5494 5496 5498 5500 5502 5504 5506 5508 5510 5512 5514 5516 5518 5520 5522 5524 5526 5528 5530 5532 5534 5536 5538 5540 5542 5544 5546 5548 5550 5552 5554 5556 5558 5560 5562 5564 5566 5568 5570 5572 5574 5576 5578 5580 5582 5584 5586 5588 5590 5592 5594 5596 5598 5600 5602 5604 5606 5608 5610 5612 5614 5616 5618 5620 5622 5624 5626 5628 5630 5632 5634 5636 5638 5640 5642 5644 5646 5648 5650 5652 5654 5656 5658 5660 5662 5664 5666 5668 5670 5672 5674 5676 5678 5680 5682 5684 5686 5688 5690 5692 5694 5696 5698 5700 5702 5704 5706 5708 5710 5712 5714 5716 5718 5720 5722 5724 5726 5728 5730 5732 5734 5736 5738 5740 5742 5744 5746 5748 5750 5752 5754 5756 5758 5760 5762 5764 5766 5768 5770 5772 5774 5776 5778 5780 5782 5784 5786 5788 5790 5792 5794 5796 5798 5800 5802 5804 5806 5808 5810 5812 5814 5816 5818 5820 5822 5824 5826 5828 5830 5832 5834 5836 5838 5840 5842 5844 5846 5848 5850 5852 5854 5856 5858 5860 5862 5864 5866 5868 5870 5872 5874 5876 5878 5880 5882 5884 5886 5888 5890 5892 5894 5896 5898 5900 5902 5904 5906 5908 5910 5912 5914 5916 5918 5920 5922 5924 5926 5928 5930 5932 5934 5936 5938 5940 5942 5944 5946 5948 5950 5952 5954 5956 5958 5960 5962 5964 5966 5968 5970 5972 5974 5976 5978 5980 5982 5984 5986 5988 5990 5992 5994 5996 5998 6000 6002 6004 6006 6008 6010 6012 6014 6016 6018 6020 6022 6024 6026 6028 6030 6032 6034 6036 6038 6040 6042 6044 6046 6048 6050 6052 6054 6056 6058 6060 6062 6064 6066 6068 6070 6072 6074 6076 6078 6080 6082 6084 6086 6088 6090 6092 6094 6096 6098 6100 6102 6104 6106 6108 6110 6112 6114 6116 6118 6120 6122 6124 6126 6128 6130 6132 6134 6136 6138 6140 6142 6144 6146 6148 6150 6152 6154 6156 6158 6160 6162 6164 6166 6168 6170 6172 6174 6176 6178 6180 6182 6184 6186 6188 6190 6192 6194 6196 6198 6200 6202 6204 6206 6208 6210 6212 6214 6216 6218 6220 6222 6224 6226 6228 6230 6232 6234 6236 6238 6240 6242 6244 6246 6248 6250 6252 6254 6256 6258 6260 6262 6264 6266 6268 6270 6272 6274 6276 6278 6280 6282 6284 6286 6288 6290 6292 6294 6296 6298 6300 6302 6304 6306 6308 6310 6312 6314 6316 6318 6320 6322 6324 6326 6328 6330 6332 6334 6336 6338 6340 6342 6344 6346 6348 6350 6352 6354 6356 6358 6360 6362 6364 6366 6368 6370 6372 6374 6376 6378 6380 6382 6384 6386 6388 6390 6392 6394 6396 6398 6400 6402 6404 6406 6408 6410 6412 6414 6416 6418 6420 6422 6424 6426 6428 6430 6432 6434 6436 6438 6440 6442 6444 6446 6448 6450 6452 6454 6456 6458 6460 6462 6464 6466 6468 6470 6472 6474 6476 6478 6480 6482 6484 6486 6488 6490 6492 6494 6496 6498 6500 6502 6504 6506 6508 6510 6512 6514 6516 6518 6520 6522 6524 6526 6528 6530 6532 6534 6536 6538 6540 6542 6544 6546 6548 6550 6552 6554 6556 6558 6560 6562 6564 6566 6568 6570 6572 6574 6576 6578 6580 6582 6584 6586 6588 6590 6592 6594 6596 6598 6600 6602 6604 6606 6608 6610 6612 6614 6616 6618 6620 6622 6624 6626 6628 6630 6632 6634 6636 6638 6640 6642 6644 6646 6648 6650 6652 6654 6656 6658 6660 6662 6664 6666 6668 6670 6672 6674 6676 6678 6680 6682 6684 6686 6688 6690 6692 6694 6696 6698 6700 6702 6704 6706 6708 6710 6712 6714 6716 6718 6720 6722 6724 6726 6728 6730 6732 6734 6736 6738 6740 6742 6744 6746 6748 6750 6752 6754 6756 6758 6760 6762 6764 6766 6768 6770 6772 6774 6776 6778 6780 6782 6784 6786 6788 6790 6792 6794 6796 6798 6800 6802 6804 6806 6808 6810 6812 6814 6816 6818 6820 6822 6824 6826 6828 6830 6832 6834 6836 6838 6840 6842 6844 6846 6848 6850 6852 6854 6856 6858 6860 6862 6864 6866 6868 6870 6872 6874 6876 6878 6880 6882 6884 6886 6888 6890 6892 6894 6896 6898 6900 6902 6904 6906 6908 6910 6912 6914 6916 6918 6920 6922 6924 6926 6928 6930 6932 6934 6936 6938 6940 6942 6944 6946 6948 6950 6952 6954 6956 6958 6960 6962 6964 6966 6968 6970 6972 6974 6976 6978 6980 6982 6984 6986 6988 6990 6992 6994 6996 6998 7000 7002 7004 7006 7008 7010 7012 7014 7016 7018 7020 7022 7024 7026 7028 7030 7032 7034 7036 7038 7040 7042 7044 7046 7048 7050 7052 7054 7056 7058 7060 7062 7064 7066 7068 7070 7072 7074 7076 7078 7080 7082 7084 7086 7088 7090 7092 7094 7096 7098 7100 7102 7104 7106 7108 7110 7112 7114 7116 7118 7120 7122 7124 7126 7128 7130 7132 7134 7136 7138 7140 7142 7144 7146 7148 7150 7152 7154 7156 7158 7160 7162 7164 7166 7168 7170 7172 7174 7176 7178 7180 7182 7184 7186 7188 7190 7192 7194 7196 7198 7200 7202 7204 7206 7208 7210 7212 7214 7216 7218 7220 7222 7224 7226 7228 7230 7232 7234 7236 7238 7240 7242 7244 7246 7248 7250 7252 7254 7256 7258 7260 7262 7264 7266 7268 7270 7272 7274 7276 7278 7280 7282 7284 7286 7288 7290 7292 7294 7296 7298 7300 7302 7304 7306 7308 7310 7312 7314 7316 7318 7320 7322 7324 7326 7328 7330 7332 7334 7336 7338 7340 7342 7344 7346 7348 7350 7352 7354 7356 7358 7360 7362 7364 7366 7368 7370 7372 7374 7376 7378 7380 7382 7384 7386 7388 7390 7392 7394 7396 7398 7400 7402 7404 7406 7408 7410 7412 7414 7416 7418 7420 7422 7424 7426 7428 7430 7432 7434 7436 7438 7440 7442 7444 7446 7448 7450 7452 7454 7456 7458 7460 7462 7464 7466 7468 7470 7472 7474 7476 7478 7480 7482 7484 7486 7488 7490 7492 7494 7496 7498 7500 7502 7504 7506 7508 7510 7512 7514 7516 7518 7520 7522 7524 7526 7528 7530 7532 7534 7536 7538 7540 7542 7544 7546 7548 7550 7552 7554 7556 7558 7560 7562 7564 7566 7568 7570 7572 7574 7576 7578 7580 7582 7584 7586 7588 7590 7592 7594 7596 7598 7600 7602 7604 7606 7608 7610 7612 7614 7616 7618 7620 7622 7624 7626 7628 7630 7632 7634 7636 7638 7640 7642 7644 7646 7648 7650 7652 7654 7656 7658 7660 7662 7664 7666 7668 7670 7672 7674 7676 7678 7680 7682 7684 7686 7688 7690 7692 7694 7696 7698 7700 7702 7704 7706 7708 7710 7712 7714 7716 7718 7720 7722 7724 7726 7728 7730 7732 7734 7736 7738 7740 7742 7744 7746 7748 7750 7752 7754 7756 7758 7760 7762 7764 7766 7768 7770 7772 7774 7776 7778 7780 7782 7784 7786 7788 7790 7792 7794 7796 7798 7800 7802 7804 7806 7808 7810 7812 7814 7816 7818 7820 7822 7824 7826 7828 7830 7832 7834 7836 7838 7840 7842 7844 7846 7848 7850 7852 7854 7856 7858 7860 7862 7864 7866 7868 7870 7872 7874 7876 7878 7880 7882 7884 7886 7888 7890 7892 7894 7896 7898 7900 7902 7904 7906 7908 7910 7912 7914 7916 7918 7920 7922 7924 7926 7928 7930 7932 7934 7936 7938 7940 7942 7944 7946 7948 7950 7952 7954 7956 7958 7960 7962 7964 7966 7968 7970 7972 7974 7976 7978 7980 7982 7984 7986 7988 7990 7992 7994 7996 7998 8000 8002 8004 8006 8008 8010 8012 8014 8016 8018 8020 8022 8024 8026 8028 8030 8032 8034 8036 8038 8040 8042 8044 8046 8048 8050 8052 8054 8056 8058 8060 8062 8064 8066 8068 8070 8072 8074 8076 8078 8080 8082 8084 8086 8088 8090 8092 8094 8096 8098 8100 8102 8104 8106 8108 8110 8112 8114 8116 8118 8120 8122 8124 8126 8128 8130 8132 8134 8136 8138 8140 8142 8144 8146 8148 8150 8152 8154 8156 8158 8160 8162 8164 8166 8168 8170 8172 8174 8176 8178 8180 8182 8184 8186 8188 8190 8192 8194 8196 8198 8200 8202 8204 8206 8208 8210 8212 8214 8216 8218 8220 8222 8224 8226 8228 8230 8232 8234 8236 8238 8240 8242 8244 8246 8248 8250 8252 8254 8256 8258 8260 8262 8264 8266 8268 8270 8272 8274 8276 8278 8280 8282 8284 8286 8288 8290 8292 8294 8296 8298 8300 8302 8304 8306 8308 8310 8312 8314 8316 8318 8320 8322 8324 8326 8328 8330 8332 8334 8336 8338 8340 8342 8344 8346 8348 8350 8352 8354 8356 8358 8360 8362 8364 8366 8368 8370 8372 8374 8376 8378 8380 8382 8384 8386 8388 8390 8392 8394 8396 8398 8400 8402 8404 8406 8408 8410 8412 8414 8416 8418 8420 8422 8424 8426 8428 8430 8432 8434 8436 8438 8440 8442 8444 8446 8448 8450 8452 8454 8456 8458 8460 8462 8464 8466 8468 8470 8472 8474 8476 8478 8480 8482 8484 8486 8488 8490 8492 8494 8496 8498 8500 8502 8504 8506 8508 8510 8512 8514 8516 8518 8520 8522 8524 8526 8528 8530 8532 8534 8536 8538 8540 8542 8544 8546 8548 8550 8552 8554 8556 8558 8560 8562 8564 8566 8568 8570 8572 8574 8576 8578 8580 8582 8584 8586 8588 8590 8592 8594 8596 8598 8600 8602 8604 8606 8608 8610 8612 8614 8616 8618 8620 8622 8624 8626 8628 8630 8632 8634 8636 8638 8640 8642 8644 8646 8648 8650 8652 8654 8656 8658 8660 8662 8664 8666 8668 8670 8672 8674 8676 8678 8680 8682 8684 8686 8688 8690 8692 8694 8696 8698 8700 8702 8704 8706 8708 8710 8712 8714 8716 8718 8720 8722 8724 8726 8728 8730 8732 8734 8736 8738 8740 8742 8744 8746 8748 8750 8752 8754 8756 8758 8760 8762 8764 8766 8768 8770 8772 8774 8776 8778 8780 8782 8784 8786 8788 8790 8792 8794 8796 8798 8800 8802 8804 8806 8808 8810 8812 8814 8816 8818 8820 8822 8824 8826 8828 8830 8832 8834 8836 8838 8840 8842 8844 8846 8848 8850 8852 8854 8856 8858 8860 8862 8864 8866 8868 8870 8872 8874 8876 8878 8880 8882 8884 8886 8888 8890 8892 8894 8896 8898 8900 8902 8904 8906 8908 8910 8912 8914 8916 8918 8920 8922 8924 8926 8928 8930 8932 8934 8936 8938 8940 8942 8944 8946 8948 8950 8952 8954 8956 8958 8960 8962 8964 8966 8968 8970 8972 8974 8976 8978 8980 8982 8984 8986 8988 8990 8992 8994 8996 8998 9000 9002 9004 9006 9008 9010 9012 9014 9016 9018 9020 9022 9024 9026 9028 9030 9032 9034 9036 9038 9040 9042 9044 9046 9048 9050 9052 9054 9056 9058 9060 9062 9064 9066 9068 9070 9072 9074 9076 9078 9080 9082 9084 9086 9088 9090 9092 9094 9096 9098 9100 9102 9104 9106 9108 9110 9112 9114 9116 9118 9120 9122 9124 9126 9128 9130 9132 9134 9136 9138 9140 9142 9144 9146 9148 9150 9152 9154 9156 9158 9160 9162 9164 9166 9168 9170 9172 9174 9176 9178 9180 9182 9184 9186 9188 9190 9192 9194 9196 9198 9200 9202 9204 9206 9208 9210 9212 9214 9216 9218 9220 9222 9224 9226 9228 9230 9232 9234 9236 9238 9240 9242 9244 9246 9248 9250 9252 9254 9256 9258 9260 9262 9264 9266 9268 9270 9272 9274 9276 9278 9280 9282 9284 9286 9288 9290 9292 9294 9296 9298 9300 9302 9304 9306 9308 9310 9312 9314 9316 9318 9320 9322 9324 9326 9328 9330 9332 9334 9336 9338 9340 9342 9344 9346 9348 9350 9352 9354 9356 9358 9360 9362 9364 9366 9368 9370 9372 9374 9376 9378 9380 9382 9384 9386 9388 9390 9392 9394 9396 9398 9400 9402 9404 9406 9408 9410 9412 9414 9416 9418 9420 9422 9424 9426 9428 9430 9432 9434 9436 9438 9440 9442 9444 9446 9448 9450 9452 9454 9456 9458 9460 9462 9464 9466 9468 9470 9472 9474 9476 9478 9480 9482 9484 9486 9488 9490 9492 9494 9496 9498 9500 9502 9504 9506 9508 9510 9512 9514 9516 9518 9520 9522 9524 9526 9528 9530 9532 9534 9536 9538 9540 9542 9544 9546 9548 9550 9552 9554 9556 9558 9560 9562 9564 9566 9568 9570 9572 9574 9576 9578 9580 9582 9584 9586 9588 9590 9592 9594 9596 9598 9600 9602 9604 9606 9608 9610 9612 9614 9616 9618 9620 9622 9624 9626 9628 9630 9632 9634 9636 9638 9640 9642 9644 9646 9648 9650 9652 9654 9656 9658 9660 9662 9664 9666 9668 9670 9672 9674 9676 9678 9680 9682 9684 9686 9688 9690 9692 9694 9696 9698 9700 9702 9704 9706 9708 9710 9712 9714 9716 9718 9720 9722 9724 9726 9728 9730 9732 9734 9736 9738 9740 9742 9744 9746 9748 9750 9752 9754 9756 9758 9760 9762 9764 9766 9768 9770 9772 9774 9776 9778 9780 9782 9784 9786 9788 9790 9792 9794 9796 9798 9800 9802 9804 9806 9808 9810 9812 9814 9816 9818 9820 9822 9824 9826 9828 9830 9832 9834 9836 9838 9840 9842 9844 9846 9848 9850 9852 9854 9856 9858 9860 9862 9864 9866 9868 9870 9872 9874 9876 9878 9880 9882 9884 9886 9888 9890 9892 9894 9896 9898 9900 9902 9904 9906 9908 9910 9912 9914 9916 9918 9920 9922 9924 9926 9928 9930 9932 9934 9936 9938 9940 9942 9944 9946 9948 9950 9952 9954 9956 9958 9960 9962 9964 9966 9968 9970 9972 9974 9976 9978 9980 9982 9984 9986 9988 9990 9992 9994 9996 9998 10000 10002 10004 10006 10008 10010 10012 10014 10016 10018 10020 10022 10024 10026 10028 10030 10032 10034 10036 10038 10040 10042 10044 10046 10048 10050 10052 10054 10056 10058 10060 10062 10064 10066 10068 10070 10072 10074 10076 10078 10080 10082 10084 10086 10088 10090 10092 10094 10096 10098 10100 10102 10104 10106 10108 10110 10112 10114 10116 10118 10120 10122 10124 10126 10128 10130 10132 10134 10136 10138 10140 10142 10144 10146 10148 10150 10152 10154 10156 10158 10160 10162 10164 10166 10168 10170 10172 10174 10176 10178 10180 10182 10184 10186 10188 10190 10192 10194 10196 10198 10200 10202 10204 10206 10208 10210 10212 10214 10216 10218 10220 10222 10224 10226 10228 10230 10232 10234 10236 10238 10240 10242 10244 10246 10248 10250 10252 10254 10256 10258 10260 10262 10264 10266 10268 10270 10272 10274 10276 10278 10280 10282 10284 10286 10288 10290 10292 10294 10296 10298 10300 10302 10304 10306 10308 10310 10312 10314 10316 10318 10320 10322 10324 10326 10328 10330 10332 10334 10336 10338 10340 10342 10344 10346 10348 10350 10352 10354 10356 10358 10360 10362 10364 10366 10368 10370 10372 10374 10376 10378 10380 10382 10384 10386 10388 10390 10392 10394 10396 10398 10400 10402 10404 10406 10408 10410 10412 10414 10416 10418 10420 10422 10424 10426 10428 10430 10432 10434 10436 10438 10440 10442 10444 10446 10448 10450 10452 10454 10456 10458 10460 10462 10464 10466 10468 10470 10472 10474 10476 10478 10480 10482 10484 10486 10488 10490 10492 10494 10496 10498 10500 10502 10504 10506 10508 10510 10512 10514 10516 10518 10520 10522 10524 10526 10528 10530 10532 10534 10536 10538 10540 10542 10544 10546 10548 10550 10552 10554 10556 10558 10560 10562 10564 10566 10568 10570 10572 10574 10576 10578 10580 10582 10584 10586 10588 10590 10592 10594 10596 10598 10600 10602 10604 10606 10608 10610 10612 10614 10616 10618 10620 10622 10624 10626 10628 10630 10632 10634 10636 10638 10640 10642 10644 10646 10648 10650 10652 10654 10656 10658 10660 10662 10664 10666 10668 10670 10672 10674 10676 10678 10680 10682 10684 10686 10688 10690 10692 10694 10696 10698 10700 
        </DataArray>
        <DataArray type="Int32" Name="types" NumberOfComponents="1" format="ascii">
9 9 9 9 9 9 9 9 9 9 9 9 9 9 9 9 9 9 9 9 9 9 9 9 9 9 9 9 9 9 9 9 9 9 9 9 9 9 9 9 9 9 9 9 9 9 9 9 9 9 9 9 9 9 9 9 9 9 9 9 9 9 9 9 9 9 9 9 9 9 9 9 9 9 9 9 9 9 9 9 9 9 9 9 9 9 9 9 9 9 9 9 9 9 9 9 9 9 9 9 9 9 9 9 9 9 9 9 9 9 9 9 9 9 9 9 9 9 9 9 9 9 9 9 9 9 9 9 9 9 9 9 9 9 9 9 9 9 9 9 9 9 9 9 9 9 9 9 9 9 9 9 9 9 9 9 9 9 9 9 9 9 9 9 9 9 9 9 9 9 9 9 9 9 9 9 9 9 9 9 9 9 9 9 9 9 9 9 9 9 9 9 9 9 9 9 9 9 9 9 9 9 9 9 9 9 9 9 9 9 9 9 9 9 9 9 9 9 9 9 9 9 9 9 9 9 9 9 9 9 9 9 9 9 9 9 9 9 9 9 9 9 9 9 9 9 9 9 9 9 9 9 9 9 9 9 9 9 9 9 9 9 9 9 9 9 9 9 9 9 9 9 9 9 9 9 9 9 9 9 9 9 9 9 9 9 9 9 9 9 9 9 9 9 9 9 9 9 9 9 9 9 9 9 9 9 9 9 9 9 9 9 9 9 9 9 9 9 9 9 9 9 9 9 9 9 9 9 9 9 9 9 9 9 9 9 9 9 9 9 9 9 9 9 9 9 9 9 9 9 9 9 9 9 9 9 9 9 9 9 9 9 9 9 9 9 9 9 9 9 9 9 9 9 9 9 9 9 9 9 9 9 9 9 9 9 9 9 9 9 9 9 9 9 9 9 9 9 9 9 9 9 9 9 9 9 9 9 9 9 9 9 9 9 9 9 9 9 9 9 9 9 9 9 9 9 9 9 9 9 9 9 9 9 9 9 9 9 9 9 9 9 9 9 9 9 9 9 9 9 9 9 9 9 9 9 9 9 9 9 9 9 9 9 9 9 9 9 9 9 9 9 9 9 9 9 9 9 9 9 9 9 9 9 9 9 9 9 9 9 9 9 9 9 9 9 9 9 9 9 9 9 9 9 9 9 9 9 9 9 9 9 9 9 9 9 9 9 9 9 9 9 9 9 9 9 9 9 9 9 9 9 9 9 9 9 9 9 9 9 9 9 9 9 9 9 9 9 9 9 9 9 9 9 9 9 9 9 9 9 9 9 9 9 9 9 9 9 9 9 9 9 9 9 9 9 9 9 9 9 9 9 9 9 9 9 9 9 9 9 9 9 9 9 9 9 9 9 9 9 9 9 9 9 9 9 9 9 9 9 9 9 9 9 9 9 9 9 9 9 9 9 9 9 9 9 9 9 9 9 9 9 9 9 9 9 9 9 9 9 9 9 9 9 9 9 9 9 9 9 9 9 9 9 9 9 9 9 9 9 9 9 9 9 9 9 9 9 9 9 9 9 9 9 9 9 9 9 9 9 9 9 9 9 9 9 9 9 9 9 9 9 9 9 9 9 9 9 9 9 9 9 9 9 9 9 9 9 9 9 9 9 9 9 9 9 9 9 9 9 9 9 9 9 9 9 9 9 9 9 9 9 9 9 9 9 9 9 9 9 9 9 9 9 9 9 9 9 9 9 9 9 9 9 9 9 9 9 9 9 9 9 9 9 9 9 9 9 9 9 9 9 9 9 9 9 9 9 9 9 9 9 9 9 9 9 9 9 9 9 9 9 9 9 9 9 9 9 9 9 9 9 9 9 9 9 9 9 9 9 9 9 9 9 9 9 9 9 9 9 9 9 9 9 9 9 9 9 9 9 9 9 9 9 9 9 9 9 9 9 9 9 9 9 9 9 9 9 9 9 9 9 9 9 9 9 9 9 9 9 9 9 9 9 9 9 9 9 9 9 9 9 9 9 9 9 9 9 9 9 9 9 9 9 9 9 9 9 9 9 9 9 9 9 9 9 9 9 9 9 9 9 9 9 9 9 9 9 9 9 9 9 9 9 9 9 9 9 9 9 9 9 9 9 9 9 9 9 9 9 9 9 9 9 9 9 9 9 9 9 9 9 9 9 9 9 9 9 9 9 9 9 9 9 9 9 9 9 9 9 9 9 9 9 9 9 9 9 9 9 9 9 9 9 9 9 9 9 9 9 9 9 9 9 9 9 9 9 9 9 9 9 9 9 9 9 9 9 9 9 9 9 9 9 9 9 9 9 9 9 9 9 9 9 9 9 9 9 9 9 9 9 9 9 9 9 9 9 9 9 9 9 9 9 9 9 9 9 9 9 9 9 9 9 9 9 9 9 9 9 9 9 9 9 9 9 9 9 9 9 9 9 9 9 9 9 9 9 9 9 9 9 9 9 9 9 9 9 9 9 9 9 9 9 9 9 9 9 9 9 9 9 9 9 9 9 9 9 9 9 9 9 9 9 9 9 9 9 9 9 9 9 9 9 9 9 9 9 9 9 9 9 9 9 9 9 9 9 9 9 9 9 9 9 9 9 9 9 9 9 9 9 9 9 9 9 9 9 9 9 9 9 9 9 9 9 9 9 9 9 9 9 9 9 9 9 9 9 9 9 9 9 9 9 9 9 9 9 9 9 9 9 9 9 9 9 9 9 9 9 9 9 9 9 9 9 9 9 9 9 9 9 9 9 9 9 9 9 9 9 9 9 9 9 9 9 9 9 9 9 9 9 9 9 9 9 9 9 9 9 9 9 9 9 9 9 9 9 9 9 9 9 9 9 9 9 9 9 9 9 9 9 9 9 9 9 9 9 9 9 9 9 9 9 9 9 9 9 9 9 9 9 9 9 9 9 9 9 9 9 9 9 9 9 9 9 9 9 9 9 9 9 9 9 9 9 9 9 9 9 9 9 9 9 9 9 9 9 9 9 9 9 9 9 9 9 9 9 9 9 9 9 9 9 9 9 9 9 9 9 9 9 9 9 9 9 9 3 3 3 3 3 3 3 3 3 3 3 3 3 3 3 3 3 3 3 3 3 3 3 3 3 3 3 3 3 3 3 3 3 3 3 3 3 3 3 3 3 3 3 3 3 3 3 3 3 3 3 3 3 3 3 3 3 3 3 3 3 3 3 3 3 3 3 3 3 3 3 3 3 3 3 3 3 3 3 3 3 3 3 3 3 3 3 3 3 3 3 3 3 3 3 3 3 3 3 3 3 3 3 3 3 3 3 3 3 3 3 3 3 3 3 3 3 3 3 3 3 3 3 3 3 3 3 3 3 3 3 3 3 3 3 3 3 3 3 3 3 3 3 3 3 3 3 3 3 3 3 3 3 3 3 3 3 3 3 3 3 3 3 3 3 3 3 3 3 3 3 3 3 3 3 3 3 3 3 3 3 3 3 3 3 3 3 3 3 3 3 3 3 3 3 3 3 3 3 3 3 3 3 3 3 3 3 3 3 3 3 3 3 3 3 3 3 3 3 3 3 3 3 3 3 3 3 3 3 3 3 3 3 3 3 3 3 3 3 3 3 3 3 3 3 3 3 3 3 3 3 3 3 3 3 3 3 3 3 3 3 3 3 3 3 3 3 3 3 3 3 3 3 3 3 3 3 3 3 3 3 3 3 3 3 3 3 3 3 3 3 3 3 3 3 3 3 3 3 3 3 3 3 3 3 3 3 3 3 3 3 3 3 3 3 3 3 3 3 3 3 3 3 3 3 3 3 3 3 3 3 3 3 3 3 3 3 3 3 3 3 3 3 3 3 3 3 3 3 3 3 3 3 3 3 3 3 3 3 3 3 3 3 3 3 3 3 3 3 3 3 3 3 3 3 3 3 3 3 3 3 3 3 3 3 3 3 3 3 3 3 3 3 3 3 3 3 3 3 3 3 3 3 3 3 3 3 3 3 3 3 3 3 3 3 3 3 3 3 3 3 3 3 3 3 3 3 3 3 3 3 3 3 3 3 3 3 3 3 3 3 3 3 3 3 3 3 3 3 3 3 3 3 3 3 3 3 3 3 3 3 3 3 3 3 3 3 3 3 3 3 3 3 3 3 3 3 3 3 3 3 3 3 3 3 3 3 3 3 3 3 3 3 3 3 3 3 3 3 3 3 3 3 3 3 3 3 3 3 3 3 3 3 3 3 3 3 3 3 3 3 3 3 3 3 3 3 3 3 3 3 3 3 3 3 3 3 3 3 3 3 3 3 3 3 3 3 3 3 3 3 3 3 3 3 3 3 3 3 3 3 3 3 3 3 3 3 3 3 3 3 3 3 3 3 3 3 3 3 3 3 3 3 3 3 3 3 3 3 3 3 3 3 3 3 3 3 3 3 3 3 3 3 3 3 3 3 3 3 3 3 3 3 3 3 3 3 3 3 3 3 3 3 3 3 3 3 3 3 3 3 3 3 3 3 3 3 3 3 3 3 3 3 3 3 3 3 3 3 3 3 3 3 3 3 3 3 3 3 3 3 3 3 3 3 3 3 3 3 3 3 3 3 3 3 3 3 3 3 3 3 3 3 3 3 3 3 3 3 3 3 3 3 3 3 3 3 3 3 3 3 3 3 3 3 3 3 3 3 3 3 3 3 3 3 3 3 3 3 3 3 3 3 3 3 3 3 3 3 3 3 3 3 3 3 3 3 3 3 3 3 3 3 3 3 3 3 3 3 3 3 3 3 3 3 3 3 3 3 3 3 3 3 3 3 3 3 3 3 3 3 3 3 3 3 3 3 3 3 3 3 3 3 3 3 3 3 3 3 3 3 3 3 3 3 3 3 3 3 3 3 3 3 3 3 3 3 3 3 3 3 3 3 3 3 3 3 3 3 3 3 3 3 3 3 3 3 3 3 3 3 3 3 3 3 3 3 3 3 3 3 3 3 3 3 3 3 3 3 3 3 3 3 3 3 3 3 3 3 3 3 3 3 3 3 3 3 3 3 3 3 3 3 3 3 3 3 3 3 3 3 3 3 3 3 3 3 3 3 3 3 3 3 3 3 3 3 3 3 3 3 3 3 3 3 3 3 3 3 3 3 3 3 3 3 3 3 3 3 3 3 3 3 3 3 3 3 3 3 3 3 3 3 3 3 3 3 3 3 3 3 3 3 3 3 3 3 3 3 3 3 3 3 3 3 3 3 3 3 3 3 3 3 3 3 3 3 3 3 3 3 3 3 3 3 3 3 3 3 3 3 3 3 3 3 3 3 3 3 3 3 3 3 3 3 3 3 3 3 3 3 3 3 3 3 3 3 3 3 3 3 3 3 3 3 3 3 3 3 3 3 3 3 3 3 3 3 3 3 3 3 3 3 3 3 3 3 3 3 3 3 3 3 3 3 3 3 3 3 3 3 3 3 3 3 3 3 3 3 3 3 3 3 3 3 3 3 3 3 3 3 3 3 3 3 3 3 3 3 3 3 3 3 3 3 3 3 3 3 3 3 3 3 3 3 3 3 3 3 3 3 3 3 3 3 3 3 3 3 3 3 3 3 3 3 3 3 3 3 3 3 3 3 3 3 3 3 3 3 3 3 3 3 3 3 3 3 3 3 3 3 3 3 3 3 3 3 3 3 3 3 3 3 3 3 3 3 3 3 3 3 3 3 3 3 3 3 3 3 3 3 3 3 3 3 3 3 3 3 3 3 3 3 3 3 3 3 3 3 3 3 3 3 3 3 3 3 3 3 3 3 3 3 3 3 3 3 3 3 3 3 3 3 3 3 3 3 3 3 3 3 3 3 3 3 3 3 3 3 3 3 3 3 3 3 3 3 3 3 3 3 3 3 3 3 3 3 3 3 3 3 3 3 3 3 3 3 3 3 3 3 3 3 3 3 3 3 3 3 3 3 3 3 3 3 3 3 3 3 3 3 3 3 3 3 3 3 3 3 3 3 3 3 3 3 3 3 3 3 3 3 3 3 3 3 3 3 3 3 3 3 3 3 3 3 3 3 3 3 3 3 3 3 3 3 3 3 3 3 3 3 3 3 3 3 3 3 3 3 3 3 3 3 3 3 3 3 3 3 3 3 3 3 3 3 3 3 3 3 3 3 3 3 3 3 3 3 3 3 3 3 3 3 3 3 3 3 3 3 3 3 3 3 3 3 3 3 3 3 3 3 3 3 3 3 3 3 3 3 3 3 3 3 3 3 3 3 3 3 3 3 3 3 3 3 3 3 3 3 3 3 3 3 3 3 3 3 3 3 3 3 3 3 3 3 3 3 3 3 3 3 3 3 3 3 3 3 3 3 3 3 3 3 3 3 3 3 3 3 3 3 3 3 3 3 3 3 3 3 3 3 3 3 3 3 3 3 3 3 3 3 3 3 3 3 3 3 3 3 3 3 3 3 3 3 3 3 3 3 3 3 3 3 3 3 3 3 3 3 3 3 3 3 3 3 3 3 3 3 3 3 3 3 3 3 3 3 3 3 3 3 3 3 3 3 3 3 3 3 3 3 3 3 3 3 3 3 3 3 3 3 3 3 3 3 3 3 3 3 3 3 3 3 3 3 3 3 3 3 3 3 3 3 3 3 3 3 3 3 3 3 3 3 3 3 3 3 3 3 3 3 3 3 3 3 3 3 3 3 3 3 3 3 3 3 3 3 3 3 3 3 3 3 3 3 3 3 3 3 3 3 3 3 3 3 3 3 3 3 3 3 3 3 3 3 3 3 3 3 3 3 3 3 3 3 3 3 3 3 3 3 3 3 3 3 3 3 3 3 3 3 3 3 3 3 3 3 3 3 3 3 3 3 3 3 3 3 3 3 3 3 3 3 3 3 3 3 3 3 3 3 3 3 3 3 3 3 3 3 3 3 3 3 3 3 3 3 3 3 3 3 3 3 3 3 3 3 3 3 3 3 3 3 3 3 3 3 3 3 3 3 3 3 3 3 3 3 3 3 3 3 3 3 3 3 3 3 3 3 3 3 3 3 3 3 3 3 3 3 3 3 3 3 3 3 3 3 3 3 3 3 3 3 3 3 3 3 3 3 3 3 3 3 3 3 3 3 3 3 3 3 3 3 3 3 3 3 3 3 3 3 3 3 3 3 3 3 3 3 3 3 3 3 3 3 3 3 3 3 3 3 3 3 3 3 3 3 3 3 3 3 3 3 3 3 3 3 3 3 3 3 3 3 3 3 3 3 3 3 3 3 3 3 3 3 3 3 3 3 3 3 3 3 3 3 3 3 3 3 3 3 3 3 3 3 3 3 3 3 3 3 3 3 3 3 3 3 3 3 3 3 3 3 3 3 3 3 3 3 3 3 3 3 3 3 3 3 3 3 3 3 3 3 3 3 3 3 3 3 3 3 3 3 3 3 3 3 3 3 3 3 3 3 3 3 3 3 3 3 3 3 3 3 3 3 3 3 3 3 3 3 3 3 3 3 3 3 3 3 3 3 3 3 3 3 3 3 3 3 3 3 3 3 3 3 3 3 3 3 3 3 3 3 3 3 3 3 3 3 3 3 3 3 3 3 3 3 3 3 3 3 3 3 3 3 3 3 3 3 3 3 3 3 3 3 3 3 3 3 3 3 3 3 3 3 3 3 3 3 3 3 3 3 3 3 3 3 3 3 3 3 3 3 3 3 3 3 3 3 3 3 3 3 3 3 3 3 3 3 3 3 3 3 3 3 3 3 3 3 3 3 3 3 3 3 3 3 3 3 3 3 3 3 3 3 3 3 3 3 3 3 3 3 3 3 3 3 3 3 3 3 3 3 3 3 3 3 3 3 3 3 3 3 3 3 3 3 3 3 3 3 3 3 3 3 3 3 3 3 3 3 3 3 3 3 3 3 3 3 3 3 3 3 3 3 3 3 3 3 3 3 3 3 3 3 3 3 3 3 3 3 3 3 3 3 3 3 3 3 3 3 3 3 3 3 3 3 3 3 3 3 3 3 3 3 3 3 3 3 3 3 3 3 3 3 3 3 3 3 3 3 3 3 3 3 3 3 3 3 3 3 3 3 3 3 3 3 3 3 3 3 3 3 3 3 3 3 3 3 3 3 3 3 3 3 3 3 3 3 3 3 3 3 3 3 3 3 3 3 3 3 3 3 3 3 3 3 3 3 3 3 3 3 3 3 3 3 3 3 3 3 3 3 3 3 3 3 3 3 3 3 3 3 3 3 3 3 3 3 3 3 3 3 3 3 3 3 3 3 3 3 3 3 3 3 3 3 3 3 3 3 3 3 3 3 3 3 3 3 3 3 3 3 3 3 3 3 3 3 3 3 3 3 3 3 3 3 3 3 3 3 3 3 3 3 3 3 3 3 3 3 3 3 3 3 3 3 3 3 3 3 3 3 3 3 3 3 3 3 3 3 3 3 3 3 3 3 3 3 3 3 3 3 3 3 3 3 3 3 3 3 3 3 3 3 3 3 3 3 3 3 3 3 3 3 3 3 3 3 3 3 3 3 3 3 3 3 3 3 3 3 3 3 3 3 3 3 3 3 3 3 3 3 3 3 3 3 3 3 3 3 3 3 3 3 3 3 3 3 3 3 3 3 3 3 3 3 3 3 3 3 3 3 3 3 3 3 3 3 3 3 3 3 3 3 3 3 3 3 3 3 3 3 3 3 3 3 3 3 3 3 3 3 3 3 3 3 3 3 3 3 3 3 3 3 3 3 3 3 3 3 3 3 3 3 3 3 3 3 3 3 3 3 3 3 3 3 3 3 3 3 3 3 3 3 3 3 3 3 3 3 3 3 3 3 3 3 3 3 3 3 3 3 3 3 3 3 3 3 3 3 3 3 3 3 3 3 3 3 3 3 3 3 3 3 3 3 3 3 3 3 3 3 3 3 3 3 3 3 3 3 3 3 3 3 3 3 3 3 3 3 3 3 3 3 3 3 3 3 3 3 3 3 3 3 3 3 3 3 3 3 3 3 3 3 3 3 3 3 3 3 3 3 3 3 3 3 3 3 3 3 3 3 3 3 3 3 3 3 3 3 3 3 3 3 3 3 3 3 3 3 3 3 3 3 3 3 3 3 3 3 3 3 3 3 3 
        </DataArray>
      </Cells>
    </Piece>
  </UnstructuredGrid>
</VTKFile>
