$MeshFormat
4.1 0 8
$EndMeshFormat
$Entities
10 13 4 0
1 0 0 0 0 
2 3333333.333333333 0 0 0 
3 4000000 0 0 0 
4 4250000 0 0 0 
5 4809229.088763437 0 0 0 
6 0 1000 0 0 
7 3333333.333333333 1000 0 0 
9 4000000 1000 0 0 
11 4250000 1000 0 0 
13 4809229.088763437 1000 0 0 
1 0 0 0 3333333.333333333 0 0 1 24 2 1 -2 
2 3333333.333333333 0 0 4000000 0 0 1 24 2 2 -3 
3 4000000 0 0 4250000 0 0 1 24 2 3 -4 
4 4250000 0 0 4809229.088763437 0 0 1 24 2 4 -5 
5 0 1000 0 3333333.333333333 1000 0 1 25 2 6 -7 
6 0 0 0 0 1000 0 1 22 2 1 -6 
7 3333333.333333333 0 0 3333333.333333333 1000 0 0 2 2 -7 
9 3333333.333333333 1000 0 4000000 1000 0 1 25 2 7 -9 
11 4000000 0 0 4000000 1000 0 0 2 3 -9 
13 4000000 1000 0 4250000 1000 0 1 25 2 9 -11 
15 4250000 0 0 4250000 1000 0 0 2 4 -11 
17 4250000 1000 0 4809229.088763437 1000 0 1 25 2 11 -13 
19 4809229.088763437 0 0 4809229.088763437 1000 0 1 23 2 5 -13 
8 0 0 0 3333333.333333333 1000 0 1 21 4 1 7 -5 -6 
12 3333333.333333333 0 0 4000000 1000 0 1 21 4 2 11 -9 -7 
16 4000000 0 0 4250000 1000 0 1 21 4 3 15 -13 -11 
20 4250000 0 0 4809229.088763437 1000 0 1 21 4 4 19 -17 -15 
$EndEntities
$Nodes
24 2676 1 2676
0 1 0 1
1
0 0 0
0 2 0 1
2
3333333.333333333 0 0
0 3 0 1
3
4000000 0 0
0 4 0 1
4
4250000 0 0
0 5 0 1
5
4809229.088763437 0 0
0 6 0 1
6
0 1000 0
0 7 0 1
7
3333333.333333333 1000 0
0 9 0 1
8
4000000 1000 0
0 11 0 1
9
4250000 1000 0
0 13 0 1
10
4809229.088763437 1000 0
1 1 0 327
11
12
13
14
15
16
17
18
19
20
21
22
23
24
25
26
27
28
29
30
31
32
33
34
35
36
37
38
39
40
41
42
43
44
45
46
47
48
49
50
51
52
53
54
55
56
57
58
59
60
61
62
63
64
65
66
67
68
69
70
71
72
73
74
75
76
77
78
79
80
81
82
83
84
85
86
87
88
89
90
91
92
93
94
95
96
97
98
99
100
101
102
103
104
105
106
107
108
109
110
111
112
113
114
115
116
117
118
119
120
121
122
123
124
125
126
127
128
129
130
131
132
133
134
135
136
137
138
139
140
141
142
143
144
145
146
147
148
149
150
151
152
153
154
155
156
157
158
159
160
161
162
163
164
165
166
167
168
169
170
171
172
173
174
175
176
177
178
179
180
181
182
183
184
185
186
187
188
189
190
191
192
193
194
195
196
197
198
199
200
201
202
203
204
205
206
207
208
209
210
211
212
213
214
215
216
217
218
219
220
221
222
223
224
225
226
227
228
229
230
231
232
233
234
235
236
237
238
239
240
241
242
243
244
245
246
247
248
249
250
251
252
253
254
255
256
257
258
259
260
261
262
263
264
265
266
267
268
269
270
271
272
273
274
275
276
277
278
279
280
281
282
283
284
285
286
287
288
289
290
291
292
293
294
295
296
297
298
299
300
301
302
303
304
305
306
307
308
309
310
311
312
313
314
315
316
317
318
319
320
321
322
323
324
325
326
327
328
329
330
331
332
333
334
335
336
337
38234.4515667606 0 0
76041.30419944759 0 0
113425.3407425326 0 0
150391.2905830952 0 0
186943.8300548205 0 0
223087.5828939876 0 0
258827.1207499729 0 0
294166.9608239544 0 0
329111.5717416314 0 0
363665.378077561 0 0
397832.7500791413 0 0
431618.0093909607 0 0
465025.4299493323 0 0
498059.2372284494 0 0
530723.6003363528 0 0
563022.664039688 0 0
594960.5108599248 0 0
626541.1755653785 0 0
657768.653677489 0 0
688646.899433103 0 0
719179.8156258204 0 0
749371.2654110725 0 0
779225.0724777684 0 0
808744.9939191272 0 0
837934.7849236336 0 0
866798.129603137 0 0
895338.6761749168 0 0
923560.0405071217 0 0
951465.7866797312 0 0
979059.4510629434 0 0
1006344.514942926 0 0
1033324.432168129 0 0
1060002.627329582 0 0
1086382.456962871 0 0
1112467.270396484 0 0
1138260.350367259 0 0
1163764.986216652 0 0
1188984.383450568 0 0
1213921.730299433 0 0
1238580.20101572 0 0
1262962.89347615 0 0
1287072.903428395 0 0
1310913.271925611 0 0
1334487.023230824 0 0
1357797.142936904 0 0
1380846.558777882 0 0
1403638.206663689 0 0
1426174.971121241 0 0
1448459.678438205 0 0
1470495.17381734 0 0
1492284.223192389 0 0
1513829.599617259 0 0
1535134.023374358 0 0
1556200.182748154 0 0
1577030.751681588 0 0
1597628.357663266 0 0
1617995.617691835 0 0
1638135.090877854 0 0
1658049.33220969 0 0
1677740.861438321 0 0
1697212.170638831 0 0
1716465.718755837 0 0
1735503.943378251 0 0
1754329.254663144 0 0
1772944.028541921 0 0
1791350.625557282 0 0
1809551.368606737 0 0
1827548.563719289 0 0
1845344.485349088 0 0
1862941.384720724 0 0
1880341.488120984 0 0
1897546.996617318 0 0
1914560.083996276 0 0
1931382.907389373 0 0
1948017.589960171 0 0
1964466.235580924 0 0
1980730.927503218 0 0
1996813.722635958 0 0
2012716.655852577 0 0
2028441.734773397 0 0
2043990.950954221 0 0
2059366.273558039 0 0
2074569.645280635 0 0
2089602.986336045 0 0
2104468.202798605 0 0
2119167.172106194 0 0
2133701.752382174 0 0
2148073.787390766 0 0
2162285.092166808 0 0
2176337.461044527 0 0
2190232.672905164 0 0
2203972.492331607 0 0
2217558.645183797 0 0
2230992.85917851 0 0
2244276.832240323 0 0
2257412.238092197 0 0
2270400.745732733 0 0
2283243.995862561 0 0
2295943.616362468 0 0
2308501.202602641 0 0
2320918.353495155 0 0
2333196.637066537 0 0
2345337.603473041 0 0
2357342.791407278 0 0
2369213.718677535 0 0
2380951.88633766 0 0
2392558.779869317 0 0
2404035.863394315 0 0
2415384.597305451 0 0
2426606.407072593 0 0
2437702.719530089 0 0
2448674.934159707 0 0
2459524.444102281 0 0
2470252.612063151 0 0
2480860.805441381 0 0
2491350.355028621 0 0
2501722.597918312 0 0
2511978.846642638 0 0
2522120.388977376 0 0
2532148.514208445 0 0
2542064.486604662 0 0
2551869.565162458 0 0
2561564.986493147 0 0
2571151.978259847 0 0
2580631.753766912 0 0
2590005.511761072 0 0
2599274.437733254 0 0
2608439.703949857 0 0
2617502.468687898 0 0
2626463.879369823 0 0
2635325.069483695 0 0
2644087.159911341 0 0
2652751.259103316 0 0
2661318.463270172 0 0
2669789.855178795 0 0
2678166.50517842 0 0
2686449.476290093 0 0
2694639.812308138 0 0
2702738.553658606 0 0
2710746.718989183 0 0
2718665.325462 0 0
2726495.373895224 0 0
2734237.854559044 0 0
2741893.747555447 0 0
2749464.018088102 0 0
2756949.628123664 0 0
2764351.520025436 0 0
2771670.633264955 0 0
2778907.893235015 0 0
2786064.214802546 0 0
2793140.501717972 0 0
2800137.650985615 0 0
2807056.547371709 0 0
2813898.066255244 0 0
2820663.072030907 0 0
2827352.422375924 0 0
2833966.960109198 0 0
2840507.522131498 0 0
2846974.940135519 0 0
2853370.027285553 0 0
2859693.59634422 0 0
2865946.442591638 0 0
2872129.362135398 0 0
2878243.133148077 0 0
2884288.530800623 0 0
2890266.31889009 0 0
2896177.254396852 0 0
2902022.086513428 0 0
2907801.549566654 0 0
2913516.379408494 0 0
2919167.293849292 0 0
2924755.012935698 0 0
2930280.24253063 0 0
2935743.678055021 0 0
2941146.014135957 0 0
2946487.933655682 0 0
2951770.110972159 0 0
2956993.212129503 0 0
2962157.903171956 0 0
2967264.834906229 0 0
2972314.651805562 0 0
2977307.993117908 0 0
2982245.491246493 0 0
2987127.770582876 0 0
2991955.44867187 0 0
2996729.13623839 0 0
3001449.436581735 0 0
3006116.946697127 0 0
3010732.257695909 0 0
3015295.953470316 0 0
3019808.610362839 0 0
3024270.799258658 0 0
3028683.08536703 0 0
3033046.02667595 0 0
3037360.174407261 0 0
3041626.074094506 0 0
3045844.265954617 0 0
3050015.28347063 0 0
3054139.654258868 0 0
3058217.900123914 0 0
3062250.535432398 0 0
3066238.072136747 0 0
3070181.014094136 0 0
3074079.859902612 0 0
3077935.102052511 0 0
3081747.229151729 0 0
3085516.723234003 0 0
3089244.061483502 0 0
3092929.713081139 0 0
3096574.147400335 0 0
3100177.823706751 0 0
3103741.197635559 0 0
3107264.719589685 0 0
3110748.836949138 0 0
3114193.988762285 0 0
3117600.611838984 0 0
3120969.136958443 0 0
3124299.989681527 0 0
3127593.592296167 0 0
3130850.359834405 0 0
3134070.704209531 0 0
3137255.035291244 0 0
3140403.753048276 0 0
3143517.257531032 0 0
3146595.940724222 0 0
3149640.194039496 0 0
3152650.401805941 0 0
3155626.945134574 0 0
3158570.20010412 0 0
3161480.537590555 0 0
3164358.328053366 0 0
3167203.934213192 0 0
3170017.717008913 0 0
3172800.030644694 0 0
3175551.228846096 0 0
3178271.657829173 0 0
3180961.663570964 0 0
3183621.58486629 0 0
3186251.759358252 0 0
3188852.518523432 0 0
3191424.193252079 0 0
3193967.106521516 0 0
3196481.580679962 0 0
3198967.934037108 0 0
3201426.481293626 0 0
3203857.533091825 0 0
3206261.396924141 0 0
3208638.37714141 0 0
3210988.774120162 0 0
3213312.88515232 0 0
3215611.004750004 0 0
3217883.422517205 0 0
3220130.426826371 0 0
3222352.301868007 0 0
3224549.327788775 0 0
3226721.783642002 0 0
3228869.943279042 0 0
3230994.079150212 0 0
3233094.459199619 0 0
3235171.349955849 0 0
3237225.013365815 0 0
3239255.709339512 0 0
3241263.694991145 0 0
3243249.224267442 0 0
3245212.548428352 0 0
3247153.915049863 0 0
3249073.570590913 0 0
3250971.757336001 0 0
3252848.715828065 0 0
3254704.683094612 0 0
3256539.893839387 0 0
3258354.580558011 0 0
3260148.972544342 0 0
3261923.297124391 0 0
3263677.778111726 0 0
3265412.637375088 0 0
3267128.094982607 0 0
3268824.36761086 0 0
3270501.669934954 0 0
3272160.213963665 0 0
3273800.209982316 0 0
3275421.864384377 0 0
3277025.383159051 0 0
3278610.968607458 0 0
3280178.821865445 0 0
3281729.140687643 0 0
3283262.121531962 0 0
3284777.957873203 0 0
3286276.841904494 0 0
3287758.963525046 0 0
3289224.508837876 0 0
3290673.66457225 0 0
3292106.613966189 0 0
3293523.537090935 0 0
3294924.614393326 0 0
3296310.022712101 0 0
3297679.937334521 0 0
3299034.530693619 0 0
3300373.975845843 0 0
3301698.440541881 0 0
3303008.092594062 0 0
3304303.098545214 0 0
3305583.622265385 0 0
3306849.824634038 0 0
3308101.866297913 0 0
3309339.905762802 0 0
3310564.099308197 0 0
3311774.602089744 0 0
3312971.567157514 0 0
3314155.145878172 0 0
3315325.487944768 0 0
3316482.741388016 0 0
3317627.052589114 0 0
3318758.566294193 0 0
3319877.425630477 0 0
3320983.772124216 0 0
3322077.745720492 0 0
3323159.484804973 0 0
3324229.126200321 0 0
3325286.804991415 0 0
3326332.655190902 0 0
3327366.809183792 0 0
3328389.397590824 0 0
3329400.549740239 0 0
3330400.393614898 0 0
3331389.055805825 0 0
3332366.661151527 0 0
1 2 0 693
338
339
340
341
342
343
344
345
346
347
348
349
350
351
352
353
354
355
356
357
358
359
360
361
362
363
364
365
366
367
368
369
370
371
372
373
374
375
376
377
378
379
380
381
382
383
384
385
386
387
388
389
390
391
392
393
394
395
396
397
398
399
400
401
402
403
404
405
406
407
408
409
410
411
412
413
414
415
416
417
418
419
420
421
422
423
424
425
426
427
428
429
430
431
432
433
434
435
436
437
438
439
440
441
442
443
444
445
446
447
448
449
450
451
452
453
454
455
456
457
458
459
460
461
462
463
464
465
466
467
468
469
470
471
472
473
474
475
476
477
478
479
480
481
482
483
484
485
486
487
488
489
490
491
492
493
494
495
496
497
498
499
500
501
502
503
504
505
506
507
508
509
510
511
512
513
514
515
516
517
518
519
520
521
522
523
524
525
526
527
528
529
530
531
532
533
534
535
536
537
538
539
540
541
542
543
544
545
546
547
548
549
550
551
552
553
554
555
556
557
558
559
560
561
562
563
564
565
566
567
568
569
570
571
572
573
574
575
576
577
578
579
580
581
582
583
584
585
586
587
588
589
590
591
592
593
594
595
596
597
598
599
600
601
602
603
604
605
606
607
608
609
610
611
612
613
614
615
616
617
618
619
620
621
622
623
624
625
626
627
628
629
630
631
632
633
634
635
636
637
638
639
640
641
642
643
644
645
646
647
648
649
650
651
652
653
654
655
656
657
658
659
660
661
662
663
664
665
666
667
668
669
670
671
672
673
674
675
676
677
678
679
680
681
682
683
684
685
686
687
688
689
690
691
692
693
694
695
696
697
698
699
700
701
702
703
704
705
706
707
708
709
710
711
712
713
714
715
716
717
718
719
720
721
722
723
724
725
726
727
728
729
730
731
732
733
734
735
736
737
738
739
740
741
742
743
744
745
746
747
748
749
750
751
752
753
754
755
756
757
758
759
760
761
762
763
764
765
766
767
768
769
770
771
772
773
774
775
776
777
778
779
780
781
782
783
784
785
786
787
788
789
790
791
792
793
794
795
796
797
798
799
800
801
802
803
804
805
806
807
808
809
810
811
812
813
814
815
816
817
818
819
820
821
822
823
824
825
826
827
828
829
830
831
832
833
834
835
836
837
838
839
840
841
842
843
844
845
846
847
848
849
850
851
852
853
854
855
856
857
858
859
860
861
862
863
864
865
866
867
868
869
870
871
872
873
874
875
876
877
878
879
880
881
882
883
884
885
886
887
888
889
890
891
892
893
894
895
896
897
898
899
900
901
902
903
904
905
906
907
908
909
910
911
912
913
914
915
916
917
918
919
920
921
922
923
924
925
926
927
928
929
930
931
932
933
934
935
936
937
938
939
940
941
942
943
944
945
946
947
948
949
950
951
952
953
954
955
956
957
958
959
960
961
962
963
964
965
966
967
968
969
970
971
972
973
974
975
976
977
978
979
980
981
982
983
984
985
986
987
988
989
990
991
992
993
994
995
996
997
998
999
1000
1001
1002
1003
1004
1005
1006
1007
1008
1009
1010
1011
1012
1013
1014
1015
1016
1017
1018
1019
1020
1021
1022
1023
1024
1025
1026
1027
1028
1029
1030
3334293.9481268 0 0
3335254.562920268 0 0
3336215.177713735 0 0
3337175.792507201 0 0
3338136.407300669 0 0
3339097.022094126 0 0
3340057.636887576 0 0
3341018.251681027 0 0
3341978.866474477 0 0
3342939.481267927 0 0
3343900.09606138 0 0
3344860.710854847 0 0
3345821.325648314 0 0
3346781.940441781 0 0
3347742.555235248 0 0
3348703.170028715 0 0
3349663.784822182 0 0
3350624.399615649 0 0
3351585.014409116 0 0
3352545.629202583 0 0
3353506.24399605 0 0
3354466.858789512 0 0
3355427.473582962 0 0
3356388.088376413 0 0
3357348.703169863 0 0
3358309.317963313 0 0
3359269.932756763 0 0
3360230.547550228 0 0
3361191.162343695 0 0
3362151.777137163 0 0
3363112.391930629 0 0
3364073.006724096 0 0
3365033.621517564 0 0
3365994.236311031 0 0
3366954.851104498 0 0
3367915.465897965 0 0
3368876.080691432 0 0
3369836.695484898 0 0
3370797.310278348 0 0
3371757.925071799 0 0
3372718.539865249 0 0
3373679.154658699 0 0
3374639.769452149 0 0
3375600.38424561 0 0
3376560.999039077 0 0
3377521.613832544 0 0
3378482.228626011 0 0
3379442.843419478 0 0
3380403.458212945 0 0
3381364.073006412 0 0
3382324.687799879 0 0
3383285.302593346 0 0
3384245.917386813 0 0
3385206.53218028 0 0
3386167.146973734 0 0
3387127.761767184 0 0
3388088.376560635 0 0
3389048.991354085 0 0
3390009.606147535 0 0
3390970.220940992 0 0
3391930.835734459 0 0
3392891.450527926 0 0
3393852.065321393 0 0
3394812.68011486 0 0
3395773.294908327 0 0
3396733.909701794 0 0
3397694.524495261 0 0
3398655.139288728 0 0
3399615.754082195 0 0
3400576.368875662 0 0
3401536.98366912 0 0
3402497.59846257 0 0
3403458.213256021 0 0
3404418.828049471 0 0
3405379.442842921 0 0
3406340.057636373 0 0
3407300.67242984 0 0
3408261.287223307 0 0
3409221.902016774 0 0
3410182.516810241 0 0
3411143.131603708 0 0
3412103.746397175 0 0
3413064.361190642 0 0
3414024.97598411 0 0
3414985.590777576 0 0
3415946.205571043 0 0
3416906.820364506 0 0
3417867.435157957 0 0
3418828.049951407 0 0
3419788.664744857 0 0
3420749.279538307 0 0
3421709.894331757 0 0
3422670.509125222 0 0
3423631.123918689 0 0
3424591.738712156 0 0
3425552.353505623 0 0
3426512.96829909 0 0
3427473.583092557 0 0
3428434.197886024 0 0
3429394.812679491 0 0
3430355.427472958 0 0
3431316.042266425 0 0
3432276.657059892 0 0
3433237.271853343 0 0
3434197.886646793 0 0
3435158.501440243 0 0
3436119.116233693 0 0
3437079.731027144 0 0
3438040.345820603 0 0
3439000.96061407 0 0
3439961.575407537 0 0
3440922.190201005 0 0
3441882.804994471 0 0
3442843.419787938 0 0
3443804.034581406 0 0
3444764.649374872 0 0
3445725.264168339 0 0
3446685.878961807 0 0
3447646.493755274 0 0
3448607.108548729 0 0
3449567.723342179 0 0
3450528.338135629 0 0
3451488.95292908 0 0
3452449.56772253 0 0
3453410.182515985 0 0
3454370.797309452 0 0
3455331.412102919 0 0
3456292.026896386 0 0
3457252.641689853 0 0
3458213.25648332 0 0
3459173.871276787 0 0
3460134.486070254 0 0
3461095.100863721 0 0
3462055.715657188 0 0
3463016.330450655 0 0
3463976.945244114 0 0
3464937.560037565 0 0
3465898.174831015 0 0
3466858.789624465 0 0
3467819.404417916 0 0
3468780.019211366 0 0
3469740.634004833 0 0
3470701.248798301 0 0
3471661.863591767 0 0
3472622.478385234 0 0
3473583.093178702 0 0
3474543.707972168 0 0
3475504.322765635 0 0
3476464.937559103 0 0
3477425.55235257 0 0
3478386.167146036 0 0
3479346.7819395 0 0
3480307.396732951 0 0
3481268.011526401 0 0
3482228.626319851 0 0
3483189.241113301 0 0
3484149.855906752 0 0
3485110.470700215 0 0
3486071.085493682 0 0
3487031.700287149 0 0
3487992.315080616 0 0
3488952.929874083 0 0
3489913.54466755 0 0
3490874.159461017 0 0
3491834.774254484 0 0
3492795.389047951 0 0
3493756.003841418 0 0
3494716.618634885 0 0
3495677.233428337 0 0
3496637.848221787 0 0
3497598.463015237 0 0
3498559.077808687 0 0
3499519.692602138 0 0
3500480.307395597 0 0
3501440.922189063 0 0
3502401.53698253 0 0
3503362.151775998 0 0
3504322.766569464 0 0
3505283.381362931 0 0
3506243.996156399 0 0
3507204.610949866 0 0
3508165.225743333 0 0
3509125.8405368 0 0
3510086.455330267 0 0
3511047.070123723 0 0
3512007.684917173 0 0
3512968.299710623 0 0
3513928.914504074 0 0
3514889.529297524 0 0
3515850.144090978 0 0
3516810.758884445 0 0
3517771.373677912 0 0
3518731.988471379 0 0
3519692.603264846 0 0
3520653.218058313 0 0
3521613.83285178 0 0
3522574.447645247 0 0
3523535.062438714 0 0
3524495.677232181 0 0
3525456.292025648 0 0
3526416.906819109 0 0
3527377.521612559 0 0
3528338.136406009 0 0
3529298.75119946 0 0
3530259.36599291 0 0
3531219.98078636 0 0
3532180.595579826 0 0
3533141.210373294 0 0
3534101.82516676 0 0
3535062.439960227 0 0
3536023.054753695 0 0
3536983.669547162 0 0
3537944.284340628 0 0
3538904.899134096 0 0
3539865.513927563 0 0
3540826.128721029 0 0
3541786.743514495 0 0
3542747.358307945 0 0
3543707.973101395 0 0
3544668.587894845 0 0
3545629.202688296 0 0
3546589.817481746 0 0
3547550.432275208 0 0
3548511.047068675 0 0
3549471.661862142 0 0
3550432.276655609 0 0
3551392.891449076 0 0
3552353.506242543 0 0
3553314.12103601 0 0
3554274.735829477 0 0
3555235.350622944 0 0
3556195.965416411 0 0
3557156.580209878 0 0
3558117.195003331 0 0
3559077.809796781 0 0
3560038.424590231 0 0
3560999.039383681 0 0
3561959.654177132 0 0
3562920.26897059 0 0
3563880.883764056 0 0
3564841.498557523 0 0
3565802.113350991 0 0
3566762.728144458 0 0
3567723.342937924 0 0
3568683.957731392 0 0
3569644.572524859 0 0
3570605.187318326 0 0
3571565.802111793 0 0
3572526.41690526 0 0
3573487.031698717 0 0
3574447.646492167 0 0
3575408.261285617 0 0
3576368.876079068 0 0
3577329.490872518 0 0
3578290.105665971 0 0
3579250.720459438 0 0
3580211.335252905 0 0
3581171.950046372 0 0
3582132.564839839 0 0
3583093.179633306 0 0
3584053.794426773 0 0
3585014.40922024 0 0
3585975.024013707 0 0
3586935.638807174 0 0
3587896.253600641 0 0
3588856.868394103 0 0
3589817.483187553 0 0
3590778.097981004 0 0
3591738.712774454 0 0
3592699.327567904 0 0
3593659.942361354 0 0
3594620.557154819 0 0
3595581.171948287 0 0
3596541.786741754 0 0
3597502.40153522 0 0
3598463.016328688 0 0
3599423.631122155 0 0
3600384.245915622 0 0
3601344.860709089 0 0
3602305.475502556 0 0
3603266.090296023 0 0
3604226.705089489 0 0
3605187.319882939 0 0
3606147.934676389 0 0
3607108.54946984 0 0
3608069.16426329 0 0
3609029.77905674 0 0
3609990.393850201 0 0
3610951.008643668 0 0
3611911.623437135 0 0
3612872.238230602 0 0
3613832.853024069 0 0
3614793.467817537 0 0
3615754.082611003 0 0
3616714.69740447 0 0
3617675.312197938 0 0
3618635.926991404 0 0
3619596.541784871 0 0
3620557.156578325 0 0
3621517.771371775 0 0
3622478.386165226 0 0
3623439.000958676 0 0
3624399.615752126 0 0
3625360.230545583 0 0
3626320.84533905 0 0
3627281.460132517 0 0
3628242.074925984 0 0
3629202.689719451 0 0
3630163.304512918 0 0
3631123.919306385 0 0
3632084.534099852 0 0
3633045.148893319 0 0
3634005.763686786 0 0
3634966.378480253 0 0
3635926.993273711 0 0
3636887.608067161 0 0
3637848.222860612 0 0
3638808.837654062 0 0
3639769.452447512 0 0
3640730.067240964 0 0
3641690.682034431 0 0
3642651.296827898 0 0
3643611.911621365 0 0
3644572.526414833 0 0
3645533.141208299 0 0
3646493.756001766 0 0
3647454.370795234 0 0
3648414.985588701 0 0
3649375.600382168 0 0
3650336.215175635 0 0
3651296.829969097 0 0
3652257.444762548 0 0
3653218.059555998 0 0
3654178.674349448 0 0
3655139.289142898 0 0
3656099.903936348 0 0
3657060.518729813 0 0
3658021.13352328 0 0
3658981.748316747 0 0
3659942.363110214 0 0
3660902.977903681 0 0
3661863.592697148 0 0
3662824.207490615 0 0
3663784.822284082 0 0
3664745.437077549 0 0
3665706.051871016 0 0
3666666.666664483 0 0
3667627.28145795 0 0
3668587.896251417 0 0
3669548.511044884 0 0
3670509.125838351 0 0
3671469.740631818 0 0
3672430.355425295 0 0
3673390.970218779 0 0
3674351.585012263 0 0
3675312.199805747 0 0
3676272.81459923 0 0
3677233.429392712 0 0
3678194.044186179 0 0
3679154.658979645 0 0
3680115.273773113 0 0
3681075.88856658 0 0
3682036.503360047 0 0
3682997.118153514 0 0
3683957.732946981 0 0
3684918.347740448 0 0
3685878.962533915 0 0
3686839.577327382 0 0
3687800.192120854 0 0
3688760.806914338 0 0
3689721.421707822 0 0
3690682.036501306 0 0
3691642.651294789 0 0
3692603.266088273 0 0
3693563.880881742 0 0
3694524.495675209 0 0
3695485.110468676 0 0
3696445.725262143 0 0
3697406.34005561 0 0
3698366.954849077 0 0
3699327.569642544 0 0
3700288.184436011 0 0
3701248.799229478 0 0
3702209.414022945 0 0
3703170.028816413 0 0
3704130.643609897 0 0
3705091.258403381 0 0
3706051.873196865 0 0
3707012.487990349 0 0
3707973.102783832 0 0
3708933.717577306 0 0
3709894.332370772 0 0
3710854.947164239 0 0
3711815.561957707 0 0
3712776.176751174 0 0
3713736.791544641 0 0
3714697.406338108 0 0
3715658.021131575 0 0
3716618.635925042 0 0
3717579.250718509 0 0
3718539.865511976 0 0
3719500.480305456 0 0
3720461.09509894 0 0
3721421.709892424 0 0
3722382.324685907 0 0
3723342.939479391 0 0
3724303.554272869 0 0
3725264.169066336 0 0
3726224.783859803 0 0
3727185.39865327 0 0
3728146.013446737 0 0
3729106.628240204 0 0
3730067.243033671 0 0
3731027.857827138 0 0
3731988.472620605 0 0
3732949.087414072 0 0
3733909.702207539 0 0
3734870.317001015 0 0
3735830.931794499 0 0
3736791.546587983 0 0
3737752.161381466 0 0
3738712.77617495 0 0
3739673.390968433 0 0
3740634.0057619 0 0
3741594.620555366 0 0
3742555.235348834 0 0
3743515.850142301 0 0
3744476.464935767 0 0
3745437.079729235 0 0
3746397.694522702 0 0
3747358.309316169 0 0
3748318.924109636 0 0
3749279.538903103 0 0
3750240.153696574 0 0
3751200.768490058 0 0
3752161.383283542 0 0
3753121.998077026 0 0
3754082.612870509 0 0
3755043.227663993 0 0
3756003.842457463 0 0
3756964.45725093 0 0
3757925.072044397 0 0
3758885.686837864 0 0
3759846.301631331 0 0
3760806.916424798 0 0
3761767.531218265 0 0
3762728.146011732 0 0
3763688.760805199 0 0
3764649.375598666 0 0
3765609.990392133 0 0
3766570.605185617 0 0
3767531.219979101 0 0
3768491.834772584 0 0
3769452.449566068 0 0
3770413.064359552 0 0
3771373.679153027 0 0
3772334.293946493 0 0
3773294.90873996 0 0
3774255.523533428 0 0
3775216.138326894 0 0
3776176.753120362 0 0
3777137.367913829 0 0
3778097.982707296 0 0
3779058.597500763 0 0
3780019.21229423 0 0
3780979.827087697 0 0
3781940.441881176 0 0
3782901.05667466 0 0
3783861.671468143 0 0
3784822.286261627 0 0
3785782.901055111 0 0
3786743.51584859 0 0
3787704.130642057 0 0
3788664.745435524 0 0
3789625.360228991 0 0
3790585.975022458 0 0
3791546.589815925 0 0
3792507.204609392 0 0
3793467.819402859 0 0
3794428.434196326 0 0
3795389.048989793 0 0
3796349.66378326 0 0
3797310.278576735 0 0
3798270.893370219 0 0
3799231.508163703 0 0
3800192.122957186 0 0
3801152.73775067 0 0
3802113.352544154 0 0
3803073.96733762 0 0
3804034.582131087 0 0
3804995.196924555 0 0
3805955.811718022 0 0
3806916.426511488 0 0
3807877.041304956 0 0
3808837.656098423 0 0
3809798.270891889 0 0
3810758.885685357 0 0
3811719.500478824 0 0
3812680.115272294 0 0
3813640.730065778 0 0
3814601.344859262 0 0
3815561.959652745 0 0
3816522.574446229 0 0
3817483.189239713 0 0
3818443.804033184 0 0
3819404.418826651 0 0
3820365.033620118 0 0
3821325.648413585 0 0
3822286.263207052 0 0
3823246.878000519 0 0
3824207.492793986 0 0
3825168.107587453 0 0
3826128.72238092 0 0
3827089.337174387 0 0
3828049.951967854 0 0
3829010.566761337 0 0
3829971.18155482 0 0
3830931.796348304 0 0
3831892.411141788 0 0
3832853.025935272 0 0
3833813.640728747 0 0
3834774.255522214 0 0
3835734.870315681 0 0
3836695.485109149 0 0
3837656.099902615 0 0
3838616.714696083 0 0
3839577.32948955 0 0
3840537.944283016 0 0
3841498.559076484 0 0
3842459.173869951 0 0
3843419.788663418 0 0
3844380.403456896 0 0
3845341.01825038 0 0
3846301.633043863 0 0
3847262.247837347 0 0
3848222.862630831 0 0
3849183.477424311 0 0
3850144.092217778 0 0
3851104.707011245 0 0
3852065.321804712 0 0
3853025.936598179 0 0
3853986.551391646 0 0
3854947.166185113 0 0
3855907.78097858 0 0
3856868.395772047 0 0
3857829.010565514 0 0
3858789.625358981 0 0
3859750.240152455 0 0
3860710.854945939 0 0
3861671.469739422 0 0
3862632.084532906 0 0
3863592.69932639 0 0
3864553.314119874 0 0
3865513.928913341 0 0
3866474.543706809 0 0
3867435.158500276 0 0
3868395.773293742 0 0
3869356.38808721 0 0
3870317.002880677 0 0
3871277.617674144 0 0
3872238.23246761 0 0
3873198.847261078 0 0
3874159.462054545 0 0
3875120.076848014 0 0
3876080.691641497 0 0
3877041.306434982 0 0
3878001.921228466 0 0
3878962.536021949 0 0
3879923.150815433 0 0
3880883.765608905 0 0
3881844.380402372 0 0
3882804.995195839 0 0
3883765.609989306 0 0
3884726.224782773 0 0
3885686.83957624 0 0
3886647.454369707 0 0
3887608.069163174 0 0
3888568.683956641 0 0
3889529.298750108 0 0
3890489.913543575 0 0
3891450.528337057 0 0
3892411.143130541 0 0
3893371.757924024 0 0
3894332.372717508 0 0
3895292.987510992 0 0
3896253.602304468 0 0
3897214.217097936 0 0
3898174.831891403 0 0
3899135.44668487 0 0
3900096.061478337 0 0
3901056.676271804 0 0
3902017.291065271 0 0
3902977.905858738 0 0
3903938.520652205 0 0
3904899.135445672 0 0
3905859.750239139 0 0
3906820.365032616 0 0
3907780.9798261 0 0
3908741.594619583 0 0
3909702.209413067 0 0
3910662.824206551 0 0
3911623.439000032 0 0
3912584.053793499 0 0
3913544.668586966 0 0
3914505.283380433 0 0
3915465.8981739 0 0
3916426.512967367 0 0
3917387.127760834 0 0
3918347.742554301 0 0
3919308.357347768 0 0
3920268.972141235 0 0
3921229.586934702 0 0
3922190.201728175 0 0
3923150.816521659 0 0
3924111.431315143 0 0
3925072.046108626 0 0
3926032.66090211 0 0
3926993.275695594 0 0
3927953.890489063 0 0
3928914.50528253 0 0
3929875.120075997 0 0
3930835.734869464 0 0
3931796.349662931 0 0
3932756.964456398 0 0
3933717.579249865 0 0
3934678.194043332 0 0
3935638.808836799 0 0
3936599.423630266 0 0
3937560.038423734 0 0
3938520.653217218 0 0
3939481.268010702 0 0
3940441.882804186 0 0
3941402.497597669 0 0
3942363.112391153 0 0
3943323.727184626 0 0
3944284.341978093 0 0
3945244.95677156 0 0
3946205.571565027 0 0
3947166.186358494 0 0
3948126.801151961 0 0
3949087.415945428 0 0
3950048.030738895 0 0
3951008.645532363 0 0
3951969.260325829 0 0
3952929.875119296 0 0
3953890.489912777 0 0
3954851.104706261 0 0
3955811.719499744 0 0
3956772.334293229 0 0
3957732.949086712 0 0
3958693.563880196 0 0
3959654.17867368 0 0
3960614.793467164 0 0
3961575.408260647 0 0
3962536.023054131 0 0
3963496.637847615 0 0
3964457.252641099 0 0
3965417.867434583 0 0
3966378.482228067 0 0
3967339.09702155 0 0
3968299.711815034 0 0
3969260.326608518 0 0
3970220.941402002 0 0
3971181.556195485 0 0
3972142.17098897 0 0
3973102.785782453 0 0
3974063.400575937 0 0
3975024.015369421 0 0
3975984.630162905 0 0
3976945.244956388 0 0
3977905.859749872 0 0
3978866.474543356 0 0
3979827.08933684 0 0
3980787.704130324 0 0
3981748.318923808 0 0
3982708.933717291 0 0
3983669.548510775 0 0
3984630.163304259 0 0
3985590.778097743 0 0
3986551.392891226 0 0
3987512.00768471 0 0
3988472.622478194 0 0
3989433.237271678 0 0
3990393.852065162 0 0
3991354.466858645 0 0
3992315.08165213 0 0
3993275.696445613 0 0
3994236.311239097 0 0
3995196.926032581 0 0
3996157.540826065 0 0
3997118.155619549 0 0
3998078.770413032 0 0
3999039.385206516 0 0
1 3 0 259
1031
1032
1033
1034
1035
1036
1037
1038
1039
1040
1041
1042
1043
1044
1045
1046
1047
1048
1049
1050
1051
1052
1053
1054
1055
1056
1057
1058
1059
1060
1061
1062
1063
1064
1065
1066
1067
1068
1069
1070
1071
1072
1073
1074
1075
1076
1077
1078
1079
1080
1081
1082
1083
1084
1085
1086
1087
1088
1089
1090
1091
1092
1093
1094
1095
1096
1097
1098
1099
1100
1101
1102
1103
1104
1105
1106
1107
1108
1109
1110
1111
1112
1113
1114
1115
1116
1117
1118
1119
1120
1121
1122
1123
1124
1125
1126
1127
1128
1129
1130
1131
1132
1133
1134
1135
1136
1137
1138
1139
1140
1141
1142
1143
1144
1145
1146
1147
1148
1149
1150
1151
1152
1153
1154
1155
1156
1157
1158
1159
1160
1161
1162
1163
1164
1165
1166
1167
1168
1169
1170
1171
1172
1173
1174
1175
1176
1177
1178
1179
1180
1181
1182
1183
1184
1185
1186
1187
1188
1189
1190
1191
1192
1193
1194
1195
1196
1197
1198
1199
1200
1201
1202
1203
1204
1205
1206
1207
1208
1209
1210
1211
1212
1213
1214
1215
1216
1217
1218
1219
1220
1221
1222
1223
1224
1225
1226
1227
1228
1229
1230
1231
1232
1233
1234
1235
1236
1237
1238
1239
1240
1241
1242
1243
1244
1245
1246
1247
1248
1249
1250
1251
1252
1253
1254
1255
1256
1257
1258
1259
1260
1261
1262
1263
1264
1265
1266
1267
1268
1269
1270
1271
1272
1273
1274
1275
1276
1277
1278
1279
1280
1281
1282
1283
1284
1285
1286
1287
1288
1289
4000961.538461538 0 0
4001923.076923077 0 0
4002884.615384615 0 0
4003846.153846154 0 0
4004807.692307692 0 0
4005769.230769231 0 0
4006730.769230769 0 0
4007692.307692308 0 0
4008653.846153846 0 0
4009615.384615385 0 0
4010576.923076923 0 0
4011538.461538462 0 0
4012500 0 0
4013461.538461538 0 0
4014423.076923077 0 0
4015384.615384615 0 0
4016346.153846154 0 0
4017307.692307692 0 0
4018269.230769231 0 0
4019230.769230769 0 0
4020192.307692308 0 0
4021153.846153846 0 0
4022115.384615385 0 0
4023076.923076923 0 0
4024038.461538462 0 0
4025000 0 0
4025961.538461538 0 0
4026923.076923077 0 0
4027884.615384615 0 0
4028846.153846154 0 0
4029807.692307692 0 0
4030769.230769231 0 0
4031730.769230769 0 0
4032692.307692308 0 0
4033653.846153846 0 0
4034615.384615385 0 0
4035576.923076923 0 0
4036538.461538462 0 0
4037500 0 0
4038461.538461538 0 0
4039423.076923077 0 0
4040384.615384615 0 0
4041346.153846154 0 0
4042307.692307692 0 0
4043269.230769231 0 0
4044230.769230769 0 0
4045192.307692308 0 0
4046153.846153846 0 0
4047115.384615385 0 0
4048076.923076923 0 0
4049038.461538462 0 0
4050000 0 0
4050961.538461538 0 0
4051923.076923077 0 0
4052884.615384615 0 0
4053846.153846154 0 0
4054807.692307692 0 0
4055769.230769231 0 0
4056730.769230769 0 0
4057692.307692308 0 0
4058653.846153846 0 0
4059615.384615385 0 0
4060576.923076923 0 0
4061538.461538462 0 0
4062500 0 0
4063461.538461538 0 0
4064423.076923077 0 0
4065384.615384615 0 0
4066346.153846154 0 0
4067307.692307692 0 0
4068269.230769231 0 0
4069230.769230769 0 0
4070192.307692308 0 0
4071153.846153846 0 0
4072115.384615385 0 0
4073076.923076923 0 0
4074038.461538462 0 0
4075000 0 0
4075961.538461538 0 0
4076923.076923077 0 0
4077884.615384615 0 0
4078846.153846154 0 0
4079807.692307692 0 0
4080769.230769231 0 0
4081730.769230769 0 0
4082692.307692308 0 0
4083653.846153846 0 0
4084615.384615385 0 0
4085576.923076923 0 0
4086538.461538462 0 0
4087500 0 0
4088461.538461539 0 0
4089423.076923077 0 0
4090384.615384615 0 0
4091346.153846154 0 0
4092307.692307692 0 0
4093269.230769231 0 0
4094230.769230769 0 0
4095192.307692308 0 0
4096153.846153846 0 0
4097115.384615385 0 0
4098076.923076923 0 0
4099038.461538462 0 0
4100000 0 0
4100961.538461539 0 0
4101923.076923077 0 0
4102884.615384616 0 0
4103846.153846154 0 0
4104807.692307692 0 0
4105769.230769231 0 0
4106730.769230769 0 0
4107692.307692308 0 0
4108653.846153846 0 0
4109615.384615385 0 0
4110576.923076923 0 0
4111538.461538462 0 0
4112500 0 0
4113461.538461539 0 0
4114423.076923077 0 0
4115384.615384616 0 0
4116346.153846154 0 0
4117307.692307692 0 0
4118269.230769231 0 0
4119230.769230769 0 0
4120192.307692308 0 0
4121153.846153846 0 0
4122115.384615385 0 0
4123076.923076923 0 0
4124038.461538462 0 0
4125000 0 0
4125961.538461539 0 0
4126923.076923077 0 0
4127884.615384616 0 0
4128846.153846154 0 0
4129807.692307692 0 0
4130769.230769231 0 0
4131730.769230769 0 0
4132692.307692308 0 0
4133653.846153846 0 0
4134615.384615385 0 0
4135576.923076923 0 0
4136538.461538462 0 0
4137500 0 0
4138461.538461539 0 0
4139423.076923077 0 0
4140384.615384616 0 0
4141346.153846154 0 0
4142307.692307692 0 0
4143269.230769231 0 0
4144230.769230769 0 0
4145192.307692308 0 0
4146153.846153846 0 0
4147115.384615385 0 0
4148076.923076923 0 0
4149038.461538462 0 0
4150000 0 0
4150961.538461539 0 0
4151923.076923077 0 0
4152884.615384616 0 0
4153846.153846154 0 0
4154807.692307692 0 0
4155769.230769231 0 0
4156730.769230769 0 0
4157692.307692308 0 0
4158653.846153846 0 0
4159615.384615385 0 0
4160576.923076923 0 0
4161538.461538462 0 0
4162500 0 0
4163461.538461539 0 0
4164423.076923077 0 0
4165384.615384615 0 0
4166346.153846154 0 0
4167307.692307692 0 0
4168269.230769231 0 0
4169230.769230769 0 0
4170192.307692308 0 0
4171153.846153846 0 0
4172115.384615385 0 0
4173076.923076923 0 0
4174038.461538462 0 0
4175000 0 0
4175961.538461539 0 0
4176923.076923077 0 0
4177884.615384615 0 0
4178846.153846154 0 0
4179807.692307692 0 0
4180769.230769231 0 0
4181730.769230769 0 0
4182692.307692308 0 0
4183653.846153846 0 0
4184615.384615385 0 0
4185576.923076923 0 0
4186538.461538462 0 0
4187500 0 0
4188461.538461538 0 0
4189423.076923077 0 0
4190384.615384615 0 0
4191346.153846154 0 0
4192307.692307692 0 0
4193269.230769231 0 0
4194230.769230769 0 0
4195192.307692308 0 0
4196153.846153846 0 0
4197115.384615385 0 0
4198076.923076923 0 0
4199038.461538462 0 0
4200000 0 0
4200961.538461539 0 0
4201923.076923077 0 0
4202884.615384616 0 0
4203846.153846154 0 0
4204807.692307692 0 0
4205769.230769231 0 0
4206730.769230769 0 0
4207692.307692308 0 0
4208653.846153846 0 0
4209615.384615385 0 0
4210576.923076923 0 0
4211538.461538462 0 0
4212500 0 0
4213461.538461539 0 0
4214423.076923077 0 0
4215384.615384616 0 0
4216346.153846154 0 0
4217307.692307692 0 0
4218269.230769231 0 0
4219230.769230769 0 0
4220192.307692308 0 0
4221153.846153846 0 0
4222115.384615385 0 0
4223076.923076923 0 0
4224038.461538462 0 0
4225000 0 0
4225961.538461539 0 0
4226923.076923077 0 0
4227884.615384615 0 0
4228846.153846154 0 0
4229807.692307692 0 0
4230769.230769231 0 0
4231730.769230769 0 0
4232692.307692308 0 0
4233653.846153846 0 0
4234615.384615385 0 0
4235576.923076923 0 0
4236538.461538462 0 0
4237500 0 0
4238461.538461538 0 0
4239423.076923077 0 0
4240384.615384615 0 0
4241346.153846154 0 0
4242307.692307692 0 0
4243269.230769231 0 0
4244230.769230769 0 0
4245192.307692308 0 0
4246153.846153846 0 0
4247115.384615385 0 0
4248076.923076923 0 0
4249038.461538462 0 0
1 4 0 54
1290
1291
1292
1293
1294
1295
1296
1297
1298
1299
1300
1301
1302
1303
1304
1305
1306
1307
1308
1309
1310
1311
1312
1313
1314
1315
1316
1317
1318
1319
1320
1321
1322
1323
1324
1325
1326
1327
1328
1329
1330
1331
1332
1333
1334
1335
1336
1337
1338
1339
1340
1341
1342
1343
4250994.723856252 0 0
4252058.452594967 0 0
4253195.972987067 0 0
4254412.404346549 0 0
4255713.220567909 0 0
4257104.276020185 0 0
4258591.82956169 0 0
4260182.576441813 0 0
4261883.674738421 0 0
4263702.779625058 0 0
4265648.077618542 0 0
4267728.32276438 0 0
4269952.876250899 0 0
4272331.748937204 0 0
4274875.646429542 0 0
4277596.016195688 0 0
4280505.101319987 0 0
4283615.991281897 0 0
4286942.686754167 0 0
4290500.157671748 0 0
4294304.413779169 0 0
4298372.575322806 0 0
4302722.948270722 0 0
4307375.110376738 0 0
4312349.997716362 0 0
4317669.996955367 0 0
4323359.050576927 0 0
4329442.758241527 0 0
4335948.496693897 0 0
4342905.545452074 0 0
4350345.210989575 0 0
4358300.972391427 0 0
4366808.633013889 0 0
4375906.477362391 0 0
4385635.447198072 0 0
4396039.32482059 0 0
4407164.930345695 0 0
4419062.327621636 0 0
4431785.05533558 0 0
4445390.373711096 0 0
4459939.504659939 0 0
4475497.921048354 0 0
4492135.637703736 0 0
4509927.53151263 0 0
4528953.662834997 0 0
4549299.65442845 0 0
4571057.064697141 0 0
4594323.807667681 0 0
4619204.587647547 0 0
4645811.364794928 0 0
4674263.88449262 0 0
4704690.176190285 0 0
4737227.168369742 0 0
4772021.281174706 0 0
1 5 0 327
1344
1345
1346
1347
1348
1349
1350
1351
1352
1353
1354
1355
1356
1357
1358
1359
1360
1361
1362
1363
1364
1365
1366
1367
1368
1369
1370
1371
1372
1373
1374
1375
1376
1377
1378
1379
1380
1381
1382
1383
1384
1385
1386
1387
1388
1389
1390
1391
1392
1393
1394
1395
1396
1397
1398
1399
1400
1401
1402
1403
1404
1405
1406
1407
1408
1409
1410
1411
1412
1413
1414
1415
1416
1417
1418
1419
1420
1421
1422
1423
1424
1425
1426
1427
1428
1429
1430
1431
1432
1433
1434
1435
1436
1437
1438
1439
1440
1441
1442
1443
1444
1445
1446
1447
1448
1449
1450
1451
1452
1453
1454
1455
1456
1457
1458
1459
1460
1461
1462
1463
1464
1465
1466
1467
1468
1469
1470
1471
1472
1473
1474
1475
1476
1477
1478
1479
1480
1481
1482
1483
1484
1485
1486
1487
1488
1489
1490
1491
1492
1493
1494
1495
1496
1497
1498
1499
1500
1501
1502
1503
1504
1505
1506
1507
1508
1509
1510
1511
1512
1513
1514
1515
1516
1517
1518
1519
1520
1521
1522
1523
1524
1525
1526
1527
1528
1529
1530
1531
1532
1533
1534
1535
1536
1537
1538
1539
1540
1541
1542
1543
1544
1545
1546
1547
1548
1549
1550
1551
1552
1553
1554
1555
1556
1557
1558
1559
1560
1561
1562
1563
1564
1565
1566
1567
1568
1569
1570
1571
1572
1573
1574
1575
1576
1577
1578
1579
1580
1581
1582
1583
1584
1585
1586
1587
1588
1589
1590
1591
1592
1593
1594
1595
1596
1597
1598
1599
1600
1601
1602
1603
1604
1605
1606
1607
1608
1609
1610
1611
1612
1613
1614
1615
1616
1617
1618
1619
1620
1621
1622
1623
1624
1625
1626
1627
1628
1629
1630
1631
1632
1633
1634
1635
1636
1637
1638
1639
1640
1641
1642
1643
1644
1645
1646
1647
1648
1649
1650
1651
1652
1653
1654
1655
1656
1657
1658
1659
1660
1661
1662
1663
1664
1665
1666
1667
1668
1669
1670
38234.4515667606 1000 0
76041.30419944759 1000 0
113425.3407425326 1000 0
150391.2905830952 1000 0
186943.8300548205 1000 0
223087.5828939876 1000 0
258827.1207499729 1000 0
294166.9608239544 1000 0
329111.5717416314 1000 0
363665.378077561 1000 0
397832.7500791413 1000 0
431618.0093909607 1000 0
465025.4299493323 1000 0
498059.2372284494 1000 0
530723.6003363528 1000 0
563022.664039688 1000 0
594960.5108599248 1000 0
626541.1755653785 1000 0
657768.653677489 1000 0
688646.899433103 1000 0
719179.8156258204 1000 0
749371.2654110725 1000 0
779225.0724777684 1000 0
808744.9939191272 1000 0
837934.7849236336 1000 0
866798.129603137 1000 0
895338.6761749168 1000 0
923560.0405071217 1000 0
951465.7866797312 1000 0
979059.4510629434 1000 0
1006344.514942926 1000 0
1033324.432168129 1000 0
1060002.627329582 1000 0
1086382.456962871 1000 0
1112467.270396484 1000 0
1138260.350367259 1000 0
1163764.986216652 1000 0
1188984.383450568 1000 0
1213921.730299433 1000 0
1238580.20101572 1000 0
1262962.89347615 1000 0
1287072.903428395 1000 0
1310913.271925611 1000 0
1334487.023230824 1000 0
1357797.142936904 1000 0
1380846.558777882 1000 0
1403638.206663689 1000 0
1426174.971121241 1000 0
1448459.678438205 1000 0
1470495.17381734 1000 0
1492284.223192389 1000 0
1513829.599617259 1000 0
1535134.023374358 1000 0
1556200.182748154 1000 0
1577030.751681588 1000 0
1597628.357663266 1000 0
1617995.617691835 1000 0
1638135.090877854 1000 0
1658049.33220969 1000 0
1677740.861438321 1000 0
1697212.170638831 1000 0
1716465.718755837 1000 0
1735503.943378251 1000 0
1754329.254663144 1000 0
1772944.028541921 1000 0
1791350.625557282 1000 0
1809551.368606737 1000 0
1827548.563719289 1000 0
1845344.485349088 1000 0
1862941.384720724 1000 0
1880341.488120984 1000 0
1897546.996617318 1000 0
1914560.083996276 1000 0
1931382.907389373 1000 0
1948017.589960171 1000 0
1964466.235580924 1000 0
1980730.927503218 1000 0
1996813.722635958 1000 0
2012716.655852577 1000 0
2028441.734773397 1000 0
2043990.950954221 1000 0
2059366.273558039 1000 0
2074569.645280635 1000 0
2089602.986336045 1000 0
2104468.202798605 1000 0
2119167.172106194 1000 0
2133701.752382174 1000 0
2148073.787390766 1000 0
2162285.092166808 1000 0
2176337.461044527 1000 0
2190232.672905164 1000 0
2203972.492331607 1000 0
2217558.645183797 1000 0
2230992.85917851 1000 0
2244276.832240323 1000 0
2257412.238092197 1000 0
2270400.745732733 1000 0
2283243.995862561 1000 0
2295943.616362468 1000 0
2308501.202602641 1000 0
2320918.353495155 1000 0
2333196.637066537 1000 0
2345337.603473041 1000 0
2357342.791407278 1000 0
2369213.718677535 1000 0
2380951.88633766 1000 0
2392558.779869317 1000 0
2404035.863394315 1000 0
2415384.597305451 1000 0
2426606.407072593 1000 0
2437702.719530089 1000 0
2448674.934159707 1000 0
2459524.444102281 1000 0
2470252.612063151 1000 0
2480860.805441381 1000 0
2491350.355028621 1000 0
2501722.597918312 1000 0
2511978.846642638 1000 0
2522120.388977376 1000 0
2532148.514208445 1000 0
2542064.486604662 1000 0
2551869.565162458 1000 0
2561564.986493147 1000 0
2571151.978259847 1000 0
2580631.753766912 1000 0
2590005.511761072 1000 0
2599274.437733254 1000 0
2608439.703949857 1000 0
2617502.468687898 1000 0
2626463.879369823 1000 0
2635325.069483695 1000 0
2644087.159911341 1000 0
2652751.259103316 1000 0
2661318.463270172 1000 0
2669789.855178795 1000 0
2678166.50517842 1000 0
2686449.476290093 1000 0
2694639.812308138 1000 0
2702738.553658606 1000 0
2710746.718989183 1000 0
2718665.325462 1000 0
2726495.373895224 1000 0
2734237.854559044 1000 0
2741893.747555447 1000 0
2749464.018088102 1000 0
2756949.628123664 1000 0
2764351.520025436 1000 0
2771670.633264955 1000 0
2778907.893235015 1000 0
2786064.214802546 1000 0
2793140.501717972 1000 0
2800137.650985615 1000 0
2807056.547371709 1000 0
2813898.066255244 1000 0
2820663.072030907 1000 0
2827352.422375924 1000 0
2833966.960109198 1000 0
2840507.522131498 1000 0
2846974.940135519 1000 0
2853370.027285553 1000 0
2859693.59634422 1000 0
2865946.442591638 1000 0
2872129.362135398 1000 0
2878243.133148077 1000 0
2884288.530800623 1000 0
2890266.31889009 1000 0
2896177.254396852 1000 0
2902022.086513428 1000 0
2907801.549566654 1000 0
2913516.379408494 1000 0
2919167.293849292 1000 0
2924755.012935698 1000 0
2930280.24253063 1000 0
2935743.678055021 1000 0
2941146.014135957 1000 0
2946487.933655682 1000 0
2951770.110972159 1000 0
2956993.212129503 1000 0
2962157.903171956 1000 0
2967264.834906229 1000 0
2972314.651805562 1000 0
2977307.993117908 1000 0
2982245.491246493 1000 0
2987127.770582876 1000 0
2991955.44867187 1000 0
2996729.13623839 1000 0
3001449.436581735 1000 0
3006116.946697127 1000 0
3010732.257695909 1000 0
3015295.953470316 1000 0
3019808.610362839 1000 0
3024270.799258658 1000 0
3028683.08536703 1000 0
3033046.02667595 1000 0
3037360.174407261 1000 0
3041626.074094506 1000 0
3045844.265954617 1000 0
3050015.28347063 1000 0
3054139.654258868 1000 0
3058217.900123914 1000 0
3062250.535432398 1000 0
3066238.072136747 1000 0
3070181.014094136 1000 0
3074079.859902612 1000 0
3077935.102052511 1000 0
3081747.229151729 1000 0
3085516.723234003 1000 0
3089244.061483502 1000 0
3092929.713081139 1000 0
3096574.147400335 1000 0
3100177.823706751 1000 0
3103741.197635559 1000 0
3107264.719589685 1000 0
3110748.836949138 1000 0
3114193.988762285 1000 0
3117600.611838984 1000 0
3120969.136958443 1000 0
3124299.989681527 1000 0
3127593.592296167 1000 0
3130850.359834405 1000 0
3134070.704209531 1000 0
3137255.035291244 1000 0
3140403.753048276 1000 0
3143517.257531032 1000 0
3146595.940724222 1000 0
3149640.194039496 1000 0
3152650.401805941 1000 0
3155626.945134574 1000 0
3158570.20010412 1000 0
3161480.537590555 1000 0
3164358.328053366 1000 0
3167203.934213192 1000 0
3170017.717008913 1000 0
3172800.030644694 1000 0
3175551.228846096 1000 0
3178271.657829173 1000 0
3180961.663570964 1000 0
3183621.58486629 1000 0
3186251.759358252 1000 0
3188852.518523432 1000 0
3191424.193252079 1000 0
3193967.106521516 1000 0
3196481.580679962 1000 0
3198967.934037108 1000 0
3201426.481293626 1000 0
3203857.533091825 1000 0
3206261.396924141 1000 0
3208638.37714141 1000 0
3210988.774120162 1000 0
3213312.88515232 1000 0
3215611.004750004 1000 0
3217883.422517205 1000 0
3220130.426826371 1000 0
3222352.301868007 1000 0
3224549.327788775 1000 0
3226721.783642002 1000 0
3228869.943279042 1000 0
3230994.079150212 1000 0
3233094.459199619 1000 0
3235171.349955849 1000 0
3237225.013365815 1000 0
3239255.709339512 1000 0
3241263.694991145 1000 0
3243249.224267442 1000 0
3245212.548428352 1000 0
3247153.915049863 1000 0
3249073.570590913 1000 0
3250971.757336001 1000 0
3252848.715828065 1000 0
3254704.683094612 1000 0
3256539.893839387 1000 0
3258354.580558011 1000 0
3260148.972544342 1000 0
3261923.297124391 1000 0
3263677.778111726 1000 0
3265412.637375088 1000 0
3267128.094982607 1000 0
3268824.36761086 1000 0
3270501.669934954 1000 0
3272160.213963665 1000 0
3273800.209982316 1000 0
3275421.864384377 1000 0
3277025.383159051 1000 0
3278610.968607458 1000 0
3280178.821865445 1000 0
3281729.140687643 1000 0
3283262.121531962 1000 0
3284777.957873203 1000 0
3286276.841904494 1000 0
3287758.963525046 1000 0
3289224.508837876 1000 0
3290673.66457225 1000 0
3292106.613966189 1000 0
3293523.537090935 1000 0
3294924.614393326 1000 0
3296310.022712101 1000 0
3297679.937334521 1000 0
3299034.530693619 1000 0
3300373.975845843 1000 0
3301698.440541881 1000 0
3303008.092594062 1000 0
3304303.098545214 1000 0
3305583.622265385 1000 0
3306849.824634038 1000 0
3308101.866297913 1000 0
3309339.905762802 1000 0
3310564.099308197 1000 0
3311774.602089744 1000 0
3312971.567157514 1000 0
3314155.145878172 1000 0
3315325.487944768 1000 0
3316482.741388016 1000 0
3317627.052589114 1000 0
3318758.566294193 1000 0
3319877.425630477 1000 0
3320983.772124216 1000 0
3322077.745720492 1000 0
3323159.484804973 1000 0
3324229.126200321 1000 0
3325286.804991415 1000 0
3326332.655190902 1000 0
3327366.809183792 1000 0
3328389.397590824 1000 0
3329400.549740239 1000 0
3330400.393614898 1000 0
3331389.055805825 1000 0
3332366.661151527 1000 0
1 6 0 0
1 9 0 693
1671
1672
1673
1674
1675
1676
1677
1678
1679
1680
1681
1682
1683
1684
1685
1686
1687
1688
1689
1690
1691
1692
1693
1694
1695
1696
1697
1698
1699
1700
1701
1702
1703
1704
1705
1706
1707
1708
1709
1710
1711
1712
1713
1714
1715
1716
1717
1718
1719
1720
1721
1722
1723
1724
1725
1726
1727
1728
1729
1730
1731
1732
1733
1734
1735
1736
1737
1738
1739
1740
1741
1742
1743
1744
1745
1746
1747
1748
1749
1750
1751
1752
1753
1754
1755
1756
1757
1758
1759
1760
1761
1762
1763
1764
1765
1766
1767
1768
1769
1770
1771
1772
1773
1774
1775
1776
1777
1778
1779
1780
1781
1782
1783
1784
1785
1786
1787
1788
1789
1790
1791
1792
1793
1794
1795
1796
1797
1798
1799
1800
1801
1802
1803
1804
1805
1806
1807
1808
1809
1810
1811
1812
1813
1814
1815
1816
1817
1818
1819
1820
1821
1822
1823
1824
1825
1826
1827
1828
1829
1830
1831
1832
1833
1834
1835
1836
1837
1838
1839
1840
1841
1842
1843
1844
1845
1846
1847
1848
1849
1850
1851
1852
1853
1854
1855
1856
1857
1858
1859
1860
1861
1862
1863
1864
1865
1866
1867
1868
1869
1870
1871
1872
1873
1874
1875
1876
1877
1878
1879
1880
1881
1882
1883
1884
1885
1886
1887
1888
1889
1890
1891
1892
1893
1894
1895
1896
1897
1898
1899
1900
1901
1902
1903
1904
1905
1906
1907
1908
1909
1910
1911
1912
1913
1914
1915
1916
1917
1918
1919
1920
1921
1922
1923
1924
1925
1926
1927
1928
1929
1930
1931
1932
1933
1934
1935
1936
1937
1938
1939
1940
1941
1942
1943
1944
1945
1946
1947
1948
1949
1950
1951
1952
1953
1954
1955
1956
1957
1958
1959
1960
1961
1962
1963
1964
1965
1966
1967
1968
1969
1970
1971
1972
1973
1974
1975
1976
1977
1978
1979
1980
1981
1982
1983
1984
1985
1986
1987
1988
1989
1990
1991
1992
1993
1994
1995
1996
1997
1998
1999
2000
2001
2002
2003
2004
2005
2006
2007
2008
2009
2010
2011
2012
2013
2014
2015
2016
2017
2018
2019
2020
2021
2022
2023
2024
2025
2026
2027
2028
2029
2030
2031
2032
2033
2034
2035
2036
2037
2038
2039
2040
2041
2042
2043
2044
2045
2046
2047
2048
2049
2050
2051
2052
2053
2054
2055
2056
2057
2058
2059
2060
2061
2062
2063
2064
2065
2066
2067
2068
2069
2070
2071
2072
2073
2074
2075
2076
2077
2078
2079
2080
2081
2082
2083
2084
2085
2086
2087
2088
2089
2090
2091
2092
2093
2094
2095
2096
2097
2098
2099
2100
2101
2102
2103
2104
2105
2106
2107
2108
2109
2110
2111
2112
2113
2114
2115
2116
2117
2118
2119
2120
2121
2122
2123
2124
2125
2126
2127
2128
2129
2130
2131
2132
2133
2134
2135
2136
2137
2138
2139
2140
2141
2142
2143
2144
2145
2146
2147
2148
2149
2150
2151
2152
2153
2154
2155
2156
2157
2158
2159
2160
2161
2162
2163
2164
2165
2166
2167
2168
2169
2170
2171
2172
2173
2174
2175
2176
2177
2178
2179
2180
2181
2182
2183
2184
2185
2186
2187
2188
2189
2190
2191
2192
2193
2194
2195
2196
2197
2198
2199
2200
2201
2202
2203
2204
2205
2206
2207
2208
2209
2210
2211
2212
2213
2214
2215
2216
2217
2218
2219
2220
2221
2222
2223
2224
2225
2226
2227
2228
2229
2230
2231
2232
2233
2234
2235
2236
2237
2238
2239
2240
2241
2242
2243
2244
2245
2246
2247
2248
2249
2250
2251
2252
2253
2254
2255
2256
2257
2258
2259
2260
2261
2262
2263
2264
2265
2266
2267
2268
2269
2270
2271
2272
2273
2274
2275
2276
2277
2278
2279
2280
2281
2282
2283
2284
2285
2286
2287
2288
2289
2290
2291
2292
2293
2294
2295
2296
2297
2298
2299
2300
2301
2302
2303
2304
2305
2306
2307
2308
2309
2310
2311
2312
2313
2314
2315
2316
2317
2318
2319
2320
2321
2322
2323
2324
2325
2326
2327
2328
2329
2330
2331
2332
2333
2334
2335
2336
2337
2338
2339
2340
2341
2342
2343
2344
2345
2346
2347
2348
2349
2350
2351
2352
2353
2354
2355
2356
2357
2358
2359
2360
2361
2362
2363
3334293.9481268 1000 0
3335254.562920268 1000 0
3336215.177713735 1000 0
3337175.792507201 1000 0
3338136.407300669 1000 0
3339097.022094126 1000 0
3340057.636887576 1000 0
3341018.251681027 1000 0
3341978.866474477 1000 0
3342939.481267927 1000 0
3343900.09606138 1000 0
3344860.710854847 1000 0
3345821.325648314 1000 0
3346781.940441781 1000 0
3347742.555235248 1000 0
3348703.170028715 1000 0
3349663.784822182 1000 0
3350624.399615649 1000 0
3351585.014409116 1000 0
3352545.629202583 1000 0
3353506.24399605 1000 0
3354466.858789512 1000 0
3355427.473582962 1000 0
3356388.088376413 1000 0
3357348.703169863 1000 0
3358309.317963313 1000 0
3359269.932756763 1000 0
3360230.547550228 1000 0
3361191.162343695 1000 0
3362151.777137163 1000 0
3363112.391930629 1000 0
3364073.006724096 1000 0
3365033.621517564 1000 0
3365994.236311031 1000 0
3366954.851104498 1000 0
3367915.465897965 1000 0
3368876.080691432 1000 0
3369836.695484898 1000 0
3370797.310278348 1000 0
3371757.925071799 1000 0
3372718.539865249 1000 0
3373679.154658699 1000 0
3374639.769452149 1000 0
3375600.38424561 1000 0
3376560.999039077 1000 0
3377521.613832544 1000 0
3378482.228626011 1000 0
3379442.843419478 1000 0
3380403.458212945 1000 0
3381364.073006412 1000 0
3382324.687799879 1000 0
3383285.302593346 1000 0
3384245.917386813 1000 0
3385206.53218028 1000 0
3386167.146973734 1000 0
3387127.761767184 1000 0
3388088.376560635 1000 0
3389048.991354085 1000 0
3390009.606147535 1000 0
3390970.220940992 1000 0
3391930.835734459 1000 0
3392891.450527926 1000 0
3393852.065321393 1000 0
3394812.68011486 1000 0
3395773.294908327 1000 0
3396733.909701794 1000 0
3397694.524495261 1000 0
3398655.139288728 1000 0
3399615.754082195 1000 0
3400576.368875662 1000 0
3401536.98366912 1000 0
3402497.59846257 1000 0
3403458.213256021 1000 0
3404418.828049471 1000 0
3405379.442842921 1000 0
3406340.057636373 1000 0
3407300.67242984 1000 0
3408261.287223307 1000 0
3409221.902016774 1000 0
3410182.516810241 1000 0
3411143.131603708 1000 0
3412103.746397175 1000 0
3413064.361190642 1000 0
3414024.97598411 1000 0
3414985.590777576 1000 0
3415946.205571043 1000 0
3416906.820364506 1000 0
3417867.435157957 1000 0
3418828.049951407 1000 0
3419788.664744857 1000 0
3420749.279538307 1000 0
3421709.894331757 1000 0
3422670.509125222 1000 0
3423631.123918689 1000 0
3424591.738712156 1000 0
3425552.353505623 1000 0
3426512.96829909 1000 0
3427473.583092557 1000 0
3428434.197886024 1000 0
3429394.812679491 1000 0
3430355.427472958 1000 0
3431316.042266425 1000 0
3432276.657059892 1000 0
3433237.271853343 1000 0
3434197.886646793 1000 0
3435158.501440243 1000 0
3436119.116233693 1000 0
3437079.731027144 1000 0
3438040.345820603 1000 0
3439000.96061407 1000 0
3439961.575407537 1000 0
3440922.190201005 1000 0
3441882.804994471 1000 0
3442843.419787938 1000 0
3443804.034581406 1000 0
3444764.649374872 1000 0
3445725.264168339 1000 0
3446685.878961807 1000 0
3447646.493755274 1000 0
3448607.108548729 1000 0
3449567.723342179 1000 0
3450528.338135629 1000 0
3451488.95292908 1000 0
3452449.56772253 1000 0
3453410.182515985 1000 0
3454370.797309452 1000 0
3455331.412102919 1000 0
3456292.026896386 1000 0
3457252.641689853 1000 0
3458213.25648332 1000 0
3459173.871276787 1000 0
3460134.486070254 1000 0
3461095.100863721 1000 0
3462055.715657188 1000 0
3463016.330450655 1000 0
3463976.945244114 1000 0
3464937.560037565 1000 0
3465898.174831015 1000 0
3466858.789624465 1000 0
3467819.404417916 1000 0
3468780.019211366 1000 0
3469740.634004833 1000 0
3470701.248798301 1000 0
3471661.863591767 1000 0
3472622.478385234 1000 0
3473583.093178702 1000 0
3474543.707972168 1000 0
3475504.322765635 1000 0
3476464.937559103 1000 0
3477425.55235257 1000 0
3478386.167146036 1000 0
3479346.7819395 1000 0
3480307.396732951 1000 0
3481268.011526401 1000 0
3482228.626319851 1000 0
3483189.241113301 1000 0
3484149.855906752 1000 0
3485110.470700215 1000 0
3486071.085493682 1000 0
3487031.700287149 1000 0
3487992.315080616 1000 0
3488952.929874083 1000 0
3489913.54466755 1000 0
3490874.159461017 1000 0
3491834.774254484 1000 0
3492795.389047951 1000 0
3493756.003841418 1000 0
3494716.618634885 1000 0
3495677.233428337 1000 0
3496637.848221787 1000 0
3497598.463015237 1000 0
3498559.077808687 1000 0
3499519.692602138 1000 0
3500480.307395597 1000 0
3501440.922189063 1000 0
3502401.53698253 1000 0
3503362.151775998 1000 0
3504322.766569464 1000 0
3505283.381362931 1000 0
3506243.996156399 1000 0
3507204.610949866 1000 0
3508165.225743333 1000 0
3509125.8405368 1000 0
3510086.455330267 1000 0
3511047.070123723 1000 0
3512007.684917173 1000 0
3512968.299710623 1000 0
3513928.914504074 1000 0
3514889.529297524 1000 0
3515850.144090978 1000 0
3516810.758884445 1000 0
3517771.373677912 1000 0
3518731.988471379 1000 0
3519692.603264846 1000 0
3520653.218058313 1000 0
3521613.83285178 1000 0
3522574.447645247 1000 0
3523535.062438714 1000 0
3524495.677232181 1000 0
3525456.292025648 1000 0
3526416.906819109 1000 0
3527377.521612559 1000 0
3528338.136406009 1000 0
3529298.75119946 1000 0
3530259.36599291 1000 0
3531219.98078636 1000 0
3532180.595579826 1000 0
3533141.210373294 1000 0
3534101.82516676 1000 0
3535062.439960227 1000 0
3536023.054753695 1000 0
3536983.669547162 1000 0
3537944.284340628 1000 0
3538904.899134096 1000 0
3539865.513927563 1000 0
3540826.128721029 1000 0
3541786.743514495 1000 0
3542747.358307945 1000 0
3543707.973101395 1000 0
3544668.587894845 1000 0
3545629.202688296 1000 0
3546589.817481746 1000 0
3547550.432275208 1000 0
3548511.047068675 1000 0
3549471.661862142 1000 0
3550432.276655609 1000 0
3551392.891449076 1000 0
3552353.506242543 1000 0
3553314.12103601 1000 0
3554274.735829477 1000 0
3555235.350622944 1000 0
3556195.965416411 1000 0
3557156.580209878 1000 0
3558117.195003331 1000 0
3559077.809796781 1000 0
3560038.424590231 1000 0
3560999.039383681 1000 0
3561959.654177132 1000 0
3562920.26897059 1000 0
3563880.883764056 1000 0
3564841.498557523 1000 0
3565802.113350991 1000 0
3566762.728144458 1000 0
3567723.342937924 1000 0
3568683.957731392 1000 0
3569644.572524859 1000 0
3570605.187318326 1000 0
3571565.802111793 1000 0
3572526.41690526 1000 0
3573487.031698717 1000 0
3574447.646492167 1000 0
3575408.261285617 1000 0
3576368.876079068 1000 0
3577329.490872518 1000 0
3578290.105665971 1000 0
3579250.720459438 1000 0
3580211.335252905 1000 0
3581171.950046372 1000 0
3582132.564839839 1000 0
3583093.179633306 1000 0
3584053.794426773 1000 0
3585014.40922024 1000 0
3585975.024013707 1000 0
3586935.638807174 1000 0
3587896.253600641 1000 0
3588856.868394103 1000 0
3589817.483187553 1000 0
3590778.097981004 1000 0
3591738.712774454 1000 0
3592699.327567904 1000 0
3593659.942361354 1000 0
3594620.557154819 1000 0
3595581.171948287 1000 0
3596541.786741754 1000 0
3597502.40153522 1000 0
3598463.016328688 1000 0
3599423.631122155 1000 0
3600384.245915622 1000 0
3601344.860709089 1000 0
3602305.475502556 1000 0
3603266.090296023 1000 0
3604226.705089489 1000 0
3605187.319882939 1000 0
3606147.934676389 1000 0
3607108.54946984 1000 0
3608069.16426329 1000 0
3609029.77905674 1000 0
3609990.393850201 1000 0
3610951.008643668 1000 0
3611911.623437135 1000 0
3612872.238230602 1000 0
3613832.853024069 1000 0
3614793.467817537 1000 0
3615754.082611003 1000 0
3616714.69740447 1000 0
3617675.312197938 1000 0
3618635.926991404 1000 0
3619596.541784871 1000 0
3620557.156578325 1000 0
3621517.771371775 1000 0
3622478.386165226 1000 0
3623439.000958676 1000 0
3624399.615752126 1000 0
3625360.230545583 1000 0
3626320.84533905 1000 0
3627281.460132517 1000 0
3628242.074925984 1000 0
3629202.689719451 1000 0
3630163.304512918 1000 0
3631123.919306385 1000 0
3632084.534099852 1000 0
3633045.148893319 1000 0
3634005.763686786 1000 0
3634966.378480253 1000 0
3635926.993273711 1000 0
3636887.608067161 1000 0
3637848.222860612 1000 0
3638808.837654062 1000 0
3639769.452447512 1000 0
3640730.067240964 1000 0
3641690.682034431 1000 0
3642651.296827898 1000 0
3643611.911621365 1000 0
3644572.526414833 1000 0
3645533.141208299 1000 0
3646493.756001766 1000 0
3647454.370795234 1000 0
3648414.985588701 1000 0
3649375.600382168 1000 0
3650336.215175635 1000 0
3651296.829969097 1000 0
3652257.444762548 1000 0
3653218.059555998 1000 0
3654178.674349448 1000 0
3655139.289142898 1000 0
3656099.903936348 1000 0
3657060.518729813 1000 0
3658021.13352328 1000 0
3658981.748316747 1000 0
3659942.363110214 1000 0
3660902.977903681 1000 0
3661863.592697148 1000 0
3662824.207490615 1000 0
3663784.822284082 1000 0
3664745.437077549 1000 0
3665706.051871016 1000 0
3666666.666664483 1000 0
3667627.28145795 1000 0
3668587.896251417 1000 0
3669548.511044884 1000 0
3670509.125838351 1000 0
3671469.740631818 1000 0
3672430.355425295 1000 0
3673390.970218779 1000 0
3674351.585012263 1000 0
3675312.199805747 1000 0
3676272.81459923 1000 0
3677233.429392712 1000 0
3678194.044186179 1000 0
3679154.658979645 1000 0
3680115.273773113 1000 0
3681075.88856658 1000 0
3682036.503360047 1000 0
3682997.118153514 1000 0
3683957.732946981 1000 0
3684918.347740448 1000 0
3685878.962533915 1000 0
3686839.577327382 1000 0
3687800.192120854 1000 0
3688760.806914338 1000 0
3689721.421707822 1000 0
3690682.036501306 1000 0
3691642.651294789 1000 0
3692603.266088273 1000 0
3693563.880881742 1000 0
3694524.495675209 1000 0
3695485.110468676 1000 0
3696445.725262143 1000 0
3697406.34005561 1000 0
3698366.954849077 1000 0
3699327.569642544 1000 0
3700288.184436011 1000 0
3701248.799229478 1000 0
3702209.414022945 1000 0
3703170.028816413 1000 0
3704130.643609897 1000 0
3705091.258403381 1000 0
3706051.873196865 1000 0
3707012.487990349 1000 0
3707973.102783832 1000 0
3708933.717577306 1000 0
3709894.332370772 1000 0
3710854.947164239 1000 0
3711815.561957707 1000 0
3712776.176751174 1000 0
3713736.791544641 1000 0
3714697.406338108 1000 0
3715658.021131575 1000 0
3716618.635925042 1000 0
3717579.250718509 1000 0
3718539.865511976 1000 0
3719500.480305456 1000 0
3720461.09509894 1000 0
3721421.709892424 1000 0
3722382.324685907 1000 0
3723342.939479391 1000 0
3724303.554272869 1000 0
3725264.169066336 1000 0
3726224.783859803 1000 0
3727185.39865327 1000 0
3728146.013446737 1000 0
3729106.628240204 1000 0
3730067.243033671 1000 0
3731027.857827138 1000 0
3731988.472620605 1000 0
3732949.087414072 1000 0
3733909.702207539 1000 0
3734870.317001015 1000 0
3735830.931794499 1000 0
3736791.546587983 1000 0
3737752.161381466 1000 0
3738712.77617495 1000 0
3739673.390968433 1000 0
3740634.0057619 1000 0
3741594.620555366 1000 0
3742555.235348834 1000 0
3743515.850142301 1000 0
3744476.464935767 1000 0
3745437.079729235 1000 0
3746397.694522702 1000 0
3747358.309316169 1000 0
3748318.924109636 1000 0
3749279.538903103 1000 0
3750240.153696574 1000 0
3751200.768490058 1000 0
3752161.383283542 1000 0
3753121.998077026 1000 0
3754082.612870509 1000 0
3755043.227663993 1000 0
3756003.842457463 1000 0
3756964.45725093 1000 0
3757925.072044397 1000 0
3758885.686837864 1000 0
3759846.301631331 1000 0
3760806.916424798 1000 0
3761767.531218265 1000 0
3762728.146011732 1000 0
3763688.760805199 1000 0
3764649.375598666 1000 0
3765609.990392133 1000 0
3766570.605185617 1000 0
3767531.219979101 1000 0
3768491.834772584 1000 0
3769452.449566068 1000 0
3770413.064359552 1000 0
3771373.679153027 1000 0
3772334.293946493 1000 0
3773294.90873996 1000 0
3774255.523533428 1000 0
3775216.138326894 1000 0
3776176.753120362 1000 0
3777137.367913829 1000 0
3778097.982707296 1000 0
3779058.597500763 1000 0
3780019.21229423 1000 0
3780979.827087697 1000 0
3781940.441881176 1000 0
3782901.05667466 1000 0
3783861.671468143 1000 0
3784822.286261627 1000 0
3785782.901055111 1000 0
3786743.51584859 1000 0
3787704.130642057 1000 0
3788664.745435524 1000 0
3789625.360228991 1000 0
3790585.975022458 1000 0
3791546.589815925 1000 0
3792507.204609392 1000 0
3793467.819402859 1000 0
3794428.434196326 1000 0
3795389.048989793 1000 0
3796349.66378326 1000 0
3797310.278576735 1000 0
3798270.893370219 1000 0
3799231.508163703 1000 0
3800192.122957186 1000 0
3801152.73775067 1000 0
3802113.352544154 1000 0
3803073.96733762 1000 0
3804034.582131087 1000 0
3804995.196924555 1000 0
3805955.811718022 1000 0
3806916.426511488 1000 0
3807877.041304956 1000 0
3808837.656098423 1000 0
3809798.270891889 1000 0
3810758.885685357 1000 0
3811719.500478824 1000 0
3812680.115272294 1000 0
3813640.730065778 1000 0
3814601.344859262 1000 0
3815561.959652745 1000 0
3816522.574446229 1000 0
3817483.189239713 1000 0
3818443.804033184 1000 0
3819404.418826651 1000 0
3820365.033620118 1000 0
3821325.648413585 1000 0
3822286.263207052 1000 0
3823246.878000519 1000 0
3824207.492793986 1000 0
3825168.107587453 1000 0
3826128.72238092 1000 0
3827089.337174387 1000 0
3828049.951967854 1000 0
3829010.566761337 1000 0
3829971.18155482 1000 0
3830931.796348304 1000 0
3831892.411141788 1000 0
3832853.025935272 1000 0
3833813.640728747 1000 0
3834774.255522214 1000 0
3835734.870315681 1000 0
3836695.485109149 1000 0
3837656.099902615 1000 0
3838616.714696083 1000 0
3839577.32948955 1000 0
3840537.944283016 1000 0
3841498.559076484 1000 0
3842459.173869951 1000 0
3843419.788663418 1000 0
3844380.403456896 1000 0
3845341.01825038 1000 0
3846301.633043863 1000 0
3847262.247837347 1000 0
3848222.862630831 1000 0
3849183.477424311 1000 0
3850144.092217778 1000 0
3851104.707011245 1000 0
3852065.321804712 1000 0
3853025.936598179 1000 0
3853986.551391646 1000 0
3854947.166185113 1000 0
3855907.78097858 1000 0
3856868.395772047 1000 0
3857829.010565514 1000 0
3858789.625358981 1000 0
3859750.240152455 1000 0
3860710.854945939 1000 0
3861671.469739422 1000 0
3862632.084532906 1000 0
3863592.69932639 1000 0
3864553.314119874 1000 0
3865513.928913341 1000 0
3866474.543706809 1000 0
3867435.158500276 1000 0
3868395.773293742 1000 0
3869356.38808721 1000 0
3870317.002880677 1000 0
3871277.617674144 1000 0
3872238.23246761 1000 0
3873198.847261078 1000 0
3874159.462054545 1000 0
3875120.076848014 1000 0
3876080.691641497 1000 0
3877041.306434982 1000 0
3878001.921228466 1000 0
3878962.536021949 1000 0
3879923.150815433 1000 0
3880883.765608905 1000 0
3881844.380402372 1000 0
3882804.995195839 1000 0
3883765.609989306 1000 0
3884726.224782773 1000 0
3885686.83957624 1000 0
3886647.454369707 1000 0
3887608.069163174 1000 0
3888568.683956641 1000 0
3889529.298750108 1000 0
3890489.913543575 1000 0
3891450.528337057 1000 0
3892411.143130541 1000 0
3893371.757924024 1000 0
3894332.372717508 1000 0
3895292.987510992 1000 0
3896253.602304468 1000 0
3897214.217097936 1000 0
3898174.831891403 1000 0
3899135.44668487 1000 0
3900096.061478337 1000 0
3901056.676271804 1000 0
3902017.291065271 1000 0
3902977.905858738 1000 0
3903938.520652205 1000 0
3904899.135445672 1000 0
3905859.750239139 1000 0
3906820.365032616 1000 0
3907780.9798261 1000 0
3908741.594619583 1000 0
3909702.209413067 1000 0
3910662.824206551 1000 0
3911623.439000032 1000 0
3912584.053793499 1000 0
3913544.668586966 1000 0
3914505.283380433 1000 0
3915465.8981739 1000 0
3916426.512967367 1000 0
3917387.127760834 1000 0
3918347.742554301 1000 0
3919308.357347768 1000 0
3920268.972141235 1000 0
3921229.586934702 1000 0
3922190.201728175 1000 0
3923150.816521659 1000 0
3924111.431315143 1000 0
3925072.046108626 1000 0
3926032.66090211 1000 0
3926993.275695594 1000 0
3927953.890489063 1000 0
3928914.50528253 1000 0
3929875.120075997 1000 0
3930835.734869464 1000 0
3931796.349662931 1000 0
3932756.964456398 1000 0
3933717.579249865 1000 0
3934678.194043332 1000 0
3935638.808836799 1000 0
3936599.423630266 1000 0
3937560.038423734 1000 0
3938520.653217218 1000 0
3939481.268010702 1000 0
3940441.882804186 1000 0
3941402.497597669 1000 0
3942363.112391153 1000 0
3943323.727184626 1000 0
3944284.341978093 1000 0
3945244.95677156 1000 0
3946205.571565027 1000 0
3947166.186358494 1000 0
3948126.801151961 1000 0
3949087.415945428 1000 0
3950048.030738895 1000 0
3951008.645532363 1000 0
3951969.260325829 1000 0
3952929.875119296 1000 0
3953890.489912777 1000 0
3954851.104706261 1000 0
3955811.719499744 1000 0
3956772.334293229 1000 0
3957732.949086712 1000 0
3958693.563880196 1000 0
3959654.17867368 1000 0
3960614.793467164 1000 0
3961575.408260647 1000 0
3962536.023054131 1000 0
3963496.637847615 1000 0
3964457.252641099 1000 0
3965417.867434583 1000 0
3966378.482228067 1000 0
3967339.09702155 1000 0
3968299.711815034 1000 0
3969260.326608518 1000 0
3970220.941402002 1000 0
3971181.556195485 1000 0
3972142.17098897 1000 0
3973102.785782453 1000 0
3974063.400575937 1000 0
3975024.015369421 1000 0
3975984.630162905 1000 0
3976945.244956388 1000 0
3977905.859749872 1000 0
3978866.474543356 1000 0
3979827.08933684 1000 0
3980787.704130324 1000 0
3981748.318923808 1000 0
3982708.933717291 1000 0
3983669.548510775 1000 0
3984630.163304259 1000 0
3985590.778097743 1000 0
3986551.392891226 1000 0
3987512.00768471 1000 0
3988472.622478194 1000 0
3989433.237271678 1000 0
3990393.852065162 1000 0
3991354.466858645 1000 0
3992315.08165213 1000 0
3993275.696445613 1000 0
3994236.311239097 1000 0
3995196.926032581 1000 0
3996157.540826065 1000 0
3997118.155619549 1000 0
3998078.770413032 1000 0
3999039.385206516 1000 0
1 13 0 259
2364
2365
2366
2367
2368
2369
2370
2371
2372
2373
2374
2375
2376
2377
2378
2379
2380
2381
2382
2383
2384
2385
2386
2387
2388
2389
2390
2391
2392
2393
2394
2395
2396
2397
2398
2399
2400
2401
2402
2403
2404
2405
2406
2407
2408
2409
2410
2411
2412
2413
2414
2415
2416
2417
2418
2419
2420
2421
2422
2423
2424
2425
2426
2427
2428
2429
2430
2431
2432
2433
2434
2435
2436
2437
2438
2439
2440
2441
2442
2443
2444
2445
2446
2447
2448
2449
2450
2451
2452
2453
2454
2455
2456
2457
2458
2459
2460
2461
2462
2463
2464
2465
2466
2467
2468
2469
2470
2471
2472
2473
2474
2475
2476
2477
2478
2479
2480
2481
2482
2483
2484
2485
2486
2487
2488
2489
2490
2491
2492
2493
2494
2495
2496
2497
2498
2499
2500
2501
2502
2503
2504
2505
2506
2507
2508
2509
2510
2511
2512
2513
2514
2515
2516
2517
2518
2519
2520
2521
2522
2523
2524
2525
2526
2527
2528
2529
2530
2531
2532
2533
2534
2535
2536
2537
2538
2539
2540
2541
2542
2543
2544
2545
2546
2547
2548
2549
2550
2551
2552
2553
2554
2555
2556
2557
2558
2559
2560
2561
2562
2563
2564
2565
2566
2567
2568
2569
2570
2571
2572
2573
2574
2575
2576
2577
2578
2579
2580
2581
2582
2583
2584
2585
2586
2587
2588
2589
2590
2591
2592
2593
2594
2595
2596
2597
2598
2599
2600
2601
2602
2603
2604
2605
2606
2607
2608
2609
2610
2611
2612
2613
2614
2615
2616
2617
2618
2619
2620
2621
2622
4000961.538461538 1000 0
4001923.076923077 1000 0
4002884.615384615 1000 0
4003846.153846154 1000 0
4004807.692307692 1000 0
4005769.230769231 1000 0
4006730.769230769 1000 0
4007692.307692308 1000 0
4008653.846153846 1000 0
4009615.384615385 1000 0
4010576.923076923 1000 0
4011538.461538462 1000 0
4012500 1000 0
4013461.538461538 1000 0
4014423.076923077 1000 0
4015384.615384615 1000 0
4016346.153846154 1000 0
4017307.692307692 1000 0
4018269.230769231 1000 0
4019230.769230769 1000 0
4020192.307692308 1000 0
4021153.846153846 1000 0
4022115.384615385 1000 0
4023076.923076923 1000 0
4024038.461538462 1000 0
4025000 1000 0
4025961.538461538 1000 0
4026923.076923077 1000 0
4027884.615384615 1000 0
4028846.153846154 1000 0
4029807.692307692 1000 0
4030769.230769231 1000 0
4031730.769230769 1000 0
4032692.307692308 1000 0
4033653.846153846 1000 0
4034615.384615385 1000 0
4035576.923076923 1000 0
4036538.461538462 1000 0
4037500 1000 0
4038461.538461538 1000 0
4039423.076923077 1000 0
4040384.615384615 1000 0
4041346.153846154 1000 0
4042307.692307692 1000 0
4043269.230769231 1000 0
4044230.769230769 1000 0
4045192.307692308 1000 0
4046153.846153846 1000 0
4047115.384615385 1000 0
4048076.923076923 1000 0
4049038.461538462 1000 0
4050000 1000 0
4050961.538461538 1000 0
4051923.076923077 1000 0
4052884.615384615 1000 0
4053846.153846154 1000 0
4054807.692307692 1000 0
4055769.230769231 1000 0
4056730.769230769 1000 0
4057692.307692308 1000 0
4058653.846153846 1000 0
4059615.384615385 1000 0
4060576.923076923 1000 0
4061538.461538462 1000 0
4062500 1000 0
4063461.538461538 1000 0
4064423.076923077 1000 0
4065384.615384615 1000 0
4066346.153846154 1000 0
4067307.692307692 1000 0
4068269.230769231 1000 0
4069230.769230769 1000 0
4070192.307692308 1000 0
4071153.846153846 1000 0
4072115.384615385 1000 0
4073076.923076923 1000 0
4074038.461538462 1000 0
4075000 1000 0
4075961.538461538 1000 0
4076923.076923077 1000 0
4077884.615384615 1000 0
4078846.153846154 1000 0
4079807.692307692 1000 0
4080769.230769231 1000 0
4081730.769230769 1000 0
4082692.307692308 1000 0
4083653.846153846 1000 0
4084615.384615385 1000 0
4085576.923076923 1000 0
4086538.461538462 1000 0
4087500 1000 0
4088461.538461539 1000 0
4089423.076923077 1000 0
4090384.615384615 1000 0
4091346.153846154 1000 0
4092307.692307692 1000 0
4093269.230769231 1000 0
4094230.769230769 1000 0
4095192.307692308 1000 0
4096153.846153846 1000 0
4097115.384615385 1000 0
4098076.923076923 1000 0
4099038.461538462 1000 0
4100000 1000 0
4100961.538461539 1000 0
4101923.076923077 1000 0
4102884.615384616 1000 0
4103846.153846154 1000 0
4104807.692307692 1000 0
4105769.230769231 1000 0
4106730.769230769 1000 0
4107692.307692308 1000 0
4108653.846153846 1000 0
4109615.384615385 1000 0
4110576.923076923 1000 0
4111538.461538462 1000 0
4112500 1000 0
4113461.538461539 1000 0
4114423.076923077 1000 0
4115384.615384616 1000 0
4116346.153846154 1000 0
4117307.692307692 1000 0
4118269.230769231 1000 0
4119230.769230769 1000 0
4120192.307692308 1000 0
4121153.846153846 1000 0
4122115.384615385 1000 0
4123076.923076923 1000 0
4124038.461538462 1000 0
4125000 1000 0
4125961.538461539 1000 0
4126923.076923077 1000 0
4127884.615384616 1000 0
4128846.153846154 1000 0
4129807.692307692 1000 0
4130769.230769231 1000 0
4131730.769230769 1000 0
4132692.307692308 1000 0
4133653.846153846 1000 0
4134615.384615385 1000 0
4135576.923076923 1000 0
4136538.461538462 1000 0
4137500 1000 0
4138461.538461539 1000 0
4139423.076923077 1000 0
4140384.615384616 1000 0
4141346.153846154 1000 0
4142307.692307692 1000 0
4143269.230769231 1000 0
4144230.769230769 1000 0
4145192.307692308 1000 0
4146153.846153846 1000 0
4147115.384615385 1000 0
4148076.923076923 1000 0
4149038.461538462 1000 0
4150000 1000 0
4150961.538461539 1000 0
4151923.076923077 1000 0
4152884.615384616 1000 0
4153846.153846154 1000 0
4154807.692307692 1000 0
4155769.230769231 1000 0
4156730.769230769 1000 0
4157692.307692308 1000 0
4158653.846153846 1000 0
4159615.384615385 1000 0
4160576.923076923 1000 0
4161538.461538462 1000 0
4162500 1000 0
4163461.538461539 1000 0
4164423.076923077 1000 0
4165384.615384615 1000 0
4166346.153846154 1000 0
4167307.692307692 1000 0
4168269.230769231 1000 0
4169230.769230769 1000 0
4170192.307692308 1000 0
4171153.846153846 1000 0
4172115.384615385 1000 0
4173076.923076923 1000 0
4174038.461538462 1000 0
4175000 1000 0
4175961.538461539 1000 0
4176923.076923077 1000 0
4177884.615384615 1000 0
4178846.153846154 1000 0
4179807.692307692 1000 0
4180769.230769231 1000 0
4181730.769230769 1000 0
4182692.307692308 1000 0
4183653.846153846 1000 0
4184615.384615385 1000 0
4185576.923076923 1000 0
4186538.461538462 1000 0
4187500 1000 0
4188461.538461538 1000 0
4189423.076923077 1000 0
4190384.615384615 1000 0
4191346.153846154 1000 0
4192307.692307692 1000 0
4193269.230769231 1000 0
4194230.769230769 1000 0
4195192.307692308 1000 0
4196153.846153846 1000 0
4197115.384615385 1000 0
4198076.923076923 1000 0
4199038.461538462 1000 0
4200000 1000 0
4200961.538461539 1000 0
4201923.076923077 1000 0
4202884.615384616 1000 0
4203846.153846154 1000 0
4204807.692307692 1000 0
4205769.230769231 1000 0
4206730.769230769 1000 0
4207692.307692308 1000 0
4208653.846153846 1000 0
4209615.384615385 1000 0
4210576.923076923 1000 0
4211538.461538462 1000 0
4212500 1000 0
4213461.538461539 1000 0
4214423.076923077 1000 0
4215384.615384616 1000 0
4216346.153846154 1000 0
4217307.692307692 1000 0
4218269.230769231 1000 0
4219230.769230769 1000 0
4220192.307692308 1000 0
4221153.846153846 1000 0
4222115.384615385 1000 0
4223076.923076923 1000 0
4224038.461538462 1000 0
4225000 1000 0
4225961.538461539 1000 0
4226923.076923077 1000 0
4227884.615384615 1000 0
4228846.153846154 1000 0
4229807.692307692 1000 0
4230769.230769231 1000 0
4231730.769230769 1000 0
4232692.307692308 1000 0
4233653.846153846 1000 0
4234615.384615385 1000 0
4235576.923076923 1000 0
4236538.461538462 1000 0
4237500 1000 0
4238461.538461538 1000 0
4239423.076923077 1000 0
4240384.615384615 1000 0
4241346.153846154 1000 0
4242307.692307692 1000 0
4243269.230769231 1000 0
4244230.769230769 1000 0
4245192.307692308 1000 0
4246153.846153846 1000 0
4247115.384615385 1000 0
4248076.923076923 1000 0
4249038.461538462 1000 0
1 17 0 54
2623
2624
2625
2626
2627
2628
2629
2630
2631
2632
2633
2634
2635
2636
2637
2638
2639
2640
2641
2642
2643
2644
2645
2646
2647
2648
2649
2650
2651
2652
2653
2654
2655
2656
2657
2658
2659
2660
2661
2662
2663
2664
2665
2666
2667
2668
2669
2670
2671
2672
2673
2674
2675
2676
4250994.723856252 1000 0
4252058.452594967 1000 0
4253195.972987067 1000 0
4254412.404346549 1000 0
4255713.220567909 1000 0
4257104.276020185 1000 0
4258591.82956169 1000 0
4260182.576441813 1000 0
4261883.674738421 1000 0
4263702.779625058 1000 0
4265648.077618542 1000 0
4267728.32276438 1000 0
4269952.876250899 1000 0
4272331.748937204 1000 0
4274875.646429542 1000 0
4277596.016195688 1000 0
4280505.101319987 1000 0
4283615.991281897 1000 0
4286942.686754167 1000 0
4290500.157671748 1000 0
4294304.413779169 1000 0
4298372.575322806 1000 0
4302722.948270722 1000 0
4307375.110376738 1000 0
4312349.997716362 1000 0
4317669.996955367 1000 0
4323359.050576927 1000 0
4329442.758241527 1000 0
4335948.496693897 1000 0
4342905.545452074 1000 0
4350345.210989575 1000 0
4358300.972391427 1000 0
4366808.633013889 1000 0
4375906.477362391 1000 0
4385635.447198072 1000 0
4396039.32482059 1000 0
4407164.930345695 1000 0
4419062.327621636 1000 0
4431785.05533558 1000 0
4445390.373711096 1000 0
4459939.504659939 1000 0
4475497.921048354 1000 0
4492135.637703736 1000 0
4509927.53151263 1000 0
4528953.662834997 1000 0
4549299.65442845 1000 0
4571057.064697141 1000 0
4594323.807667681 1000 0
4619204.587647547 1000 0
4645811.364794928 1000 0
4674263.88449262 1000 0
4704690.176190285 1000 0
4737227.168369742 1000 0
4772021.281174706 1000 0
1 19 0 0
2 8 0 0
2 12 0 0
2 16 0 0
2 20 0 0
$EndNodes
$Elements
14 4013 1 4013
1 1 1 328
1 1 11 
2 11 12 
3 12 13 
4 13 14 
5 14 15 
6 15 16 
7 16 17 
8 17 18 
9 18 19 
10 19 20 
11 20 21 
12 21 22 
13 22 23 
14 23 24 
15 24 25 
16 25 26 
17 26 27 
18 27 28 
19 28 29 
20 29 30 
21 30 31 
22 31 32 
23 32 33 
24 33 34 
25 34 35 
26 35 36 
27 36 37 
28 37 38 
29 38 39 
30 39 40 
31 40 41 
32 41 42 
33 42 43 
34 43 44 
35 44 45 
36 45 46 
37 46 47 
38 47 48 
39 48 49 
40 49 50 
41 50 51 
42 51 52 
43 52 53 
44 53 54 
45 54 55 
46 55 56 
47 56 57 
48 57 58 
49 58 59 
50 59 60 
51 60 61 
52 61 62 
53 62 63 
54 63 64 
55 64 65 
56 65 66 
57 66 67 
58 67 68 
59 68 69 
60 69 70 
61 70 71 
62 71 72 
63 72 73 
64 73 74 
65 74 75 
66 75 76 
67 76 77 
68 77 78 
69 78 79 
70 79 80 
71 80 81 
72 81 82 
73 82 83 
74 83 84 
75 84 85 
76 85 86 
77 86 87 
78 87 88 
79 88 89 
80 89 90 
81 90 91 
82 91 92 
83 92 93 
84 93 94 
85 94 95 
86 95 96 
87 96 97 
88 97 98 
89 98 99 
90 99 100 
91 100 101 
92 101 102 
93 102 103 
94 103 104 
95 104 105 
96 105 106 
97 106 107 
98 107 108 
99 108 109 
100 109 110 
101 110 111 
102 111 112 
103 112 113 
104 113 114 
105 114 115 
106 115 116 
107 116 117 
108 117 118 
109 118 119 
110 119 120 
111 120 121 
112 121 122 
113 122 123 
114 123 124 
115 124 125 
116 125 126 
117 126 127 
118 127 128 
119 128 129 
120 129 130 
121 130 131 
122 131 132 
123 132 133 
124 133 134 
125 134 135 
126 135 136 
127 136 137 
128 137 138 
129 138 139 
130 139 140 
131 140 141 
132 141 142 
133 142 143 
134 143 144 
135 144 145 
136 145 146 
137 146 147 
138 147 148 
139 148 149 
140 149 150 
141 150 151 
142 151 152 
143 152 153 
144 153 154 
145 154 155 
146 155 156 
147 156 157 
148 157 158 
149 158 159 
150 159 160 
151 160 161 
152 161 162 
153 162 163 
154 163 164 
155 164 165 
156 165 166 
157 166 167 
158 167 168 
159 168 169 
160 169 170 
161 170 171 
162 171 172 
163 172 173 
164 173 174 
165 174 175 
166 175 176 
167 176 177 
168 177 178 
169 178 179 
170 179 180 
171 180 181 
172 181 182 
173 182 183 
174 183 184 
175 184 185 
176 185 186 
177 186 187 
178 187 188 
179 188 189 
180 189 190 
181 190 191 
182 191 192 
183 192 193 
184 193 194 
185 194 195 
186 195 196 
187 196 197 
188 197 198 
189 198 199 
190 199 200 
191 200 201 
192 201 202 
193 202 203 
194 203 204 
195 204 205 
196 205 206 
197 206 207 
198 207 208 
199 208 209 
200 209 210 
201 210 211 
202 211 212 
203 212 213 
204 213 214 
205 214 215 
206 215 216 
207 216 217 
208 217 218 
209 218 219 
210 219 220 
211 220 221 
212 221 222 
213 222 223 
214 223 224 
215 224 225 
216 225 226 
217 226 227 
218 227 228 
219 228 229 
220 229 230 
221 230 231 
222 231 232 
223 232 233 
224 233 234 
225 234 235 
226 235 236 
227 236 237 
228 237 238 
229 238 239 
230 239 240 
231 240 241 
232 241 242 
233 242 243 
234 243 244 
235 244 245 
236 245 246 
237 246 247 
238 247 248 
239 248 249 
240 249 250 
241 250 251 
242 251 252 
243 252 253 
244 253 254 
245 254 255 
246 255 256 
247 256 257 
248 257 258 
249 258 259 
250 259 260 
251 260 261 
252 261 262 
253 262 263 
254 263 264 
255 264 265 
256 265 266 
257 266 267 
258 267 268 
259 268 269 
260 269 270 
261 270 271 
262 271 272 
263 272 273 
264 273 274 
265 274 275 
266 275 276 
267 276 277 
268 277 278 
269 278 279 
270 279 280 
271 280 281 
272 281 282 
273 282 283 
274 283 284 
275 284 285 
276 285 286 
277 286 287 
278 287 288 
279 288 289 
280 289 290 
281 290 291 
282 291 292 
283 292 293 
284 293 294 
285 294 295 
286 295 296 
287 296 297 
288 297 298 
289 298 299 
290 299 300 
291 300 301 
292 301 302 
293 302 303 
294 303 304 
295 304 305 
296 305 306 
297 306 307 
298 307 308 
299 308 309 
300 309 310 
301 310 311 
302 311 312 
303 312 313 
304 313 314 
305 314 315 
306 315 316 
307 316 317 
308 317 318 
309 318 319 
310 319 320 
311 320 321 
312 321 322 
313 322 323 
314 323 324 
315 324 325 
316 325 326 
317 326 327 
318 327 328 
319 328 329 
320 329 330 
321 330 331 
322 331 332 
323 332 333 
324 333 334 
325 334 335 
326 335 336 
327 336 337 
328 337 2 
1 2 1 694
329 2 338 
330 338 339 
331 339 340 
332 340 341 
333 341 342 
334 342 343 
335 343 344 
336 344 345 
337 345 346 
338 346 347 
339 347 348 
340 348 349 
341 349 350 
342 350 351 
343 351 352 
344 352 353 
345 353 354 
346 354 355 
347 355 356 
348 356 357 
349 357 358 
350 358 359 
351 359 360 
352 360 361 
353 361 362 
354 362 363 
355 363 364 
356 364 365 
357 365 366 
358 366 367 
359 367 368 
360 368 369 
361 369 370 
362 370 371 
363 371 372 
364 372 373 
365 373 374 
366 374 375 
367 375 376 
368 376 377 
369 377 378 
370 378 379 
371 379 380 
372 380 381 
373 381 382 
374 382 383 
375 383 384 
376 384 385 
377 385 386 
378 386 387 
379 387 388 
380 388 389 
381 389 390 
382 390 391 
383 391 392 
384 392 393 
385 393 394 
386 394 395 
387 395 396 
388 396 397 
389 397 398 
390 398 399 
391 399 400 
392 400 401 
393 401 402 
394 402 403 
395 403 404 
396 404 405 
397 405 406 
398 406 407 
399 407 408 
400 408 409 
401 409 410 
402 410 411 
403 411 412 
404 412 413 
405 413 414 
406 414 415 
407 415 416 
408 416 417 
409 417 418 
410 418 419 
411 419 420 
412 420 421 
413 421 422 
414 422 423 
415 423 424 
416 424 425 
417 425 426 
418 426 427 
419 427 428 
420 428 429 
421 429 430 
422 430 431 
423 431 432 
424 432 433 
425 433 434 
426 434 435 
427 435 436 
428 436 437 
429 437 438 
430 438 439 
431 439 440 
432 440 441 
433 441 442 
434 442 443 
435 443 444 
436 444 445 
437 445 446 
438 446 447 
439 447 448 
440 448 449 
441 449 450 
442 450 451 
443 451 452 
444 452 453 
445 453 454 
446 454 455 
447 455 456 
448 456 457 
449 457 458 
450 458 459 
451 459 460 
452 460 461 
453 461 462 
454 462 463 
455 463 464 
456 464 465 
457 465 466 
458 466 467 
459 467 468 
460 468 469 
461 469 470 
462 470 471 
463 471 472 
464 472 473 
465 473 474 
466 474 475 
467 475 476 
468 476 477 
469 477 478 
470 478 479 
471 479 480 
472 480 481 
473 481 482 
474 482 483 
475 483 484 
476 484 485 
477 485 486 
478 486 487 
479 487 488 
480 488 489 
481 489 490 
482 490 491 
483 491 492 
484 492 493 
485 493 494 
486 494 495 
487 495 496 
488 496 497 
489 497 498 
490 498 499 
491 499 500 
492 500 501 
493 501 502 
494 502 503 
495 503 504 
496 504 505 
497 505 506 
498 506 507 
499 507 508 
500 508 509 
501 509 510 
502 510 511 
503 511 512 
504 512 513 
505 513 514 
506 514 515 
507 515 516 
508 516 517 
509 517 518 
510 518 519 
511 519 520 
512 520 521 
513 521 522 
514 522 523 
515 523 524 
516 524 525 
517 525 526 
518 526 527 
519 527 528 
520 528 529 
521 529 530 
522 530 531 
523 531 532 
524 532 533 
525 533 534 
526 534 535 
527 535 536 
528 536 537 
529 537 538 
530 538 539 
531 539 540 
532 540 541 
533 541 542 
534 542 543 
535 543 544 
536 544 545 
537 545 546 
538 546 547 
539 547 548 
540 548 549 
541 549 550 
542 550 551 
543 551 552 
544 552 553 
545 553 554 
546 554 555 
547 555 556 
548 556 557 
549 557 558 
550 558 559 
551 559 560 
552 560 561 
553 561 562 
554 562 563 
555 563 564 
556 564 565 
557 565 566 
558 566 567 
559 567 568 
560 568 569 
561 569 570 
562 570 571 
563 571 572 
564 572 573 
565 573 574 
566 574 575 
567 575 576 
568 576 577 
569 577 578 
570 578 579 
571 579 580 
572 580 581 
573 581 582 
574 582 583 
575 583 584 
576 584 585 
577 585 586 
578 586 587 
579 587 588 
580 588 589 
581 589 590 
582 590 591 
583 591 592 
584 592 593 
585 593 594 
586 594 595 
587 595 596 
588 596 597 
589 597 598 
590 598 599 
591 599 600 
592 600 601 
593 601 602 
594 602 603 
595 603 604 
596 604 605 
597 605 606 
598 606 607 
599 607 608 
600 608 609 
601 609 610 
602 610 611 
603 611 612 
604 612 613 
605 613 614 
606 614 615 
607 615 616 
608 616 617 
609 617 618 
610 618 619 
611 619 620 
612 620 621 
613 621 622 
614 622 623 
615 623 624 
616 624 625 
617 625 626 
618 626 627 
619 627 628 
620 628 629 
621 629 630 
622 630 631 
623 631 632 
624 632 633 
625 633 634 
626 634 635 
627 635 636 
628 636 637 
629 637 638 
630 638 639 
631 639 640 
632 640 641 
633 641 642 
634 642 643 
635 643 644 
636 644 645 
637 645 646 
638 646 647 
639 647 648 
640 648 649 
641 649 650 
642 650 651 
643 651 652 
644 652 653 
645 653 654 
646 654 655 
647 655 656 
648 656 657 
649 657 658 
650 658 659 
651 659 660 
652 660 661 
653 661 662 
654 662 663 
655 663 664 
656 664 665 
657 665 666 
658 666 667 
659 667 668 
660 668 669 
661 669 670 
662 670 671 
663 671 672 
664 672 673 
665 673 674 
666 674 675 
667 675 676 
668 676 677 
669 677 678 
670 678 679 
671 679 680 
672 680 681 
673 681 682 
674 682 683 
675 683 684 
676 684 685 
677 685 686 
678 686 687 
679 687 688 
680 688 689 
681 689 690 
682 690 691 
683 691 692 
684 692 693 
685 693 694 
686 694 695 
687 695 696 
688 696 697 
689 697 698 
690 698 699 
691 699 700 
692 700 701 
693 701 702 
694 702 703 
695 703 704 
696 704 705 
697 705 706 
698 706 707 
699 707 708 
700 708 709 
701 709 710 
702 710 711 
703 711 712 
704 712 713 
705 713 714 
706 714 715 
707 715 716 
708 716 717 
709 717 718 
710 718 719 
711 719 720 
712 720 721 
713 721 722 
714 722 723 
715 723 724 
716 724 725 
717 725 726 
718 726 727 
719 727 728 
720 728 729 
721 729 730 
722 730 731 
723 731 732 
724 732 733 
725 733 734 
726 734 735 
727 735 736 
728 736 737 
729 737 738 
730 738 739 
731 739 740 
732 740 741 
733 741 742 
734 742 743 
735 743 744 
736 744 745 
737 745 746 
738 746 747 
739 747 748 
740 748 749 
741 749 750 
742 750 751 
743 751 752 
744 752 753 
745 753 754 
746 754 755 
747 755 756 
748 756 757 
749 757 758 
750 758 759 
751 759 760 
752 760 761 
753 761 762 
754 762 763 
755 763 764 
756 764 765 
757 765 766 
758 766 767 
759 767 768 
760 768 769 
761 769 770 
762 770 771 
763 771 772 
764 772 773 
765 773 774 
766 774 775 
767 775 776 
768 776 777 
769 777 778 
770 778 779 
771 779 780 
772 780 781 
773 781 782 
774 782 783 
775 783 784 
776 784 785 
777 785 786 
778 786 787 
779 787 788 
780 788 789 
781 789 790 
782 790 791 
783 791 792 
784 792 793 
785 793 794 
786 794 795 
787 795 796 
788 796 797 
789 797 798 
790 798 799 
791 799 800 
792 800 801 
793 801 802 
794 802 803 
795 803 804 
796 804 805 
797 805 806 
798 806 807 
799 807 808 
800 808 809 
801 809 810 
802 810 811 
803 811 812 
804 812 813 
805 813 814 
806 814 815 
807 815 816 
808 816 817 
809 817 818 
810 818 819 
811 819 820 
812 820 821 
813 821 822 
814 822 823 
815 823 824 
816 824 825 
817 825 826 
818 826 827 
819 827 828 
820 828 829 
821 829 830 
822 830 831 
823 831 832 
824 832 833 
825 833 834 
826 834 835 
827 835 836 
828 836 837 
829 837 838 
830 838 839 
831 839 840 
832 840 841 
833 841 842 
834 842 843 
835 843 844 
836 844 845 
837 845 846 
838 846 847 
839 847 848 
840 848 849 
841 849 850 
842 850 851 
843 851 852 
844 852 853 
845 853 854 
846 854 855 
847 855 856 
848 856 857 
849 857 858 
850 858 859 
851 859 860 
852 860 861 
853 861 862 
854 862 863 
855 863 864 
856 864 865 
857 865 866 
858 866 867 
859 867 868 
860 868 869 
861 869 870 
862 870 871 
863 871 872 
864 872 873 
865 873 874 
866 874 875 
867 875 876 
868 876 877 
869 877 878 
870 878 879 
871 879 880 
872 880 881 
873 881 882 
874 882 883 
875 883 884 
876 884 885 
877 885 886 
878 886 887 
879 887 888 
880 888 889 
881 889 890 
882 890 891 
883 891 892 
884 892 893 
885 893 894 
886 894 895 
887 895 896 
888 896 897 
889 897 898 
890 898 899 
891 899 900 
892 900 901 
893 901 902 
894 902 903 
895 903 904 
896 904 905 
897 905 906 
898 906 907 
899 907 908 
900 908 909 
901 909 910 
902 910 911 
903 911 912 
904 912 913 
905 913 914 
906 914 915 
907 915 916 
908 916 917 
909 917 918 
910 918 919 
911 919 920 
912 920 921 
913 921 922 
914 922 923 
915 923 924 
916 924 925 
917 925 926 
918 926 927 
919 927 928 
920 928 929 
921 929 930 
922 930 931 
923 931 932 
924 932 933 
925 933 934 
926 934 935 
927 935 936 
928 936 937 
929 937 938 
930 938 939 
931 939 940 
932 940 941 
933 941 942 
934 942 943 
935 943 944 
936 944 945 
937 945 946 
938 946 947 
939 947 948 
940 948 949 
941 949 950 
942 950 951 
943 951 952 
944 952 953 
945 953 954 
946 954 955 
947 955 956 
948 956 957 
949 957 958 
950 958 959 
951 959 960 
952 960 961 
953 961 962 
954 962 963 
955 963 964 
956 964 965 
957 965 966 
958 966 967 
959 967 968 
960 968 969 
961 969 970 
962 970 971 
963 971 972 
964 972 973 
965 973 974 
966 974 975 
967 975 976 
968 976 977 
969 977 978 
970 978 979 
971 979 980 
972 980 981 
973 981 982 
974 982 983 
975 983 984 
976 984 985 
977 985 986 
978 986 987 
979 987 988 
980 988 989 
981 989 990 
982 990 991 
983 991 992 
984 992 993 
985 993 994 
986 994 995 
987 995 996 
988 996 997 
989 997 998 
990 998 999 
991 999 1000 
992 1000 1001 
993 1001 1002 
994 1002 1003 
995 1003 1004 
996 1004 1005 
997 1005 1006 
998 1006 1007 
999 1007 1008 
1000 1008 1009 
1001 1009 1010 
1002 1010 1011 
1003 1011 1012 
1004 1012 1013 
1005 1013 1014 
1006 1014 1015 
1007 1015 1016 
1008 1016 1017 
1009 1017 1018 
1010 1018 1019 
1011 1019 1020 
1012 1020 1021 
1013 1021 1022 
1014 1022 1023 
1015 1023 1024 
1016 1024 1025 
1017 1025 1026 
1018 1026 1027 
1019 1027 1028 
1020 1028 1029 
1021 1029 1030 
1022 1030 3 
1 3 1 260
1023 3 1031 
1024 1031 1032 
1025 1032 1033 
1026 1033 1034 
1027 1034 1035 
1028 1035 1036 
1029 1036 1037 
1030 1037 1038 
1031 1038 1039 
1032 1039 1040 
1033 1040 1041 
1034 1041 1042 
1035 1042 1043 
1036 1043 1044 
1037 1044 1045 
1038 1045 1046 
1039 1046 1047 
1040 1047 1048 
1041 1048 1049 
1042 1049 1050 
1043 1050 1051 
1044 1051 1052 
1045 1052 1053 
1046 1053 1054 
1047 1054 1055 
1048 1055 1056 
1049 1056 1057 
1050 1057 1058 
1051 1058 1059 
1052 1059 1060 
1053 1060 1061 
1054 1061 1062 
1055 1062 1063 
1056 1063 1064 
1057 1064 1065 
1058 1065 1066 
1059 1066 1067 
1060 1067 1068 
1061 1068 1069 
1062 1069 1070 
1063 1070 1071 
1064 1071 1072 
1065 1072 1073 
1066 1073 1074 
1067 1074 1075 
1068 1075 1076 
1069 1076 1077 
1070 1077 1078 
1071 1078 1079 
1072 1079 1080 
1073 1080 1081 
1074 1081 1082 
1075 1082 1083 
1076 1083 1084 
1077 1084 1085 
1078 1085 1086 
1079 1086 1087 
1080 1087 1088 
1081 1088 1089 
1082 1089 1090 
1083 1090 1091 
1084 1091 1092 
1085 1092 1093 
1086 1093 1094 
1087 1094 1095 
1088 1095 1096 
1089 1096 1097 
1090 1097 1098 
1091 1098 1099 
1092 1099 1100 
1093 1100 1101 
1094 1101 1102 
1095 1102 1103 
1096 1103 1104 
1097 1104 1105 
1098 1105 1106 
1099 1106 1107 
1100 1107 1108 
1101 1108 1109 
1102 1109 1110 
1103 1110 1111 
1104 1111 1112 
1105 1112 1113 
1106 1113 1114 
1107 1114 1115 
1108 1115 1116 
1109 1116 1117 
1110 1117 1118 
1111 1118 1119 
1112 1119 1120 
1113 1120 1121 
1114 1121 1122 
1115 1122 1123 
1116 1123 1124 
1117 1124 1125 
1118 1125 1126 
1119 1126 1127 
1120 1127 1128 
1121 1128 1129 
1122 1129 1130 
1123 1130 1131 
1124 1131 1132 
1125 1132 1133 
1126 1133 1134 
1127 1134 1135 
1128 1135 1136 
1129 1136 1137 
1130 1137 1138 
1131 1138 1139 
1132 1139 1140 
1133 1140 1141 
1134 1141 1142 
1135 1142 1143 
1136 1143 1144 
1137 1144 1145 
1138 1145 1146 
1139 1146 1147 
1140 1147 1148 
1141 1148 1149 
1142 1149 1150 
1143 1150 1151 
1144 1151 1152 
1145 1152 1153 
1146 1153 1154 
1147 1154 1155 
1148 1155 1156 
1149 1156 1157 
1150 1157 1158 
1151 1158 1159 
1152 1159 1160 
1153 1160 1161 
1154 1161 1162 
1155 1162 1163 
1156 1163 1164 
1157 1164 1165 
1158 1165 1166 
1159 1166 1167 
1160 1167 1168 
1161 1168 1169 
1162 1169 1170 
1163 1170 1171 
1164 1171 1172 
1165 1172 1173 
1166 1173 1174 
1167 1174 1175 
1168 1175 1176 
1169 1176 1177 
1170 1177 1178 
1171 1178 1179 
1172 1179 1180 
1173 1180 1181 
1174 1181 1182 
1175 1182 1183 
1176 1183 1184 
1177 1184 1185 
1178 1185 1186 
1179 1186 1187 
1180 1187 1188 
1181 1188 1189 
1182 1189 1190 
1183 1190 1191 
1184 1191 1192 
1185 1192 1193 
1186 1193 1194 
1187 1194 1195 
1188 1195 1196 
1189 1196 1197 
1190 1197 1198 
1191 1198 1199 
1192 1199 1200 
1193 1200 1201 
1194 1201 1202 
1195 1202 1203 
1196 1203 1204 
1197 1204 1205 
1198 1205 1206 
1199 1206 1207 
1200 1207 1208 
1201 1208 1209 
1202 1209 1210 
1203 1210 1211 
1204 1211 1212 
1205 1212 1213 
1206 1213 1214 
1207 1214 1215 
1208 1215 1216 
1209 1216 1217 
1210 1217 1218 
1211 1218 1219 
1212 1219 1220 
1213 1220 1221 
1214 1221 1222 
1215 1222 1223 
1216 1223 1224 
1217 1224 1225 
1218 1225 1226 
1219 1226 1227 
1220 1227 1228 
1221 1228 1229 
1222 1229 1230 
1223 1230 1231 
1224 1231 1232 
1225 1232 1233 
1226 1233 1234 
1227 1234 1235 
1228 1235 1236 
1229 1236 1237 
1230 1237 1238 
1231 1238 1239 
1232 1239 1240 
1233 1240 1241 
1234 1241 1242 
1235 1242 1243 
1236 1243 1244 
1237 1244 1245 
1238 1245 1246 
1239 1246 1247 
1240 1247 1248 
1241 1248 1249 
1242 1249 1250 
1243 1250 1251 
1244 1251 1252 
1245 1252 1253 
1246 1253 1254 
1247 1254 1255 
1248 1255 1256 
1249 1256 1257 
1250 1257 1258 
1251 1258 1259 
1252 1259 1260 
1253 1260 1261 
1254 1261 1262 
1255 1262 1263 
1256 1263 1264 
1257 1264 1265 
1258 1265 1266 
1259 1266 1267 
1260 1267 1268 
1261 1268 1269 
1262 1269 1270 
1263 1270 1271 
1264 1271 1272 
1265 1272 1273 
1266 1273 1274 
1267 1274 1275 
1268 1275 1276 
1269 1276 1277 
1270 1277 1278 
1271 1278 1279 
1272 1279 1280 
1273 1280 1281 
1274 1281 1282 
1275 1282 1283 
1276 1283 1284 
1277 1284 1285 
1278 1285 1286 
1279 1286 1287 
1280 1287 1288 
1281 1288 1289 
1282 1289 4 
1 4 1 55
1283 4 1290 
1284 1290 1291 
1285 1291 1292 
1286 1292 1293 
1287 1293 1294 
1288 1294 1295 
1289 1295 1296 
1290 1296 1297 
1291 1297 1298 
1292 1298 1299 
1293 1299 1300 
1294 1300 1301 
1295 1301 1302 
1296 1302 1303 
1297 1303 1304 
1298 1304 1305 
1299 1305 1306 
1300 1306 1307 
1301 1307 1308 
1302 1308 1309 
1303 1309 1310 
1304 1310 1311 
1305 1311 1312 
1306 1312 1313 
1307 1313 1314 
1308 1314 1315 
1309 1315 1316 
1310 1316 1317 
1311 1317 1318 
1312 1318 1319 
1313 1319 1320 
1314 1320 1321 
1315 1321 1322 
1316 1322 1323 
1317 1323 1324 
1318 1324 1325 
1319 1325 1326 
1320 1326 1327 
1321 1327 1328 
1322 1328 1329 
1323 1329 1330 
1324 1330 1331 
1325 1331 1332 
1326 1332 1333 
1327 1333 1334 
1328 1334 1335 
1329 1335 1336 
1330 1336 1337 
1331 1337 1338 
1332 1338 1339 
1333 1339 1340 
1334 1340 1341 
1335 1341 1342 
1336 1342 1343 
1337 1343 5 
1 5 1 328
1338 6 1344 
1339 1344 1345 
1340 1345 1346 
1341 1346 1347 
1342 1347 1348 
1343 1348 1349 
1344 1349 1350 
1345 1350 1351 
1346 1351 1352 
1347 1352 1353 
1348 1353 1354 
1349 1354 1355 
1350 1355 1356 
1351 1356 1357 
1352 1357 1358 
1353 1358 1359 
1354 1359 1360 
1355 1360 1361 
1356 1361 1362 
1357 1362 1363 
1358 1363 1364 
1359 1364 1365 
1360 1365 1366 
1361 1366 1367 
1362 1367 1368 
1363 1368 1369 
1364 1369 1370 
1365 1370 1371 
1366 1371 1372 
1367 1372 1373 
1368 1373 1374 
1369 1374 1375 
1370 1375 1376 
1371 1376 1377 
1372 1377 1378 
1373 1378 1379 
1374 1379 1380 
1375 1380 1381 
1376 1381 1382 
1377 1382 1383 
1378 1383 1384 
1379 1384 1385 
1380 1385 1386 
1381 1386 1387 
1382 1387 1388 
1383 1388 1389 
1384 1389 1390 
1385 1390 1391 
1386 1391 1392 
1387 1392 1393 
1388 1393 1394 
1389 1394 1395 
1390 1395 1396 
1391 1396 1397 
1392 1397 1398 
1393 1398 1399 
1394 1399 1400 
1395 1400 1401 
1396 1401 1402 
1397 1402 1403 
1398 1403 1404 
1399 1404 1405 
1400 1405 1406 
1401 1406 1407 
1402 1407 1408 
1403 1408 1409 
1404 1409 1410 
1405 1410 1411 
1406 1411 1412 
1407 1412 1413 
1408 1413 1414 
1409 1414 1415 
1410 1415 1416 
1411 1416 1417 
1412 1417 1418 
1413 1418 1419 
1414 1419 1420 
1415 1420 1421 
1416 1421 1422 
1417 1422 1423 
1418 1423 1424 
1419 1424 1425 
1420 1425 1426 
1421 1426 1427 
1422 1427 1428 
1423 1428 1429 
1424 1429 1430 
1425 1430 1431 
1426 1431 1432 
1427 1432 1433 
1428 1433 1434 
1429 1434 1435 
1430 1435 1436 
1431 1436 1437 
1432 1437 1438 
1433 1438 1439 
1434 1439 1440 
1435 1440 1441 
1436 1441 1442 
1437 1442 1443 
1438 1443 1444 
1439 1444 1445 
1440 1445 1446 
1441 1446 1447 
1442 1447 1448 
1443 1448 1449 
1444 1449 1450 
1445 1450 1451 
1446 1451 1452 
1447 1452 1453 
1448 1453 1454 
1449 1454 1455 
1450 1455 1456 
1451 1456 1457 
1452 1457 1458 
1453 1458 1459 
1454 1459 1460 
1455 1460 1461 
1456 1461 1462 
1457 1462 1463 
1458 1463 1464 
1459 1464 1465 
1460 1465 1466 
1461 1466 1467 
1462 1467 1468 
1463 1468 1469 
1464 1469 1470 
1465 1470 1471 
1466 1471 1472 
1467 1472 1473 
1468 1473 1474 
1469 1474 1475 
1470 1475 1476 
1471 1476 1477 
1472 1477 1478 
1473 1478 1479 
1474 1479 1480 
1475 1480 1481 
1476 1481 1482 
1477 1482 1483 
1478 1483 1484 
1479 1484 1485 
1480 1485 1486 
1481 1486 1487 
1482 1487 1488 
1483 1488 1489 
1484 1489 1490 
1485 1490 1491 
1486 1491 1492 
1487 1492 1493 
1488 1493 1494 
1489 1494 1495 
1490 1495 1496 
1491 1496 1497 
1492 1497 1498 
1493 1498 1499 
1494 1499 1500 
1495 1500 1501 
1496 1501 1502 
1497 1502 1503 
1498 1503 1504 
1499 1504 1505 
1500 1505 1506 
1501 1506 1507 
1502 1507 1508 
1503 1508 1509 
1504 1509 1510 
1505 1510 1511 
1506 1511 1512 
1507 1512 1513 
1508 1513 1514 
1509 1514 1515 
1510 1515 1516 
1511 1516 1517 
1512 1517 1518 
1513 1518 1519 
1514 1519 1520 
1515 1520 1521 
1516 1521 1522 
1517 1522 1523 
1518 1523 1524 
1519 1524 1525 
1520 1525 1526 
1521 1526 1527 
1522 1527 1528 
1523 1528 1529 
1524 1529 1530 
1525 1530 1531 
1526 1531 1532 
1527 1532 1533 
1528 1533 1534 
1529 1534 1535 
1530 1535 1536 
1531 1536 1537 
1532 1537 1538 
1533 1538 1539 
1534 1539 1540 
1535 1540 1541 
1536 1541 1542 
1537 1542 1543 
1538 1543 1544 
1539 1544 1545 
1540 1545 1546 
1541 1546 1547 
1542 1547 1548 
1543 1548 1549 
1544 1549 1550 
1545 1550 1551 
1546 1551 1552 
1547 1552 1553 
1548 1553 1554 
1549 1554 1555 
1550 1555 1556 
1551 1556 1557 
1552 1557 1558 
1553 1558 1559 
1554 1559 1560 
1555 1560 1561 
1556 1561 1562 
1557 1562 1563 
1558 1563 1564 
1559 1564 1565 
1560 1565 1566 
1561 1566 1567 
1562 1567 1568 
1563 1568 1569 
1564 1569 1570 
1565 1570 1571 
1566 1571 1572 
1567 1572 1573 
1568 1573 1574 
1569 1574 1575 
1570 1575 1576 
1571 1576 1577 
1572 1577 1578 
1573 1578 1579 
1574 1579 1580 
1575 1580 1581 
1576 1581 1582 
1577 1582 1583 
1578 1583 1584 
1579 1584 1585 
1580 1585 1586 
1581 1586 1587 
1582 1587 1588 
1583 1588 1589 
1584 1589 1590 
1585 1590 1591 
1586 1591 1592 
1587 1592 1593 
1588 1593 1594 
1589 1594 1595 
1590 1595 1596 
1591 1596 1597 
1592 1597 1598 
1593 1598 1599 
1594 1599 1600 
1595 1600 1601 
1596 1601 1602 
1597 1602 1603 
1598 1603 1604 
1599 1604 1605 
1600 1605 1606 
1601 1606 1607 
1602 1607 1608 
1603 1608 1609 
1604 1609 1610 
1605 1610 1611 
1606 1611 1612 
1607 1612 1613 
1608 1613 1614 
1609 1614 1615 
1610 1615 1616 
1611 1616 1617 
1612 1617 1618 
1613 1618 1619 
1614 1619 1620 
1615 1620 1621 
1616 1621 1622 
1617 1622 1623 
1618 1623 1624 
1619 1624 1625 
1620 1625 1626 
1621 1626 1627 
1622 1627 1628 
1623 1628 1629 
1624 1629 1630 
1625 1630 1631 
1626 1631 1632 
1627 1632 1633 
1628 1633 1634 
1629 1634 1635 
1630 1635 1636 
1631 1636 1637 
1632 1637 1638 
1633 1638 1639 
1634 1639 1640 
1635 1640 1641 
1636 1641 1642 
1637 1642 1643 
1638 1643 1644 
1639 1644 1645 
1640 1645 1646 
1641 1646 1647 
1642 1647 1648 
1643 1648 1649 
1644 1649 1650 
1645 1650 1651 
1646 1651 1652 
1647 1652 1653 
1648 1653 1654 
1649 1654 1655 
1650 1655 1656 
1651 1656 1657 
1652 1657 1658 
1653 1658 1659 
1654 1659 1660 
1655 1660 1661 
1656 1661 1662 
1657 1662 1663 
1658 1663 1664 
1659 1664 1665 
1660 1665 1666 
1661 1666 1667 
1662 1667 1668 
1663 1668 1669 
1664 1669 1670 
1665 1670 7 
1 6 1 1
1666 1 6 
1 9 1 694
1667 7 1671 
1668 1671 1672 
1669 1672 1673 
1670 1673 1674 
1671 1674 1675 
1672 1675 1676 
1673 1676 1677 
1674 1677 1678 
1675 1678 1679 
1676 1679 1680 
1677 1680 1681 
1678 1681 1682 
1679 1682 1683 
1680 1683 1684 
1681 1684 1685 
1682 1685 1686 
1683 1686 1687 
1684 1687 1688 
1685 1688 1689 
1686 1689 1690 
1687 1690 1691 
1688 1691 1692 
1689 1692 1693 
1690 1693 1694 
1691 1694 1695 
1692 1695 1696 
1693 1696 1697 
1694 1697 1698 
1695 1698 1699 
1696 1699 1700 
1697 1700 1701 
1698 1701 1702 
1699 1702 1703 
1700 1703 1704 
1701 1704 1705 
1702 1705 1706 
1703 1706 1707 
1704 1707 1708 
1705 1708 1709 
1706 1709 1710 
1707 1710 1711 
1708 1711 1712 
1709 1712 1713 
1710 1713 1714 
1711 1714 1715 
1712 1715 1716 
1713 1716 1717 
1714 1717 1718 
1715 1718 1719 
1716 1719 1720 
1717 1720 1721 
1718 1721 1722 
1719 1722 1723 
1720 1723 1724 
1721 1724 1725 
1722 1725 1726 
1723 1726 1727 
1724 1727 1728 
1725 1728 1729 
1726 1729 1730 
1727 1730 1731 
1728 1731 1732 
1729 1732 1733 
1730 1733 1734 
1731 1734 1735 
1732 1735 1736 
1733 1736 1737 
1734 1737 1738 
1735 1738 1739 
1736 1739 1740 
1737 1740 1741 
1738 1741 1742 
1739 1742 1743 
1740 1743 1744 
1741 1744 1745 
1742 1745 1746 
1743 1746 1747 
1744 1747 1748 
1745 1748 1749 
1746 1749 1750 
1747 1750 1751 
1748 1751 1752 
1749 1752 1753 
1750 1753 1754 
1751 1754 1755 
1752 1755 1756 
1753 1756 1757 
1754 1757 1758 
1755 1758 1759 
1756 1759 1760 
1757 1760 1761 
1758 1761 1762 
1759 1762 1763 
1760 1763 1764 
1761 1764 1765 
1762 1765 1766 
1763 1766 1767 
1764 1767 1768 
1765 1768 1769 
1766 1769 1770 
1767 1770 1771 
1768 1771 1772 
1769 1772 1773 
1770 1773 1774 
1771 1774 1775 
1772 1775 1776 
1773 1776 1777 
1774 1777 1778 
1775 1778 1779 
1776 1779 1780 
1777 1780 1781 
1778 1781 1782 
1779 1782 1783 
1780 1783 1784 
1781 1784 1785 
1782 1785 1786 
1783 1786 1787 
1784 1787 1788 
1785 1788 1789 
1786 1789 1790 
1787 1790 1791 
1788 1791 1792 
1789 1792 1793 
1790 1793 1794 
1791 1794 1795 
1792 1795 1796 
1793 1796 1797 
1794 1797 1798 
1795 1798 1799 
1796 1799 1800 
1797 1800 1801 
1798 1801 1802 
1799 1802 1803 
1800 1803 1804 
1801 1804 1805 
1802 1805 1806 
1803 1806 1807 
1804 1807 1808 
1805 1808 1809 
1806 1809 1810 
1807 1810 1811 
1808 1811 1812 
1809 1812 1813 
1810 1813 1814 
1811 1814 1815 
1812 1815 1816 
1813 1816 1817 
1814 1817 1818 
1815 1818 1819 
1816 1819 1820 
1817 1820 1821 
1818 1821 1822 
1819 1822 1823 
1820 1823 1824 
1821 1824 1825 
1822 1825 1826 
1823 1826 1827 
1824 1827 1828 
1825 1828 1829 
1826 1829 1830 
1827 1830 1831 
1828 1831 1832 
1829 1832 1833 
1830 1833 1834 
1831 1834 1835 
1832 1835 1836 
1833 1836 1837 
1834 1837 1838 
1835 1838 1839 
1836 1839 1840 
1837 1840 1841 
1838 1841 1842 
1839 1842 1843 
1840 1843 1844 
1841 1844 1845 
1842 1845 1846 
1843 1846 1847 
1844 1847 1848 
1845 1848 1849 
1846 1849 1850 
1847 1850 1851 
1848 1851 1852 
1849 1852 1853 
1850 1853 1854 
1851 1854 1855 
1852 1855 1856 
1853 1856 1857 
1854 1857 1858 
1855 1858 1859 
1856 1859 1860 
1857 1860 1861 
1858 1861 1862 
1859 1862 1863 
1860 1863 1864 
1861 1864 1865 
1862 1865 1866 
1863 1866 1867 
1864 1867 1868 
1865 1868 1869 
1866 1869 1870 
1867 1870 1871 
1868 1871 1872 
1869 1872 1873 
1870 1873 1874 
1871 1874 1875 
1872 1875 1876 
1873 1876 1877 
1874 1877 1878 
1875 1878 1879 
1876 1879 1880 
1877 1880 1881 
1878 1881 1882 
1879 1882 1883 
1880 1883 1884 
1881 1884 1885 
1882 1885 1886 
1883 1886 1887 
1884 1887 1888 
1885 1888 1889 
1886 1889 1890 
1887 1890 1891 
1888 1891 1892 
1889 1892 1893 
1890 1893 1894 
1891 1894 1895 
1892 1895 1896 
1893 1896 1897 
1894 1897 1898 
1895 1898 1899 
1896 1899 1900 
1897 1900 1901 
1898 1901 1902 
1899 1902 1903 
1900 1903 1904 
1901 1904 1905 
1902 1905 1906 
1903 1906 1907 
1904 1907 1908 
1905 1908 1909 
1906 1909 1910 
1907 1910 1911 
1908 1911 1912 
1909 1912 1913 
1910 1913 1914 
1911 1914 1915 
1912 1915 1916 
1913 1916 1917 
1914 1917 1918 
1915 1918 1919 
1916 1919 1920 
1917 1920 1921 
1918 1921 1922 
1919 1922 1923 
1920 1923 1924 
1921 1924 1925 
1922 1925 1926 
1923 1926 1927 
1924 1927 1928 
1925 1928 1929 
1926 1929 1930 
1927 1930 1931 
1928 1931 1932 
1929 1932 1933 
1930 1933 1934 
1931 1934 1935 
1932 1935 1936 
1933 1936 1937 
1934 1937 1938 
1935 1938 1939 
1936 1939 1940 
1937 1940 1941 
1938 1941 1942 
1939 1942 1943 
1940 1943 1944 
1941 1944 1945 
1942 1945 1946 
1943 1946 1947 
1944 1947 1948 
1945 1948 1949 
1946 1949 1950 
1947 1950 1951 
1948 1951 1952 
1949 1952 1953 
1950 1953 1954 
1951 1954 1955 
1952 1955 1956 
1953 1956 1957 
1954 1957 1958 
1955 1958 1959 
1956 1959 1960 
1957 1960 1961 
1958 1961 1962 
1959 1962 1963 
1960 1963 1964 
1961 1964 1965 
1962 1965 1966 
1963 1966 1967 
1964 1967 1968 
1965 1968 1969 
1966 1969 1970 
1967 1970 1971 
1968 1971 1972 
1969 1972 1973 
1970 1973 1974 
1971 1974 1975 
1972 1975 1976 
1973 1976 1977 
1974 1977 1978 
1975 1978 1979 
1976 1979 1980 
1977 1980 1981 
1978 1981 1982 
1979 1982 1983 
1980 1983 1984 
1981 1984 1985 
1982 1985 1986 
1983 1986 1987 
1984 1987 1988 
1985 1988 1989 
1986 1989 1990 
1987 1990 1991 
1988 1991 1992 
1989 1992 1993 
1990 1993 1994 
1991 1994 1995 
1992 1995 1996 
1993 1996 1997 
1994 1997 1998 
1995 1998 1999 
1996 1999 2000 
1997 2000 2001 
1998 2001 2002 
1999 2002 2003 
2000 2003 2004 
2001 2004 2005 
2002 2005 2006 
2003 2006 2007 
2004 2007 2008 
2005 2008 2009 
2006 2009 2010 
2007 2010 2011 
2008 2011 2012 
2009 2012 2013 
2010 2013 2014 
2011 2014 2015 
2012 2015 2016 
2013 2016 2017 
2014 2017 2018 
2015 2018 2019 
2016 2019 2020 
2017 2020 2021 
2018 2021 2022 
2019 2022 2023 
2020 2023 2024 
2021 2024 2025 
2022 2025 2026 
2023 2026 2027 
2024 2027 2028 
2025 2028 2029 
2026 2029 2030 
2027 2030 2031 
2028 2031 2032 
2029 2032 2033 
2030 2033 2034 
2031 2034 2035 
2032 2035 2036 
2033 2036 2037 
2034 2037 2038 
2035 2038 2039 
2036 2039 2040 
2037 2040 2041 
2038 2041 2042 
2039 2042 2043 
2040 2043 2044 
2041 2044 2045 
2042 2045 2046 
2043 2046 2047 
2044 2047 2048 
2045 2048 2049 
2046 2049 2050 
2047 2050 2051 
2048 2051 2052 
2049 2052 2053 
2050 2053 2054 
2051 2054 2055 
2052 2055 2056 
2053 2056 2057 
2054 2057 2058 
2055 2058 2059 
2056 2059 2060 
2057 2060 2061 
2058 2061 2062 
2059 2062 2063 
2060 2063 2064 
2061 2064 2065 
2062 2065 2066 
2063 2066 2067 
2064 2067 2068 
2065 2068 2069 
2066 2069 2070 
2067 2070 2071 
2068 2071 2072 
2069 2072 2073 
2070 2073 2074 
2071 2074 2075 
2072 2075 2076 
2073 2076 2077 
2074 2077 2078 
2075 2078 2079 
2076 2079 2080 
2077 2080 2081 
2078 2081 2082 
2079 2082 2083 
2080 2083 2084 
2081 2084 2085 
2082 2085 2086 
2083 2086 2087 
2084 2087 2088 
2085 2088 2089 
2086 2089 2090 
2087 2090 2091 
2088 2091 2092 
2089 2092 2093 
2090 2093 2094 
2091 2094 2095 
2092 2095 2096 
2093 2096 2097 
2094 2097 2098 
2095 2098 2099 
2096 2099 2100 
2097 2100 2101 
2098 2101 2102 
2099 2102 2103 
2100 2103 2104 
2101 2104 2105 
2102 2105 2106 
2103 2106 2107 
2104 2107 2108 
2105 2108 2109 
2106 2109 2110 
2107 2110 2111 
2108 2111 2112 
2109 2112 2113 
2110 2113 2114 
2111 2114 2115 
2112 2115 2116 
2113 2116 2117 
2114 2117 2118 
2115 2118 2119 
2116 2119 2120 
2117 2120 2121 
2118 2121 2122 
2119 2122 2123 
2120 2123 2124 
2121 2124 2125 
2122 2125 2126 
2123 2126 2127 
2124 2127 2128 
2125 2128 2129 
2126 2129 2130 
2127 2130 2131 
2128 2131 2132 
2129 2132 2133 
2130 2133 2134 
2131 2134 2135 
2132 2135 2136 
2133 2136 2137 
2134 2137 2138 
2135 2138 2139 
2136 2139 2140 
2137 2140 2141 
2138 2141 2142 
2139 2142 2143 
2140 2143 2144 
2141 2144 2145 
2142 2145 2146 
2143 2146 2147 
2144 2147 2148 
2145 2148 2149 
2146 2149 2150 
2147 2150 2151 
2148 2151 2152 
2149 2152 2153 
2150 2153 2154 
2151 2154 2155 
2152 2155 2156 
2153 2156 2157 
2154 2157 2158 
2155 2158 2159 
2156 2159 2160 
2157 2160 2161 
2158 2161 2162 
2159 2162 2163 
2160 2163 2164 
2161 2164 2165 
2162 2165 2166 
2163 2166 2167 
2164 2167 2168 
2165 2168 2169 
2166 2169 2170 
2167 2170 2171 
2168 2171 2172 
2169 2172 2173 
2170 2173 2174 
2171 2174 2175 
2172 2175 2176 
2173 2176 2177 
2174 2177 2178 
2175 2178 2179 
2176 2179 2180 
2177 2180 2181 
2178 2181 2182 
2179 2182 2183 
2180 2183 2184 
2181 2184 2185 
2182 2185 2186 
2183 2186 2187 
2184 2187 2188 
2185 2188 2189 
2186 2189 2190 
2187 2190 2191 
2188 2191 2192 
2189 2192 2193 
2190 2193 2194 
2191 2194 2195 
2192 2195 2196 
2193 2196 2197 
2194 2197 2198 
2195 2198 2199 
2196 2199 2200 
2197 2200 2201 
2198 2201 2202 
2199 2202 2203 
2200 2203 2204 
2201 2204 2205 
2202 2205 2206 
2203 2206 2207 
2204 2207 2208 
2205 2208 2209 
2206 2209 2210 
2207 2210 2211 
2208 2211 2212 
2209 2212 2213 
2210 2213 2214 
2211 2214 2215 
2212 2215 2216 
2213 2216 2217 
2214 2217 2218 
2215 2218 2219 
2216 2219 2220 
2217 2220 2221 
2218 2221 2222 
2219 2222 2223 
2220 2223 2224 
2221 2224 2225 
2222 2225 2226 
2223 2226 2227 
2224 2227 2228 
2225 2228 2229 
2226 2229 2230 
2227 2230 2231 
2228 2231 2232 
2229 2232 2233 
2230 2233 2234 
2231 2234 2235 
2232 2235 2236 
2233 2236 2237 
2234 2237 2238 
2235 2238 2239 
2236 2239 2240 
2237 2240 2241 
2238 2241 2242 
2239 2242 2243 
2240 2243 2244 
2241 2244 2245 
2242 2245 2246 
2243 2246 2247 
2244 2247 2248 
2245 2248 2249 
2246 2249 2250 
2247 2250 2251 
2248 2251 2252 
2249 2252 2253 
2250 2253 2254 
2251 2254 2255 
2252 2255 2256 
2253 2256 2257 
2254 2257 2258 
2255 2258 2259 
2256 2259 2260 
2257 2260 2261 
2258 2261 2262 
2259 2262 2263 
2260 2263 2264 
2261 2264 2265 
2262 2265 2266 
2263 2266 2267 
2264 2267 2268 
2265 2268 2269 
2266 2269 2270 
2267 2270 2271 
2268 2271 2272 
2269 2272 2273 
2270 2273 2274 
2271 2274 2275 
2272 2275 2276 
2273 2276 2277 
2274 2277 2278 
2275 2278 2279 
2276 2279 2280 
2277 2280 2281 
2278 2281 2282 
2279 2282 2283 
2280 2283 2284 
2281 2284 2285 
2282 2285 2286 
2283 2286 2287 
2284 2287 2288 
2285 2288 2289 
2286 2289 2290 
2287 2290 2291 
2288 2291 2292 
2289 2292 2293 
2290 2293 2294 
2291 2294 2295 
2292 2295 2296 
2293 2296 2297 
2294 2297 2298 
2295 2298 2299 
2296 2299 2300 
2297 2300 2301 
2298 2301 2302 
2299 2302 2303 
2300 2303 2304 
2301 2304 2305 
2302 2305 2306 
2303 2306 2307 
2304 2307 2308 
2305 2308 2309 
2306 2309 2310 
2307 2310 2311 
2308 2311 2312 
2309 2312 2313 
2310 2313 2314 
2311 2314 2315 
2312 2315 2316 
2313 2316 2317 
2314 2317 2318 
2315 2318 2319 
2316 2319 2320 
2317 2320 2321 
2318 2321 2322 
2319 2322 2323 
2320 2323 2324 
2321 2324 2325 
2322 2325 2326 
2323 2326 2327 
2324 2327 2328 
2325 2328 2329 
2326 2329 2330 
2327 2330 2331 
2328 2331 2332 
2329 2332 2333 
2330 2333 2334 
2331 2334 2335 
2332 2335 2336 
2333 2336 2337 
2334 2337 2338 
2335 2338 2339 
2336 2339 2340 
2337 2340 2341 
2338 2341 2342 
2339 2342 2343 
2340 2343 2344 
2341 2344 2345 
2342 2345 2346 
2343 2346 2347 
2344 2347 2348 
2345 2348 2349 
2346 2349 2350 
2347 2350 2351 
2348 2351 2352 
2349 2352 2353 
2350 2353 2354 
2351 2354 2355 
2352 2355 2356 
2353 2356 2357 
2354 2357 2358 
2355 2358 2359 
2356 2359 2360 
2357 2360 2361 
2358 2361 2362 
2359 2362 2363 
2360 2363 8 
1 13 1 260
2361 8 2364 
2362 2364 2365 
2363 2365 2366 
2364 2366 2367 
2365 2367 2368 
2366 2368 2369 
2367 2369 2370 
2368 2370 2371 
2369 2371 2372 
2370 2372 2373 
2371 2373 2374 
2372 2374 2375 
2373 2375 2376 
2374 2376 2377 
2375 2377 2378 
2376 2378 2379 
2377 2379 2380 
2378 2380 2381 
2379 2381 2382 
2380 2382 2383 
2381 2383 2384 
2382 2384 2385 
2383 2385 2386 
2384 2386 2387 
2385 2387 2388 
2386 2388 2389 
2387 2389 2390 
2388 2390 2391 
2389 2391 2392 
2390 2392 2393 
2391 2393 2394 
2392 2394 2395 
2393 2395 2396 
2394 2396 2397 
2395 2397 2398 
2396 2398 2399 
2397 2399 2400 
2398 2400 2401 
2399 2401 2402 
2400 2402 2403 
2401 2403 2404 
2402 2404 2405 
2403 2405 2406 
2404 2406 2407 
2405 2407 2408 
2406 2408 2409 
2407 2409 2410 
2408 2410 2411 
2409 2411 2412 
2410 2412 2413 
2411 2413 2414 
2412 2414 2415 
2413 2415 2416 
2414 2416 2417 
2415 2417 2418 
2416 2418 2419 
2417 2419 2420 
2418 2420 2421 
2419 2421 2422 
2420 2422 2423 
2421 2423 2424 
2422 2424 2425 
2423 2425 2426 
2424 2426 2427 
2425 2427 2428 
2426 2428 2429 
2427 2429 2430 
2428 2430 2431 
2429 2431 2432 
2430 2432 2433 
2431 2433 2434 
2432 2434 2435 
2433 2435 2436 
2434 2436 2437 
2435 2437 2438 
2436 2438 2439 
2437 2439 2440 
2438 2440 2441 
2439 2441 2442 
2440 2442 2443 
2441 2443 2444 
2442 2444 2445 
2443 2445 2446 
2444 2446 2447 
2445 2447 2448 
2446 2448 2449 
2447 2449 2450 
2448 2450 2451 
2449 2451 2452 
2450 2452 2453 
2451 2453 2454 
2452 2454 2455 
2453 2455 2456 
2454 2456 2457 
2455 2457 2458 
2456 2458 2459 
2457 2459 2460 
2458 2460 2461 
2459 2461 2462 
2460 2462 2463 
2461 2463 2464 
2462 2464 2465 
2463 2465 2466 
2464 2466 2467 
2465 2467 2468 
2466 2468 2469 
2467 2469 2470 
2468 2470 2471 
2469 2471 2472 
2470 2472 2473 
2471 2473 2474 
2472 2474 2475 
2473 2475 2476 
2474 2476 2477 
2475 2477 2478 
2476 2478 2479 
2477 2479 2480 
2478 2480 2481 
2479 2481 2482 
2480 2482 2483 
2481 2483 2484 
2482 2484 2485 
2483 2485 2486 
2484 2486 2487 
2485 2487 2488 
2486 2488 2489 
2487 2489 2490 
2488 2490 2491 
2489 2491 2492 
2490 2492 2493 
2491 2493 2494 
2492 2494 2495 
2493 2495 2496 
2494 2496 2497 
2495 2497 2498 
2496 2498 2499 
2497 2499 2500 
2498 2500 2501 
2499 2501 2502 
2500 2502 2503 
2501 2503 2504 
2502 2504 2505 
2503 2505 2506 
2504 2506 2507 
2505 2507 2508 
2506 2508 2509 
2507 2509 2510 
2508 2510 2511 
2509 2511 2512 
2510 2512 2513 
2511 2513 2514 
2512 2514 2515 
2513 2515 2516 
2514 2516 2517 
2515 2517 2518 
2516 2518 2519 
2517 2519 2520 
2518 2520 2521 
2519 2521 2522 
2520 2522 2523 
2521 2523 2524 
2522 2524 2525 
2523 2525 2526 
2524 2526 2527 
2525 2527 2528 
2526 2528 2529 
2527 2529 2530 
2528 2530 2531 
2529 2531 2532 
2530 2532 2533 
2531 2533 2534 
2532 2534 2535 
2533 2535 2536 
2534 2536 2537 
2535 2537 2538 
2536 2538 2539 
2537 2539 2540 
2538 2540 2541 
2539 2541 2542 
2540 2542 2543 
2541 2543 2544 
2542 2544 2545 
2543 2545 2546 
2544 2546 2547 
2545 2547 2548 
2546 2548 2549 
2547 2549 2550 
2548 2550 2551 
2549 2551 2552 
2550 2552 2553 
2551 2553 2554 
2552 2554 2555 
2553 2555 2556 
2554 2556 2557 
2555 2557 2558 
2556 2558 2559 
2557 2559 2560 
2558 2560 2561 
2559 2561 2562 
2560 2562 2563 
2561 2563 2564 
2562 2564 2565 
2563 2565 2566 
2564 2566 2567 
2565 2567 2568 
2566 2568 2569 
2567 2569 2570 
2568 2570 2571 
2569 2571 2572 
2570 2572 2573 
2571 2573 2574 
2572 2574 2575 
2573 2575 2576 
2574 2576 2577 
2575 2577 2578 
2576 2578 2579 
2577 2579 2580 
2578 2580 2581 
2579 2581 2582 
2580 2582 2583 
2581 2583 2584 
2582 2584 2585 
2583 2585 2586 
2584 2586 2587 
2585 2587 2588 
2586 2588 2589 
2587 2589 2590 
2588 2590 2591 
2589 2591 2592 
2590 2592 2593 
2591 2593 2594 
2592 2594 2595 
2593 2595 2596 
2594 2596 2597 
2595 2597 2598 
2596 2598 2599 
2597 2599 2600 
2598 2600 2601 
2599 2601 2602 
2600 2602 2603 
2601 2603 2604 
2602 2604 2605 
2603 2605 2606 
2604 2606 2607 
2605 2607 2608 
2606 2608 2609 
2607 2609 2610 
2608 2610 2611 
2609 2611 2612 
2610 2612 2613 
2611 2613 2614 
2612 2614 2615 
2613 2615 2616 
2614 2616 2617 
2615 2617 2618 
2616 2618 2619 
2617 2619 2620 
2618 2620 2621 
2619 2621 2622 
2620 2622 9 
1 17 1 55
2621 9 2623 
2622 2623 2624 
2623 2624 2625 
2624 2625 2626 
2625 2626 2627 
2626 2627 2628 
2627 2628 2629 
2628 2629 2630 
2629 2630 2631 
2630 2631 2632 
2631 2632 2633 
2632 2633 2634 
2633 2634 2635 
2634 2635 2636 
2635 2636 2637 
2636 2637 2638 
2637 2638 2639 
2638 2639 2640 
2639 2640 2641 
2640 2641 2642 
2641 2642 2643 
2642 2643 2644 
2643 2644 2645 
2644 2645 2646 
2645 2646 2647 
2646 2647 2648 
2647 2648 2649 
2648 2649 2650 
2649 2650 2651 
2650 2651 2652 
2651 2652 2653 
2652 2653 2654 
2653 2654 2655 
2654 2655 2656 
2655 2656 2657 
2656 2657 2658 
2657 2658 2659 
2658 2659 2660 
2659 2660 2661 
2660 2661 2662 
2661 2662 2663 
2662 2663 2664 
2663 2664 2665 
2664 2665 2666 
2665 2666 2667 
2666 2667 2668 
2667 2668 2669 
2668 2669 2670 
2669 2670 2671 
2670 2671 2672 
2671 2672 2673 
2672 2673 2674 
2673 2674 2675 
2674 2675 2676 
2675 2676 10 
1 19 1 1
2676 5 10 
2 8 3 328
2677 1 11 1344 6 
2678 11 12 1345 1344 
2679 12 13 1346 1345 
2680 13 14 1347 1346 
2681 14 15 1348 1347 
2682 15 16 1349 1348 
2683 16 17 1350 1349 
2684 17 18 1351 1350 
2685 18 19 1352 1351 
2686 19 20 1353 1352 
2687 20 21 1354 1353 
2688 21 22 1355 1354 
2689 22 23 1356 1355 
2690 23 24 1357 1356 
2691 24 25 1358 1357 
2692 25 26 1359 1358 
2693 26 27 1360 1359 
2694 27 28 1361 1360 
2695 28 29 1362 1361 
2696 29 30 1363 1362 
2697 30 31 1364 1363 
2698 31 32 1365 1364 
2699 32 33 1366 1365 
2700 33 34 1367 1366 
2701 34 35 1368 1367 
2702 35 36 1369 1368 
2703 36 37 1370 1369 
2704 37 38 1371 1370 
2705 38 39 1372 1371 
2706 39 40 1373 1372 
2707 40 41 1374 1373 
2708 41 42 1375 1374 
2709 42 43 1376 1375 
2710 43 44 1377 1376 
2711 44 45 1378 1377 
2712 45 46 1379 1378 
2713 46 47 1380 1379 
2714 47 48 1381 1380 
2715 48 49 1382 1381 
2716 49 50 1383 1382 
2717 50 51 1384 1383 
2718 51 52 1385 1384 
2719 52 53 1386 1385 
2720 53 54 1387 1386 
2721 54 55 1388 1387 
2722 55 56 1389 1388 
2723 56 57 1390 1389 
2724 57 58 1391 1390 
2725 58 59 1392 1391 
2726 59 60 1393 1392 
2727 60 61 1394 1393 
2728 61 62 1395 1394 
2729 62 63 1396 1395 
2730 63 64 1397 1396 
2731 64 65 1398 1397 
2732 65 66 1399 1398 
2733 66 67 1400 1399 
2734 67 68 1401 1400 
2735 68 69 1402 1401 
2736 69 70 1403 1402 
2737 70 71 1404 1403 
2738 71 72 1405 1404 
2739 72 73 1406 1405 
2740 73 74 1407 1406 
2741 74 75 1408 1407 
2742 75 76 1409 1408 
2743 76 77 1410 1409 
2744 77 78 1411 1410 
2745 78 79 1412 1411 
2746 79 80 1413 1412 
2747 80 81 1414 1413 
2748 81 82 1415 1414 
2749 82 83 1416 1415 
2750 83 84 1417 1416 
2751 84 85 1418 1417 
2752 85 86 1419 1418 
2753 86 87 1420 1419 
2754 87 88 1421 1420 
2755 88 89 1422 1421 
2756 89 90 1423 1422 
2757 90 91 1424 1423 
2758 91 92 1425 1424 
2759 92 93 1426 1425 
2760 93 94 1427 1426 
2761 94 95 1428 1427 
2762 95 96 1429 1428 
2763 96 97 1430 1429 
2764 97 98 1431 1430 
2765 98 99 1432 1431 
2766 99 100 1433 1432 
2767 100 101 1434 1433 
2768 101 102 1435 1434 
2769 102 103 1436 1435 
2770 103 104 1437 1436 
2771 104 105 1438 1437 
2772 105 106 1439 1438 
2773 106 107 1440 1439 
2774 107 108 1441 1440 
2775 108 109 1442 1441 
2776 109 110 1443 1442 
2777 110 111 1444 1443 
2778 111 112 1445 1444 
2779 112 113 1446 1445 
2780 113 114 1447 1446 
2781 114 115 1448 1447 
2782 115 116 1449 1448 
2783 116 117 1450 1449 
2784 117 118 1451 1450 
2785 118 119 1452 1451 
2786 119 120 1453 1452 
2787 120 121 1454 1453 
2788 121 122 1455 1454 
2789 122 123 1456 1455 
2790 123 124 1457 1456 
2791 124 125 1458 1457 
2792 125 126 1459 1458 
2793 126 127 1460 1459 
2794 127 128 1461 1460 
2795 128 129 1462 1461 
2796 129 130 1463 1462 
2797 130 131 1464 1463 
2798 131 132 1465 1464 
2799 132 133 1466 1465 
2800 133 134 1467 1466 
2801 134 135 1468 1467 
2802 135 136 1469 1468 
2803 136 137 1470 1469 
2804 137 138 1471 1470 
2805 138 139 1472 1471 
2806 139 140 1473 1472 
2807 140 141 1474 1473 
2808 141 142 1475 1474 
2809 142 143 1476 1475 
2810 143 144 1477 1476 
2811 144 145 1478 1477 
2812 145 146 1479 1478 
2813 146 147 1480 1479 
2814 147 148 1481 1480 
2815 148 149 1482 1481 
2816 149 150 1483 1482 
2817 150 151 1484 1483 
2818 151 152 1485 1484 
2819 152 153 1486 1485 
2820 153 154 1487 1486 
2821 154 155 1488 1487 
2822 155 156 1489 1488 
2823 156 157 1490 1489 
2824 157 158 1491 1490 
2825 158 159 1492 1491 
2826 159 160 1493 1492 
2827 160 161 1494 1493 
2828 161 162 1495 1494 
2829 162 163 1496 1495 
2830 163 164 1497 1496 
2831 164 165 1498 1497 
2832 165 166 1499 1498 
2833 166 167 1500 1499 
2834 167 168 1501 1500 
2835 168 169 1502 1501 
2836 169 170 1503 1502 
2837 170 171 1504 1503 
2838 171 172 1505 1504 
2839 172 173 1506 1505 
2840 173 174 1507 1506 
2841 174 175 1508 1507 
2842 175 176 1509 1508 
2843 176 177 1510 1509 
2844 177 178 1511 1510 
2845 178 179 1512 1511 
2846 179 180 1513 1512 
2847 180 181 1514 1513 
2848 181 182 1515 1514 
2849 182 183 1516 1515 
2850 183 184 1517 1516 
2851 184 185 1518 1517 
2852 185 186 1519 1518 
2853 186 187 1520 1519 
2854 187 188 1521 1520 
2855 188 189 1522 1521 
2856 189 190 1523 1522 
2857 190 191 1524 1523 
2858 191 192 1525 1524 
2859 192 193 1526 1525 
2860 193 194 1527 1526 
2861 194 195 1528 1527 
2862 195 196 1529 1528 
2863 196 197 1530 1529 
2864 197 198 1531 1530 
2865 198 199 1532 1531 
2866 199 200 1533 1532 
2867 200 201 1534 1533 
2868 201 202 1535 1534 
2869 202 203 1536 1535 
2870 203 204 1537 1536 
2871 204 205 1538 1537 
2872 205 206 1539 1538 
2873 206 207 1540 1539 
2874 207 208 1541 1540 
2875 208 209 1542 1541 
2876 209 210 1543 1542 
2877 210 211 1544 1543 
2878 211 212 1545 1544 
2879 212 213 1546 1545 
2880 213 214 1547 1546 
2881 214 215 1548 1547 
2882 215 216 1549 1548 
2883 216 217 1550 1549 
2884 217 218 1551 1550 
2885 218 219 1552 1551 
2886 219 220 1553 1552 
2887 220 221 1554 1553 
2888 221 222 1555 1554 
2889 222 223 1556 1555 
2890 223 224 1557 1556 
2891 224 225 1558 1557 
2892 225 226 1559 1558 
2893 226 227 1560 1559 
2894 227 228 1561 1560 
2895 228 229 1562 1561 
2896 229 230 1563 1562 
2897 230 231 1564 1563 
2898 231 232 1565 1564 
2899 232 233 1566 1565 
2900 233 234 1567 1566 
2901 234 235 1568 1567 
2902 235 236 1569 1568 
2903 236 237 1570 1569 
2904 237 238 1571 1570 
2905 238 239 1572 1571 
2906 239 240 1573 1572 
2907 240 241 1574 1573 
2908 241 242 1575 1574 
2909 242 243 1576 1575 
2910 243 244 1577 1576 
2911 244 245 1578 1577 
2912 245 246 1579 1578 
2913 246 247 1580 1579 
2914 247 248 1581 1580 
2915 248 249 1582 1581 
2916 249 250 1583 1582 
2917 250 251 1584 1583 
2918 251 252 1585 1584 
2919 252 253 1586 1585 
2920 253 254 1587 1586 
2921 254 255 1588 1587 
2922 255 256 1589 1588 
2923 256 257 1590 1589 
2924 257 258 1591 1590 
2925 258 259 1592 1591 
2926 259 260 1593 1592 
2927 260 261 1594 1593 
2928 261 262 1595 1594 
2929 262 263 1596 1595 
2930 263 264 1597 1596 
2931 264 265 1598 1597 
2932 265 266 1599 1598 
2933 266 267 1600 1599 
2934 267 268 1601 1600 
2935 268 269 1602 1601 
2936 269 270 1603 1602 
2937 270 271 1604 1603 
2938 271 272 1605 1604 
2939 272 273 1606 1605 
2940 273 274 1607 1606 
2941 274 275 1608 1607 
2942 275 276 1609 1608 
2943 276 277 1610 1609 
2944 277 278 1611 1610 
2945 278 279 1612 1611 
2946 279 280 1613 1612 
2947 280 281 1614 1613 
2948 281 282 1615 1614 
2949 282 283 1616 1615 
2950 283 284 1617 1616 
2951 284 285 1618 1617 
2952 285 286 1619 1618 
2953 286 287 1620 1619 
2954 287 288 1621 1620 
2955 288 289 1622 1621 
2956 289 290 1623 1622 
2957 290 291 1624 1623 
2958 291 292 1625 1624 
2959 292 293 1626 1625 
2960 293 294 1627 1626 
2961 294 295 1628 1627 
2962 295 296 1629 1628 
2963 296 297 1630 1629 
2964 297 298 1631 1630 
2965 298 299 1632 1631 
2966 299 300 1633 1632 
2967 300 301 1634 1633 
2968 301 302 1635 1634 
2969 302 303 1636 1635 
2970 303 304 1637 1636 
2971 304 305 1638 1637 
2972 305 306 1639 1638 
2973 306 307 1640 1639 
2974 307 308 1641 1640 
2975 308 309 1642 1641 
2976 309 310 1643 1642 
2977 310 311 1644 1643 
2978 311 312 1645 1644 
2979 312 313 1646 1645 
2980 313 314 1647 1646 
2981 314 315 1648 1647 
2982 315 316 1649 1648 
2983 316 317 1650 1649 
2984 317 318 1651 1650 
2985 318 319 1652 1651 
2986 319 320 1653 1652 
2987 320 321 1654 1653 
2988 321 322 1655 1654 
2989 322 323 1656 1655 
2990 323 324 1657 1656 
2991 324 325 1658 1657 
2992 325 326 1659 1658 
2993 326 327 1660 1659 
2994 327 328 1661 1660 
2995 328 329 1662 1661 
2996 329 330 1663 1662 
2997 330 331 1664 1663 
2998 331 332 1665 1664 
2999 332 333 1666 1665 
3000 333 334 1667 1666 
3001 334 335 1668 1667 
3002 335 336 1669 1668 
3003 336 337 1670 1669 
3004 337 2 7 1670 
2 12 3 694
3005 2 338 1671 7 
3006 338 339 1672 1671 
3007 339 340 1673 1672 
3008 340 341 1674 1673 
3009 341 342 1675 1674 
3010 342 343 1676 1675 
3011 343 344 1677 1676 
3012 344 345 1678 1677 
3013 345 346 1679 1678 
3014 346 347 1680 1679 
3015 347 348 1681 1680 
3016 348 349 1682 1681 
3017 349 350 1683 1682 
3018 350 351 1684 1683 
3019 351 352 1685 1684 
3020 352 353 1686 1685 
3021 353 354 1687 1686 
3022 354 355 1688 1687 
3023 355 356 1689 1688 
3024 356 357 1690 1689 
3025 357 358 1691 1690 
3026 358 359 1692 1691 
3027 359 360 1693 1692 
3028 360 361 1694 1693 
3029 361 362 1695 1694 
3030 362 363 1696 1695 
3031 363 364 1697 1696 
3032 364 365 1698 1697 
3033 365 366 1699 1698 
3034 366 367 1700 1699 
3035 367 368 1701 1700 
3036 368 369 1702 1701 
3037 369 370 1703 1702 
3038 370 371 1704 1703 
3039 371 372 1705 1704 
3040 372 373 1706 1705 
3041 373 374 1707 1706 
3042 374 375 1708 1707 
3043 375 376 1709 1708 
3044 376 377 1710 1709 
3045 377 378 1711 1710 
3046 378 379 1712 1711 
3047 379 380 1713 1712 
3048 380 381 1714 1713 
3049 381 382 1715 1714 
3050 382 383 1716 1715 
3051 383 384 1717 1716 
3052 384 385 1718 1717 
3053 385 386 1719 1718 
3054 386 387 1720 1719 
3055 387 388 1721 1720 
3056 388 389 1722 1721 
3057 389 390 1723 1722 
3058 390 391 1724 1723 
3059 391 392 1725 1724 
3060 392 393 1726 1725 
3061 393 394 1727 1726 
3062 394 395 1728 1727 
3063 395 396 1729 1728 
3064 396 397 1730 1729 
3065 397 398 1731 1730 
3066 398 399 1732 1731 
3067 399 400 1733 1732 
3068 400 401 1734 1733 
3069 401 402 1735 1734 
3070 402 403 1736 1735 
3071 403 404 1737 1736 
3072 404 405 1738 1737 
3073 405 406 1739 1738 
3074 406 407 1740 1739 
3075 407 408 1741 1740 
3076 408 409 1742 1741 
3077 409 410 1743 1742 
3078 410 411 1744 1743 
3079 411 412 1745 1744 
3080 412 413 1746 1745 
3081 413 414 1747 1746 
3082 414 415 1748 1747 
3083 415 416 1749 1748 
3084 416 417 1750 1749 
3085 417 418 1751 1750 
3086 418 419 1752 1751 
3087 419 420 1753 1752 
3088 420 421 1754 1753 
3089 421 422 1755 1754 
3090 422 423 1756 1755 
3091 423 424 1757 1756 
3092 424 425 1758 1757 
3093 425 426 1759 1758 
3094 426 427 1760 1759 
3095 427 428 1761 1760 
3096 428 429 1762 1761 
3097 429 430 1763 1762 
3098 430 431 1764 1763 
3099 431 432 1765 1764 
3100 432 433 1766 1765 
3101 433 434 1767 1766 
3102 434 435 1768 1767 
3103 435 436 1769 1768 
3104 436 437 1770 1769 
3105 437 438 1771 1770 
3106 438 439 1772 1771 
3107 439 440 1773 1772 
3108 440 441 1774 1773 
3109 441 442 1775 1774 
3110 442 443 1776 1775 
3111 443 444 1777 1776 
3112 444 445 1778 1777 
3113 445 446 1779 1778 
3114 446 447 1780 1779 
3115 447 448 1781 1780 
3116 448 449 1782 1781 
3117 449 450 1783 1782 
3118 450 451 1784 1783 
3119 451 452 1785 1784 
3120 452 453 1786 1785 
3121 453 454 1787 1786 
3122 454 455 1788 1787 
3123 455 456 1789 1788 
3124 456 457 1790 1789 
3125 457 458 1791 1790 
3126 458 459 1792 1791 
3127 459 460 1793 1792 
3128 460 461 1794 1793 
3129 461 462 1795 1794 
3130 462 463 1796 1795 
3131 463 464 1797 1796 
3132 464 465 1798 1797 
3133 465 466 1799 1798 
3134 466 467 1800 1799 
3135 467 468 1801 1800 
3136 468 469 1802 1801 
3137 469 470 1803 1802 
3138 470 471 1804 1803 
3139 471 472 1805 1804 
3140 472 473 1806 1805 
3141 473 474 1807 1806 
3142 474 475 1808 1807 
3143 475 476 1809 1808 
3144 476 477 1810 1809 
3145 477 478 1811 1810 
3146 478 479 1812 1811 
3147 479 480 1813 1812 
3148 480 481 1814 1813 
3149 481 482 1815 1814 
3150 482 483 1816 1815 
3151 483 484 1817 1816 
3152 484 485 1818 1817 
3153 485 486 1819 1818 
3154 486 487 1820 1819 
3155 487 488 1821 1820 
3156 488 489 1822 1821 
3157 489 490 1823 1822 
3158 490 491 1824 1823 
3159 491 492 1825 1824 
3160 492 493 1826 1825 
3161 493 494 1827 1826 
3162 494 495 1828 1827 
3163 495 496 1829 1828 
3164 496 497 1830 1829 
3165 497 498 1831 1830 
3166 498 499 1832 1831 
3167 499 500 1833 1832 
3168 500 501 1834 1833 
3169 501 502 1835 1834 
3170 502 503 1836 1835 
3171 503 504 1837 1836 
3172 504 505 1838 1837 
3173 505 506 1839 1838 
3174 506 507 1840 1839 
3175 507 508 1841 1840 
3176 508 509 1842 1841 
3177 509 510 1843 1842 
3178 510 511 1844 1843 
3179 511 512 1845 1844 
3180 512 513 1846 1845 
3181 513 514 1847 1846 
3182 514 515 1848 1847 
3183 515 516 1849 1848 
3184 516 517 1850 1849 
3185 517 518 1851 1850 
3186 518 519 1852 1851 
3187 519 520 1853 1852 
3188 520 521 1854 1853 
3189 521 522 1855 1854 
3190 522 523 1856 1855 
3191 523 524 1857 1856 
3192 524 525 1858 1857 
3193 525 526 1859 1858 
3194 526 527 1860 1859 
3195 527 528 1861 1860 
3196 528 529 1862 1861 
3197 529 530 1863 1862 
3198 530 531 1864 1863 
3199 531 532 1865 1864 
3200 532 533 1866 1865 
3201 533 534 1867 1866 
3202 534 535 1868 1867 
3203 535 536 1869 1868 
3204 536 537 1870 1869 
3205 537 538 1871 1870 
3206 538 539 1872 1871 
3207 539 540 1873 1872 
3208 540 541 1874 1873 
3209 541 542 1875 1874 
3210 542 543 1876 1875 
3211 543 544 1877 1876 
3212 544 545 1878 1877 
3213 545 546 1879 1878 
3214 546 547 1880 1879 
3215 547 548 1881 1880 
3216 548 549 1882 1881 
3217 549 550 1883 1882 
3218 550 551 1884 1883 
3219 551 552 1885 1884 
3220 552 553 1886 1885 
3221 553 554 1887 1886 
3222 554 555 1888 1887 
3223 555 556 1889 1888 
3224 556 557 1890 1889 
3225 557 558 1891 1890 
3226 558 559 1892 1891 
3227 559 560 1893 1892 
3228 560 561 1894 1893 
3229 561 562 1895 1894 
3230 562 563 1896 1895 
3231 563 564 1897 1896 
3232 564 565 1898 1897 
3233 565 566 1899 1898 
3234 566 567 1900 1899 
3235 567 568 1901 1900 
3236 568 569 1902 1901 
3237 569 570 1903 1902 
3238 570 571 1904 1903 
3239 571 572 1905 1904 
3240 572 573 1906 1905 
3241 573 574 1907 1906 
3242 574 575 1908 1907 
3243 575 576 1909 1908 
3244 576 577 1910 1909 
3245 577 578 1911 1910 
3246 578 579 1912 1911 
3247 579 580 1913 1912 
3248 580 581 1914 1913 
3249 581 582 1915 1914 
3250 582 583 1916 1915 
3251 583 584 1917 1916 
3252 584 585 1918 1917 
3253 585 586 1919 1918 
3254 586 587 1920 1919 
3255 587 588 1921 1920 
3256 588 589 1922 1921 
3257 589 590 1923 1922 
3258 590 591 1924 1923 
3259 591 592 1925 1924 
3260 592 593 1926 1925 
3261 593 594 1927 1926 
3262 594 595 1928 1927 
3263 595 596 1929 1928 
3264 596 597 1930 1929 
3265 597 598 1931 1930 
3266 598 599 1932 1931 
3267 599 600 1933 1932 
3268 600 601 1934 1933 
3269 601 602 1935 1934 
3270 602 603 1936 1935 
3271 603 604 1937 1936 
3272 604 605 1938 1937 
3273 605 606 1939 1938 
3274 606 607 1940 1939 
3275 607 608 1941 1940 
3276 608 609 1942 1941 
3277 609 610 1943 1942 
3278 610 611 1944 1943 
3279 611 612 1945 1944 
3280 612 613 1946 1945 
3281 613 614 1947 1946 
3282 614 615 1948 1947 
3283 615 616 1949 1948 
3284 616 617 1950 1949 
3285 617 618 1951 1950 
3286 618 619 1952 1951 
3287 619 620 1953 1952 
3288 620 621 1954 1953 
3289 621 622 1955 1954 
3290 622 623 1956 1955 
3291 623 624 1957 1956 
3292 624 625 1958 1957 
3293 625 626 1959 1958 
3294 626 627 1960 1959 
3295 627 628 1961 1960 
3296 628 629 1962 1961 
3297 629 630 1963 1962 
3298 630 631 1964 1963 
3299 631 632 1965 1964 
3300 632 633 1966 1965 
3301 633 634 1967 1966 
3302 634 635 1968 1967 
3303 635 636 1969 1968 
3304 636 637 1970 1969 
3305 637 638 1971 1970 
3306 638 639 1972 1971 
3307 639 640 1973 1972 
3308 640 641 1974 1973 
3309 641 642 1975 1974 
3310 642 643 1976 1975 
3311 643 644 1977 1976 
3312 644 645 1978 1977 
3313 645 646 1979 1978 
3314 646 647 1980 1979 
3315 647 648 1981 1980 
3316 648 649 1982 1981 
3317 649 650 1983 1982 
3318 650 651 1984 1983 
3319 651 652 1985 1984 
3320 652 653 1986 1985 
3321 653 654 1987 1986 
3322 654 655 1988 1987 
3323 655 656 1989 1988 
3324 656 657 1990 1989 
3325 657 658 1991 1990 
3326 658 659 1992 1991 
3327 659 660 1993 1992 
3328 660 661 1994 1993 
3329 661 662 1995 1994 
3330 662 663 1996 1995 
3331 663 664 1997 1996 
3332 664 665 1998 1997 
3333 665 666 1999 1998 
3334 666 667 2000 1999 
3335 667 668 2001 2000 
3336 668 669 2002 2001 
3337 669 670 2003 2002 
3338 670 671 2004 2003 
3339 671 672 2005 2004 
3340 672 673 2006 2005 
3341 673 674 2007 2006 
3342 674 675 2008 2007 
3343 675 676 2009 2008 
3344 676 677 2010 2009 
3345 677 678 2011 2010 
3346 678 679 2012 2011 
3347 679 680 2013 2012 
3348 680 681 2014 2013 
3349 681 682 2015 2014 
3350 682 683 2016 2015 
3351 683 684 2017 2016 
3352 684 685 2018 2017 
3353 685 686 2019 2018 
3354 686 687 2020 2019 
3355 687 688 2021 2020 
3356 688 689 2022 2021 
3357 689 690 2023 2022 
3358 690 691 2024 2023 
3359 691 692 2025 2024 
3360 692 693 2026 2025 
3361 693 694 2027 2026 
3362 694 695 2028 2027 
3363 695 696 2029 2028 
3364 696 697 2030 2029 
3365 697 698 2031 2030 
3366 698 699 2032 2031 
3367 699 700 2033 2032 
3368 700 701 2034 2033 
3369 701 702 2035 2034 
3370 702 703 2036 2035 
3371 703 704 2037 2036 
3372 704 705 2038 2037 
3373 705 706 2039 2038 
3374 706 707 2040 2039 
3375 707 708 2041 2040 
3376 708 709 2042 2041 
3377 709 710 2043 2042 
3378 710 711 2044 2043 
3379 711 712 2045 2044 
3380 712 713 2046 2045 
3381 713 714 2047 2046 
3382 714 715 2048 2047 
3383 715 716 2049 2048 
3384 716 717 2050 2049 
3385 717 718 2051 2050 
3386 718 719 2052 2051 
3387 719 720 2053 2052 
3388 720 721 2054 2053 
3389 721 722 2055 2054 
3390 722 723 2056 2055 
3391 723 724 2057 2056 
3392 724 725 2058 2057 
3393 725 726 2059 2058 
3394 726 727 2060 2059 
3395 727 728 2061 2060 
3396 728 729 2062 2061 
3397 729 730 2063 2062 
3398 730 731 2064 2063 
3399 731 732 2065 2064 
3400 732 733 2066 2065 
3401 733 734 2067 2066 
3402 734 735 2068 2067 
3403 735 736 2069 2068 
3404 736 737 2070 2069 
3405 737 738 2071 2070 
3406 738 739 2072 2071 
3407 739 740 2073 2072 
3408 740 741 2074 2073 
3409 741 742 2075 2074 
3410 742 743 2076 2075 
3411 743 744 2077 2076 
3412 744 745 2078 2077 
3413 745 746 2079 2078 
3414 746 747 2080 2079 
3415 747 748 2081 2080 
3416 748 749 2082 2081 
3417 749 750 2083 2082 
3418 750 751 2084 2083 
3419 751 752 2085 2084 
3420 752 753 2086 2085 
3421 753 754 2087 2086 
3422 754 755 2088 2087 
3423 755 756 2089 2088 
3424 756 757 2090 2089 
3425 757 758 2091 2090 
3426 758 759 2092 2091 
3427 759 760 2093 2092 
3428 760 761 2094 2093 
3429 761 762 2095 2094 
3430 762 763 2096 2095 
3431 763 764 2097 2096 
3432 764 765 2098 2097 
3433 765 766 2099 2098 
3434 766 767 2100 2099 
3435 767 768 2101 2100 
3436 768 769 2102 2101 
3437 769 770 2103 2102 
3438 770 771 2104 2103 
3439 771 772 2105 2104 
3440 772 773 2106 2105 
3441 773 774 2107 2106 
3442 774 775 2108 2107 
3443 775 776 2109 2108 
3444 776 777 2110 2109 
3445 777 778 2111 2110 
3446 778 779 2112 2111 
3447 779 780 2113 2112 
3448 780 781 2114 2113 
3449 781 782 2115 2114 
3450 782 783 2116 2115 
3451 783 784 2117 2116 
3452 784 785 2118 2117 
3453 785 786 2119 2118 
3454 786 787 2120 2119 
3455 787 788 2121 2120 
3456 788 789 2122 2121 
3457 789 790 2123 2122 
3458 790 791 2124 2123 
3459 791 792 2125 2124 
3460 792 793 2126 2125 
3461 793 794 2127 2126 
3462 794 795 2128 2127 
3463 795 796 2129 2128 
3464 796 797 2130 2129 
3465 797 798 2131 2130 
3466 798 799 2132 2131 
3467 799 800 2133 2132 
3468 800 801 2134 2133 
3469 801 802 2135 2134 
3470 802 803 2136 2135 
3471 803 804 2137 2136 
3472 804 805 2138 2137 
3473 805 806 2139 2138 
3474 806 807 2140 2139 
3475 807 808 2141 2140 
3476 808 809 2142 2141 
3477 809 810 2143 2142 
3478 810 811 2144 2143 
3479 811 812 2145 2144 
3480 812 813 2146 2145 
3481 813 814 2147 2146 
3482 814 815 2148 2147 
3483 815 816 2149 2148 
3484 816 817 2150 2149 
3485 817 818 2151 2150 
3486 818 819 2152 2151 
3487 819 820 2153 2152 
3488 820 821 2154 2153 
3489 821 822 2155 2154 
3490 822 823 2156 2155 
3491 823 824 2157 2156 
3492 824 825 2158 2157 
3493 825 826 2159 2158 
3494 826 827 2160 2159 
3495 827 828 2161 2160 
3496 828 829 2162 2161 
3497 829 830 2163 2162 
3498 830 831 2164 2163 
3499 831 832 2165 2164 
3500 832 833 2166 2165 
3501 833 834 2167 2166 
3502 834 835 2168 2167 
3503 835 836 2169 2168 
3504 836 837 2170 2169 
3505 837 838 2171 2170 
3506 838 839 2172 2171 
3507 839 840 2173 2172 
3508 840 841 2174 2173 
3509 841 842 2175 2174 
3510 842 843 2176 2175 
3511 843 844 2177 2176 
3512 844 845 2178 2177 
3513 845 846 2179 2178 
3514 846 847 2180 2179 
3515 847 848 2181 2180 
3516 848 849 2182 2181 
3517 849 850 2183 2182 
3518 850 851 2184 2183 
3519 851 852 2185 2184 
3520 852 853 2186 2185 
3521 853 854 2187 2186 
3522 854 855 2188 2187 
3523 855 856 2189 2188 
3524 856 857 2190 2189 
3525 857 858 2191 2190 
3526 858 859 2192 2191 
3527 859 860 2193 2192 
3528 860 861 2194 2193 
3529 861 862 2195 2194 
3530 862 863 2196 2195 
3531 863 864 2197 2196 
3532 864 865 2198 2197 
3533 865 866 2199 2198 
3534 866 867 2200 2199 
3535 867 868 2201 2200 
3536 868 869 2202 2201 
3537 869 870 2203 2202 
3538 870 871 2204 2203 
3539 871 872 2205 2204 
3540 872 873 2206 2205 
3541 873 874 2207 2206 
3542 874 875 2208 2207 
3543 875 876 2209 2208 
3544 876 877 2210 2209 
3545 877 878 2211 2210 
3546 878 879 2212 2211 
3547 879 880 2213 2212 
3548 880 881 2214 2213 
3549 881 882 2215 2214 
3550 882 883 2216 2215 
3551 883 884 2217 2216 
3552 884 885 2218 2217 
3553 885 886 2219 2218 
3554 886 887 2220 2219 
3555 887 888 2221 2220 
3556 888 889 2222 2221 
3557 889 890 2223 2222 
3558 890 891 2224 2223 
3559 891 892 2225 2224 
3560 892 893 2226 2225 
3561 893 894 2227 2226 
3562 894 895 2228 2227 
3563 895 896 2229 2228 
3564 896 897 2230 2229 
3565 897 898 2231 2230 
3566 898 899 2232 2231 
3567 899 900 2233 2232 
3568 900 901 2234 2233 
3569 901 902 2235 2234 
3570 902 903 2236 2235 
3571 903 904 2237 2236 
3572 904 905 2238 2237 
3573 905 906 2239 2238 
3574 906 907 2240 2239 
3575 907 908 2241 2240 
3576 908 909 2242 2241 
3577 909 910 2243 2242 
3578 910 911 2244 2243 
3579 911 912 2245 2244 
3580 912 913 2246 2245 
3581 913 914 2247 2246 
3582 914 915 2248 2247 
3583 915 916 2249 2248 
3584 916 917 2250 2249 
3585 917 918 2251 2250 
3586 918 919 2252 2251 
3587 919 920 2253 2252 
3588 920 921 2254 2253 
3589 921 922 2255 2254 
3590 922 923 2256 2255 
3591 923 924 2257 2256 
3592 924 925 2258 2257 
3593 925 926 2259 2258 
3594 926 927 2260 2259 
3595 927 928 2261 2260 
3596 928 929 2262 2261 
3597 929 930 2263 2262 
3598 930 931 2264 2263 
3599 931 932 2265 2264 
3600 932 933 2266 2265 
3601 933 934 2267 2266 
3602 934 935 2268 2267 
3603 935 936 2269 2268 
3604 936 937 2270 2269 
3605 937 938 2271 2270 
3606 938 939 2272 2271 
3607 939 940 2273 2272 
3608 940 941 2274 2273 
3609 941 942 2275 2274 
3610 942 943 2276 2275 
3611 943 944 2277 2276 
3612 944 945 2278 2277 
3613 945 946 2279 2278 
3614 946 947 2280 2279 
3615 947 948 2281 2280 
3616 948 949 2282 2281 
3617 949 950 2283 2282 
3618 950 951 2284 2283 
3619 951 952 2285 2284 
3620 952 953 2286 2285 
3621 953 954 2287 2286 
3622 954 955 2288 2287 
3623 955 956 2289 2288 
3624 956 957 2290 2289 
3625 957 958 2291 2290 
3626 958 959 2292 2291 
3627 959 960 2293 2292 
3628 960 961 2294 2293 
3629 961 962 2295 2294 
3630 962 963 2296 2295 
3631 963 964 2297 2296 
3632 964 965 2298 2297 
3633 965 966 2299 2298 
3634 966 967 2300 2299 
3635 967 968 2301 2300 
3636 968 969 2302 2301 
3637 969 970 2303 2302 
3638 970 971 2304 2303 
3639 971 972 2305 2304 
3640 972 973 2306 2305 
3641 973 974 2307 2306 
3642 974 975 2308 2307 
3643 975 976 2309 2308 
3644 976 977 2310 2309 
3645 977 978 2311 2310 
3646 978 979 2312 2311 
3647 979 980 2313 2312 
3648 980 981 2314 2313 
3649 981 982 2315 2314 
3650 982 983 2316 2315 
3651 983 984 2317 2316 
3652 984 985 2318 2317 
3653 985 986 2319 2318 
3654 986 987 2320 2319 
3655 987 988 2321 2320 
3656 988 989 2322 2321 
3657 989 990 2323 2322 
3658 990 991 2324 2323 
3659 991 992 2325 2324 
3660 992 993 2326 2325 
3661 993 994 2327 2326 
3662 994 995 2328 2327 
3663 995 996 2329 2328 
3664 996 997 2330 2329 
3665 997 998 2331 2330 
3666 998 999 2332 2331 
3667 999 1000 2333 2332 
3668 1000 1001 2334 2333 
3669 1001 1002 2335 2334 
3670 1002 1003 2336 2335 
3671 1003 1004 2337 2336 
3672 1004 1005 2338 2337 
3673 1005 1006 2339 2338 
3674 1006 1007 2340 2339 
3675 1007 1008 2341 2340 
3676 1008 1009 2342 2341 
3677 1009 1010 2343 2342 
3678 1010 1011 2344 2343 
3679 1011 1012 2345 2344 
3680 1012 1013 2346 2345 
3681 1013 1014 2347 2346 
3682 1014 1015 2348 2347 
3683 1015 1016 2349 2348 
3684 1016 1017 2350 2349 
3685 1017 1018 2351 2350 
3686 1018 1019 2352 2351 
3687 1019 1020 2353 2352 
3688 1020 1021 2354 2353 
3689 1021 1022 2355 2354 
3690 1022 1023 2356 2355 
3691 1023 1024 2357 2356 
3692 1024 1025 2358 2357 
3693 1025 1026 2359 2358 
3694 1026 1027 2360 2359 
3695 1027 1028 2361 2360 
3696 1028 1029 2362 2361 
3697 1029 1030 2363 2362 
3698 1030 3 8 2363 
2 16 3 260
3699 3 1031 2364 8 
3700 1031 1032 2365 2364 
3701 1032 1033 2366 2365 
3702 1033 1034 2367 2366 
3703 1034 1035 2368 2367 
3704 1035 1036 2369 2368 
3705 1036 1037 2370 2369 
3706 1037 1038 2371 2370 
3707 1038 1039 2372 2371 
3708 1039 1040 2373 2372 
3709 1040 1041 2374 2373 
3710 1041 1042 2375 2374 
3711 1042 1043 2376 2375 
3712 1043 1044 2377 2376 
3713 1044 1045 2378 2377 
3714 1045 1046 2379 2378 
3715 1046 1047 2380 2379 
3716 1047 1048 2381 2380 
3717 1048 1049 2382 2381 
3718 1049 1050 2383 2382 
3719 1050 1051 2384 2383 
3720 1051 1052 2385 2384 
3721 1052 1053 2386 2385 
3722 1053 1054 2387 2386 
3723 1054 1055 2388 2387 
3724 1055 1056 2389 2388 
3725 1056 1057 2390 2389 
3726 1057 1058 2391 2390 
3727 1058 1059 2392 2391 
3728 1059 1060 2393 2392 
3729 1060 1061 2394 2393 
3730 1061 1062 2395 2394 
3731 1062 1063 2396 2395 
3732 1063 1064 2397 2396 
3733 1064 1065 2398 2397 
3734 1065 1066 2399 2398 
3735 1066 1067 2400 2399 
3736 1067 1068 2401 2400 
3737 1068 1069 2402 2401 
3738 1069 1070 2403 2402 
3739 1070 1071 2404 2403 
3740 1071 1072 2405 2404 
3741 1072 1073 2406 2405 
3742 1073 1074 2407 2406 
3743 1074 1075 2408 2407 
3744 1075 1076 2409 2408 
3745 1076 1077 2410 2409 
3746 1077 1078 2411 2410 
3747 1078 1079 2412 2411 
3748 1079 1080 2413 2412 
3749 1080 1081 2414 2413 
3750 1081 1082 2415 2414 
3751 1082 1083 2416 2415 
3752 1083 1084 2417 2416 
3753 1084 1085 2418 2417 
3754 1085 1086 2419 2418 
3755 1086 1087 2420 2419 
3756 1087 1088 2421 2420 
3757 1088 1089 2422 2421 
3758 1089 1090 2423 2422 
3759 1090 1091 2424 2423 
3760 1091 1092 2425 2424 
3761 1092 1093 2426 2425 
3762 1093 1094 2427 2426 
3763 1094 1095 2428 2427 
3764 1095 1096 2429 2428 
3765 1096 1097 2430 2429 
3766 1097 1098 2431 2430 
3767 1098 1099 2432 2431 
3768 1099 1100 2433 2432 
3769 1100 1101 2434 2433 
3770 1101 1102 2435 2434 
3771 1102 1103 2436 2435 
3772 1103 1104 2437 2436 
3773 1104 1105 2438 2437 
3774 1105 1106 2439 2438 
3775 1106 1107 2440 2439 
3776 1107 1108 2441 2440 
3777 1108 1109 2442 2441 
3778 1109 1110 2443 2442 
3779 1110 1111 2444 2443 
3780 1111 1112 2445 2444 
3781 1112 1113 2446 2445 
3782 1113 1114 2447 2446 
3783 1114 1115 2448 2447 
3784 1115 1116 2449 2448 
3785 1116 1117 2450 2449 
3786 1117 1118 2451 2450 
3787 1118 1119 2452 2451 
3788 1119 1120 2453 2452 
3789 1120 1121 2454 2453 
3790 1121 1122 2455 2454 
3791 1122 1123 2456 2455 
3792 1123 1124 2457 2456 
3793 1124 1125 2458 2457 
3794 1125 1126 2459 2458 
3795 1126 1127 2460 2459 
3796 1127 1128 2461 2460 
3797 1128 1129 2462 2461 
3798 1129 1130 2463 2462 
3799 1130 1131 2464 2463 
3800 1131 1132 2465 2464 
3801 1132 1133 2466 2465 
3802 1133 1134 2467 2466 
3803 1134 1135 2468 2467 
3804 1135 1136 2469 2468 
3805 1136 1137 2470 2469 
3806 1137 1138 2471 2470 
3807 1138 1139 2472 2471 
3808 1139 1140 2473 2472 
3809 1140 1141 2474 2473 
3810 1141 1142 2475 2474 
3811 1142 1143 2476 2475 
3812 1143 1144 2477 2476 
3813 1144 1145 2478 2477 
3814 1145 1146 2479 2478 
3815 1146 1147 2480 2479 
3816 1147 1148 2481 2480 
3817 1148 1149 2482 2481 
3818 1149 1150 2483 2482 
3819 1150 1151 2484 2483 
3820 1151 1152 2485 2484 
3821 1152 1153 2486 2485 
3822 1153 1154 2487 2486 
3823 1154 1155 2488 2487 
3824 1155 1156 2489 2488 
3825 1156 1157 2490 2489 
3826 1157 1158 2491 2490 
3827 1158 1159 2492 2491 
3828 1159 1160 2493 2492 
3829 1160 1161 2494 2493 
3830 1161 1162 2495 2494 
3831 1162 1163 2496 2495 
3832 1163 1164 2497 2496 
3833 1164 1165 2498 2497 
3834 1165 1166 2499 2498 
3835 1166 1167 2500 2499 
3836 1167 1168 2501 2500 
3837 1168 1169 2502 2501 
3838 1169 1170 2503 2502 
3839 1170 1171 2504 2503 
3840 1171 1172 2505 2504 
3841 1172 1173 2506 2505 
3842 1173 1174 2507 2506 
3843 1174 1175 2508 2507 
3844 1175 1176 2509 2508 
3845 1176 1177 2510 2509 
3846 1177 1178 2511 2510 
3847 1178 1179 2512 2511 
3848 1179 1180 2513 2512 
3849 1180 1181 2514 2513 
3850 1181 1182 2515 2514 
3851 1182 1183 2516 2515 
3852 1183 1184 2517 2516 
3853 1184 1185 2518 2517 
3854 1185 1186 2519 2518 
3855 1186 1187 2520 2519 
3856 1187 1188 2521 2520 
3857 1188 1189 2522 2521 
3858 1189 1190 2523 2522 
3859 1190 1191 2524 2523 
3860 1191 1192 2525 2524 
3861 1192 1193 2526 2525 
3862 1193 1194 2527 2526 
3863 1194 1195 2528 2527 
3864 1195 1196 2529 2528 
3865 1196 1197 2530 2529 
3866 1197 1198 2531 2530 
3867 1198 1199 2532 2531 
3868 1199 1200 2533 2532 
3869 1200 1201 2534 2533 
3870 1201 1202 2535 2534 
3871 1202 1203 2536 2535 
3872 1203 1204 2537 2536 
3873 1204 1205 2538 2537 
3874 1205 1206 2539 2538 
3875 1206 1207 2540 2539 
3876 1207 1208 2541 2540 
3877 1208 1209 2542 2541 
3878 1209 1210 2543 2542 
3879 1210 1211 2544 2543 
3880 1211 1212 2545 2544 
3881 1212 1213 2546 2545 
3882 1213 1214 2547 2546 
3883 1214 1215 2548 2547 
3884 1215 1216 2549 2548 
3885 1216 1217 2550 2549 
3886 1217 1218 2551 2550 
3887 1218 1219 2552 2551 
3888 1219 1220 2553 2552 
3889 1220 1221 2554 2553 
3890 1221 1222 2555 2554 
3891 1222 1223 2556 2555 
3892 1223 1224 2557 2556 
3893 1224 1225 2558 2557 
3894 1225 1226 2559 2558 
3895 1226 1227 2560 2559 
3896 1227 1228 2561 2560 
3897 1228 1229 2562 2561 
3898 1229 1230 2563 2562 
3899 1230 1231 2564 2563 
3900 1231 1232 2565 2564 
3901 1232 1233 2566 2565 
3902 1233 1234 2567 2566 
3903 1234 1235 2568 2567 
3904 1235 1236 2569 2568 
3905 1236 1237 2570 2569 
3906 1237 1238 2571 2570 
3907 1238 1239 2572 2571 
3908 1239 1240 2573 2572 
3909 1240 1241 2574 2573 
3910 1241 1242 2575 2574 
3911 1242 1243 2576 2575 
3912 1243 1244 2577 2576 
3913 1244 1245 2578 2577 
3914 1245 1246 2579 2578 
3915 1246 1247 2580 2579 
3916 1247 1248 2581 2580 
3917 1248 1249 2582 2581 
3918 1249 1250 2583 2582 
3919 1250 1251 2584 2583 
3920 1251 1252 2585 2584 
3921 1252 1253 2586 2585 
3922 1253 1254 2587 2586 
3923 1254 1255 2588 2587 
3924 1255 1256 2589 2588 
3925 1256 1257 2590 2589 
3926 1257 1258 2591 2590 
3927 1258 1259 2592 2591 
3928 1259 1260 2593 2592 
3929 1260 1261 2594 2593 
3930 1261 1262 2595 2594 
3931 1262 1263 2596 2595 
3932 1263 1264 2597 2596 
3933 1264 1265 2598 2597 
3934 1265 1266 2599 2598 
3935 1266 1267 2600 2599 
3936 1267 1268 2601 2600 
3937 1268 1269 2602 2601 
3938 1269 1270 2603 2602 
3939 1270 1271 2604 2603 
3940 1271 1272 2605 2604 
3941 1272 1273 2606 2605 
3942 1273 1274 2607 2606 
3943 1274 1275 2608 2607 
3944 1275 1276 2609 2608 
3945 1276 1277 2610 2609 
3946 1277 1278 2611 2610 
3947 1278 1279 2612 2611 
3948 1279 1280 2613 2612 
3949 1280 1281 2614 2613 
3950 1281 1282 2615 2614 
3951 1282 1283 2616 2615 
3952 1283 1284 2617 2616 
3953 1284 1285 2618 2617 
3954 1285 1286 2619 2618 
3955 1286 1287 2620 2619 
3956 1287 1288 2621 2620 
3957 1288 1289 2622 2621 
3958 1289 4 9 2622 
2 20 3 55
3959 4 1290 2623 9 
3960 1290 1291 2624 2623 
3961 1291 1292 2625 2624 
3962 1292 1293 2626 2625 
3963 1293 1294 2627 2626 
3964 1294 1295 2628 2627 
3965 1295 1296 2629 2628 
3966 1296 1297 2630 2629 
3967 1297 1298 2631 2630 
3968 1298 1299 2632 2631 
3969 1299 1300 2633 2632 
3970 1300 1301 2634 2633 
3971 1301 1302 2635 2634 
3972 1302 1303 2636 2635 
3973 1303 1304 2637 2636 
3974 1304 1305 2638 2637 
3975 1305 1306 2639 2638 
3976 1306 1307 2640 2639 
3977 1307 1308 2641 2640 
3978 1308 1309 2642 2641 
3979 1309 1310 2643 2642 
3980 1310 1311 2644 2643 
3981 1311 1312 2645 2644 
3982 1312 1313 2646 2645 
3983 1313 1314 2647 2646 
3984 1314 1315 2648 2647 
3985 1315 1316 2649 2648 
3986 1316 1317 2650 2649 
3987 1317 1318 2651 2650 
3988 1318 1319 2652 2651 
3989 1319 1320 2653 2652 
3990 1320 1321 2654 2653 
3991 1321 1322 2655 2654 
3992 1322 1323 2656 2655 
3993 1323 1324 2657 2656 
3994 1324 1325 2658 2657 
3995 1325 1326 2659 2658 
3996 1326 1327 2660 2659 
3997 1327 1328 2661 2660 
3998 1328 1329 2662 2661 
3999 1329 1330 2663 2662 
4000 1330 1331 2664 2663 
4001 1331 1332 2665 2664 
4002 1332 1333 2666 2665 
4003 1333 1334 2667 2666 
4004 1334 1335 2668 2667 
4005 1335 1336 2669 2668 
4006 1336 1337 2670 2669 
4007 1337 1338 2671 2670 
4008 1338 1339 2672 2671 
4009 1339 1340 2673 2672 
4010 1340 1341 2674 2673 
4011 1341 1342 2675 2674 
4012 1342 1343 2676 2675 
4013 1343 5 10 2676 
$EndElements
