ELMER SOLVER (v 9.0) STARTED AT: 2026/05/14 17:44:22
ELMER SOLVER (v 9.0) STARTED AT: 2026/05/14 17:44:22
ELMER SOLVER (v 9.0) STARTED AT: 2026/05/14 17:44:22
ELMER SOLVER (v 9.0) STARTED AT: 2026/05/14 17:44:22
ELMER SOLVER (v 9.0) STARTED AT: 2026/05/14 17:44:22
ELMER SOLVER (v 9.0) STARTED AT: 2026/05/14 17:44:22
ELMER SOLVER (v 9.0) STARTED AT: 2026/05/14 17:44:22
ELMER SOLVER (v 9.0) STARTED AT: 2026/05/14 17:44:22
ELMER SOLVER (v 9.0) STARTED AT: 2026/05/14 17:44:22
ELMER SOLVER (v 9.0) STARTED AT: 2026/05/14 17:44:22
ELMER SOLVER (v 9.0) STARTED AT: 2026/05/14 17:44:22
ELMER SOLVER (v 9.0) STARTED AT: 2026/05/14 17:44:22
ELMER SOLVER (v 9.0) STARTED AT: 2026/05/14 17:44:22
ELMER SOLVER (v 9.0) STARTED AT: 2026/05/14 17:44:22
ELMER SOLVER (v 9.0) STARTED AT: 2026/05/14 17:44:22
ELMER SOLVER (v 9.0) STARTED AT: 2026/05/14 17:44:22
ELMER SOLVER (v 9.0) STARTED AT: 2026/05/14 17:44:22
ELMER SOLVER (v 9.0) STARTED AT: 2026/05/14 17:44:22
ELMER SOLVER (v 9.0) STARTED AT: 2026/05/14 17:44:22
ELMER SOLVER (v 9.0) STARTED AT: 2026/05/14 17:44:22
ELMER SOLVER (v 9.0) STARTED AT: 2026/05/14 17:44:22
ELMER SOLVER (v 9.0) STARTED AT: 2026/05/14 17:44:22
ELMER SOLVER (v 9.0) STARTED AT: 2026/05/14 17:44:22
ELMER SOLVER (v 9.0) STARTED AT: 2026/05/14 17:44:22
ELMER SOLVER (v 9.0) STARTED AT: 2026/05/14 17:44:22
ELMER SOLVER (v 9.0) STARTED AT: 2026/05/14 17:44:22
ELMER SOLVER (v 9.0) STARTED AT: 2026/05/14 17:44:22
ELMER SOLVER (v 9.0) STARTED AT: 2026/05/14 17:44:22
ELMER SOLVER (v 9.0) STARTED AT: 2026/05/14 17:44:22
ELMER SOLVER (v 9.0) STARTED AT: 2026/05/14 17:44:22
ELMER SOLVER (v 9.0) STARTED AT: 2026/05/14 17:44:22
ELMER SOLVER (v 9.0) STARTED AT: 2026/05/14 17:44:22
ELMER SOLVER (v 9.0) STARTED AT: 2026/05/14 17:44:22
ELMER SOLVER (v 9.0) STARTED AT: 2026/05/14 17:44:22
ELMER SOLVER (v 9.0) STARTED AT: 2026/05/14 17:44:22
ELMER SOLVER (v 9.0) STARTED AT: 2026/05/14 17:44:22
ELMER SOLVER (v 9.0) STARTED AT: 2026/05/14 17:44:22
ELMER SOLVER (v 9.0) STARTED AT: 2026/05/14 17:44:22
ELMER SOLVER (v 9.0) STARTED AT: 2026/05/14 17:44:22
ELMER SOLVER (v 9.0) STARTED AT: 2026/05/14 17:44:22
ELMER SOLVER (v 9.0) STARTED AT: 2026/05/14 17:44:22
ELMER SOLVER (v 9.0) STARTED AT: 2026/05/14 17:44:22
ELMER SOLVER (v 9.0) STARTED AT: 2026/05/14 17:44:22
ELMER SOLVER (v 9.0) STARTED AT: 2026/05/14 17:44:22
ELMER SOLVER (v 9.0) STARTED AT: 2026/05/14 17:44:22
ELMER SOLVER (v 9.0) STARTED AT: 2026/05/14 17:44:22
ELMER SOLVER (v 9.0) STARTED AT: 2026/05/14 17:44:22
ELMER SOLVER (v 9.0) STARTED AT: 2026/05/14 17:44:22
ELMER SOLVER (v 9.0) STARTED AT: 2026/05/14 17:44:22
ELMER SOLVER (v 9.0) STARTED AT: 2026/05/14 17:44:22
ELMER SOLVER (v 9.0) STARTED AT: 2026/05/14 17:44:22
ELMER SOLVER (v 9.0) STARTED AT: 2026/05/14 17:44:22
ELMER SOLVER (v 9.0) STARTED AT: 2026/05/14 17:44:22
ELMER SOLVER (v 9.0) STARTED AT: 2026/05/14 17:44:22
ELMER SOLVER (v 9.0) STARTED AT: 2026/05/14 17:44:22
ELMER SOLVER (v 9.0) STARTED AT: 2026/05/14 17:44:22
ELMER SOLVER (v 9.0) STARTED AT: 2026/05/14 17:44:22
ELMER SOLVER (v 9.0) STARTED AT: 2026/05/14 17:44:22
ELMER SOLVER (v 9.0) STARTED AT: 2026/05/14 17:44:22
ELMER SOLVER (v 9.0) STARTED AT: 2026/05/14 17:44:22
ELMER SOLVER (v 9.0) STARTED AT: 2026/05/14 17:44:22
ELMER SOLVER (v 9.0) STARTED AT: 2026/05/14 17:44:22
ELMER SOLVER (v 9.0) STARTED AT: 2026/05/14 17:44:22
ELMER SOLVER (v 9.0) STARTED AT: 2026/05/14 17:44:22
ParCommInit: Initialize #PEs: 64
ParCommInit: Initialize #PEs: 64
ParCommInit: Initialize #PEs: 64
MAIN: 
MAIN: =============================================================
MAIN: ElmerSolver finite element software, Welcome!
MAIN: This program is free software licensed under (L)GPL
MAIN: Copyright 1st April 1995 - , CSC - IT Center for Science Ltd.
MAIN: Webpage http://www.csc.fi/elmer, Email elmeradm@csc.fi
MAIN: Version: 9.0 (Rev: afd75d4, Compiled: 2025-09-26)
MAIN:  Running in parallel using 64 tasks.
MAIN:  Running with just one thread per task.
MAIN:  HYPRE library linked in.
MAIN:  MUMPS library linked in.
MAIN:  MMG library linked in.
MAIN:  Lua interpreter linked in.
MAIN:  Zoltan library linked in.
MAIN: =============================================================
ParCommInit: Initialize #PEs: 64
MAIN: 
MAIN: 
MAIN: -------------------------------------
MAIN: Reading Model: InitialiseT1.sif
LoadInputFile: Scanning input file: InitialiseT1.sif
LoadInputFile: Scanning only size info
LoadInputFile: First time visiting
LoadInputFile: Reading base load of sif file
CheckKeyword: Found keyword type assuming suffix 1 for: output variable 2
CheckKeyword: Found keyword type assuming suffix 1 for: output variable 2
CheckKeyword: Found keyword type assuming suffix 1 for: output variable 3
CheckKeyword: Found keyword type assuming suffix 1 for: output variable 3
CheckKeyword: Found keyword type assuming suffix 1 for: output variable 4
CheckKeyword: Found keyword type assuming suffix 1 for: output variable 4
CheckKeyword: Found keyword type assuming suffix 1 for: output variable 5
CheckKeyword: Found keyword type assuming suffix 1 for: output variable 5
CheckKeyword: Found keyword type assuming suffix 1 for: output variable 6
CheckKeyword: Found keyword type assuming suffix 1 for: output variable 6
CheckKeyword: Found keyword type assuming suffix 1 for: output variable 7
CheckKeyword: Found keyword type assuming suffix 1 for: output variable 7
CheckKeyword: Found keyword type assuming suffix 1 for: output variable 8
CheckKeyword: Found keyword type assuming suffix 1 for: output variable 8
CheckKeyword: Found keyword type assuming suffix 1 for: output variable 9
CheckKeyword: Found keyword type assuming suffix 1 for: output variable 9
CheckKeyword: Found keyword type assuming suffix 1 for: output variable 10
CheckKeyword: Found keyword type assuming suffix 1 for: output variable 10
CheckKeyword: Found keyword type assuming suffix 1 for: output variable 11
CheckKeyword: Found keyword type assuming suffix 1 for: output variable 11
CheckKeyword: Found keyword type assuming suffix 1 for: output variable 12
CheckKeyword: Found keyword type assuming suffix 1 for: output variable 12
CheckKeyword: Found keyword type assuming suffix 1 for: output variable 13
CheckKeyword: Found keyword type assuming suffix 1 for: output variable 13
CheckKeyword: Found keyword type assuming suffix 1 for: output variable 14
CheckKeyword: Found keyword type assuming suffix 1 for: output variable 14
OpenIncludeFile: Trying to include file: "Initialisation/Dimensional_ICs/bed_dim.xy"
OpenIncludeFile: Trying to include file: "Initialisation/Dimensional_ICs/Tb_dim.xy"
OpenIncludeFile: Trying to include file: "Initialisation/Dimensional_ICs/bed_dim.xy"
OpenIncludeFile: Trying to include file: "Initialisation/Dimensional_ICs/Tb_dim.xy"
OpenIncludeFile: Trying to include file: "Initialisation/Dimensional_ICs/bed_dim.xy"
OpenIncludeFile: Trying to include file: "Initialisation/Dimensional_ICs/Tb_dim.xy"
OpenIncludeFile: Trying to include file: "Initialisation/Dimensional_ICs/zb_dim.xy"
OpenIncludeFile: Trying to include file: "Initialisation/Dimensional_ICs/zb_dim.xy"
OpenIncludeFile: Trying to include file: "Initialisation/Dimensional_ICs/bed_dim.xy"
OpenIncludeFile: Trying to include file: "Initialisation/Dimensional_ICs/zs_dim.xy"
CheckKeyword: Found keyword type assuming suffix 1 for: exported variable 2
CheckKeyword: Found keyword type assuming suffix 1 for: exported variable 2
CheckKeyword: Found keyword type assuming suffix 1 for: operator 2
CheckKeyword: Found keyword type assuming suffix 1 for: operator 2
OpenIncludeFile: Trying to include file:  SRC/linsys/mumps.sif
CheckKeyword: Found keyword type assuming suffix 1 for: exported variable 2
CheckKeyword: Found keyword type assuming suffix 1 for: exported variable 2
OpenIncludeFile: Trying to include file: "Initialisation/Dimensional_ICs/Tb_dim.xy"
LoadInputFile: Loading input file: InitialiseT1.sif
LoadInputFile: Reading base load of sif file
CheckKeyword:  Unlisted keyword: [gravity norm] in section: [constants]
CheckKeyword:  Unlisted keyword: [fresh water density] in section: [constants]
CheckKeyword:  Unlisted keyword: [water density] in section: [constants]
CheckKeyword:  Unlisted keyword: [ice density] in section: [constants]
CheckKeyword:  Unlisted keyword: [rock density] in section: [constants]
CheckKeyword:  Unlisted keyword: [reference temperature] in section: [constants]
CheckKeyword:  Unlisted keyword: [reference pressure] in section: [constants]
CheckKeyword:  Unlisted keyword: [sea level] in section: [constants]
CheckKeyword:  Unlisted keyword: [preserve baseline] in section: [simulation]
CheckKeyword:  Unlisted keyword: [extruded bc layers] in section: [simulation]
CheckKeyword:  Unlisted keyword: [extruded baseline layer] in section: [simulation]
CheckKeyword: Found keyword type assuming suffix 1 for: output variable 2
CheckKeyword: Found keyword type assuming suffix 1 for: output variable 2
CheckKeyword: Found keyword type assuming suffix 1 for: output variable 3
CheckKeyword: Found keyword type assuming suffix 1 for: output variable 3
CheckKeyword: Found keyword type assuming suffix 1 for: output variable 4
CheckKeyword: Found keyword type assuming suffix 1 for: output variable 4
CheckKeyword: Found keyword type assuming suffix 1 for: output variable 5
CheckKeyword: Found keyword type assuming suffix 1 for: output variable 5
CheckKeyword: Found keyword type assuming suffix 1 for: output variable 6
CheckKeyword: Found keyword type assuming suffix 1 for: output variable 6
CheckKeyword: Found keyword type assuming suffix 1 for: output variable 7
CheckKeyword: Found keyword type assuming suffix 1 for: output variable 7
CheckKeyword: Found keyword type assuming suffix 1 for: output variable 8
CheckKeyword: Found keyword type assuming suffix 1 for: output variable 8
CheckKeyword: Found keyword type assuming suffix 1 for: output variable 9
CheckKeyword: Found keyword type assuming suffix 1 for: output variable 9
CheckKeyword: Found keyword type assuming suffix 1 for: output variable 10
CheckKeyword: Found keyword type assuming suffix 1 for: output variable 10
CheckKeyword: Found keyword type assuming suffix 1 for: output variable 11
CheckKeyword: Found keyword type assuming suffix 1 for: output variable 11
CheckKeyword: Found keyword type assuming suffix 1 for: output variable 12
CheckKeyword: Found keyword type assuming suffix 1 for: output variable 12
CheckKeyword: Found keyword type assuming suffix 1 for: output variable 13
CheckKeyword: Found keyword type assuming suffix 1 for: output variable 13
CheckKeyword: Found keyword type assuming suffix 1 for: output variable 14
CheckKeyword: Found keyword type assuming suffix 1 for: output variable 14
CheckKeyword:  Unlisted keyword: [restart before initial condition] in section: [simulation]
CheckKeyword:  Unlisted keyword: [bedrock] in section: [initial condition 1]
OpenIncludeFile: Trying to include file: "Initialisation/Dimensional_ICs/bed_dim.xy"
OpenIncludeFile: Trying to include file: "Initialisation/Dimensional_ICs/Tb_dim.xy"
CheckKeyword:  Unlisted keyword: [bedrock] in section: [initial condition 2]
OpenIncludeFile: Trying to include file: "Initialisation/Dimensional_ICs/bed_dim.xy"
OpenIncludeFile: Trying to include file: "Initialisation/Dimensional_ICs/Tb_dim.xy"
CheckKeyword:  Unlisted keyword: [bedrock] in section: [initial condition 3]
OpenIncludeFile: Trying to include file: "Initialisation/Dimensional_ICs/bed_dim.xy"
OpenIncludeFile: Trying to include file: "Initialisation/Dimensional_ICs/Tb_dim.xy"
CheckKeyword:  Unlisted keyword: [zb] in section: [initial condition 4]
OpenIncludeFile: Trying to include file: "Initialisation/Dimensional_ICs/zb_dim.xy"
CheckKeyword:  Unlisted keyword: [refzb] in section: [initial condition 4]
OpenIncludeFile: Trying to include file: "Initialisation/Dimensional_ICs/zb_dim.xy"
CheckKeyword:  Unlisted keyword: [bedrock] in section: [initial condition 4]
OpenIncludeFile: Trying to include file: "Initialisation/Dimensional_ICs/bed_dim.xy"
CheckKeyword:  Unlisted keyword: [zs] in section: [initial condition 5]
OpenIncludeFile: Trying to include file: "Initialisation/Dimensional_ICs/zs_dim.xy"
CheckKeyword:  Unlisted keyword: [partial vertical meshupdate 1] in section: [body force 1]
CheckKeyword:  Unlisted keyword: [partial vertical meshupdate 2] in section: [body force 1]
CheckKeyword:  Unlisted keyword: [temperature upper limit] in section: [body force 1]
CheckKeyword:  Unlisted keyword: [partial vertical meshupdate 1] in section: [body force 2]
CheckKeyword:  Unlisted keyword: [partial vertical meshupdate 2] in section: [body force 2]
CheckKeyword:  Unlisted keyword: [temperature upper limit] in section: [body force 2]
CheckKeyword:  Unlisted keyword: [temperature upper limit] in section: [body force 3]
CheckKeyword:  Unlisted keyword: [zb accumulation] in section: [body force 4]
CheckKeyword:  Unlisted keyword: [flow solver name] in section: [body force 4]
CheckKeyword:  Unlisted keyword: [temperature upper limit] in section: [body force 4]
CheckKeyword:  Unlisted keyword: [zs accumulation] in section: [body force 5]
CheckKeyword:  Unlisted keyword: [temperature upper limit] in section: [body force 5]
CheckKeyword:  Unlisted keyword: [heat capacity scaling factor] in section: [material 3]
CheckKeyword:  Unlisted keyword: [heat conductivity scaling factor] in section: [material 3]
CheckKeyword:  Unlisted keyword: [cauchy] in section: [material 3]
CheckKeyword:  Unlisted keyword: [max zb] in section: [material 3]
CheckKeyword:  Unlisted keyword: [min zs] in section: [material 3]
CheckKeyword:  Unlisted keyword: [max zs] in section: [material 3]
CheckKeyword:  Unlisted keyword: [temperature upper limit] in section: [material 3]
CheckKeyword:  Unlisted keyword: [minimum height] in section: [solver 1]
CheckKeyword:  Unlisted keyword: [mesh update variable] in section: [solver 1]
CheckKeyword: Found keyword type assuming suffix 1 for: exported variable 2
CheckKeyword: Found keyword type assuming suffix 1 for: exported variable 2
CheckKeyword:  Unlisted keyword: [adjust surface] in section: [solver 1]
CheckKeyword: Found keyword type assuming suffix 1 for: operator 2
CheckKeyword: Found keyword type assuming suffix 1 for: operator 2
CheckKeyword:  Unlisted keyword: [relaxation factor] in section: [solver 4]
CheckKeyword:  Unlisted keyword: [relaxation factor] in section: [solver 5]
CheckKeyword:  Unlisted keyword: [computeall] in section: [solver 6]
CheckKeyword:  Unlisted keyword: [toler] in section: [solver 7]
CheckKeyword:  Unlisted keyword: [bedrock variable] in section: [solver 7]
OpenIncludeFile: Trying to include file:  SRC/linsys/mumps.sif
CheckKeyword: Found keyword type assuming suffix 1 for: exported variable 2
CheckKeyword: Found keyword type assuming suffix 1 for: exported variable 2
CheckKeyword:  Unlisted keyword: [nonlinear system relaxation before] in section: [solver 10]
CheckKeyword:  Unlisted keyword: [partial vertical meshupdate 1] in section: [boundary condition 5]
CheckKeyword:  Unlisted keyword: [partial vertical meshupdate 2] in section: [boundary condition 5]
CheckKeyword:  Unlisted keyword: [temperature flux bc] in section: [boundary condition 5]
CheckKeyword:  Unlisted keyword: [partial vertical meshupdate 1] in section: [boundary condition 6]
CheckKeyword:  Unlisted keyword: [partial vertical meshupdate 2] in section: [boundary condition 6]
CheckKeyword:  Unlisted keyword: [partial vertical meshupdate 1] in section: [boundary condition 7]
CheckKeyword:  Unlisted keyword: [partial vertical meshupdate 2] in section: [boundary condition 7]
CheckKeyword:  Unlisted keyword: [partial vertical meshupdate 1] in section: [boundary condition 8]
CheckKeyword:  Unlisted keyword: [partial vertical meshupdate 2] in section: [boundary condition 8]
CheckKeyword:  Unlisted keyword: [partial vertical meshupdate 1] in section: [boundary condition 9]
CheckKeyword:  Unlisted keyword: [partial vertical meshupdate 2] in section: [boundary condition 9]
CheckKeyword:  Unlisted keyword: [temperature flux bc] in section: [boundary condition 9]
CheckKeyword:  Unlisted keyword: [partial vertical meshupdate 1] in section: [boundary condition 10]
CheckKeyword:  Unlisted keyword: [partial vertical meshupdate 2] in section: [boundary condition 10]
CheckKeyword:  Unlisted keyword: [partial vertical meshupdate 1] in section: [boundary condition 11]
CheckKeyword:  Unlisted keyword: [partial vertical meshupdate 2] in section: [boundary condition 11]
CheckKeyword:  Unlisted keyword: [partial vertical meshupdate 1] in section: [boundary condition 12]
CheckKeyword:  Unlisted keyword: [partial vertical meshupdate 2] in section: [boundary condition 12]
CheckKeyword:  Unlisted keyword: [partial vertical meshupdate 1] in section: [boundary condition 13]
CheckKeyword:  Unlisted keyword: [partial vertical meshupdate 2] in section: [boundary condition 13]
CheckKeyword:  Unlisted keyword: [partial vertical meshupdate 3] in section: [boundary condition 13]
CheckKeyword:  Unlisted keyword: [temperature flux bc] in section: [boundary condition 13]
Loading user function library: [SRC/Buoyancy.so]...[SeaPressure]
CheckKeyword:  Unlisted keyword: [compute sea pressure] in section: [boundary condition 14]
CheckKeyword:  Unlisted keyword: [partial vertical meshupdate 1] in section: [boundary condition 14]
CheckKeyword:  Unlisted keyword: [partial vertical meshupdate 2] in section: [boundary condition 14]
CheckKeyword:  Unlisted keyword: [computenormal] in section: [boundary condition 14]
CheckKeyword:  Unlisted keyword: [partial vertical meshupdate 1] in section: [boundary condition 15]
CheckKeyword:  Unlisted keyword: [partial vertical meshupdate 2] in section: [boundary condition 15]
CheckKeyword:  Unlisted keyword: [partial vertical meshupdate 3] in section: [boundary condition 15]
CheckKeyword:  Unlisted keyword: [partial vertical meshupdate 1] in section: [boundary condition 16]
CheckKeyword:  Unlisted keyword: [partial vertical meshupdate 2] in section: [boundary condition 16]
CheckKeyword:  Unlisted keyword: [partial vertical meshupdate 3] in section: [boundary condition 16]
CheckKeyword:  Unlisted keyword: [partial vertical meshupdate 1] in section: [boundary condition 17]
CheckKeyword:  Unlisted keyword: [partial vertical meshupdate 2] in section: [boundary condition 17]
CheckKeyword:  Unlisted keyword: [partial vertical meshupdate 3] in section: [boundary condition 17]
CheckKeyword:  Unlisted keyword: [temperature flux bc] in section: [boundary condition 17]
CheckKeyword:  Unlisted keyword: [partial vertical meshupdate 1] in section: [boundary condition 18]
CheckKeyword:  Unlisted keyword: [partial vertical meshupdate 2] in section: [boundary condition 18]
CheckKeyword:  Unlisted keyword: [partial vertical meshupdate 3] in section: [boundary condition 18]
OpenIncludeFile: Trying to include file: "Initialisation/Dimensional_ICs/Tb_dim.xy"
CheckKeyword:  Unlisted keyword: [flow solution name] in section: [boundary condition 19]
Loading user function library: [SRC/Buoyancy.so]...[SeaSpring]
CheckKeyword:  Unlisted keyword: [compute sea spring] in section: [boundary condition 19]
Loading user function library: [ElmerIceUSF]...[SlidCoef_Contact]
Loading user function library: [ElmerIceUSF]...[SlidCoef_Contact]
Loading user function library: [SRC/Buoyancy.so]...[SeaPressure]
CheckKeyword:  Unlisted keyword: [compute sea pressure] in section: [boundary condition 19]
CheckKeyword:  Unlisted keyword: [computenormal condition] in section: [boundary condition 19]
CheckKeyword:  Unlisted keyword: [grounding line moves] in section: [boundary condition 19]
CheckKeyword:  Unlisted keyword: [grounding line definition] in section: [boundary condition 19]
CheckKeyword:  Unlisted keyword: [test contact tolerance] in section: [boundary condition 19]
CheckKeyword:  Unlisted keyword: [sliding law] in section: [boundary condition 19]
CheckKeyword:  Unlisted keyword: [weertman exponent] in section: [boundary condition 19]
CheckKeyword:  Unlisted keyword: [weertman friction coefficient] in section: [boundary condition 19]
CheckKeyword:  Unlisted keyword: [weertman linear velocity] in section: [boundary condition 19]
CheckKeyword:  Unlisted keyword: [partial vertical meshupdate 1] in section: [boundary condition 19]
CheckKeyword:  Unlisted keyword: [partial vertical meshupdate 2] in section: [boundary condition 19]
CheckKeyword:  Unlisted keyword: [partial vertical meshupdate 3] in section: [boundary condition 19]
CheckKeyword:  Unlisted keyword: [temperature flux bc] in section: [boundary condition 19]
CheckKeyword:  Unlisted keyword: [heat flux condition] in section: [boundary condition 19]
CheckKeyword:  Unlisted keyword: [friction loads] in section: [boundary condition 19]
CheckKeyword:  Unlisted keyword: [calculate temperature boundary weights] in section: [boundary condition 19]
CheckKeyword:  Unlisted keyword: [fssa theta] in section: [boundary condition 19]
CheckKeyword:  Unlisted keyword: [fssa flag] in section: [boundary condition 19]
CheckKeyword:  Unlisted keyword: [fssa accumulation] in section: [boundary condition 19]
CheckKeyword:  Unlisted keyword: [computenormal] in section: [boundary condition 20]
CheckKeyword:  Unlisted keyword: [partial vertical meshupdate 1] in section: [boundary condition 20]
CheckKeyword:  Unlisted keyword: [partial vertical meshupdate 2] in section: [boundary condition 20]
CheckKeyword:  Unlisted keyword: [partial vertical meshupdate 3] in section: [boundary condition 20]
CheckKeyword:  Unlisted keyword: [fssa theta] in section: [boundary condition 20]
CheckKeyword:  Unlisted keyword: [fssa flag] in section: [boundary condition 20]
CheckKeyword:  Unlisted keyword: [fssa accumulation] in section: [boundary condition 20]
LoadInputFile: Number of BCs: 20
LoadInputFile: Number of Body Forces: 5
LoadInputFile: Number of Initial Conditions: 5
LoadInputFile: Number of Materials: 3
LoadInputFile: Number of Equations: 5
LoadInputFile: Number of Solvers: 11
LoadInputFile: Number of Bodies: 5
ListTagKeywords: Setting weight for keywords!
ListTagKeywords: No parameters width suffix: normalize by area
ListTagKeywords: Setting weight for keywords!
ListTagKeywords: No parameters width suffix: normalize by volume
WARNING:: LoadRestartFile: Fields are of different size (968 vs. 2244): temperature
WARNING:: LoadRestartFile: Fields are of different size (968 vs. 2244): temperature
WARNING:: LoadRestartFile: Fields are of different size (968 vs. 2244): temperature
WARNING:: LoadRestartFile: Fields are of different size (968 vs. 2244): temperature
WARNING:: LoadRestartFile: Fields are of different size (968 vs. 2244): temperature
WARNING:: LoadRestartFile: Fields are of different size (968 vs. 2244): temperature
WARNING:: LoadRestartFile: Fields are of different size (968 vs. 2244): temperature
WARNING:: LoadRestartFile: Fields are of different size (968 vs. 2244): temperature
WARNING:: LoadRestartFile: Fields are of different size (968 vs. 2244): temperature
WARNING:: LoadRestartFile: Fields are of different size (924 vs. 2142): temperature
WARNING:: LoadRestartFile: Fields are of different size (924 vs. 2142): temperature
WARNING:: LoadRestartFile: Fields are of different size (968 vs. 2244): temperature
WARNING:: LoadRestartFile: Fields are of different size (968 vs. 2244): temperature
WARNING:: LoadRestartFile: Fields are of different size (968 vs. 2244): temperature
WARNING:: LoadRestartFile: Fields are of different size (968 vs. 2244): temperature
WARNING:: LoadRestartFile: Fields are of different size (968 vs. 2244): temperature
WARNING:: LoadRestartFile: Fields are of different size (968 vs. 2244): temperature
WARNING:: LoadRestartFile: Fields are of different size (968 vs. 2244): temperature
WARNING:: LoadRestartFile: Fields are of different size (968 vs. 2244): temperature
WARNING:: LoadRestartFile: Fields are of different size (968 vs. 2244): temperature
WARNING:: LoadRestartFile: Fields are of different size (924 vs. 2142): temperature
WARNING:: LoadRestartFile: Fields are of different size (924 vs. 2142): temperature
WARNING:: LoadRestartFile: Fields are of different size (968 vs. 2244): temperature
WARNING:: LoadRestartFile: Fields are of different size (968 vs. 2244): temperature
WARNING:: LoadRestartFile: Fields are of different size (924 vs. 2142): temperature
WARNING:: LoadRestartFile: Fields are of different size (968 vs. 2244): temperature
WARNING:: LoadRestartFile: Fields are of different size (968 vs. 2244): temperature
WARNING:: LoadRestartFile: Fields are of different size (968 vs. 2244): temperature
WARNING:: LoadRestartFile: Fields are of different size (968 vs. 2244): temperature
WARNING:: LoadRestartFile: Fields are of different size (968 vs. 2244): temperature
WARNING:: LoadRestartFile: Fields are of different size (968 vs. 2244): temperature
WARNING:: LoadRestartFile: Fields are of different size (968 vs. 2244): temperature
WARNING:: LoadRestartFile: Fields are of different size (968 vs. 2244): temperature
WARNING:: LoadRestartFile: Fields are of different size (968 vs. 2244): temperature
WARNING:: LoadRestartFile: Fields are of different size (968 vs. 2244): temperature
WARNING:: LoadRestartFile: Fields are of different size (968 vs. 2244): temperature
WARNING:: LoadRestartFile: Fields are of different size (968 vs. 2244): temperature
WARNING:: LoadRestartFile: Fields are of different size (968 vs. 2244): temperature
WARNING:: LoadRestartFile: Fields are of different size (968 vs. 2244): temperature
WARNING:: LoadRestartFile: Fields are of different size (968 vs. 2244): temperature
WARNING:: LoadRestartFile: Fields are of different size (924 vs. 2142): temperature
WARNING:: LoadRestartFile: Fields are of different size (968 vs. 2244): temperature
WARNING:: LoadRestartFile: Fields are of different size (968 vs. 2244): temperature
WARNING:: LoadRestartFile: Fields are of different size (968 vs. 2244): temperature
WARNING:: LoadRestartFile: Fields are of different size (968 vs. 2244): temperature
WARNING:: LoadRestartFile: Fields are of different size (968 vs. 2244): temperature
WARNING:: LoadRestartFile: Fields are of different size (968 vs. 2244): temperature
WARNING:: LoadRestartFile: Fields are of different size (968 vs. 2244): temperature
WARNING:: LoadRestartFile: Fields are of different size (968 vs. 2244): temperature
WARNING:: LoadRestartFile: Fields are of different size (968 vs. 2244): temperature
WARNING:: LoadRestartFile: Fields are of different size (968 vs. 2244): temperature
WARNING:: LoadRestartFile: Fields are of different size (968 vs. 2244): temperature
WARNING:: LoadRestartFile: Fields are of different size (968 vs. 2244): temperature
WARNING:: LoadRestartFile: Fields are of different size (924 vs. 2142): temperature
WARNING:: LoadRestartFile: Fields are of different size (968 vs. 2244): temperature
WARNING:: LoadRestartFile: Fields are of different size (968 vs. 2244): temperature
WARNING:: LoadRestartFile: Fields are of different size (968 vs. 2244): temperature
WARNING:: LoadRestartFile: Fields are of different size (968 vs. 2244): temperature
WARNING:: LoadRestartFile: Fields are of different size (968 vs. 2244): temperature
WARNING:: LoadRestartFile: Fields are of different size (968 vs. 2244): temperature
WARNING:: LoadRestartFile: Fields are of different size (968 vs. 2244): temperature
WARNING:: LoadRestartFile: Fields are of different size (968 vs. 2244): temperature
WARNING:: LoadRestartFile: Fields are of different size (968 vs. 2244): temperature
WARNING:: LoadRestartFile: Fields are of different size (968 vs. 2244): temperature
MAIN: 
MAIN: -------------------------------------
MAIN: Time: 1/115:   1.003E+03
MAIN: -------------------------------------
MAIN: 
BiCGStabl:       33 0.8245E-12 0.8135E-12
ComputeChange: NS (ITER=1) (NRM,RELC): (  38.616705      2.0000000     ) :: partial update
ComputeNormalSolver: Computing Normal Vector for Nodes
ComputeNormalSolver: End
GroundedSolver: Computing grounded mask from geometry
GroundedSolver: Memory allocation done.
SolveEquations: -------------------------------------
SolveEquations:  Coupled system iteration:            1
SolveEquations: -------------------------------------
ComputeChange: NS (ITER=1) (NRM,RELC): (  272.62833     0.79460078E-02 ) :: homologous temperature equation
ComputeChange: NS (ITER=2) (NRM,RELC): (  272.43898     0.19871920E-02 ) :: homologous temperature equation
ComputeChange: NS (ITER=3) (NRM,RELC): (  272.34466     0.99411339E-03 ) :: homologous temperature equation
ComputeChange: NS (ITER=4) (NRM,RELC): (  272.29758     0.49718573E-03 ) :: homologous temperature equation
ComputeChange: NS (ITER=5) (NRM,RELC): (  272.27407     0.24862509E-03 ) :: homologous temperature equation
ComputeChange: NS (ITER=6) (NRM,RELC): (  272.26232     0.12432059E-03 ) :: homologous temperature equation
ComputeChange: NS (ITER=7) (NRM,RELC): (  272.25645     0.62162309E-04 ) :: homologous temperature equation
ComputeChange: NS (ITER=8) (NRM,RELC): (  272.25351     0.31081658E-04 ) :: homologous temperature equation
ComputeChange: NS (ITER=9) (NRM,RELC): (  272.25204     0.15540955E-04 ) :: homologous temperature equation
ComputeChange: NS (ITER=10) (NRM,RELC): (  272.25131     0.77705087E-05 ) :: homologous temperature equation
ComputeChange: SS (ITER=1) (NRM,RELC): (  272.75533      2.0000000     ) :: homologous temperature equation
SolveEquations: -------------------------------------
SolveEquations:  Coupled system iteration:            2
SolveEquations: -------------------------------------
ComputeChange: NS (ITER=1) (NRM,RELC): (  272.50211     0.26499587E-02 ) :: homologous temperature equation
ComputeChange: NS (ITER=2) (NRM,RELC): (  272.37613     0.13259015E-02 ) :: homologous temperature equation
ComputeChange: NS (ITER=3) (NRM,RELC): (  272.31330     0.66318054E-03 ) :: homologous temperature equation
ComputeChange: NS (ITER=4) (NRM,RELC): (  272.28192     0.33164763E-03 ) :: homologous temperature equation
ComputeChange: NS (ITER=5) (NRM,RELC): (  272.26624     0.16583814E-03 ) :: homologous temperature equation
ComputeChange: NS (ITER=6) (NRM,RELC): (  272.25841     0.82922653E-04 ) :: homologous temperature equation
ComputeChange: NS (ITER=7) (NRM,RELC): (  272.25449     0.41462221E-04 ) :: homologous temperature equation
ComputeChange: NS (ITER=8) (NRM,RELC): (  272.25253     0.20731334E-04 ) :: homologous temperature equation
ComputeChange: NS (ITER=9) (NRM,RELC): (  272.25155     0.10365723E-04 ) :: homologous temperature equation
ComputeChange: NS (ITER=10) (NRM,RELC): (  272.25106     0.51828756E-05 ) :: homologous temperature equation
ComputeChange: SS (ITER=2) (NRM,RELC): (  272.58650     0.61919323E-03 ) :: homologous temperature equation
SolveEquations: -------------------------------------
SolveEquations:  Coupled system iteration:            3
SolveEquations: -------------------------------------
ComputeChange: NS (ITER=1) (NRM,RELC): (  272.41816     0.17683216E-02 ) :: homologous temperature equation
ComputeChange: NS (ITER=2) (NRM,RELC): (  272.33427     0.88457016E-03 ) :: homologous temperature equation
ComputeChange: NS (ITER=3) (NRM,RELC): (  272.29240     0.44238721E-03 ) :: homologous temperature equation
ComputeChange: NS (ITER=4) (NRM,RELC): (  272.27148     0.22121911E-03 ) :: homologous temperature equation
ComputeChange: NS (ITER=5) (NRM,RELC): (  272.26102     0.11061593E-03 ) :: homologous temperature equation
ComputeChange: NS (ITER=6) (NRM,RELC): (  272.25580     0.55309557E-04 ) :: homologous temperature equation
ComputeChange: NS (ITER=7) (NRM,RELC): (  272.25319     0.27655177E-04 ) :: homologous temperature equation
ComputeChange: NS (ITER=8) (NRM,RELC): (  272.25188     0.13827688E-04 ) :: homologous temperature equation
ComputeChange: NS (ITER=9) (NRM,RELC): (  272.25123     0.69138688E-05 ) :: homologous temperature equation
ComputeChange: SS (ITER=3) (NRM,RELC): (  272.47441     0.41128818E-03 ) :: homologous temperature equation
SolveEquations: -------------------------------------
SolveEquations:  Coupled system iteration:            4
SolveEquations: -------------------------------------
ComputeChange: NS (ITER=1) (NRM,RELC): (  272.36232     0.11803960E-02 ) :: homologous temperature equation
ComputeChange: NS (ITER=2) (NRM,RELC): (  272.30641     0.59038005E-03 ) :: homologous temperature equation
ComputeChange: NS (ITER=3) (NRM,RELC): (  272.27848     0.29523547E-03 ) :: homologous temperature equation
ComputeChange: NS (ITER=4) (NRM,RELC): (  272.26452     0.14762909E-03 ) :: homologous temperature equation
ComputeChange: NS (ITER=5) (NRM,RELC): (  272.25755     0.73817382E-04 ) :: homologous temperature equation
ComputeChange: NS (ITER=6) (NRM,RELC): (  272.25406     0.36909400E-04 ) :: homologous temperature equation
ComputeChange: NS (ITER=7) (NRM,RELC): (  272.25232     0.18454877E-04 ) :: homologous temperature equation
ComputeChange: NS (ITER=8) (NRM,RELC): (  272.25144     0.92274830E-05 ) :: homologous temperature equation
ComputeChange: SS (ITER=4) (NRM,RELC): (  272.39994     0.27334200E-03 ) :: homologous temperature equation
SolveEquations: -------------------------------------
SolveEquations:  Coupled system iteration:            5
SolveEquations: -------------------------------------
ComputeChange: NS (ITER=1) (NRM,RELC): (  272.32518     0.78862919E-03 ) :: homologous temperature equation
ComputeChange: NS (ITER=2) (NRM,RELC): (  272.28786     0.39439575E-03 ) :: homologous temperature equation
ComputeChange: NS (ITER=3) (NRM,RELC): (  272.26921     0.19721814E-03 ) :: homologous temperature equation
ComputeChange: NS (ITER=4) (NRM,RELC): (  272.25989     0.98614136E-04 ) :: homologous temperature equation
ComputeChange: NS (ITER=5) (NRM,RELC): (  272.25523     0.49308334E-04 ) :: homologous temperature equation
ComputeChange: NS (ITER=6) (NRM,RELC): (  272.25290     0.24654483E-04 ) :: homologous temperature equation
ComputeChange: NS (ITER=7) (NRM,RELC): (  272.25174     0.12327321E-04 ) :: homologous temperature equation
ComputeChange: NS (ITER=8) (NRM,RELC): (  272.25115     0.61636801E-05 ) :: homologous temperature equation
ComputeChange: SS (ITER=5) (NRM,RELC): (  272.35028     0.18232474E-03 ) :: homologous temperature equation
SolveEquations: -------------------------------------
SolveEquations:  Coupled system iteration:            6
SolveEquations: -------------------------------------
ComputeChange: NS (ITER=1) (NRM,RELC): (  272.30039     0.52685166E-03 ) :: homologous temperature equation
ComputeChange: NS (ITER=2) (NRM,RELC): (  272.27547     0.26346202E-03 ) :: homologous temperature equation
ComputeChange: NS (ITER=3) (NRM,RELC): (  272.26302     0.13174005E-03 ) :: homologous temperature equation
ComputeChange: NS (ITER=4) (NRM,RELC): (  272.25680     0.65872284E-04 ) :: homologous temperature equation
ComputeChange: NS (ITER=5) (NRM,RELC): (  272.25368     0.32936707E-04 ) :: homologous temperature equation
ComputeChange: NS (ITER=6) (NRM,RELC): (  272.25213     0.16468495E-04 ) :: homologous temperature equation
ComputeChange: NS (ITER=7) (NRM,RELC): (  272.25135     0.82342826E-05 ) :: homologous temperature equation
ComputeChange: SS (ITER=6) (NRM,RELC): (  272.31727     0.12119448E-03 ) :: homologous temperature equation
SolveEquations: -------------------------------------
SolveEquations:  Coupled system iteration:            7
SolveEquations: -------------------------------------
ComputeChange: NS (ITER=1) (NRM,RELC): (  272.28391     0.35263849E-03 ) :: homologous temperature equation
ComputeChange: NS (ITER=2) (NRM,RELC): (  272.26724     0.17633545E-03 ) :: homologous temperature equation
ComputeChange: NS (ITER=3) (NRM,RELC): (  272.25890     0.88171773E-04 ) :: homologous temperature equation
ComputeChange: NS (ITER=4) (NRM,RELC): (  272.25474     0.44086898E-04 ) :: homologous temperature equation
ComputeChange: NS (ITER=5) (NRM,RELC): (  272.25265     0.22043702E-04 ) :: homologous temperature equation
ComputeChange: NS (ITER=6) (NRM,RELC): (  272.25161     0.11021914E-04 ) :: homologous temperature equation
ComputeChange: NS (ITER=7) (NRM,RELC): (  272.25109     0.55109730E-05 ) :: homologous temperature equation
ComputeChange: SS (ITER=7) (NRM,RELC): (  272.29520     0.81060488E-04 ) :: homologous temperature equation
MAIN: 
MAIN: -------------------------------------
MAIN: Time: 2/115:   2.003E+03
MAIN: Estimated time left:  1.2 hours
MAIN: -------------------------------------
MAIN: 
ComputeChange: NS (ITER=1) (NRM,RELC): (  38.616705     0.18399880E-15 ) :: partial update
ComputeNormalSolver: Computing Normal Vector for Nodes
ComputeNormalSolver: End
GroundedSolver: Computing grounded mask from geometry
SolveEquations: -------------------------------------
SolveEquations:  Coupled system iteration:            1
SolveEquations: -------------------------------------
ComputeChange: NS (ITER=1) (NRM,RELC): (  272.21233     0.78220714E-03 ) :: homologous temperature equation
ComputeChange: NS (ITER=2) (NRM,RELC): (  272.17095     0.39119283E-03 ) :: homologous temperature equation
ComputeChange: NS (ITER=3) (NRM,RELC): (  272.15028     0.19561872E-03 ) :: homologous temperature equation
ComputeChange: NS (ITER=4) (NRM,RELC): (  272.13994     0.97814931E-04 ) :: homologous temperature equation
ComputeChange: NS (ITER=5) (NRM,RELC): (  272.13477     0.48908859E-04 ) :: homologous temperature equation
ComputeChange: NS (ITER=6) (NRM,RELC): (  272.13219     0.24454777E-04 ) :: homologous temperature equation
ComputeChange: NS (ITER=7) (NRM,RELC): (  272.13090     0.12227476E-04 ) :: homologous temperature equation
ComputeChange: NS (ITER=8) (NRM,RELC): (  272.13025     0.61137597E-05 ) :: homologous temperature equation
ComputeChange: SS (ITER=1) (NRM,RELC): (  272.24016     0.20217088E-03 ) :: homologous temperature equation
SolveEquations: -------------------------------------
SolveEquations:  Coupled system iteration:            2
SolveEquations: -------------------------------------
ComputeChange: NS (ITER=1) (NRM,RELC): (  272.18485     0.52256913E-03 ) :: homologous temperature equation
ComputeChange: NS (ITER=2) (NRM,RELC): (  272.15722     0.26132437E-03 ) :: homologous temperature equation
ComputeChange: NS (ITER=3) (NRM,RELC): (  272.14341     0.13067213E-03 ) :: homologous temperature equation
ComputeChange: NS (ITER=4) (NRM,RELC): (  272.13651     0.65338553E-04 ) :: homologous temperature equation
ComputeChange: NS (ITER=5) (NRM,RELC): (  272.13306     0.32669898E-04 ) :: homologous temperature equation
ComputeChange: NS (ITER=6) (NRM,RELC): (  272.13133     0.16335104E-04 ) :: homologous temperature equation
ComputeChange: NS (ITER=7) (NRM,RELC): (  272.13047     0.81675910E-05 ) :: homologous temperature equation
ComputeChange: SS (ITER=2) (NRM,RELC): (  272.20357     0.13441001E-03 ) :: homologous temperature equation
SolveEquations: -------------------------------------
SolveEquations:  Coupled system iteration:            3
SolveEquations: -------------------------------------
ComputeChange: NS (ITER=1) (NRM,RELC): (  272.16657     0.34977553E-03 ) :: homologous temperature equation
ComputeChange: NS (ITER=2) (NRM,RELC): (  272.14809     0.17490559E-03 ) :: homologous temperature equation
ComputeChange: NS (ITER=3) (NRM,RELC): (  272.13885     0.87457249E-04 ) :: homologous temperature equation
ComputeChange: NS (ITER=4) (NRM,RELC): (  272.13423     0.43729738E-04 ) :: homologous temperature equation
ComputeChange: NS (ITER=5) (NRM,RELC): (  272.13192     0.21865147E-04 ) :: homologous temperature equation
ComputeChange: NS (ITER=6) (NRM,RELC): (  272.13076     0.10932643E-04 ) :: homologous temperature equation
ComputeChange: NS (ITER=7) (NRM,RELC): (  272.13019     0.54663390E-05 ) :: homologous temperature equation
ComputeChange: SS (ITER=3) (NRM,RELC): (  272.17909     0.89910131E-04 ) :: homologous temperature equation
MAIN: 
MAIN: -------------------------------------
MAIN: Time: 3/115:   3.003E+03
MAIN: Estimated time left: 26.6 minutes
MAIN: -------------------------------------
MAIN: 
ComputeChange: NS (ITER=1) (NRM,RELC): (  38.616705     0.18399880E-15 ) :: partial update
ComputeNormalSolver: Computing Normal Vector for Nodes
ComputeNormalSolver: End
GroundedSolver: Computing grounded mask from geometry
SolveEquations: -------------------------------------
SolveEquations:  Coupled system iteration:            1
SolveEquations: -------------------------------------
ComputeChange: NS (ITER=1) (NRM,RELC): (  272.12216     0.55010130E-03 ) :: homologous temperature equation
ComputeChange: NS (ITER=2) (NRM,RELC): (  272.09372     0.27509380E-03 ) :: homologous temperature equation
ComputeChange: NS (ITER=3) (NRM,RELC): (  272.07951     0.13755768E-03 ) :: homologous temperature equation
ComputeChange: NS (ITER=4) (NRM,RELC): (  272.07241     0.68781534E-04 ) :: homologous temperature equation
ComputeChange: NS (ITER=5) (NRM,RELC): (  272.06885     0.34391441E-04 ) :: homologous temperature equation
ComputeChange: NS (ITER=6) (NRM,RELC): (  272.06708     0.17195889E-04 ) :: homologous temperature equation
ComputeChange: NS (ITER=7) (NRM,RELC): (  272.06619     0.85979864E-05 ) :: homologous temperature equation
ComputeChange: SS (ITER=1) (NRM,RELC): (  272.14143     0.13839424E-03 ) :: homologous temperature equation
SolveEquations: -------------------------------------
SolveEquations:  Coupled system iteration:            2
SolveEquations: -------------------------------------
ComputeChange: NS (ITER=1) (NRM,RELC): (  272.10335     0.36820496E-03 ) :: homologous temperature equation
ComputeChange: NS (ITER=2) (NRM,RELC): (  272.08432     0.18412180E-03 ) :: homologous temperature equation
ComputeChange: NS (ITER=3) (NRM,RELC): (  272.07481     0.92065728E-04 ) :: homologous temperature equation
ComputeChange: NS (ITER=4) (NRM,RELC): (  272.07006     0.46034071E-04 ) :: homologous temperature equation
ComputeChange: NS (ITER=5) (NRM,RELC): (  272.06768     0.23017337E-04 ) :: homologous temperature equation
ComputeChange: NS (ITER=6) (NRM,RELC): (  272.06649     0.11508744E-04 ) :: homologous temperature equation
ComputeChange: NS (ITER=7) (NRM,RELC): (  272.06590     0.57543909E-05 ) :: homologous temperature equation
ComputeChange: SS (ITER=2) (NRM,RELC): (  272.11624     0.92570652E-04 ) :: homologous temperature equation
MAIN: 
MAIN: -------------------------------------
MAIN: Time: 4/115:   4.003E+03
MAIN: Estimated time left: 16.8 minutes
MAIN: -------------------------------------
MAIN: 
ComputeChange: NS (ITER=1) (NRM,RELC): (  38.616705      0.0000000     ) :: partial update
ComputeNormalSolver: Computing Normal Vector for Nodes
ComputeNormalSolver: End
GroundedSolver: Computing grounded mask from geometry
SolveEquations: -------------------------------------
SolveEquations:  Coupled system iteration:            1
SolveEquations: -------------------------------------
ComputeChange: NS (ITER=1) (NRM,RELC): (  272.06924     0.45397737E-03 ) :: homologous temperature equation
ComputeChange: NS (ITER=2) (NRM,RELC): (  272.04576     0.22701809E-03 ) :: homologous temperature equation
ComputeChange: NS (ITER=3) (NRM,RELC): (  272.03402     0.11351639E-03 ) :: homologous temperature equation
ComputeChange: NS (ITER=4) (NRM,RELC): (  272.02816     0.56760032E-04 ) :: homologous temperature equation
ComputeChange: NS (ITER=5) (NRM,RELC): (  272.02522     0.28380475E-04 ) :: homologous temperature equation
ComputeChange: NS (ITER=6) (NRM,RELC): (  272.02376     0.14190352E-04 ) :: homologous temperature equation
ComputeChange: NS (ITER=7) (NRM,RELC): (  272.02302     0.70952048E-05 ) :: homologous temperature equation
ComputeChange: SS (ITER=1) (NRM,RELC): (  272.08514     0.11426820E-03 ) :: homologous temperature equation
SolveEquations: -------------------------------------
SolveEquations:  Coupled system iteration:            2
SolveEquations: -------------------------------------
ComputeChange: NS (ITER=1) (NRM,RELC): (  272.05371     0.30385985E-03 ) :: homologous temperature equation
ComputeChange: NS (ITER=2) (NRM,RELC): (  272.03800     0.15194309E-03 ) :: homologous temperature equation
ComputeChange: NS (ITER=3) (NRM,RELC): (  272.03014     0.75974836E-04 ) :: homologous temperature equation
ComputeChange: NS (ITER=4) (NRM,RELC): (  272.02622     0.37988240E-04 ) :: homologous temperature equation
ComputeChange: NS (ITER=5) (NRM,RELC): (  272.02425     0.18994326E-04 ) :: homologous temperature equation
ComputeChange: NS (ITER=6) (NRM,RELC): (  272.02327     0.94972143E-05 ) :: homologous temperature equation
ComputeChange: SS (ITER=2) (NRM,RELC): (  272.06451     0.75838804E-04 ) :: homologous temperature equation
MAIN: 
MAIN: -------------------------------------
MAIN: Time: 5/115:   5.003E+03
MAIN: Estimated time left: 15.4 minutes
MAIN: -------------------------------------
MAIN: 
ComputeChange: NS (ITER=1) (NRM,RELC): (  38.616705      0.0000000     ) :: partial update
ComputeNormalSolver: Computing Normal Vector for Nodes
ComputeNormalSolver: End
GroundedSolver: Computing grounded mask from geometry
SolveEquations: -------------------------------------
SolveEquations:  Coupled system iteration:            1
SolveEquations: -------------------------------------
ComputeChange: NS (ITER=1) (NRM,RELC): (  272.02427     0.38654512E-03 ) :: homologous temperature equation
ComputeChange: NS (ITER=2) (NRM,RELC): (  272.00417     0.19329400E-03 ) :: homologous temperature equation
ComputeChange: NS (ITER=3) (NRM,RELC): (  271.99412     0.96652357E-04 ) :: homologous temperature equation
ComputeChange: NS (ITER=4) (NRM,RELC): (  271.98909     0.48327518E-04 ) :: homologous temperature equation
ComputeChange: NS (ITER=5) (NRM,RELC): (  271.98658     0.24164094E-04 ) :: homologous temperature equation
ComputeChange: NS (ITER=6) (NRM,RELC): (  271.98532     0.12082130E-04 ) :: homologous temperature equation
ComputeChange: NS (ITER=7) (NRM,RELC): (  271.98470     0.60410862E-05 ) :: homologous temperature equation
ComputeChange: SS (ITER=1) (NRM,RELC): (  272.03789     0.97850067E-04 ) :: homologous temperature equation
MAIN: 
MAIN: -------------------------------------
MAIN: Time: 6/115:   1.500E+04
MAIN: Estimated time left:  8.3 minutes
MAIN: -------------------------------------
MAIN: 
ComputeChange: NS (ITER=1) (NRM,RELC): (  38.616705      0.0000000     ) :: partial update
ComputeNormalSolver: Computing Normal Vector for Nodes
ComputeNormalSolver: End
GroundedSolver: Computing grounded mask from geometry
SolveEquations: -------------------------------------
SolveEquations:  Coupled system iteration:            1
SolveEquations: -------------------------------------
ComputeChange: NS (ITER=1) (NRM,RELC): (  271.89372     0.13267606E-02 ) :: homologous temperature equation
ComputeChange: NS (ITER=2) (NRM,RELC): (  271.82178     0.66364395E-03 ) :: homologous temperature equation
ComputeChange: NS (ITER=3) (NRM,RELC): (  271.78585     0.33188782E-03 ) :: homologous temperature equation
ComputeChange: NS (ITER=4) (NRM,RELC): (  271.76790     0.16596036E-03 ) :: homologous temperature equation
ComputeChange: NS (ITER=5) (NRM,RELC): (  271.75892     0.82984292E-04 ) :: homologous temperature equation
ComputeChange: NS (ITER=6) (NRM,RELC): (  271.75443     0.41493174E-04 ) :: homologous temperature equation
ComputeChange: NS (ITER=7) (NRM,RELC): (  271.75219     0.20746844E-04 ) :: homologous temperature equation
ComputeChange: NS (ITER=8) (NRM,RELC): (  271.75107     0.10373486E-04 ) :: homologous temperature equation
ComputeChange: NS (ITER=9) (NRM,RELC): (  271.75051     0.51867591E-05 ) :: homologous temperature equation
ComputeChange: SS (ITER=1) (NRM,RELC): (  271.94192     0.35285474E-03 ) :: homologous temperature equation
SolveEquations: -------------------------------------
SolveEquations:  Coupled system iteration:            2
SolveEquations: -------------------------------------
ComputeChange: NS (ITER=1) (NRM,RELC): (  271.84584     0.88560503E-03 ) :: homologous temperature equation
ComputeChange: NS (ITER=2) (NRM,RELC): (  271.79787     0.44291984E-03 ) :: homologous temperature equation
ComputeChange: NS (ITER=3) (NRM,RELC): (  271.77390     0.22148923E-03 ) :: homologous temperature equation
ComputeChange: NS (ITER=4) (NRM,RELC): (  271.76192     0.11075194E-03 ) :: homologous temperature equation
ComputeChange: NS (ITER=5) (NRM,RELC): (  271.75593     0.55377800E-04 ) :: homologous temperature equation
ComputeChange: NS (ITER=6) (NRM,RELC): (  271.75294     0.27689358E-04 ) :: homologous temperature equation
ComputeChange: NS (ITER=7) (NRM,RELC): (  271.75144     0.13844793E-04 ) :: homologous temperature equation
ComputeChange: NS (ITER=8) (NRM,RELC): (  271.75069     0.69224252E-05 ) :: homologous temperature equation
ComputeChange: SS (ITER=2) (NRM,RELC): (  271.87810     0.23471102E-03 ) :: homologous temperature equation
SolveEquations: -------------------------------------
SolveEquations:  Coupled system iteration:            3
SolveEquations: -------------------------------------
ComputeChange: NS (ITER=1) (NRM,RELC): (  271.81398     0.59166059E-03 ) :: homologous temperature equation
ComputeChange: NS (ITER=2) (NRM,RELC): (  271.78195     0.29588262E-03 ) :: homologous temperature equation
ComputeChange: NS (ITER=3) (NRM,RELC): (  271.76595     0.14795438E-03 ) :: homologous temperature equation
ComputeChange: NS (ITER=4) (NRM,RELC): (  271.75795     0.73980458E-04 ) :: homologous temperature equation
ComputeChange: NS (ITER=5) (NRM,RELC): (  271.75395     0.36991046E-04 ) :: homologous temperature equation
ComputeChange: NS (ITER=6) (NRM,RELC): (  271.75195     0.18495727E-04 ) :: homologous temperature equation
ComputeChange: NS (ITER=7) (NRM,RELC): (  271.75095     0.92479146E-05 ) :: homologous temperature equation
ComputeChange: SS (ITER=3) (NRM,RELC): (  271.83568     0.15603418E-03 ) :: homologous temperature equation
SolveEquations: -------------------------------------
SolveEquations:  Coupled system iteration:            4
SolveEquations: -------------------------------------
ComputeChange: NS (ITER=1) (NRM,RELC): (  271.79279     0.39602750E-03 ) :: homologous temperature equation
ComputeChange: NS (ITER=2) (NRM,RELC): (  271.77137     0.19803718E-03 ) :: homologous temperature equation
ComputeChange: NS (ITER=3) (NRM,RELC): (  271.76065     0.99024445E-04 ) :: homologous temperature equation
ComputeChange: NS (ITER=4) (NRM,RELC): (  271.75530     0.49513686E-04 ) :: homologous temperature equation
ComputeChange: NS (ITER=5) (NRM,RELC): (  271.75262     0.24757209E-04 ) :: homologous temperature equation
ComputeChange: NS (ITER=6) (NRM,RELC): (  271.75128     0.12378696E-04 ) :: homologous temperature equation
ComputeChange: NS (ITER=7) (NRM,RELC): (  271.75061     0.61893708E-05 ) :: homologous temperature equation
ComputeChange: SS (ITER=4) (NRM,RELC): (  271.80731     0.10437075E-03 ) :: homologous temperature equation
SolveEquations: -------------------------------------
SolveEquations:  Coupled system iteration:            5
SolveEquations: -------------------------------------
ComputeChange: NS (ITER=1) (NRM,RELC): (  271.77862     0.26507040E-03 ) :: homologous temperature equation
ComputeChange: NS (ITER=2) (NRM,RELC): (  271.76428     0.13254569E-03 ) :: homologous temperature equation
ComputeChange: NS (ITER=3) (NRM,RELC): (  271.75711     0.66275469E-04 ) :: homologous temperature equation
ComputeChange: NS (ITER=4) (NRM,RELC): (  271.75353     0.33138390E-04 ) :: homologous temperature equation
ComputeChange: NS (ITER=5) (NRM,RELC): (  271.75174     0.16569359E-04 ) :: homologous temperature equation
ComputeChange: NS (ITER=6) (NRM,RELC): (  271.75084     0.82847204E-05 ) :: homologous temperature equation
ComputeChange: SS (ITER=5) (NRM,RELC): (  271.78848     0.69276402E-04 ) :: homologous temperature equation
MAIN: 
MAIN: -------------------------------------
MAIN: Time: 7/115:   2.500E+04
MAIN: Estimated time left: 43.2 minutes
MAIN: -------------------------------------
MAIN: 
ComputeChange: NS (ITER=1) (NRM,RELC): (  38.616705      0.0000000     ) :: partial update
ComputeNormalSolver: Computing Normal Vector for Nodes
ComputeNormalSolver: End
GroundedSolver: Computing grounded mask from geometry
SolveEquations: -------------------------------------
SolveEquations:  Coupled system iteration:            1
SolveEquations: -------------------------------------
ComputeChange: NS (ITER=1) (NRM,RELC): (  271.72571     0.61387813E-03 ) :: homologous temperature equation
ComputeChange: NS (ITER=2) (NRM,RELC): (  271.69436     0.30699223E-03 ) :: homologous temperature equation
ComputeChange: NS (ITER=3) (NRM,RELC): (  271.67869     0.15350940E-03 ) :: homologous temperature equation
ComputeChange: NS (ITER=4) (NRM,RELC): (  271.67086     0.76758018E-04 ) :: homologous temperature equation
ComputeChange: NS (ITER=5) (NRM,RELC): (  271.66694     0.38379839E-04 ) :: homologous temperature equation
ComputeChange: NS (ITER=6) (NRM,RELC): (  271.66498     0.19190127E-04 ) :: homologous temperature equation
ComputeChange: NS (ITER=7) (NRM,RELC): (  271.66400     0.95951152E-05 ) :: homologous temperature equation
ComputeChange: SS (ITER=1) (NRM,RELC): (  271.74695     0.15281484E-03 ) :: homologous temperature equation
SolveEquations: -------------------------------------
SolveEquations:  Coupled system iteration:            2
SolveEquations: -------------------------------------
ComputeChange: NS (ITER=1) (NRM,RELC): (  271.70497     0.41089780E-03 ) :: homologous temperature equation
ComputeChange: NS (ITER=2) (NRM,RELC): (  271.68399     0.20547270E-03 ) :: homologous temperature equation
ComputeChange: NS (ITER=3) (NRM,RELC): (  271.67351     0.10274230E-03 ) :: homologous temperature equation
ComputeChange: NS (ITER=4) (NRM,RELC): (  271.66827     0.51372637E-04 ) :: homologous temperature equation
ComputeChange: NS (ITER=5) (NRM,RELC): (  271.66565     0.25686690E-04 ) :: homologous temperature equation
ComputeChange: NS (ITER=6) (NRM,RELC): (  271.66434     0.12843438E-04 ) :: homologous temperature equation
ComputeChange: NS (ITER=7) (NRM,RELC): (  271.66368     0.64217422E-05 ) :: homologous temperature equation
ComputeChange: SS (ITER=2) (NRM,RELC): (  271.71918     0.10220848E-03 ) :: homologous temperature equation
SolveEquations: -------------------------------------
SolveEquations:  Coupled system iteration:            3
SolveEquations: -------------------------------------
ComputeChange: NS (ITER=1) (NRM,RELC): (  271.69109     0.27502299E-03 ) :: homologous temperature equation
ComputeChange: NS (ITER=2) (NRM,RELC): (  271.67706     0.13752215E-03 ) :: homologous temperature equation
ComputeChange: NS (ITER=3) (NRM,RELC): (  271.67004     0.68763742E-04 ) :: homologous temperature equation
ComputeChange: NS (ITER=4) (NRM,RELC): (  271.66653     0.34382537E-04 ) :: homologous temperature equation
ComputeChange: NS (ITER=5) (NRM,RELC): (  271.66478     0.17191435E-04 ) :: homologous temperature equation
ComputeChange: NS (ITER=6) (NRM,RELC): (  271.66390     0.85957590E-05 ) :: homologous temperature equation
ComputeChange: SS (ITER=3) (NRM,RELC): (  271.70074     0.67837261E-04 ) :: homologous temperature equation
MAIN: 
MAIN: -------------------------------------
MAIN: Time: 8/115:   3.500E+04
MAIN: Estimated time left: 23.1 minutes
MAIN: -------------------------------------
MAIN: 
ComputeChange: NS (ITER=1) (NRM,RELC): (  38.616705      0.0000000     ) :: partial update
ComputeNormalSolver: Computing Normal Vector for Nodes
ComputeNormalSolver: End
GroundedSolver: Computing grounded mask from geometry
SolveEquations: -------------------------------------
SolveEquations:  Coupled system iteration:            1
SolveEquations: -------------------------------------
ComputeChange: NS (ITER=1) (NRM,RELC): (  271.66611     0.37516421E-03 ) :: homologous temperature equation
ComputeChange: NS (ITER=2) (NRM,RELC): (  271.64880     0.18760004E-03 ) :: homologous temperature equation
ComputeChange: NS (ITER=3) (NRM,RELC): (  271.64015     0.93804500E-04 ) :: homologous temperature equation
ComputeChange: NS (ITER=4) (NRM,RELC): (  271.63583     0.46903370E-04 ) :: homologous temperature equation
ComputeChange: NS (ITER=5) (NRM,RELC): (  271.63367     0.23451965E-04 ) :: homologous temperature equation
ComputeChange: NS (ITER=6) (NRM,RELC): (  271.63259     0.11726052E-04 ) :: homologous temperature equation
ComputeChange: NS (ITER=7) (NRM,RELC): (  271.63205     0.58630437E-05 ) :: homologous temperature equation
ComputeChange: SS (ITER=1) (NRM,RELC): (  271.67783     0.84337665E-04 ) :: homologous temperature equation
MAIN: 
MAIN: -------------------------------------
MAIN: Time: 9/115:   4.500E+04
MAIN: Estimated time left:  8.0 minutes
MAIN: -------------------------------------
MAIN: 
ComputeChange: NS (ITER=1) (NRM,RELC): (  38.616705      0.0000000     ) :: partial update
ComputeNormalSolver: Computing Normal Vector for Nodes
ComputeNormalSolver: End
GroundedSolver: Computing grounded mask from geometry
SolveEquations: -------------------------------------
SolveEquations:  Coupled system iteration:            1
SolveEquations: -------------------------------------
ComputeChange: NS (ITER=1) (NRM,RELC): (  271.65061     0.31261473E-03 ) :: homologous temperature equation
ComputeChange: NS (ITER=2) (NRM,RELC): (  271.63700     0.15631911E-03 ) :: homologous temperature equation
ComputeChange: NS (ITER=3) (NRM,RELC): (  271.63020     0.78162490E-04 ) :: homologous temperature equation
ComputeChange: NS (ITER=4) (NRM,RELC): (  271.62680     0.39081979E-04 ) :: homologous temperature equation
ComputeChange: NS (ITER=5) (NRM,RELC): (  271.62511     0.19541173E-04 ) :: homologous temperature equation
ComputeChange: NS (ITER=6) (NRM,RELC): (  271.62426     0.97706322E-05 ) :: homologous temperature equation
ComputeChange: SS (ITER=1) (NRM,RELC): (  271.65996     0.65772646E-04 ) :: homologous temperature equation
MAIN: 
MAIN: -------------------------------------
MAIN: Time: 10/115:   5.500E+04
MAIN: Estimated time left:  6.8 minutes
MAIN: -------------------------------------
MAIN: 
ComputeChange: NS (ITER=1) (NRM,RELC): (  38.616705      0.0000000     ) :: partial update
ComputeNormalSolver: Computing Normal Vector for Nodes
ComputeNormalSolver: End
GroundedSolver: Computing grounded mask from geometry
SolveEquations: -------------------------------------
SolveEquations:  Coupled system iteration:            1
SolveEquations: -------------------------------------
ComputeChange: NS (ITER=1) (NRM,RELC): (  271.63859     0.26379142E-03 ) :: homologous temperature equation
ComputeChange: NS (ITER=2) (NRM,RELC): (  271.62790     0.13190349E-03 ) :: homologous temperature equation
ComputeChange: NS (ITER=3) (NRM,RELC): (  271.62257     0.65953692E-04 ) :: homologous temperature equation
ComputeChange: NS (ITER=4) (NRM,RELC): (  271.61990     0.32977332E-04 ) :: homologous temperature equation
ComputeChange: NS (ITER=5) (NRM,RELC): (  271.61856     0.16488787E-04 ) :: homologous temperature equation
ComputeChange: NS (ITER=6) (NRM,RELC): (  271.61789     0.82444241E-05 ) :: homologous temperature equation
ComputeChange: SS (ITER=1) (NRM,RELC): (  271.64593     0.51645584E-04 ) :: homologous temperature equation
MAIN: 
MAIN: -------------------------------------
MAIN: Time: 11/115:   1.550E+05
MAIN: Estimated time left:  6.8 minutes
MAIN: -------------------------------------
MAIN: 
ComputeChange: NS (ITER=1) (NRM,RELC): (  38.616705      0.0000000     ) :: partial update
ComputeNormalSolver: Computing Normal Vector for Nodes
ComputeNormalSolver: End
GroundedSolver: Computing grounded mask from geometry
SolveEquations: -------------------------------------
SolveEquations:  Coupled system iteration:            1
SolveEquations: -------------------------------------
ComputeChange: NS (ITER=1) (NRM,RELC): (  271.64220     0.76098583E-03 ) :: homologous temperature equation
ComputeChange: NS (ITER=2) (NRM,RELC): (  271.64039     0.38049679E-03 ) :: homologous temperature equation
ComputeChange: NS (ITER=3) (NRM,RELC): (  271.63950     0.19024934E-03 ) :: homologous temperature equation
ComputeChange: NS (ITER=4) (NRM,RELC): (  271.63906     0.95124903E-04 ) :: homologous temperature equation
ComputeChange: NS (ITER=5) (NRM,RELC): (  271.63884     0.47562509E-04 ) :: homologous temperature equation
ComputeChange: NS (ITER=6) (NRM,RELC): (  271.63873     0.23781269E-04 ) :: homologous temperature equation
ComputeChange: NS (ITER=7) (NRM,RELC): (  271.63868     0.11890638E-04 ) :: homologous temperature equation
ComputeChange: NS (ITER=8) (NRM,RELC): (  271.63865     0.59453199E-05 ) :: homologous temperature equation
ComputeChange: SS (ITER=1) (NRM,RELC): (  271.64344     0.91879149E-05 ) :: homologous temperature equation
MAIN: 
MAIN: -------------------------------------
MAIN: Time: 12/115:   2.550E+05
MAIN: Estimated time left:  9.2 minutes
MAIN: -------------------------------------
MAIN: 
ComputeChange: NS (ITER=1) (NRM,RELC): (  38.616705      0.0000000     ) :: partial update
ComputeNormalSolver: Computing Normal Vector for Nodes
ComputeNormalSolver: End
GroundedSolver: Computing grounded mask from geometry
SolveEquations: -------------------------------------
SolveEquations:  Coupled system iteration:            1
SolveEquations: -------------------------------------
ComputeChange: NS (ITER=1) (NRM,RELC): (  271.64999     0.65859477E-03 ) :: homologous temperature equation
ComputeChange: NS (ITER=2) (NRM,RELC): (  271.65331     0.32929140E-03 ) :: homologous temperature equation
ComputeChange: NS (ITER=3) (NRM,RELC): (  271.65498     0.16464419E-03 ) :: homologous temperature equation
ComputeChange: NS (ITER=4) (NRM,RELC): (  271.65582     0.82321714E-04 ) :: homologous temperature equation
ComputeChange: NS (ITER=5) (NRM,RELC): (  271.65624     0.41160762E-04 ) :: homologous temperature equation
ComputeChange: NS (ITER=6) (NRM,RELC): (  271.65645     0.20580357E-04 ) :: homologous temperature equation
ComputeChange: NS (ITER=7) (NRM,RELC): (  271.65655     0.10290173E-04 ) :: homologous temperature equation
ComputeChange: NS (ITER=8) (NRM,RELC): (  271.65660     0.51450848E-05 ) :: homologous temperature equation
ComputeChange: SS (ITER=1) (NRM,RELC): (  271.64777     0.15967748E-04 ) :: homologous temperature equation
MAIN: 
MAIN: -------------------------------------
MAIN: Time: 13/115:   3.550E+05
MAIN: Estimated time left:  8.9 minutes
MAIN: -------------------------------------
MAIN: 
ComputeChange: NS (ITER=1) (NRM,RELC): (  38.616705      0.0000000     ) :: partial update
ComputeNormalSolver: Computing Normal Vector for Nodes
ComputeNormalSolver: End
GroundedSolver: Computing grounded mask from geometry
SolveEquations: -------------------------------------
SolveEquations:  Coupled system iteration:            1
SolveEquations: -------------------------------------
ComputeChange: NS (ITER=1) (NRM,RELC): (  271.66152     0.58668837E-03 ) :: homologous temperature equation
ComputeChange: NS (ITER=2) (NRM,RELC): (  271.66843     0.29333303E-03 ) :: homologous temperature equation
ComputeChange: NS (ITER=3) (NRM,RELC): (  271.67189     0.14666372E-03 ) :: homologous temperature equation
ComputeChange: NS (ITER=4) (NRM,RELC): (  271.67362     0.73331157E-04 ) :: homologous temperature equation
ComputeChange: NS (ITER=5) (NRM,RELC): (  271.67449     0.36665403E-04 ) :: homologous temperature equation
ComputeChange: NS (ITER=6) (NRM,RELC): (  271.67492     0.18332658E-04 ) :: homologous temperature equation
ComputeChange: NS (ITER=7) (NRM,RELC): (  271.67514     0.91663179E-05 ) :: homologous temperature equation
ComputeChange: SS (ITER=1) (NRM,RELC): (  271.65686     0.33432344E-04 ) :: homologous temperature equation
MAIN: 
MAIN: -------------------------------------
MAIN: Time: 14/115:   4.550E+05
MAIN: Estimated time left:  7.7 minutes
MAIN: -------------------------------------
MAIN: 
ComputeChange: NS (ITER=1) (NRM,RELC): (  38.616705      0.0000000     ) :: partial update
ComputeNormalSolver: Computing Normal Vector for Nodes
ComputeNormalSolver: End
GroundedSolver: Computing grounded mask from geometry
SolveEquations: -------------------------------------
SolveEquations:  Coupled system iteration:            1
SolveEquations: -------------------------------------
ComputeChange: NS (ITER=1) (NRM,RELC): (  271.67564     0.53522862E-03 ) :: homologous temperature equation
ComputeChange: NS (ITER=2) (NRM,RELC): (  271.68507     0.26760042E-03 ) :: homologous temperature equation
ComputeChange: NS (ITER=3) (NRM,RELC): (  271.68978     0.13379673E-03 ) :: homologous temperature equation
ComputeChange: NS (ITER=4) (NRM,RELC): (  271.69215     0.66897492E-04 ) :: homologous temperature equation
ComputeChange: NS (ITER=5) (NRM,RELC): (  271.69333     0.33448528E-04 ) :: homologous temperature equation
ComputeChange: NS (ITER=6) (NRM,RELC): (  271.69392     0.16724209E-04 ) :: homologous temperature equation
ComputeChange: NS (ITER=7) (NRM,RELC): (  271.69421     0.83620911E-05 ) :: homologous temperature equation
ComputeChange: SS (ITER=1) (NRM,RELC): (  271.66927     0.45713864E-04 ) :: homologous temperature equation
MAIN: 
MAIN: -------------------------------------
MAIN: Time: 15/115:   5.550E+05
MAIN: Estimated time left:  7.6 minutes
MAIN: -------------------------------------
MAIN: 
ComputeChange: NS (ITER=1) (NRM,RELC): (  38.616705      0.0000000     ) :: partial update
ComputeNormalSolver: Computing Normal Vector for Nodes
ComputeNormalSolver: End
GroundedSolver: Computing grounded mask from geometry
SolveEquations: -------------------------------------
SolveEquations:  Coupled system iteration:            1
SolveEquations: -------------------------------------
ComputeChange: NS (ITER=1) (NRM,RELC): (  271.69164     0.49713986E-03 ) :: homologous temperature equation
ComputeChange: NS (ITER=2) (NRM,RELC): (  271.70285     0.24855457E-03 ) :: homologous temperature equation
ComputeChange: NS (ITER=3) (NRM,RELC): (  271.70846     0.12427344E-03 ) :: homologous temperature equation
ComputeChange: NS (ITER=4) (NRM,RELC): (  271.71127     0.62135757E-04 ) :: homologous temperature equation
ComputeChange: NS (ITER=5) (NRM,RELC): (  271.71267     0.31067638E-04 ) :: homologous temperature equation
ComputeChange: NS (ITER=6) (NRM,RELC): (  271.71338     0.15533759E-04 ) :: homologous temperature equation
ComputeChange: NS (ITER=7) (NRM,RELC): (  271.71373     0.77668643E-05 ) :: homologous temperature equation
ComputeChange: SS (ITER=1) (NRM,RELC): (  271.68406     0.54435041E-04 ) :: homologous temperature equation
MAIN: 
MAIN: -------------------------------------
MAIN: Time: 16/115:   1.555E+06
MAIN: Estimated time left:  7.5 minutes
MAIN: -------------------------------------
MAIN: 
ComputeChange: NS (ITER=1) (NRM,RELC): (  38.616705      0.0000000     ) :: partial update
ComputeNormalSolver: Computing Normal Vector for Nodes
ComputeNormalSolver: End
GroundedSolver: Computing grounded mask from geometry
SolveEquations: -------------------------------------
SolveEquations:  Coupled system iteration:            1
SolveEquations: -------------------------------------
ComputeChange: NS (ITER=1) (NRM,RELC): (  271.98899     0.30533128E-02 ) :: homologous temperature equation
ComputeChange: NS (ITER=2) (NRM,RELC): (  272.14227     0.15253708E-02 ) :: homologous temperature equation
ComputeChange: NS (ITER=3) (NRM,RELC): (  272.21911     0.76236299E-03 ) :: homologous temperature equation
ComputeChange: NS (ITER=4) (NRM,RELC): (  272.25759     0.38110076E-03 ) :: homologous temperature equation
ComputeChange: NS (ITER=5) (NRM,RELC): (  272.27684     0.19053018E-03 ) :: homologous temperature equation
ComputeChange: NS (ITER=6) (NRM,RELC): (  272.28647     0.95260038E-04 ) :: homologous temperature equation
ComputeChange: NS (ITER=7) (NRM,RELC): (  272.29128     0.47628756E-04 ) :: homologous temperature equation
ComputeChange: NS (ITER=8) (NRM,RELC): (  272.29369     0.23814062E-04 ) :: homologous temperature equation
ComputeChange: NS (ITER=9) (NRM,RELC): (  272.29489     0.11906952E-04 ) :: homologous temperature equation
ComputeChange: NS (ITER=10) (NRM,RELC): (  272.29549     0.59534563E-05 ) :: homologous temperature equation
ComputeChange: SS (ITER=1) (NRM,RELC): (  271.88690     0.74632132E-03 ) :: homologous temperature equation
SolveEquations: -------------------------------------
SolveEquations:  Coupled system iteration:            2
SolveEquations: -------------------------------------
ComputeChange: NS (ITER=1) (NRM,RELC): (  272.09101     0.20353944E-02 ) :: homologous temperature equation
ComputeChange: NS (ITER=2) (NRM,RELC): (  272.19343     0.10171241E-02 ) :: homologous temperature equation
ComputeChange: NS (ITER=3) (NRM,RELC): (  272.24473     0.50841844E-03 ) :: homologous temperature equation
ComputeChange: NS (ITER=4) (NRM,RELC): (  272.27041     0.25417329E-03 ) :: homologous temperature equation
ComputeChange: NS (ITER=5) (NRM,RELC): (  272.28325     0.12707765E-03 ) :: homologous temperature equation
ComputeChange: NS (ITER=6) (NRM,RELC): (  272.28967     0.63536579E-04 ) :: homologous temperature equation
ComputeChange: NS (ITER=7) (NRM,RELC): (  272.29288     0.31767728E-04 ) :: homologous temperature equation
ComputeChange: NS (ITER=8) (NRM,RELC): (  272.29449     0.15883723E-04 ) :: homologous temperature equation
ComputeChange: NS (ITER=9) (NRM,RELC): (  272.29529     0.79418265E-05 ) :: homologous temperature equation
ComputeChange: SS (ITER=2) (NRM,RELC): (  272.02260     0.49897886E-03 ) :: homologous temperature equation
SolveEquations: -------------------------------------
SolveEquations:  Coupled system iteration:            3
SolveEquations: -------------------------------------
ComputeChange: NS (ITER=1) (NRM,RELC): (  272.15913     0.13577460E-02 ) :: homologous temperature equation
ComputeChange: NS (ITER=2) (NRM,RELC): (  272.22756     0.67861742E-03 ) :: homologous temperature equation
ComputeChange: NS (ITER=3) (NRM,RELC): (  272.26181     0.33924472E-03 ) :: homologous temperature equation
ComputeChange: NS (ITER=4) (NRM,RELC): (  272.27895     0.16960635E-03 ) :: homologous temperature equation
ComputeChange: NS (ITER=5) (NRM,RELC): (  272.28752     0.84799173E-04 ) :: homologous temperature equation
ComputeChange: NS (ITER=6) (NRM,RELC): (  272.29181     0.42398585E-04 ) :: homologous temperature equation
ComputeChange: NS (ITER=7) (NRM,RELC): (  272.29395     0.21199042E-04 ) :: homologous temperature equation
ComputeChange: NS (ITER=8) (NRM,RELC): (  272.29502     0.10599459E-04 ) :: homologous temperature equation
ComputeChange: NS (ITER=9) (NRM,RELC): (  272.29556     0.52997137E-05 ) :: homologous temperature equation
ComputeChange: SS (ITER=3) (NRM,RELC): (  272.11340     0.33372002E-03 ) :: homologous temperature equation
SolveEquations: -------------------------------------
SolveEquations:  Coupled system iteration:            4
SolveEquations: -------------------------------------
ComputeChange: NS (ITER=1) (NRM,RELC): (  272.20465     0.90582107E-03 ) :: homologous temperature equation
ComputeChange: NS (ITER=2) (NRM,RELC): (  272.25035     0.45279661E-03 ) :: homologous temperature equation
ComputeChange: NS (ITER=3) (NRM,RELC): (  272.27322     0.22636980E-03 ) :: homologous temperature equation
ComputeChange: NS (ITER=4) (NRM,RELC): (  272.28465     0.11317777E-03 ) :: homologous temperature equation
ComputeChange: NS (ITER=5) (NRM,RELC): (  272.29038     0.56587101E-04 ) :: homologous temperature equation
ComputeChange: NS (ITER=6) (NRM,RELC): (  272.29324     0.28293105E-04 ) :: homologous temperature equation
ComputeChange: NS (ITER=7) (NRM,RELC): (  272.29467     0.14146441E-04 ) :: homologous temperature equation
ComputeChange: NS (ITER=8) (NRM,RELC): (  272.29538     0.70731925E-05 ) :: homologous temperature equation
ComputeChange: SS (ITER=4) (NRM,RELC): (  272.17397     0.22259046E-03 ) :: homologous temperature equation
SolveEquations: -------------------------------------
SolveEquations:  Coupled system iteration:            5
SolveEquations: -------------------------------------
ComputeChange: NS (ITER=1) (NRM,RELC): (  272.23499     0.60495912E-03 ) :: homologous temperature equation
ComputeChange: NS (ITER=2) (NRM,RELC): (  272.26553     0.30242870E-03 ) :: homologous temperature equation
ComputeChange: NS (ITER=3) (NRM,RELC): (  272.28081     0.15120162E-03 ) :: homologous temperature equation
ComputeChange: NS (ITER=4) (NRM,RELC): (  272.28845     0.75597630E-04 ) :: homologous temperature equation
ComputeChange: NS (ITER=5) (NRM,RELC): (  272.29227     0.37798019E-04 ) :: homologous temperature equation
ComputeChange: NS (ITER=6) (NRM,RELC): (  272.29419     0.18898811E-04 ) :: homologous temperature equation
ComputeChange: NS (ITER=7) (NRM,RELC): (  272.29514     0.94493557E-05 ) :: homologous temperature equation
ComputeChange: SS (ITER=5) (NRM,RELC): (  272.21432     0.14824590E-03 ) :: homologous temperature equation
SolveEquations: -------------------------------------
SolveEquations:  Coupled system iteration:            6
SolveEquations: -------------------------------------
ComputeChange: NS (ITER=1) (NRM,RELC): (  272.25519     0.40483647E-03 ) :: homologous temperature equation
ComputeChange: NS (ITER=2) (NRM,RELC): (  272.27564     0.20239544E-03 ) :: homologous temperature equation
ComputeChange: NS (ITER=3) (NRM,RELC): (  272.28587     0.10119202E-03 ) :: homologous temperature equation
ComputeChange: NS (ITER=4) (NRM,RELC): (  272.29098     0.50594584E-04 ) :: homologous temperature equation
ComputeChange: NS (ITER=5) (NRM,RELC): (  272.29354     0.25296936E-04 ) :: homologous temperature equation
ComputeChange: NS (ITER=6) (NRM,RELC): (  272.29482     0.12648379E-04 ) :: homologous temperature equation
ComputeChange: NS (ITER=7) (NRM,RELC): (  272.29546     0.63241671E-05 ) :: homologous temperature equation
ComputeChange: SS (ITER=6) (NRM,RELC): (  272.24135     0.99281532E-04 ) :: homologous temperature equation
MAIN: 
MAIN: -------------------------------------
MAIN: Time: 17/115:   2.555E+06
MAIN: Estimated time left: 53.5 minutes
MAIN: -------------------------------------
MAIN: 
ComputeChange: NS (ITER=1) (NRM,RELC): (  38.616705      0.0000000     ) :: partial update
ComputeNormalSolver: Computing Normal Vector for Nodes
ComputeNormalSolver: End
GroundedSolver: Computing grounded mask from geometry
SolveEquations: -------------------------------------
SolveEquations:  Coupled system iteration:            1
SolveEquations: -------------------------------------
ComputeChange: NS (ITER=1) (NRM,RELC): (  272.52553     0.24043248E-02 ) :: homologous temperature equation
ComputeChange: NS (ITER=2) (NRM,RELC): (  272.66810     0.12012214E-02 ) :: homologous temperature equation
ComputeChange: NS (ITER=3) (NRM,RELC): (  272.73950     0.60037508E-03 ) :: homologous temperature equation
ComputeChange: NS (ITER=4) (NRM,RELC): (  272.77523     0.30012859E-03 ) :: homologous temperature equation
ComputeChange: NS (ITER=5) (NRM,RELC): (  272.79310     0.15004955E-03 ) :: homologous temperature equation
ComputeChange: NS (ITER=6) (NRM,RELC): (  272.80204     0.75021088E-04 ) :: homologous temperature equation
ComputeChange: NS (ITER=7) (NRM,RELC): (  272.80651     0.37509622E-04 ) :: homologous temperature equation
ComputeChange: NS (ITER=8) (NRM,RELC): (  272.80875     0.18754581E-04 ) :: homologous temperature equation
ComputeChange: NS (ITER=9) (NRM,RELC): (  272.80986     0.93772327E-05 ) :: homologous temperature equation
ComputeChange: SS (ITER=1) (NRM,RELC): (  272.43029     0.69377264E-03 ) :: homologous temperature equation
SolveEquations: -------------------------------------
SolveEquations:  Coupled system iteration:            2
SolveEquations: -------------------------------------
ComputeChange: NS (ITER=1) (NRM,RELC): (  272.62035     0.16036132E-02 ) :: homologous temperature equation
ComputeChange: NS (ITER=2) (NRM,RELC): (  272.71560     0.80138712E-03 ) :: homologous temperature equation
ComputeChange: NS (ITER=3) (NRM,RELC): (  272.76327     0.40058858E-03 ) :: homologous temperature equation
ComputeChange: NS (ITER=4) (NRM,RELC): (  272.78712     0.20026803E-03 ) :: homologous temperature equation
ComputeChange: NS (ITER=5) (NRM,RELC): (  272.79905     0.10012745E-03 ) :: homologous temperature equation
ComputeChange: NS (ITER=6) (NRM,RELC): (  272.80502     0.50062082E-04 ) :: homologous temperature equation
ComputeChange: NS (ITER=7) (NRM,RELC): (  272.80800     0.25030630E-04 ) :: homologous temperature equation
ComputeChange: NS (ITER=8) (NRM,RELC): (  272.80949     0.12515213E-04 ) :: homologous temperature equation
ComputeChange: NS (ITER=9) (NRM,RELC): (  272.81024     0.62575806E-05 ) :: homologous temperature equation
ComputeChange: SS (ITER=2) (NRM,RELC): (  272.55669     0.46385375E-03 ) :: homologous temperature equation
SolveEquations: -------------------------------------
SolveEquations:  Coupled system iteration:            3
SolveEquations: -------------------------------------
ComputeChange: NS (ITER=1) (NRM,RELC): (  272.68371     0.10697471E-02 ) :: homologous temperature equation
ComputeChange: NS (ITER=2) (NRM,RELC): (  272.74731     0.53468660E-03 ) :: homologous temperature equation
ComputeChange: NS (ITER=3) (NRM,RELC): (  272.77914     0.26729653E-03 ) :: homologous temperature equation
ComputeChange: NS (ITER=4) (NRM,RELC): (  272.79506     0.13363657E-03 ) :: homologous temperature equation
ComputeChange: NS (ITER=5) (NRM,RELC): (  272.80302     0.66815361E-04 ) :: homologous temperature equation
ComputeChange: NS (ITER=6) (NRM,RELC): (  272.80700     0.33406949E-04 ) :: homologous temperature equation
ComputeChange: NS (ITER=7) (NRM,RELC): (  272.80899     0.16703292E-04 ) :: homologous temperature equation
ComputeChange: NS (ITER=8) (NRM,RELC): (  272.80999     0.83516002E-05 ) :: homologous temperature equation
ComputeChange: SS (ITER=3) (NRM,RELC): (  272.64101     0.30932458E-03 ) :: homologous temperature equation
SolveEquations: -------------------------------------
SolveEquations:  Coupled system iteration:            4
SolveEquations: -------------------------------------
ComputeChange: NS (ITER=1) (NRM,RELC): (  272.72594     0.71439180E-03 ) :: homologous temperature equation
ComputeChange: NS (ITER=2) (NRM,RELC): (  272.76845     0.35711245E-03 ) :: homologous temperature equation
ComputeChange: NS (ITER=3) (NRM,RELC): (  272.78971     0.17853536E-03 ) :: homologous temperature equation
ComputeChange: NS (ITER=4) (NRM,RELC): (  272.80035     0.89262459E-04 ) :: homologous temperature equation
ComputeChange: NS (ITER=5) (NRM,RELC): (  272.80566     0.44629924E-04 ) :: homologous temperature equation
ComputeChange: NS (ITER=6) (NRM,RELC): (  272.80832     0.22314636E-04 ) :: homologous temperature equation
ComputeChange: NS (ITER=7) (NRM,RELC): (  272.80965     0.11157236E-04 ) :: homologous temperature equation
ComputeChange: NS (ITER=8) (NRM,RELC): (  272.81032     0.55785978E-05 ) :: homologous temperature equation
ComputeChange: SS (ITER=4) (NRM,RELC): (  272.69740     0.20679356E-03 ) :: homologous temperature equation
SolveEquations: -------------------------------------
SolveEquations:  Coupled system iteration:            5
SolveEquations: -------------------------------------
ComputeChange: NS (ITER=1) (NRM,RELC): (  272.75416     0.47711738E-03 ) :: homologous temperature equation
ComputeChange: NS (ITER=2) (NRM,RELC): (  272.78257     0.23852144E-03 ) :: homologous temperature equation
ComputeChange: NS (ITER=3) (NRM,RELC): (  272.79677     0.11925141E-03 ) :: homologous temperature equation
ComputeChange: NS (ITER=4) (NRM,RELC): (  272.80388     0.59623375E-04 ) :: homologous temperature equation
ComputeChange: NS (ITER=5) (NRM,RELC): (  272.80743     0.29811105E-04 ) :: homologous temperature equation
ComputeChange: NS (ITER=6) (NRM,RELC): (  272.80921     0.14905407E-04 ) :: homologous temperature equation
ComputeChange: NS (ITER=7) (NRM,RELC): (  272.81009     0.74526671E-05 ) :: homologous temperature equation
ComputeChange: SS (ITER=5) (NRM,RELC): (  272.73494     0.13766722E-03 ) :: homologous temperature equation
SolveEquations: -------------------------------------
SolveEquations:  Coupled system iteration:            6
SolveEquations: -------------------------------------
ComputeChange: NS (ITER=1) (NRM,RELC): (  272.77295     0.31928777E-03 ) :: homologous temperature equation
ComputeChange: NS (ITER=2) (NRM,RELC): (  272.79196     0.15962720E-03 ) :: homologous temperature equation
ComputeChange: NS (ITER=3) (NRM,RELC): (  272.80147     0.79809427E-04 ) :: homologous temperature equation
ComputeChange: NS (ITER=4) (NRM,RELC): (  272.80623     0.39903670E-04 ) :: homologous temperature equation
ComputeChange: NS (ITER=5) (NRM,RELC): (  272.80860     0.19951574E-04 ) :: homologous temperature equation
ComputeChange: NS (ITER=6) (NRM,RELC): (  272.80979     0.99757220E-05 ) :: homologous temperature equation
ComputeChange: SS (ITER=6) (NRM,RELC): (  272.75988     0.91445241E-04 ) :: homologous temperature equation
MAIN: 
MAIN: -------------------------------------
MAIN: Time: 18/115:   3.555E+06
MAIN: Estimated time left: 48.9 minutes
MAIN: -------------------------------------
MAIN: 
ComputeChange: NS (ITER=1) (NRM,RELC): (  38.616705      0.0000000     ) :: partial update
ComputeNormalSolver: Computing Normal Vector for Nodes
ComputeNormalSolver: End
GroundedSolver: Computing grounded mask from geometry
SolveEquations: -------------------------------------
SolveEquations:  Coupled system iteration:            1
SolveEquations: -------------------------------------
ComputeChange: NS (ITER=1) (NRM,RELC): (  273.00381     0.19453522E-02 ) :: homologous temperature equation
ComputeChange: NS (ITER=2) (NRM,RELC): (  273.12608     0.97202391E-03 ) :: homologous temperature equation
ComputeChange: NS (ITER=3) (NRM,RELC): (  273.18729     0.48584873E-03 ) :: homologous temperature equation
ComputeChange: NS (ITER=4) (NRM,RELC): (  273.21791     0.24288353E-03 ) :: homologous temperature equation
ComputeChange: NS (ITER=5) (NRM,RELC): (  273.23323     0.12143156E-03 ) :: homologous temperature equation
ComputeChange: NS (ITER=6) (NRM,RELC): (  273.24089     0.60713226E-04 ) :: homologous temperature equation
ComputeChange: NS (ITER=7) (NRM,RELC): (  273.24472     0.30355975E-04 ) :: homologous temperature equation
ComputeChange: NS (ITER=8) (NRM,RELC): (  273.24664     0.15177828E-04 ) :: homologous temperature equation
ComputeChange: NS (ITER=9) (NRM,RELC): (  273.24759     0.75888740E-05 ) :: homologous temperature equation
ComputeChange: SS (ITER=1) (NRM,RELC): (  272.92209     0.59452422E-03 ) :: homologous temperature equation
SolveEquations: -------------------------------------
SolveEquations:  Coupled system iteration:            2
SolveEquations: -------------------------------------
ComputeChange: NS (ITER=1) (NRM,RELC): (  273.08514     0.12975890E-02 ) :: homologous temperature equation
ComputeChange: NS (ITER=2) (NRM,RELC): (  273.16680     0.64850383E-03 ) :: homologous temperature equation
ComputeChange: NS (ITER=3) (NRM,RELC): (  273.20767     0.32417920E-03 ) :: homologous temperature equation
ComputeChange: NS (ITER=4) (NRM,RELC): (  273.22811     0.16207142E-03 ) :: homologous temperature equation
ComputeChange: NS (ITER=5) (NRM,RELC): (  273.23833     0.81031162E-04 ) :: homologous temperature equation
ComputeChange: NS (ITER=6) (NRM,RELC): (  273.24344     0.40514444E-04 ) :: homologous temperature equation
ComputeChange: NS (ITER=7) (NRM,RELC): (  273.24600     0.20256938E-04 ) :: homologous temperature equation
ComputeChange: NS (ITER=8) (NRM,RELC): (  273.24727     0.10128398E-04 ) :: homologous temperature equation
ComputeChange: NS (ITER=9) (NRM,RELC): (  273.24791     0.50641811E-05 ) :: homologous temperature equation
ComputeChange: SS (ITER=2) (NRM,RELC): (  273.03054     0.39727467E-03 ) :: homologous temperature equation
SolveEquations: -------------------------------------
SolveEquations:  Coupled system iteration:            3
SolveEquations: -------------------------------------
ComputeChange: NS (ITER=1) (NRM,RELC): (  273.13946     0.86564603E-03 ) :: homologous temperature equation
ComputeChange: NS (ITER=2) (NRM,RELC): (  273.19399     0.43269353E-03 ) :: homologous temperature equation
ComputeChange: NS (ITER=3) (NRM,RELC): (  273.22126     0.21631438E-03 ) :: homologous temperature equation
ComputeChange: NS (ITER=4) (NRM,RELC): (  273.23491     0.10814909E-03 ) :: homologous temperature equation
ComputeChange: NS (ITER=5) (NRM,RELC): (  273.24173     0.54072520E-04 ) :: homologous temperature equation
ComputeChange: NS (ITER=6) (NRM,RELC): (  273.24514     0.27035754E-04 ) :: homologous temperature equation
ComputeChange: NS (ITER=7) (NRM,RELC): (  273.24685     0.13517750E-04 ) :: homologous temperature equation
ComputeChange: NS (ITER=8) (NRM,RELC): (  273.24770     0.67588434E-05 ) :: homologous temperature equation
ComputeChange: SS (ITER=3) (NRM,RELC): (  273.10285     0.26482785E-03 ) :: homologous temperature equation
SolveEquations: -------------------------------------
SolveEquations:  Coupled system iteration:            4
SolveEquations: -------------------------------------
ComputeChange: NS (ITER=1) (NRM,RELC): (  273.17567     0.57810964E-03 ) :: homologous temperature equation
ComputeChange: NS (ITER=2) (NRM,RELC): (  273.21210     0.28899702E-03 ) :: homologous temperature equation
ComputeChange: NS (ITER=3) (NRM,RELC): (  273.23032     0.14448406E-03 ) :: homologous temperature equation
ComputeChange: NS (ITER=4) (NRM,RELC): (  273.23944     0.72238415E-04 ) :: homologous temperature equation
ComputeChange: NS (ITER=5) (NRM,RELC): (  273.24399     0.36118304E-04 ) :: homologous temperature equation
ComputeChange: NS (ITER=6) (NRM,RELC): (  273.24627     0.18058926E-04 ) :: homologous temperature equation
ComputeChange: NS (ITER=7) (NRM,RELC): (  273.24741     0.90294066E-05 ) :: homologous temperature equation
ComputeChange: SS (ITER=4) (NRM,RELC): (  273.15101     0.17630832E-03 ) :: homologous temperature equation
SolveEquations: -------------------------------------
SolveEquations:  Coupled system iteration:            5
SolveEquations: -------------------------------------
ComputeChange: NS (ITER=1) (NRM,RELC): (  273.19976     0.38686075E-03 ) :: homologous temperature equation
ComputeChange: NS (ITER=2) (NRM,RELC): (  273.22415     0.19340448E-03 ) :: homologous temperature equation
ComputeChange: NS (ITER=3) (NRM,RELC): (  273.23635     0.96695767E-04 ) :: homologous temperature equation
ComputeChange: NS (ITER=4) (NRM,RELC): (  273.24245     0.48346264E-04 ) :: homologous temperature equation
ComputeChange: NS (ITER=5) (NRM,RELC): (  273.24550     0.24172728E-04 ) :: homologous temperature equation
ComputeChange: NS (ITER=6) (NRM,RELC): (  273.24703     0.12086263E-04 ) :: homologous temperature equation
ComputeChange: NS (ITER=7) (NRM,RELC): (  273.24779     0.60431060E-05 ) :: homologous temperature equation
ComputeChange: SS (ITER=5) (NRM,RELC): (  273.18325     0.11804496E-03 ) :: homologous temperature equation
SolveEquations: -------------------------------------
SolveEquations:  Coupled system iteration:            6
SolveEquations: -------------------------------------
ComputeChange: NS (ITER=1) (NRM,RELC): (  273.21590     0.25889169E-03 ) :: homologous temperature equation
ComputeChange: NS (ITER=2) (NRM,RELC): (  273.23222     0.12943425E-03 ) :: homologous temperature equation
ComputeChange: NS (ITER=3) (NRM,RELC): (  273.24039     0.64714223E-04 ) :: homologous temperature equation
ComputeChange: NS (ITER=4) (NRM,RELC): (  273.24447     0.32356386E-04 ) :: homologous temperature equation
ComputeChange: NS (ITER=5) (NRM,RELC): (  273.24651     0.16178012E-04 ) :: homologous temperature equation
ComputeChange: NS (ITER=6) (NRM,RELC): (  273.24753     0.80889606E-05 ) :: homologous temperature equation
ComputeChange: SS (ITER=6) (NRM,RELC): (  273.20467     0.78402741E-04 ) :: homologous temperature equation
MAIN: 
MAIN: -------------------------------------
MAIN: Time: 19/115:   4.555E+06
MAIN: Estimated time left: 47.4 minutes
MAIN: -------------------------------------
MAIN: 
ComputeChange: NS (ITER=1) (NRM,RELC): (  38.616705      0.0000000     ) :: partial update
ComputeNormalSolver: Computing Normal Vector for Nodes
ComputeNormalSolver: End
GroundedSolver: Computing grounded mask from geometry
SolveEquations: -------------------------------------
SolveEquations:  Coupled system iteration:            1
SolveEquations: -------------------------------------
ComputeChange: NS (ITER=1) (NRM,RELC): (  273.40724     0.15733686E-02 ) :: homologous temperature equation
ComputeChange: NS (ITER=2) (NRM,RELC): (  273.50872     0.78624697E-03 ) :: homologous temperature equation
ComputeChange: NS (ITER=3) (NRM,RELC): (  273.55951     0.39301406E-03 ) :: homologous temperature equation
ComputeChange: NS (ITER=4) (NRM,RELC): (  273.58492     0.19647967E-03 ) :: homologous temperature equation
ComputeChange: NS (ITER=5) (NRM,RELC): (  273.59762     0.98232990E-04 ) :: homologous temperature equation
ComputeChange: NS (ITER=6) (NRM,RELC): (  273.60398     0.49114784E-04 ) :: homologous temperature equation
ComputeChange: NS (ITER=7) (NRM,RELC): (  273.60716     0.24556964E-04 ) :: homologous temperature equation
ComputeChange: NS (ITER=8) (NRM,RELC): (  273.60874     0.12278375E-04 ) :: homologous temperature equation
ComputeChange: NS (ITER=9) (NRM,RELC): (  273.60954     0.61391609E-05 ) :: homologous temperature equation
ComputeChange: SS (ITER=1) (NRM,RELC): (  273.33940     0.49299641E-03 ) :: homologous temperature equation
SolveEquations: -------------------------------------
SolveEquations:  Coupled system iteration:            2
SolveEquations: -------------------------------------
ComputeChange: NS (ITER=1) (NRM,RELC): (  273.47475     0.10495484E-02 ) :: homologous temperature equation
ComputeChange: NS (ITER=2) (NRM,RELC): (  273.54251     0.52457937E-03 ) :: homologous temperature equation
ComputeChange: NS (ITER=3) (NRM,RELC): (  273.57641     0.26224094E-03 ) :: homologous temperature equation
ComputeChange: NS (ITER=4) (NRM,RELC): (  273.59337     0.13110828E-03 ) :: homologous temperature equation
ComputeChange: NS (ITER=5) (NRM,RELC): (  273.60185     0.65551094E-04 ) :: homologous temperature equation
ComputeChange: NS (ITER=6) (NRM,RELC): (  273.60609     0.32774785E-04 ) :: homologous temperature equation
ComputeChange: NS (ITER=7) (NRM,RELC): (  273.60821     0.16387202E-04 ) :: homologous temperature equation
ComputeChange: NS (ITER=8) (NRM,RELC): (  273.60927     0.81935535E-05 ) :: homologous temperature equation
ComputeChange: SS (ITER=2) (NRM,RELC): (  273.42925     0.32867942E-03 ) :: homologous temperature equation
SolveEquations: -------------------------------------
SolveEquations:  Coupled system iteration:            3
SolveEquations: -------------------------------------
ComputeChange: NS (ITER=1) (NRM,RELC): (  273.51974     0.70089272E-03 ) :: homologous temperature equation
ComputeChange: NS (ITER=2) (NRM,RELC): (  273.56502     0.35035939E-03 ) :: homologous temperature equation
ComputeChange: NS (ITER=3) (NRM,RELC): (  273.58768     0.17515794E-03 ) :: homologous temperature equation
ComputeChange: NS (ITER=4) (NRM,RELC): (  273.59900     0.87573533E-04 ) :: homologous temperature equation
ComputeChange: NS (ITER=5) (NRM,RELC): (  273.60467     0.43785407E-04 ) :: homologous temperature equation
ComputeChange: NS (ITER=6) (NRM,RELC): (  273.60750     0.21892363E-04 ) :: homologous temperature equation
ComputeChange: NS (ITER=7) (NRM,RELC): (  273.60892     0.10946097E-04 ) :: homologous temperature equation
ComputeChange: NS (ITER=8) (NRM,RELC): (  273.60963     0.54730271E-05 ) :: homologous temperature equation
ComputeChange: SS (ITER=3) (NRM,RELC): (  273.48933     0.21969773E-03 ) :: homologous temperature equation
SolveEquations: -------------------------------------
SolveEquations:  Coupled system iteration:            4
SolveEquations: -------------------------------------
ComputeChange: NS (ITER=1) (NRM,RELC): (  273.54981     0.46809728E-03 ) :: homologous temperature equation
ComputeChange: NS (ITER=2) (NRM,RELC): (  273.58007     0.23400983E-03 ) :: homologous temperature equation
ComputeChange: NS (ITER=3) (NRM,RELC): (  273.59520     0.11699521E-03 ) :: homologous temperature equation
ComputeChange: NS (ITER=4) (NRM,RELC): (  273.60277     0.58495177E-04 ) :: homologous temperature equation
ComputeChange: NS (ITER=5) (NRM,RELC): (  273.60655     0.29246982E-04 ) :: homologous temperature equation
ComputeChange: NS (ITER=6) (NRM,RELC): (  273.60844     0.14623339E-04 ) :: homologous temperature equation
ComputeChange: NS (ITER=7) (NRM,RELC): (  273.60939     0.73116317E-05 ) :: homologous temperature equation
ComputeChange: SS (ITER=4) (NRM,RELC): (  273.52933     0.14624223E-03 ) :: homologous temperature equation
SolveEquations: -------------------------------------
SolveEquations:  Coupled system iteration:            5
SolveEquations: -------------------------------------
ComputeChange: NS (ITER=1) (NRM,RELC): (  273.56982     0.31324949E-03 ) :: homologous temperature equation
ComputeChange: NS (ITER=2) (NRM,RELC): (  273.59007     0.15660736E-03 ) :: homologous temperature equation
ComputeChange: NS (ITER=3) (NRM,RELC): (  273.60020     0.78299331E-04 ) :: homologous temperature equation
ComputeChange: NS (ITER=4) (NRM,RELC): (  273.60527     0.39148579E-04 ) :: homologous temperature equation
ComputeChange: NS (ITER=5) (NRM,RELC): (  273.60780     0.19574018E-04 ) :: homologous temperature equation
ComputeChange: NS (ITER=6) (NRM,RELC): (  273.60907     0.97869408E-05 ) :: homologous temperature equation
ComputeChange: SS (ITER=5) (NRM,RELC): (  273.55590     0.97134306E-04 ) :: homologous temperature equation
MAIN: 
MAIN: -------------------------------------
MAIN: Time: 20/115:   5.555E+06
MAIN: Estimated time left: 38.8 minutes
MAIN: -------------------------------------
MAIN: 
ComputeChange: NS (ITER=1) (NRM,RELC): (  38.616705      0.0000000     ) :: partial update
ComputeNormalSolver: Computing Normal Vector for Nodes
ComputeNormalSolver: End
GroundedSolver: Computing grounded mask from geometry
SolveEquations: -------------------------------------
SolveEquations:  Coupled system iteration:            1
SolveEquations: -------------------------------------
ComputeChange: NS (ITER=1) (NRM,RELC): (  273.72341     0.12843239E-02 ) :: homologous temperature equation
ComputeChange: NS (ITER=2) (NRM,RELC): (  273.80730     0.64186707E-03 ) :: homologous temperature equation
ComputeChange: NS (ITER=3) (NRM,RELC): (  273.84928     0.32085978E-03 ) :: homologous temperature equation
ComputeChange: NS (ITER=4) (NRM,RELC): (  273.87028     0.16041144E-03 ) :: homologous temperature equation
ComputeChange: NS (ITER=5) (NRM,RELC): (  273.88078     0.80201110E-04 ) :: homologous temperature equation
ComputeChange: NS (ITER=6) (NRM,RELC): (  273.88603     0.40099402E-04 ) :: homologous temperature equation
ComputeChange: NS (ITER=7) (NRM,RELC): (  273.88865     0.20049413E-04 ) :: homologous temperature equation
ComputeChange: NS (ITER=8) (NRM,RELC): (  273.88996     0.10024634E-04 ) :: homologous temperature equation
ComputeChange: NS (ITER=9) (NRM,RELC): (  273.89062     0.50122991E-05 ) :: homologous temperature equation
ComputeChange: SS (ITER=1) (NRM,RELC): (  273.66732     0.40721785E-03 ) :: homologous temperature equation
SolveEquations: -------------------------------------
SolveEquations:  Coupled system iteration:            2
SolveEquations: -------------------------------------
ComputeChange: NS (ITER=1) (NRM,RELC): (  273.77922     0.85679025E-03 ) :: homologous temperature equation
ComputeChange: NS (ITER=2) (NRM,RELC): (  273.83523     0.42826377E-03 ) :: homologous temperature equation
ComputeChange: NS (ITER=3) (NRM,RELC): (  273.86325     0.21409903E-03 ) :: homologous temperature equation
ComputeChange: NS (ITER=4) (NRM,RELC): (  273.87726     0.10704130E-03 ) :: homologous temperature equation
ComputeChange: NS (ITER=5) (NRM,RELC): (  273.88427     0.53518597E-04 ) :: homologous temperature equation
ComputeChange: NS (ITER=6) (NRM,RELC): (  273.88777     0.26758785E-04 ) :: homologous temperature equation
ComputeChange: NS (ITER=7) (NRM,RELC): (  273.88953     0.13379264E-04 ) :: homologous temperature equation
ComputeChange: NS (ITER=8) (NRM,RELC): (  273.89040     0.66896000E-05 ) :: homologous temperature equation
ComputeChange: SS (ITER=2) (NRM,RELC): (  273.74161     0.27143285E-03 ) :: homologous temperature equation
SolveEquations: -------------------------------------
SolveEquations:  Coupled system iteration:            3
SolveEquations: -------------------------------------
ComputeChange: NS (ITER=1) (NRM,RELC): (  273.81641     0.57219259E-03 ) :: homologous temperature equation
ComputeChange: NS (ITER=2) (NRM,RELC): (  273.85383     0.28603767E-03 ) :: homologous temperature equation
ComputeChange: NS (ITER=3) (NRM,RELC): (  273.87255     0.14300418E-03 ) :: homologous temperature equation
ComputeChange: NS (ITER=4) (NRM,RELC): (  273.88191     0.71498423E-04 ) :: homologous temperature equation
ComputeChange: NS (ITER=5) (NRM,RELC): (  273.88660     0.35748295E-04 ) :: homologous temperature equation
ComputeChange: NS (ITER=6) (NRM,RELC): (  273.88894     0.17873918E-04 ) :: homologous temperature equation
ComputeChange: NS (ITER=7) (NRM,RELC): (  273.89011     0.89369019E-05 ) :: homologous temperature equation
ComputeChange: SS (ITER=3) (NRM,RELC): (  273.79108     0.18069530E-03 ) :: homologous temperature equation
SolveEquations: -------------------------------------
SolveEquations:  Coupled system iteration:            4
SolveEquations: -------------------------------------
ComputeChange: NS (ITER=1) (NRM,RELC): (  273.84116     0.38289991E-03 ) :: homologous temperature equation
ComputeChange: NS (ITER=2) (NRM,RELC): (  273.86622     0.19142369E-03 ) :: homologous temperature equation
ComputeChange: NS (ITER=3) (NRM,RELC): (  273.87875     0.95705279E-04 ) :: homologous temperature equation
ComputeChange: NS (ITER=4) (NRM,RELC): (  273.88501     0.47850997E-04 ) :: homologous temperature equation
ComputeChange: NS (ITER=5) (NRM,RELC): (  273.88814     0.23925088E-04 ) :: homologous temperature equation
ComputeChange: NS (ITER=6) (NRM,RELC): (  273.88971     0.11962441E-04 ) :: homologous temperature equation
ComputeChange: NS (ITER=7) (NRM,RELC): (  273.89049     0.59811951E-05 ) :: homologous temperature equation
ComputeChange: SS (ITER=4) (NRM,RELC): (  273.82420     0.12097762E-03 ) :: homologous temperature equation
SolveEquations: -------------------------------------
SolveEquations:  Coupled system iteration:            5
SolveEquations: -------------------------------------
ComputeChange: NS (ITER=1) (NRM,RELC): (  273.85773     0.25624049E-03 ) :: homologous temperature equation
ComputeChange: NS (ITER=2) (NRM,RELC): (  273.87450     0.12810848E-03 ) :: homologous temperature equation
ComputeChange: NS (ITER=3) (NRM,RELC): (  273.88289     0.64051298E-04 ) :: homologous temperature equation
ComputeChange: NS (ITER=4) (NRM,RELC): (  273.88708     0.32024913E-04 ) :: homologous temperature equation
ComputeChange: NS (ITER=5) (NRM,RELC): (  273.88918     0.16012273E-04 ) :: homologous temperature equation
ComputeChange: NS (ITER=6) (NRM,RELC): (  273.89023     0.80060905E-05 ) :: homologous temperature equation
ComputeChange: SS (ITER=5) (NRM,RELC): (  273.84621     0.80348522E-04 ) :: homologous temperature equation
MAIN: 
MAIN: -------------------------------------
MAIN: Time: 21/115:   6.555E+06
MAIN: Estimated time left: 37.4 minutes
MAIN: -------------------------------------
MAIN: 
ComputeChange: NS (ITER=1) (NRM,RELC): (  38.616705      0.0000000     ) :: partial update
ComputeNormalSolver: Computing Normal Vector for Nodes
ComputeNormalSolver: End
GroundedSolver: Computing grounded mask from geometry
SolveEquations: -------------------------------------
SolveEquations:  Coupled system iteration:            1
SolveEquations: -------------------------------------
ComputeChange: NS (ITER=1) (NRM,RELC): (  273.98388     0.10472201E-02 ) :: homologous temperature equation
ComputeChange: NS (ITER=2) (NRM,RELC): (  274.05280     0.52341268E-03 ) :: homologous temperature equation
ComputeChange: NS (ITER=3) (NRM,RELC): (  274.08728     0.26165697E-03 ) :: homologous temperature equation
ComputeChange: NS (ITER=4) (NRM,RELC): (  274.10453     0.13081614E-03 ) :: homologous temperature equation
ComputeChange: NS (ITER=5) (NRM,RELC): (  274.11315     0.65404983E-04 ) :: homologous temperature equation
ComputeChange: NS (ITER=6) (NRM,RELC): (  274.11747     0.32701720E-04 ) :: homologous temperature equation
ComputeChange: NS (ITER=7) (NRM,RELC): (  274.11962     0.16350667E-04 ) :: homologous temperature equation
ComputeChange: NS (ITER=8) (NRM,RELC): (  274.12070     0.81752852E-05 ) :: homologous temperature equation
ComputeChange: SS (ITER=1) (NRM,RELC): (  273.93760     0.33369332E-03 ) :: homologous temperature equation
SolveEquations: -------------------------------------
SolveEquations:  Coupled system iteration:            2
SolveEquations: -------------------------------------
ComputeChange: NS (ITER=1) (NRM,RELC): (  274.02964     0.69933522E-03 ) :: homologous temperature equation
ComputeChange: NS (ITER=2) (NRM,RELC): (  274.07570     0.34957951E-03 ) :: homologous temperature equation
ComputeChange: NS (ITER=3) (NRM,RELC): (  274.09873     0.17476773E-03 ) :: homologous temperature equation
ComputeChange: NS (ITER=4) (NRM,RELC): (  274.11025     0.87378354E-04 ) :: homologous temperature equation
ComputeChange: NS (ITER=5) (NRM,RELC): (  274.11602     0.43687800E-04 ) :: homologous temperature equation
ComputeChange: NS (ITER=6) (NRM,RELC): (  274.11890     0.21843556E-04 ) :: homologous temperature equation
ComputeChange: NS (ITER=7) (NRM,RELC): (  274.12034     0.10921692E-04 ) :: homologous temperature equation
ComputeChange: NS (ITER=8) (NRM,RELC): (  274.12106     0.54608243E-05 ) :: homologous temperature equation
ComputeChange: SS (ITER=2) (NRM,RELC): (  273.99871     0.22304195E-03 ) :: homologous temperature equation
SolveEquations: -------------------------------------
SolveEquations:  Coupled system iteration:            3
SolveEquations: -------------------------------------
ComputeChange: NS (ITER=1) (NRM,RELC): (  274.06022     0.46705593E-03 ) :: homologous temperature equation
ComputeChange: NS (ITER=2) (NRM,RELC): (  274.09099     0.23348865E-03 ) :: homologous temperature equation
ComputeChange: NS (ITER=3) (NRM,RELC): (  274.10638     0.11673449E-03 ) :: homologous temperature equation
ComputeChange: NS (ITER=4) (NRM,RELC): (  274.11408     0.58364788E-04 ) :: homologous temperature equation
ComputeChange: NS (ITER=5) (NRM,RELC): (  274.11793     0.29181780E-04 ) :: homologous temperature equation
ComputeChange: NS (ITER=6) (NRM,RELC): (  274.11985     0.14590736E-04 ) :: homologous temperature equation
ComputeChange: NS (ITER=7) (NRM,RELC): (  274.12082     0.72953297E-05 ) :: homologous temperature equation
ComputeChange: SS (ITER=3) (NRM,RELC): (  274.03939     0.14846513E-03 ) :: homologous temperature equation
SolveEquations: -------------------------------------
SolveEquations:  Coupled system iteration:            4
SolveEquations: -------------------------------------
ComputeChange: NS (ITER=1) (NRM,RELC): (  274.08057     0.31255210E-03 ) :: homologous temperature equation
ComputeChange: NS (ITER=2) (NRM,RELC): (  274.10117     0.15625844E-03 ) :: homologous temperature equation
ComputeChange: NS (ITER=3) (NRM,RELC): (  274.11148     0.78124815E-04 ) :: homologous temperature equation
ComputeChange: NS (ITER=4) (NRM,RELC): (  274.11663     0.39061306E-04 ) :: homologous temperature equation
ComputeChange: NS (ITER=5) (NRM,RELC): (  274.11920     0.19530378E-04 ) :: homologous temperature equation
ComputeChange: NS (ITER=6) (NRM,RELC): (  274.12049     0.97651201E-05 ) :: homologous temperature equation
ComputeChange: SS (ITER=4) (NRM,RELC): (  274.06642     0.98609359E-04 ) :: homologous temperature equation
MAIN: 
MAIN: -------------------------------------
MAIN: Time: 22/115:   7.555E+06
MAIN: Estimated time left: 29.0 minutes
MAIN: -------------------------------------
MAIN: 
ComputeChange: NS (ITER=1) (NRM,RELC): (  38.616705      0.0000000     ) :: partial update
ComputeNormalSolver: Computing Normal Vector for Nodes
ComputeNormalSolver: End
GroundedSolver: Computing grounded mask from geometry
SolveEquations: -------------------------------------
SolveEquations:  Coupled system iteration:            1
SolveEquations: -------------------------------------
ComputeChange: NS (ITER=1) (NRM,RELC): (  274.18111     0.86828826E-03 ) :: homologous temperature equation
ComputeChange: NS (ITER=2) (NRM,RELC): (  274.23851     0.43400789E-03 ) :: homologous temperature equation
ComputeChange: NS (ITER=3) (NRM,RELC): (  274.26723     0.21696987E-03 ) :: homologous temperature equation
ComputeChange: NS (ITER=4) (NRM,RELC): (  274.28159     0.10847642E-03 ) :: homologous temperature equation
ComputeChange: NS (ITER=5) (NRM,RELC): (  274.28878     0.54236078E-04 ) :: homologous temperature equation
ComputeChange: NS (ITER=6) (NRM,RELC): (  274.29237     0.27117506E-04 ) :: homologous temperature equation
ComputeChange: NS (ITER=7) (NRM,RELC): (  274.29416     0.13558620E-04 ) :: homologous temperature equation
ComputeChange: NS (ITER=8) (NRM,RELC): (  274.29506     0.67792768E-05 ) :: homologous temperature equation
ComputeChange: SS (ITER=1) (NRM,RELC): (  274.14256     0.27779831E-03 ) :: homologous temperature equation
SolveEquations: -------------------------------------
SolveEquations:  Coupled system iteration:            2
SolveEquations: -------------------------------------
ComputeChange: NS (ITER=1) (NRM,RELC): (  274.21923     0.57986857E-03 ) :: homologous temperature equation
ComputeChange: NS (ITER=2) (NRM,RELC): (  274.25758     0.28987348E-03 ) :: homologous temperature equation
ComputeChange: NS (ITER=3) (NRM,RELC): (  274.27677     0.14492154E-03 ) :: homologous temperature equation
ComputeChange: NS (ITER=4) (NRM,RELC): (  274.28636     0.72456967E-04 ) :: homologous temperature equation
ComputeChange: NS (ITER=5) (NRM,RELC): (  274.29116     0.36227533E-04 ) :: homologous temperature equation
ComputeChange: NS (ITER=6) (NRM,RELC): (  274.29356     0.18113529E-04 ) :: homologous temperature equation
ComputeChange: NS (ITER=7) (NRM,RELC): (  274.29476     0.90567050E-05 ) :: homologous temperature equation
ComputeChange: SS (ITER=2) (NRM,RELC): (  274.19326     0.18493153E-03 ) :: homologous temperature equation
SolveEquations: -------------------------------------
SolveEquations:  Coupled system iteration:            3
SolveEquations: -------------------------------------
ComputeChange: NS (ITER=1) (NRM,RELC): (  274.24460     0.38803529E-03 ) :: homologous temperature equation
ComputeChange: NS (ITER=2) (NRM,RELC): (  274.27027     0.19399041E-03 ) :: homologous temperature equation
ComputeChange: NS (ITER=3) (NRM,RELC): (  274.28312     0.96988392E-04 ) :: homologous temperature equation
ComputeChange: NS (ITER=4) (NRM,RELC): (  274.28954     0.48492493E-04 ) :: homologous temperature equation
ComputeChange: NS (ITER=5) (NRM,RELC): (  274.29275     0.24245821E-04 ) :: homologous temperature equation
ComputeChange: NS (ITER=6) (NRM,RELC): (  274.29435     0.12122804E-04 ) :: homologous temperature equation
ComputeChange: NS (ITER=7) (NRM,RELC): (  274.29516     0.60613753E-05 ) :: homologous temperature equation
ComputeChange: SS (ITER=3) (NRM,RELC): (  274.22721     0.12381323E-03 ) :: homologous temperature equation
SolveEquations: -------------------------------------
SolveEquations:  Coupled system iteration:            4
SolveEquations: -------------------------------------
ComputeChange: NS (ITER=1) (NRM,RELC): (  274.26158     0.25967659E-03 ) :: homologous temperature equation
ComputeChange: NS (ITER=2) (NRM,RELC): (  274.27877     0.12982609E-03 ) :: homologous temperature equation
ComputeChange: NS (ITER=3) (NRM,RELC): (  274.28736     0.64909994E-04 ) :: homologous temperature equation
ComputeChange: NS (ITER=4) (NRM,RELC): (  274.29166     0.32454234E-04 ) :: homologous temperature equation
ComputeChange: NS (ITER=5) (NRM,RELC): (  274.29381     0.16226926E-04 ) :: homologous temperature equation
ComputeChange: NS (ITER=6) (NRM,RELC): (  274.29489     0.81134155E-05 ) :: homologous temperature equation
ComputeChange: SS (ITER=4) (NRM,RELC): (  274.24977     0.82231562E-04 ) :: homologous temperature equation
MAIN: 
MAIN: -------------------------------------
MAIN: Time: 23/115:   8.555E+06
MAIN: Estimated time left: 27.7 minutes
MAIN: -------------------------------------
MAIN: 
ComputeChange: NS (ITER=1) (NRM,RELC): (  38.616705      0.0000000     ) :: partial update
ComputeNormalSolver: Computing Normal Vector for Nodes
ComputeNormalSolver: End
GroundedSolver: Computing grounded mask from geometry
SolveEquations: -------------------------------------
SolveEquations:  Coupled system iteration:            1
SolveEquations: -------------------------------------
ComputeChange: NS (ITER=1) (NRM,RELC): (  274.34519     0.71987935E-03 ) :: homologous temperature equation
ComputeChange: NS (ITER=2) (NRM,RELC): (  274.39294     0.35984576E-03 ) :: homologous temperature equation
ComputeChange: NS (ITER=3) (NRM,RELC): (  274.41682     0.17989940E-03 ) :: homologous temperature equation
ComputeChange: NS (ITER=4) (NRM,RELC): (  274.42877     0.89943826E-04 ) :: homologous temperature equation
ComputeChange: NS (ITER=5) (NRM,RELC): (  274.43474     0.44970445E-04 ) :: homologous temperature equation
ComputeChange: NS (ITER=6) (NRM,RELC): (  274.43773     0.22484855E-04 ) :: homologous temperature equation
ComputeChange: NS (ITER=7) (NRM,RELC): (  274.43922     0.11242336E-04 ) :: homologous temperature equation
ComputeChange: NS (ITER=8) (NRM,RELC): (  274.43997     0.56211450E-05 ) :: homologous temperature equation
ComputeChange: SS (ITER=1) (NRM,RELC): (  274.31312     0.23098049E-03 ) :: homologous temperature equation
SolveEquations: -------------------------------------
SolveEquations:  Coupled system iteration:            2
SolveEquations: -------------------------------------
ComputeChange: NS (ITER=1) (NRM,RELC): (  274.37689     0.48077360E-03 ) :: homologous temperature equation
ComputeChange: NS (ITER=2) (NRM,RELC): (  274.40880     0.24034489E-03 ) :: homologous temperature equation
ComputeChange: NS (ITER=3) (NRM,RELC): (  274.42476     0.12016197E-03 ) :: homologous temperature equation
ComputeChange: NS (ITER=4) (NRM,RELC): (  274.43274     0.60078362E-04 ) :: homologous temperature equation
ComputeChange: NS (ITER=5) (NRM,RELC): (  274.43673     0.30038526E-04 ) :: homologous temperature equation
ComputeChange: NS (ITER=6) (NRM,RELC): (  274.43872     0.15019099E-04 ) :: homologous temperature equation
ComputeChange: NS (ITER=7) (NRM,RELC): (  274.43972     0.75095087E-05 ) :: homologous temperature equation
ComputeChange: SS (ITER=2) (NRM,RELC): (  274.35530     0.15375016E-03 ) :: homologous temperature equation
SolveEquations: -------------------------------------
SolveEquations:  Coupled system iteration:            3
SolveEquations: -------------------------------------
ComputeChange: NS (ITER=1) (NRM,RELC): (  274.39800     0.32173064E-03 ) :: homologous temperature equation
ComputeChange: NS (ITER=2) (NRM,RELC): (  274.41935     0.16084655E-03 ) :: homologous temperature equation
ComputeChange: NS (ITER=3) (NRM,RELC): (  274.43003     0.80418579E-04 ) :: homologous temperature equation
ComputeChange: NS (ITER=4) (NRM,RELC): (  274.43538     0.40208116E-04 ) :: homologous temperature equation
ComputeChange: NS (ITER=5) (NRM,RELC): (  274.43805     0.20103764E-04 ) :: homologous temperature equation
ComputeChange: NS (ITER=6) (NRM,RELC): (  274.43938     0.10051809E-04 ) :: homologous temperature equation
ComputeChange: NS (ITER=7) (NRM,RELC): (  274.44005     0.50258861E-05 ) :: homologous temperature equation
ComputeChange: SS (ITER=3) (NRM,RELC): (  274.38354     0.10293057E-03 ) :: homologous temperature equation
SolveEquations: -------------------------------------
SolveEquations:  Coupled system iteration:            4
SolveEquations: -------------------------------------
ComputeChange: NS (ITER=1) (NRM,RELC): (  274.41212     0.21530831E-03 ) :: homologous temperature equation
ComputeChange: NS (ITER=2) (NRM,RELC): (  274.42642     0.10764575E-03 ) :: homologous temperature equation
ComputeChange: NS (ITER=3) (NRM,RELC): (  274.43357     0.53820770E-04 ) :: homologous temperature equation
ComputeChange: NS (ITER=4) (NRM,RELC): (  274.43714     0.26909859E-04 ) :: homologous temperature equation
ComputeChange: NS (ITER=5) (NRM,RELC): (  274.43893     0.13454798E-04 ) :: homologous temperature equation
ComputeChange: NS (ITER=6) (NRM,RELC): (  274.43982     0.67273662E-05 ) :: homologous temperature equation
ComputeChange: SS (ITER=4) (NRM,RELC): (  274.40230     0.68359311E-04 ) :: homologous temperature equation
MAIN: 
MAIN: -------------------------------------
MAIN: Time: 24/115:   9.555E+06
MAIN: Estimated time left: 27.4 minutes
MAIN: -------------------------------------
MAIN: 
ComputeChange: NS (ITER=1) (NRM,RELC): (  38.616705      0.0000000     ) :: partial update
ComputeNormalSolver: Computing Normal Vector for Nodes
ComputeNormalSolver: End
GroundedSolver: Computing grounded mask from geometry
SolveEquations: -------------------------------------
SolveEquations:  Coupled system iteration:            1
SolveEquations: -------------------------------------
ComputeChange: NS (ITER=1) (NRM,RELC): (  274.48161     0.59680607E-03 ) :: homologous temperature equation
ComputeChange: NS (ITER=2) (NRM,RELC): (  274.52130     0.29833835E-03 ) :: homologous temperature equation
ComputeChange: NS (ITER=3) (NRM,RELC): (  274.54115     0.14915300E-03 ) :: homologous temperature equation
ComputeChange: NS (ITER=4) (NRM,RELC): (  274.55108     0.74572456E-04 ) :: homologous temperature equation
ComputeChange: NS (ITER=5) (NRM,RELC): (  274.55604     0.37285217E-04 ) :: homologous temperature equation
ComputeChange: NS (ITER=6) (NRM,RELC): (  274.55852     0.18642356E-04 ) :: homologous temperature equation
ComputeChange: NS (ITER=7) (NRM,RELC): (  274.55976     0.93211147E-05 ) :: homologous temperature equation
ComputeChange: SS (ITER=1) (NRM,RELC): (  274.45475     0.19114900E-03 ) :: homologous temperature equation
SolveEquations: -------------------------------------
SolveEquations:  Coupled system iteration:            2
SolveEquations: -------------------------------------
ComputeChange: NS (ITER=1) (NRM,RELC): (  274.50786     0.39936763E-03 ) :: homologous temperature equation
ComputeChange: NS (ITER=2) (NRM,RELC): (  274.53443     0.19965484E-03 ) :: homologous temperature equation
ComputeChange: NS (ITER=3) (NRM,RELC): (  274.54772     0.99820173E-04 ) :: homologous temperature equation
ComputeChange: NS (ITER=4) (NRM,RELC): (  274.55436     0.49908275E-04 ) :: homologous temperature equation
ComputeChange: NS (ITER=5) (NRM,RELC): (  274.55768     0.24953684E-04 ) :: homologous temperature equation
ComputeChange: NS (ITER=6) (NRM,RELC): (  274.55934     0.12476729E-04 ) :: homologous temperature equation
ComputeChange: NS (ITER=7) (NRM,RELC): (  274.56017     0.62383362E-05 ) :: homologous temperature equation
ComputeChange: SS (ITER=2) (NRM,RELC): (  274.48988     0.12797666E-03 ) :: homologous temperature equation
SolveEquations: -------------------------------------
SolveEquations:  Coupled system iteration:            3
SolveEquations: -------------------------------------
ComputeChange: NS (ITER=1) (NRM,RELC): (  274.52543     0.26725945E-03 ) :: homologous temperature equation
ComputeChange: NS (ITER=2) (NRM,RELC): (  274.54322     0.13361674E-03 ) :: homologous temperature equation
ComputeChange: NS (ITER=3) (NRM,RELC): (  274.55211     0.66805126E-04 ) :: homologous temperature equation
ComputeChange: NS (ITER=4) (NRM,RELC): (  274.55656     0.33401752E-04 ) :: homologous temperature equation
ComputeChange: NS (ITER=5) (NRM,RELC): (  274.55878     0.16700673E-04 ) :: homologous temperature equation
ComputeChange: NS (ITER=6) (NRM,RELC): (  274.55989     0.83502858E-05 ) :: homologous temperature equation
ComputeChange: SS (ITER=3) (NRM,RELC): (  274.51321     0.84997081E-04 ) :: homologous temperature equation
MAIN: 
MAIN: -------------------------------------
MAIN: Time: 25/115:   1.056E+07
MAIN: Estimated time left: 19.4 minutes
MAIN: -------------------------------------
MAIN: 
ComputeChange: NS (ITER=1) (NRM,RELC): (  38.616705      0.0000000     ) :: partial update
ComputeNormalSolver: Computing Normal Vector for Nodes
ComputeNormalSolver: End
GroundedSolver: Computing grounded mask from geometry
SolveEquations: -------------------------------------
SolveEquations:  Coupled system iteration:            1
SolveEquations: -------------------------------------
ComputeChange: NS (ITER=1) (NRM,RELC): (  274.58078     0.50753230E-03 ) :: homologous temperature equation
ComputeChange: NS (ITER=2) (NRM,RELC): (  274.61459     0.25371931E-03 ) :: homologous temperature equation
ComputeChange: NS (ITER=3) (NRM,RELC): (  274.63150     0.12684794E-03 ) :: homologous temperature equation
ComputeChange: NS (ITER=4) (NRM,RELC): (  274.63996     0.63421041E-04 ) :: homologous temperature equation
ComputeChange: NS (ITER=5) (NRM,RELC): (  274.64418     0.31709788E-04 ) :: homologous temperature equation
ComputeChange: NS (ITER=6) (NRM,RELC): (  274.64630     0.15854711E-04 ) :: homologous temperature equation
ComputeChange: NS (ITER=7) (NRM,RELC): (  274.64736     0.79273097E-05 ) :: homologous temperature equation
ComputeChange: SS (ITER=1) (NRM,RELC): (  274.55790     0.16278972E-03 ) :: homologous temperature equation
SolveEquations: -------------------------------------
SolveEquations:  Coupled system iteration:            2
SolveEquations: -------------------------------------
ComputeChange: NS (ITER=1) (NRM,RELC): (  274.60315     0.33963509E-03 ) :: homologous temperature equation
ComputeChange: NS (ITER=2) (NRM,RELC): (  274.62578     0.16979656E-03 ) :: homologous temperature equation
ComputeChange: NS (ITER=3) (NRM,RELC): (  274.63709     0.84893033E-04 ) :: homologous temperature equation
ComputeChange: NS (ITER=4) (NRM,RELC): (  274.64275     0.42445204E-04 ) :: homologous temperature equation
ComputeChange: NS (ITER=5) (NRM,RELC): (  274.64558     0.21222274E-04 ) :: homologous temperature equation
ComputeChange: NS (ITER=6) (NRM,RELC): (  274.64700     0.10611055E-04 ) :: homologous temperature equation
ComputeChange: NS (ITER=7) (NRM,RELC): (  274.64771     0.53055070E-05 ) :: homologous temperature equation
ComputeChange: SS (ITER=2) (NRM,RELC): (  274.58783     0.10898375E-03 ) :: homologous temperature equation
SolveEquations: -------------------------------------
SolveEquations:  Coupled system iteration:            3
SolveEquations: -------------------------------------
ComputeChange: NS (ITER=1) (NRM,RELC): (  274.61811     0.22728928E-03 ) :: homologous temperature equation
ComputeChange: NS (ITER=2) (NRM,RELC): (  274.63326     0.11363524E-03 ) :: homologous temperature equation
ComputeChange: NS (ITER=3) (NRM,RELC): (  274.64084     0.56815269E-04 ) :: homologous temperature equation
ComputeChange: NS (ITER=4) (NRM,RELC): (  274.64463     0.28407047E-04 ) :: homologous temperature equation
ComputeChange: NS (ITER=5) (NRM,RELC): (  274.64652     0.14203377E-04 ) :: homologous temperature equation
ComputeChange: NS (ITER=6) (NRM,RELC): (  274.64747     0.71016515E-05 ) :: homologous temperature equation
ComputeChange: SS (ITER=3) (NRM,RELC): (  274.60770     0.72380074E-04 ) :: homologous temperature equation
MAIN: 
MAIN: -------------------------------------
MAIN: Time: 26/115:   1.156E+07
MAIN: Estimated time left: 19.2 minutes
MAIN: -------------------------------------
MAIN: 
ComputeChange: NS (ITER=1) (NRM,RELC): (  38.616705      0.0000000     ) :: partial update
ComputeNormalSolver: Computing Normal Vector for Nodes
ComputeNormalSolver: End
GroundedSolver: Computing grounded mask from geometry
SolveEquations: -------------------------------------
SolveEquations:  Coupled system iteration:            1
SolveEquations: -------------------------------------
ComputeChange: NS (ITER=1) (NRM,RELC): (  274.66525     0.43162350E-03 ) :: homologous temperature equation
ComputeChange: NS (ITER=2) (NRM,RELC): (  274.69405     0.21577783E-03 ) :: homologous temperature equation
ComputeChange: NS (ITER=3) (NRM,RELC): (  274.70845     0.10788043E-03 ) :: homologous temperature equation
ComputeChange: NS (ITER=4) (NRM,RELC): (  274.71565     0.53938097E-04 ) :: homologous temperature equation
ComputeChange: NS (ITER=5) (NRM,RELC): (  274.71925     0.26968518E-04 ) :: homologous temperature equation
ComputeChange: NS (ITER=6) (NRM,RELC): (  274.72105     0.13484127E-04 ) :: homologous temperature equation
ComputeChange: NS (ITER=7) (NRM,RELC): (  274.72195     0.67420301E-05 ) :: homologous temperature equation
ComputeChange: SS (ITER=1) (NRM,RELC): (  274.64577     0.13860492E-03 ) :: homologous temperature equation
SolveEquations: -------------------------------------
SolveEquations:  Coupled system iteration:            2
SolveEquations: -------------------------------------
ComputeChange: NS (ITER=1) (NRM,RELC): (  274.68430     0.28884299E-03 ) :: homologous temperature equation
ComputeChange: NS (ITER=2) (NRM,RELC): (  274.70357     0.14440630E-03 ) :: homologous temperature equation
ComputeChange: NS (ITER=3) (NRM,RELC): (  274.71321     0.72199351E-04 ) :: homologous temperature equation
ComputeChange: NS (ITER=4) (NRM,RELC): (  274.71803     0.36098726E-04 ) :: homologous temperature equation
ComputeChange: NS (ITER=5) (NRM,RELC): (  274.72044     0.18049125E-04 ) :: homologous temperature equation
ComputeChange: NS (ITER=6) (NRM,RELC): (  274.72164     0.90245033E-05 ) :: homologous temperature equation
ComputeChange: SS (ITER=2) (NRM,RELC): (  274.67105     0.92057603E-04 ) :: homologous temperature equation
MAIN: 
MAIN: -------------------------------------
MAIN: Time: 27/115:   1.256E+07
MAIN: Estimated time left: 12.6 minutes
MAIN: -------------------------------------
MAIN: 
ComputeChange: NS (ITER=1) (NRM,RELC): (  38.616705      0.0000000     ) :: partial update
ComputeNormalSolver: Computing Normal Vector for Nodes
ComputeNormalSolver: End
GroundedSolver: Computing grounded mask from geometry
SolveEquations: -------------------------------------
SolveEquations:  Coupled system iteration:            1
SolveEquations: -------------------------------------
ComputeChange: NS (ITER=1) (NRM,RELC): (  274.72188     0.38080726E-03 ) :: homologous temperature equation
ComputeChange: NS (ITER=2) (NRM,RELC): (  274.74730     0.19037721E-03 ) :: homologous temperature equation
ComputeChange: NS (ITER=3) (NRM,RELC): (  274.76002     0.95181996E-04 ) :: homologous temperature equation
ComputeChange: NS (ITER=4) (NRM,RELC): (  274.76638     0.47589346E-04 ) :: homologous temperature equation
ComputeChange: NS (ITER=5) (NRM,RELC): (  274.76955     0.23794260E-04 ) :: homologous temperature equation
ComputeChange: NS (ITER=6) (NRM,RELC): (  274.77114     0.11897027E-04 ) :: homologous temperature equation
ComputeChange: NS (ITER=7) (NRM,RELC): (  274.77194     0.59484876E-05 ) :: homologous temperature equation
ComputeChange: SS (ITER=1) (NRM,RELC): (  274.70467     0.12237988E-03 ) :: homologous temperature equation
SolveEquations: -------------------------------------
SolveEquations:  Coupled system iteration:            2
SolveEquations: -------------------------------------
ComputeChange: NS (ITER=1) (NRM,RELC): (  274.73869     0.25483980E-03 ) :: homologous temperature equation
ComputeChange: NS (ITER=2) (NRM,RELC): (  274.75571     0.12740806E-03 ) :: homologous temperature equation
ComputeChange: NS (ITER=3) (NRM,RELC): (  274.76422     0.63701072E-04 ) :: homologous temperature equation
ComputeChange: NS (ITER=4) (NRM,RELC): (  274.76848     0.31849796E-04 ) :: homologous temperature equation
ComputeChange: NS (ITER=5) (NRM,RELC): (  274.77061     0.15924713E-04 ) :: homologous temperature equation
ComputeChange: NS (ITER=6) (NRM,RELC): (  274.77167     0.79623102E-05 ) :: homologous temperature equation
ComputeChange: SS (ITER=2) (NRM,RELC): (  274.72700     0.81278859E-04 ) :: homologous temperature equation
MAIN: 
MAIN: -------------------------------------
MAIN: Time: 28/115:   1.356E+07
MAIN: Estimated time left: 12.8 minutes
MAIN: -------------------------------------
MAIN: 
ComputeChange: NS (ITER=1) (NRM,RELC): (  38.616705      0.0000000     ) :: partial update
ComputeNormalSolver: Computing Normal Vector for Nodes
ComputeNormalSolver: End
GroundedSolver: Computing grounded mask from geometry
SolveEquations: -------------------------------------
SolveEquations:  Coupled system iteration:            1
SolveEquations: -------------------------------------
ComputeChange: NS (ITER=1) (NRM,RELC): (  274.77188     0.33598021E-03 ) :: homologous temperature equation
ComputeChange: NS (ITER=2) (NRM,RELC): (  274.79433     0.16796952E-03 ) :: homologous temperature equation
ComputeChange: NS (ITER=3) (NRM,RELC): (  274.80555     0.83979615E-04 ) :: homologous temperature equation
ComputeChange: NS (ITER=4) (NRM,RELC): (  274.81117     0.41988521E-04 ) :: homologous temperature equation
ComputeChange: NS (ITER=5) (NRM,RELC): (  274.81397     0.20993939E-04 ) :: homologous temperature equation
ComputeChange: NS (ITER=6) (NRM,RELC): (  274.81538     0.10496889E-04 ) :: homologous temperature equation
ComputeChange: NS (ITER=7) (NRM,RELC): (  274.81608     0.52484244E-05 ) :: homologous temperature equation
ComputeChange: SS (ITER=1) (NRM,RELC): (  274.75668     0.10804546E-03 ) :: homologous temperature equation
SolveEquations: -------------------------------------
SolveEquations:  Coupled system iteration:            2
SolveEquations: -------------------------------------
ComputeChange: NS (ITER=1) (NRM,RELC): (  274.78673     0.22484353E-03 ) :: homologous temperature equation
ComputeChange: NS (ITER=2) (NRM,RELC): (  274.80175     0.11241255E-03 ) :: homologous temperature equation
ComputeChange: NS (ITER=3) (NRM,RELC): (  274.80927     0.56203968E-04 ) :: homologous temperature equation
ComputeChange: NS (ITER=4) (NRM,RELC): (  274.81302     0.28101407E-04 ) :: homologous temperature equation
ComputeChange: NS (ITER=5) (NRM,RELC): (  274.81490     0.14050560E-04 ) :: homologous temperature equation
ComputeChange: NS (ITER=6) (NRM,RELC): (  274.81584     0.70252438E-05 ) :: homologous temperature equation
ComputeChange: SS (ITER=2) (NRM,RELC): (  274.77640     0.71756677E-04 ) :: homologous temperature equation
MAIN: 
MAIN: -------------------------------------
MAIN: Time: 29/115:   1.456E+07
MAIN: Estimated time left: 12.1 minutes
MAIN: -------------------------------------
MAIN: 
ComputeChange: NS (ITER=1) (NRM,RELC): (  38.616705      0.0000000     ) :: partial update
ComputeNormalSolver: Computing Normal Vector for Nodes
ComputeNormalSolver: End
GroundedSolver: Computing grounded mask from geometry
SolveEquations: -------------------------------------
SolveEquations:  Coupled system iteration:            1
SolveEquations: -------------------------------------
ComputeChange: NS (ITER=1) (NRM,RELC): (  274.81602     0.29643541E-03 ) :: homologous temperature equation
ComputeChange: NS (ITER=2) (NRM,RELC): (  274.83585     0.14820167E-03 ) :: homologous temperature equation
ComputeChange: NS (ITER=3) (NRM,RELC): (  274.84576     0.74096828E-04 ) :: homologous temperature equation
ComputeChange: NS (ITER=4) (NRM,RELC): (  274.85071     0.37047412E-04 ) :: homologous temperature equation
ComputeChange: NS (ITER=5) (NRM,RELC): (  274.85319     0.18523455E-04 ) :: homologous temperature equation
ComputeChange: NS (ITER=6) (NRM,RELC): (  274.85443     0.92616651E-05 ) :: homologous temperature equation
ComputeChange: SS (ITER=1) (NRM,RELC): (  274.80240     0.94632564E-04 ) :: homologous temperature equation
MAIN: 
MAIN: -------------------------------------
MAIN: Time: 30/115:   1.556E+07
MAIN: Estimated time left:  5.5 minutes
MAIN: -------------------------------------
MAIN: 
ComputeChange: NS (ITER=1) (NRM,RELC): (  38.616705      0.0000000     ) :: partial update
ComputeNormalSolver: Computing Normal Vector for Nodes
ComputeNormalSolver: End
GroundedSolver: Computing grounded mask from geometry
SolveEquations: -------------------------------------
SolveEquations:  Coupled system iteration:            1
SolveEquations: -------------------------------------
ComputeChange: NS (ITER=1) (NRM,RELC): (  274.83926     0.27563412E-03 ) :: homologous temperature equation
ComputeChange: NS (ITER=2) (NRM,RELC): (  274.85770     0.13780320E-03 ) :: homologous temperature equation
ComputeChange: NS (ITER=3) (NRM,RELC): (  274.86692     0.68898132E-04 ) :: homologous temperature equation
ComputeChange: NS (ITER=4) (NRM,RELC): (  274.87153     0.34448199E-04 ) :: homologous temperature equation
ComputeChange: NS (ITER=5) (NRM,RELC): (  274.87383     0.17223883E-04 ) :: homologous temperature equation
ComputeChange: NS (ITER=6) (NRM,RELC): (  274.87499     0.86118873E-05 ) :: homologous temperature equation
ComputeChange: SS (ITER=1) (NRM,RELC): (  274.82659     0.88018572E-04 ) :: homologous temperature equation
MAIN: 
MAIN: -------------------------------------
MAIN: Time: 31/115:   1.656E+07
MAIN: Estimated time left:  5.5 minutes
MAIN: -------------------------------------
MAIN: 
ComputeChange: NS (ITER=1) (NRM,RELC): (  38.616705      0.0000000     ) :: partial update
ComputeNormalSolver: Computing Normal Vector for Nodes
ComputeNormalSolver: End
GroundedSolver: Computing grounded mask from geometry
SolveEquations: -------------------------------------
SolveEquations:  Coupled system iteration:            1
SolveEquations: -------------------------------------
ComputeChange: NS (ITER=1) (NRM,RELC): (  274.86088     0.25629392E-03 ) :: homologous temperature equation
ComputeChange: NS (ITER=2) (NRM,RELC): (  274.87803     0.12813497E-03 ) :: homologous temperature equation
ComputeChange: NS (ITER=3) (NRM,RELC): (  274.88660     0.64064488E-04 ) :: homologous temperature equation
ComputeChange: NS (ITER=4) (NRM,RELC): (  274.89089     0.32031495E-04 ) :: homologous temperature equation
ComputeChange: NS (ITER=5) (NRM,RELC): (  274.89303     0.16015560E-04 ) :: homologous temperature equation
ComputeChange: NS (ITER=6) (NRM,RELC): (  274.89411     0.80077331E-05 ) :: homologous temperature equation
ComputeChange: SS (ITER=1) (NRM,RELC): (  274.84909     0.81865485E-04 ) :: homologous temperature equation
MAIN: 
MAIN: -------------------------------------
MAIN: Time: 32/115:   1.756E+07
MAIN: Estimated time left:  5.4 minutes
MAIN: -------------------------------------
MAIN: 
ComputeChange: NS (ITER=1) (NRM,RELC): (  38.616705      0.0000000     ) :: partial update
ComputeNormalSolver: Computing Normal Vector for Nodes
ComputeNormalSolver: End
GroundedSolver: Computing grounded mask from geometry
SolveEquations: -------------------------------------
SolveEquations:  Coupled system iteration:            1
SolveEquations: -------------------------------------
ComputeChange: NS (ITER=1) (NRM,RELC): (  274.88098     0.23831201E-03 ) :: homologous temperature equation
ComputeChange: NS (ITER=2) (NRM,RELC): (  274.89693     0.11914564E-03 ) :: homologous temperature equation
ComputeChange: NS (ITER=3) (NRM,RELC): (  274.90491     0.59570226E-04 ) :: homologous temperature equation
ComputeChange: NS (ITER=4) (NRM,RELC): (  274.90890     0.29784465E-04 ) :: homologous temperature equation
ComputeChange: NS (ITER=5) (NRM,RELC): (  274.91089     0.14892070E-04 ) :: homologous temperature equation
ComputeChange: NS (ITER=6) (NRM,RELC): (  274.91189     0.74459947E-05 ) :: homologous temperature equation
ComputeChange: SS (ITER=1) (NRM,RELC): (  274.87002     0.76141385E-04 ) :: homologous temperature equation
MAIN: 
MAIN: -------------------------------------
MAIN: Time: 33/115:   1.856E+07
MAIN: Estimated time left:  5.3 minutes
MAIN: -------------------------------------
MAIN: 
ComputeChange: NS (ITER=1) (NRM,RELC): (  38.616705      0.0000000     ) :: partial update
ComputeNormalSolver: Computing Normal Vector for Nodes
ComputeNormalSolver: End
GroundedSolver: Computing grounded mask from geometry
SolveEquations: -------------------------------------
SolveEquations:  Coupled system iteration:            1
SolveEquations: -------------------------------------
ComputeChange: NS (ITER=1) (NRM,RELC): (  274.89968     0.22159284E-03 ) :: homologous temperature equation
ComputeChange: NS (ITER=2) (NRM,RELC): (  274.91452     0.11078745E-03 ) :: homologous temperature equation
ComputeChange: NS (ITER=3) (NRM,RELC): (  274.92194     0.55391484E-04 ) :: homologous temperature equation
ComputeChange: NS (ITER=4) (NRM,RELC): (  274.92565     0.27695181E-04 ) :: homologous temperature equation
ComputeChange: NS (ITER=5) (NRM,RELC): (  274.92750     0.13847450E-04 ) :: homologous temperature equation
ComputeChange: NS (ITER=6) (NRM,RELC): (  274.92843     0.69236902E-05 ) :: homologous temperature equation
ComputeChange: SS (ITER=1) (NRM,RELC): (  274.88948     0.70816536E-04 ) :: homologous temperature equation
MAIN: 
MAIN: -------------------------------------
MAIN: Time: 34/115:   1.956E+07
MAIN: Estimated time left:  5.3 minutes
MAIN: -------------------------------------
MAIN: 
ComputeChange: NS (ITER=1) (NRM,RELC): (  38.616705      0.0000000     ) :: partial update
ComputeNormalSolver: Computing Normal Vector for Nodes
ComputeNormalSolver: End
GroundedSolver: Computing grounded mask from geometry
SolveEquations: -------------------------------------
SolveEquations:  Coupled system iteration:            1
SolveEquations: -------------------------------------
ComputeChange: NS (ITER=1) (NRM,RELC): (  274.91707     0.20604758E-03 ) :: homologous temperature equation
ComputeChange: NS (ITER=2) (NRM,RELC): (  274.93087     0.10301604E-03 ) :: homologous temperature equation
ComputeChange: NS (ITER=3) (NRM,RELC): (  274.93777     0.51506080E-04 ) :: homologous temperature equation
ComputeChange: NS (ITER=4) (NRM,RELC): (  274.94122     0.25752555E-04 ) :: homologous temperature equation
ComputeChange: NS (ITER=5) (NRM,RELC): (  274.94295     0.12876156E-04 ) :: homologous temperature equation
ComputeChange: NS (ITER=6) (NRM,RELC): (  274.94381     0.64380479E-05 ) :: homologous temperature equation
ComputeChange: SS (ITER=1) (NRM,RELC): (  274.90759     0.65863235E-04 ) :: homologous temperature equation
MAIN: 
MAIN: -------------------------------------
MAIN: Time: 35/115:   2.056E+07
MAIN: Estimated time left:  5.2 minutes
MAIN: -------------------------------------
MAIN: 
ComputeChange: NS (ITER=1) (NRM,RELC): (  38.616705      0.0000000     ) :: partial update
ComputeNormalSolver: Computing Normal Vector for Nodes
ComputeNormalSolver: End
GroundedSolver: Computing grounded mask from geometry
SolveEquations: -------------------------------------
SolveEquations:  Coupled system iteration:            1
SolveEquations: -------------------------------------
ComputeChange: NS (ITER=1) (NRM,RELC): (  274.93325     0.19159371E-03 ) :: homologous temperature equation
ComputeChange: NS (ITER=2) (NRM,RELC): (  274.94609     0.95790147E-04 ) :: homologous temperature equation
ComputeChange: NS (ITER=3) (NRM,RELC): (  274.95250     0.47893397E-04 ) :: homologous temperature equation
ComputeChange: NS (ITER=4) (NRM,RELC): (  274.95571     0.23946279E-04 ) :: homologous temperature equation
ComputeChange: NS (ITER=5) (NRM,RELC): (  274.95732     0.11973035E-04 ) :: homologous temperature equation
ComputeChange: NS (ITER=6) (NRM,RELC): (  274.95812     0.59864912E-05 ) :: homologous temperature equation
ComputeChange: SS (ITER=1) (NRM,RELC): (  274.92443     0.61255678E-04 ) :: homologous temperature equation
MAIN: 
MAIN: -------------------------------------
MAIN: Time: 36/115:   2.156E+07
MAIN: Estimated time left:  5.1 minutes
MAIN: -------------------------------------
MAIN: 
ComputeChange: NS (ITER=1) (NRM,RELC): (  38.616705      0.0000000     ) :: partial update
ComputeNormalSolver: Computing Normal Vector for Nodes
ComputeNormalSolver: End
GroundedSolver: Computing grounded mask from geometry
SolveEquations: -------------------------------------
SolveEquations:  Coupled system iteration:            1
SolveEquations: -------------------------------------
ComputeChange: NS (ITER=1) (NRM,RELC): (  274.94830     0.17815448E-03 ) :: homologous temperature equation
ComputeChange: NS (ITER=2) (NRM,RELC): (  274.96023     0.89071438E-04 ) :: homologous temperature equation
ComputeChange: NS (ITER=3) (NRM,RELC): (  274.96620     0.44534269E-04 ) :: homologous temperature equation
ComputeChange: NS (ITER=4) (NRM,RELC): (  274.96919     0.22266772E-04 ) :: homologous temperature equation
ComputeChange: NS (ITER=5) (NRM,RELC): (  274.97068     0.11133295E-04 ) :: homologous temperature equation
ComputeChange: NS (ITER=6) (NRM,RELC): (  274.97143     0.55666250E-05 ) :: homologous temperature equation
ComputeChange: SS (ITER=1) (NRM,RELC): (  274.94009     0.56969837E-04 ) :: homologous temperature equation
MAIN: 
MAIN: -------------------------------------
MAIN: Time: 37/115:   2.256E+07
MAIN: Estimated time left:  5.3 minutes
MAIN: -------------------------------------
MAIN: 
ComputeChange: NS (ITER=1) (NRM,RELC): (  38.616705      0.0000000     ) :: partial update
ComputeNormalSolver: Computing Normal Vector for Nodes
ComputeNormalSolver: End
GroundedSolver: Computing grounded mask from geometry
SolveEquations: -------------------------------------
SolveEquations:  Coupled system iteration:            1
SolveEquations: -------------------------------------
ComputeChange: NS (ITER=1) (NRM,RELC): (  274.96229     0.16565857E-03 ) :: homologous temperature equation
ComputeChange: NS (ITER=2) (NRM,RELC): (  274.97339     0.82824269E-04 ) :: homologous temperature equation
ComputeChange: NS (ITER=3) (NRM,RELC): (  274.97894     0.41410880E-04 ) :: homologous temperature equation
ComputeChange: NS (ITER=4) (NRM,RELC): (  274.98172     0.20705127E-04 ) :: homologous temperature equation
ComputeChange: NS (ITER=5) (NRM,RELC): (  274.98311     0.10352485E-04 ) :: homologous temperature equation
ComputeChange: NS (ITER=6) (NRM,RELC): (  274.98380     0.51762229E-05 ) :: homologous temperature equation
ComputeChange: SS (ITER=1) (NRM,RELC): (  274.95466     0.52983335E-04 ) :: homologous temperature equation
MAIN: 
MAIN: -------------------------------------
MAIN: Time: 38/115:   2.356E+07
MAIN: Estimated time left:  5.0 minutes
MAIN: -------------------------------------
MAIN: 
ComputeChange: NS (ITER=1) (NRM,RELC): (  38.616705      0.0000000     ) :: partial update
ComputeNormalSolver: Computing Normal Vector for Nodes
ComputeNormalSolver: End
GroundedSolver: Computing grounded mask from geometry
SolveEquations: -------------------------------------
SolveEquations:  Coupled system iteration:            1
SolveEquations: -------------------------------------
ComputeChange: NS (ITER=1) (NRM,RELC): (  274.97531     0.15403969E-03 ) :: homologous temperature equation
ComputeChange: NS (ITER=2) (NRM,RELC): (  274.98563     0.77015508E-04 ) :: homologous temperature equation
ComputeChange: NS (ITER=3) (NRM,RELC): (  274.99079     0.38506669E-04 ) :: homologous temperature equation
ComputeChange: NS (ITER=4) (NRM,RELC): (  274.99338     0.19253064E-04 ) :: homologous temperature equation
ComputeChange: NS (ITER=5) (NRM,RELC): (  274.99467     0.96264640E-05 ) :: homologous temperature equation
ComputeChange: SS (ITER=1) (NRM,RELC): (  274.96799     0.48493151E-04 ) :: homologous temperature equation
MAIN: 
MAIN: -------------------------------------
MAIN: Time: 39/115:   2.456E+07
MAIN: Estimated time left:  4.2 minutes
MAIN: -------------------------------------
MAIN: 
ComputeChange: NS (ITER=1) (NRM,RELC): (  38.616705      0.0000000     ) :: partial update
ComputeNormalSolver: Computing Normal Vector for Nodes
ComputeNormalSolver: End
GroundedSolver: Computing grounded mask from geometry
SolveEquations: -------------------------------------
SolveEquations:  Coupled system iteration:            1
SolveEquations: -------------------------------------
ComputeChange: NS (ITER=1) (NRM,RELC): (  274.98722     0.14340769E-03 ) :: homologous temperature equation
ComputeChange: NS (ITER=2) (NRM,RELC): (  274.99683     0.71700085E-04 ) :: homologous temperature equation
ComputeChange: NS (ITER=3) (NRM,RELC): (  275.00164     0.35849102E-04 ) :: homologous temperature equation
ComputeChange: NS (ITER=4) (NRM,RELC): (  275.00404     0.17924316E-04 ) :: homologous temperature equation
ComputeChange: NS (ITER=5) (NRM,RELC): (  275.00525     0.89620993E-05 ) :: homologous temperature equation
ComputeChange: SS (ITER=1) (NRM,RELC): (  274.98041     0.45152903E-04 ) :: homologous temperature equation
MAIN: 
MAIN: -------------------------------------
MAIN: Time: 40/115:   2.556E+07
MAIN: Estimated time left:  4.1 minutes
MAIN: -------------------------------------
MAIN: 
ComputeChange: NS (ITER=1) (NRM,RELC): (  38.616705      0.0000000     ) :: partial update
ComputeNormalSolver: Computing Normal Vector for Nodes
ComputeNormalSolver: End
GroundedSolver: Computing grounded mask from geometry
SolveEquations: -------------------------------------
SolveEquations:  Coupled system iteration:            1
SolveEquations: -------------------------------------
ComputeChange: NS (ITER=1) (NRM,RELC): (  274.99831     0.13350993E-03 ) :: homologous temperature equation
ComputeChange: NS (ITER=2) (NRM,RELC): (  275.00726     0.66751705E-04 ) :: homologous temperature equation
ComputeChange: NS (ITER=3) (NRM,RELC): (  275.01174     0.33375038E-04 ) :: homologous temperature equation
ComputeChange: NS (ITER=4) (NRM,RELC): (  275.01398     0.16687315E-04 ) :: homologous temperature equation
ComputeChange: NS (ITER=5) (NRM,RELC): (  275.01510     0.83436066E-05 ) :: homologous temperature equation
ComputeChange: SS (ITER=1) (NRM,RELC): (  274.99197     0.42042416E-04 ) :: homologous temperature equation
MAIN: 
MAIN: -------------------------------------
MAIN: Time: 41/115:   2.656E+07
MAIN: Estimated time left:  4.0 minutes
MAIN: -------------------------------------
MAIN: 
ComputeChange: NS (ITER=1) (NRM,RELC): (  38.616705      0.0000000     ) :: partial update
ComputeNormalSolver: Computing Normal Vector for Nodes
ComputeNormalSolver: End
GroundedSolver: Computing grounded mask from geometry
SolveEquations: -------------------------------------
SolveEquations:  Coupled system iteration:            1
SolveEquations: -------------------------------------
ComputeChange: NS (ITER=1) (NRM,RELC): (  275.00864     0.12429565E-03 ) :: homologous temperature equation
ComputeChange: NS (ITER=2) (NRM,RELC): (  275.01697     0.62144999E-04 ) :: homologous temperature equation
ComputeChange: NS (ITER=3) (NRM,RELC): (  275.02114     0.31071793E-04 ) :: homologous temperature equation
ComputeChange: NS (ITER=4) (NRM,RELC): (  275.02323     0.15535720E-04 ) :: homologous temperature equation
ComputeChange: NS (ITER=5) (NRM,RELC): (  275.02427     0.77678159E-05 ) :: homologous temperature equation
ComputeChange: SS (ITER=1) (NRM,RELC): (  275.00274     0.39145931E-04 ) :: homologous temperature equation
MAIN: 
MAIN: -------------------------------------
MAIN: Time: 42/115:   2.756E+07
MAIN: Estimated time left:  4.0 minutes
MAIN: -------------------------------------
MAIN: 
ComputeChange: NS (ITER=1) (NRM,RELC): (  38.616705      0.0000000     ) :: partial update
ComputeNormalSolver: Computing Normal Vector for Nodes
ComputeNormalSolver: End
GroundedSolver: Computing grounded mask from geometry
SolveEquations: -------------------------------------
SolveEquations:  Coupled system iteration:            1
SolveEquations: -------------------------------------
ComputeChange: NS (ITER=1) (NRM,RELC): (  275.01826     0.11571761E-03 ) :: homologous temperature equation
ComputeChange: NS (ITER=2) (NRM,RELC): (  275.02602     0.57856355E-04 ) :: homologous temperature equation
ComputeChange: NS (ITER=3) (NRM,RELC): (  275.02990     0.28927565E-04 ) :: homologous temperature equation
ComputeChange: NS (ITER=4) (NRM,RELC): (  275.03184     0.14463629E-04 ) :: homologous temperature equation
ComputeChange: NS (ITER=5) (NRM,RELC): (  275.03281     0.72317765E-05 ) :: homologous temperature equation
ComputeChange: SS (ITER=1) (NRM,RELC): (  275.01276     0.36448762E-04 ) :: homologous temperature equation
MAIN: 
MAIN: -------------------------------------
MAIN: Time: 43/115:   2.856E+07
MAIN: Estimated time left:  3.9 minutes
MAIN: -------------------------------------
MAIN: 
ComputeChange: NS (ITER=1) (NRM,RELC): (  38.616705      0.0000000     ) :: partial update
ComputeNormalSolver: Computing Normal Vector for Nodes
ComputeNormalSolver: End
GroundedSolver: Computing grounded mask from geometry
SolveEquations: -------------------------------------
SolveEquations:  Coupled system iteration:            1
SolveEquations: -------------------------------------
ComputeChange: NS (ITER=1) (NRM,RELC): (  275.02721     0.10773183E-03 ) :: homologous temperature equation
ComputeChange: NS (ITER=2) (NRM,RELC): (  275.03444     0.53863793E-04 ) :: homologous temperature equation
ComputeChange: NS (ITER=3) (NRM,RELC): (  275.03805     0.26931366E-04 ) :: homologous temperature equation
ComputeChange: NS (ITER=4) (NRM,RELC): (  275.03986     0.13465550E-04 ) :: homologous temperature equation
ComputeChange: NS (ITER=5) (NRM,RELC): (  275.04076     0.67327419E-05 ) :: homologous temperature equation
ComputeChange: SS (ITER=1) (NRM,RELC): (  275.02209     0.33937226E-04 ) :: homologous temperature equation
MAIN: 
MAIN: -------------------------------------
MAIN: Time: 44/115:   2.956E+07
MAIN: Estimated time left:  3.9 minutes
MAIN: -------------------------------------
MAIN: 
ComputeChange: NS (ITER=1) (NRM,RELC): (  38.616705      0.0000000     ) :: partial update
ComputeNormalSolver: Computing Normal Vector for Nodes
ComputeNormalSolver: End
GroundedSolver: Computing grounded mask from geometry
SolveEquations: -------------------------------------
SolveEquations:  Coupled system iteration:            1
SolveEquations: -------------------------------------
ComputeChange: NS (ITER=1) (NRM,RELC): (  275.03555     0.10029740E-03 ) :: homologous temperature equation
ComputeChange: NS (ITER=2) (NRM,RELC): (  275.04228     0.50146857E-04 ) :: homologous temperature equation
ComputeChange: NS (ITER=3) (NRM,RELC): (  275.04564     0.25072969E-04 ) :: homologous temperature equation
ComputeChange: NS (ITER=4) (NRM,RELC): (  275.04732     0.12536369E-04 ) :: homologous temperature equation
ComputeChange: NS (ITER=5) (NRM,RELC): (  275.04817     0.62681559E-05 ) :: homologous temperature equation
ComputeChange: SS (ITER=1) (NRM,RELC): (  275.03078     0.31598575E-04 ) :: homologous temperature equation
MAIN: 
MAIN: -------------------------------------
MAIN: Time: 45/115:   3.056E+07
MAIN: Estimated time left:  3.8 minutes
MAIN: -------------------------------------
MAIN: 
ComputeChange: NS (ITER=1) (NRM,RELC): (  38.616705      0.0000000     ) :: partial update
ComputeNormalSolver: Computing Normal Vector for Nodes
ComputeNormalSolver: End
GroundedSolver: Computing grounded mask from geometry
SolveEquations: -------------------------------------
SolveEquations:  Coupled system iteration:            1
SolveEquations: -------------------------------------
ComputeChange: NS (ITER=1) (NRM,RELC): (  275.04331     0.93376202E-04 ) :: homologous temperature equation
ComputeChange: NS (ITER=2) (NRM,RELC): (  275.04958     0.46686506E-04 ) :: homologous temperature equation
ComputeChange: NS (ITER=3) (NRM,RELC): (  275.05271     0.23342854E-04 ) :: homologous temperature equation
ComputeChange: NS (ITER=4) (NRM,RELC): (  275.05428     0.11671327E-04 ) :: homologous temperature equation
ComputeChange: NS (ITER=5) (NRM,RELC): (  275.05506     0.58356388E-05 ) :: homologous temperature equation
ComputeChange: SS (ITER=1) (NRM,RELC): (  275.03887     0.29420931E-04 ) :: homologous temperature equation
MAIN: 
MAIN: -------------------------------------
MAIN: Time: 46/115:   3.156E+07
MAIN: Estimated time left:  3.8 minutes
MAIN: -------------------------------------
MAIN: 
ComputeChange: NS (ITER=1) (NRM,RELC): (  38.616705      0.0000000     ) :: partial update
ComputeNormalSolver: Computing Normal Vector for Nodes
ComputeNormalSolver: End
GroundedSolver: Computing grounded mask from geometry
SolveEquations: -------------------------------------
SolveEquations:  Coupled system iteration:            1
SolveEquations: -------------------------------------
ComputeChange: NS (ITER=1) (NRM,RELC): (  275.05054     0.86932794E-04 ) :: homologous temperature equation
ComputeChange: NS (ITER=2) (NRM,RELC): (  275.05637     0.43465014E-04 ) :: homologous temperature equation
ComputeChange: NS (ITER=3) (NRM,RELC): (  275.05929     0.21732161E-04 ) :: homologous temperature equation
ComputeChange: NS (ITER=4) (NRM,RELC): (  275.06075     0.10865994E-04 ) :: homologous temperature equation
ComputeChange: NS (ITER=5) (NRM,RELC): (  275.06148     0.54329755E-05 ) :: homologous temperature equation
ComputeChange: SS (ITER=1) (NRM,RELC): (  275.04641     0.27393231E-04 ) :: homologous temperature equation
MAIN: 
MAIN: -------------------------------------
MAIN: Time: 47/115:   3.256E+07
MAIN: Estimated time left:  3.9 minutes
MAIN: -------------------------------------
MAIN: 
ComputeChange: NS (ITER=1) (NRM,RELC): (  38.616705      0.0000000     ) :: partial update
ComputeNormalSolver: Computing Normal Vector for Nodes
ComputeNormalSolver: End
GroundedSolver: Computing grounded mask from geometry
SolveEquations: -------------------------------------
SolveEquations:  Coupled system iteration:            1
SolveEquations: -------------------------------------
ComputeChange: NS (ITER=1) (NRM,RELC): (  275.05727     0.80934164E-04 ) :: homologous temperature equation
ComputeChange: NS (ITER=2) (NRM,RELC): (  275.06270     0.40465883E-04 ) :: homologous temperature equation
ComputeChange: NS (ITER=3) (NRM,RELC): (  275.06542     0.20232642E-04 ) :: homologous temperature equation
ComputeChange: NS (ITER=4) (NRM,RELC): (  275.06678     0.10116246E-04 ) :: homologous temperature equation
ComputeChange: NS (ITER=5) (NRM,RELC): (  275.06746     0.50581043E-05 ) :: homologous temperature equation
ComputeChange: SS (ITER=1) (NRM,RELC): (  275.05342     0.25505168E-04 ) :: homologous temperature equation
MAIN: 
MAIN: -------------------------------------
MAIN: Time: 48/115:   3.356E+07
MAIN: Estimated time left:  3.7 minutes
MAIN: -------------------------------------
MAIN: 
ComputeChange: NS (ITER=1) (NRM,RELC): (  38.616705      0.0000000     ) :: partial update
ComputeNormalSolver: Computing Normal Vector for Nodes
ComputeNormalSolver: End
GroundedSolver: Computing grounded mask from geometry
SolveEquations: -------------------------------------
SolveEquations:  Coupled system iteration:            1
SolveEquations: -------------------------------------
ComputeChange: NS (ITER=1) (NRM,RELC): (  275.06354     0.75349591E-04 ) :: homologous temperature equation
ComputeChange: NS (ITER=2) (NRM,RELC): (  275.06860     0.37673757E-04 ) :: homologous temperature equation
ComputeChange: NS (ITER=3) (NRM,RELC): (  275.07112     0.18836619E-04 ) :: homologous temperature equation
ComputeChange: NS (ITER=4) (NRM,RELC): (  275.07239     0.94182443E-05 ) :: homologous temperature equation
ComputeChange: SS (ITER=1) (NRM,RELC): (  275.05975     0.22981084E-04 ) :: homologous temperature equation
MAIN: 
MAIN: -------------------------------------
MAIN: Time: 49/115:   3.456E+07
MAIN: Estimated time left:  2.9 minutes
MAIN: -------------------------------------
MAIN: 
ComputeChange: NS (ITER=1) (NRM,RELC): (  38.616705      0.0000000     ) :: partial update
ComputeNormalSolver: Computing Normal Vector for Nodes
ComputeNormalSolver: End
GroundedSolver: Computing grounded mask from geometry
SolveEquations: -------------------------------------
SolveEquations:  Coupled system iteration:            1
SolveEquations: -------------------------------------
ComputeChange: NS (ITER=1) (NRM,RELC): (  275.06918     0.70318187E-04 ) :: homologous temperature equation
ComputeChange: NS (ITER=2) (NRM,RELC): (  275.07390     0.35158188E-04 ) :: homologous temperature equation
ComputeChange: NS (ITER=3) (NRM,RELC): (  275.07626     0.17578868E-04 ) :: homologous temperature equation
ComputeChange: NS (ITER=4) (NRM,RELC): (  275.07744     0.87893774E-05 ) :: homologous temperature equation
ComputeChange: SS (ITER=1) (NRM,RELC): (  275.06564     0.21448061E-04 ) :: homologous temperature equation
MAIN: 
MAIN: -------------------------------------
MAIN: Time: 50/115:   3.556E+07
MAIN: Estimated time left:  2.9 minutes
MAIN: -------------------------------------
MAIN: 
ComputeChange: NS (ITER=1) (NRM,RELC): (  38.616705      0.0000000     ) :: partial update
ComputeNormalSolver: Computing Normal Vector for Nodes
ComputeNormalSolver: End
GroundedSolver: Computing grounded mask from geometry
SolveEquations: -------------------------------------
SolveEquations:  Coupled system iteration:            1
SolveEquations: -------------------------------------
ComputeChange: NS (ITER=1) (NRM,RELC): (  275.07445     0.65622844E-04 ) :: homologous temperature equation
ComputeChange: NS (ITER=2) (NRM,RELC): (  275.07886     0.32810634E-04 ) :: homologous temperature equation
ComputeChange: NS (ITER=3) (NRM,RELC): (  275.08106     0.16405120E-04 ) :: homologous temperature equation
ComputeChange: NS (ITER=4) (NRM,RELC): (  275.08216     0.82025107E-05 ) :: homologous temperature equation
ComputeChange: SS (ITER=1) (NRM,RELC): (  275.07115     0.20017236E-04 ) :: homologous temperature equation
MAIN: 
MAIN: -------------------------------------
MAIN: Time: 51/115:   3.656E+07
MAIN: Estimated time left:  2.8 minutes
MAIN: -------------------------------------
MAIN: 
ComputeChange: NS (ITER=1) (NRM,RELC): (  38.616705      0.0000000     ) :: partial update
ComputeNormalSolver: Computing Normal Vector for Nodes
ComputeNormalSolver: End
GroundedSolver: Computing grounded mask from geometry
SolveEquations: -------------------------------------
SolveEquations:  Coupled system iteration:            1
SolveEquations: -------------------------------------
ComputeChange: NS (ITER=1) (NRM,RELC): (  275.07937     0.61241105E-04 ) :: homologous temperature equation
ComputeChange: NS (ITER=2) (NRM,RELC): (  275.08348     0.30619866E-04 ) :: homologous temperature equation
ComputeChange: NS (ITER=3) (NRM,RELC): (  275.08554     0.15309761E-04 ) :: homologous temperature equation
ComputeChange: NS (ITER=4) (NRM,RELC): (  275.08657     0.76548377E-05 ) :: homologous temperature equation
ComputeChange: SS (ITER=1) (NRM,RELC): (  275.07629     0.18681805E-04 ) :: homologous temperature equation
MAIN: 
MAIN: -------------------------------------
MAIN: Time: 52/115:   3.756E+07
MAIN: Estimated time left:  2.8 minutes
MAIN: -------------------------------------
MAIN: 
ComputeChange: NS (ITER=1) (NRM,RELC): (  38.616705      0.0000000     ) :: partial update
ComputeNormalSolver: Computing Normal Vector for Nodes
ComputeNormalSolver: End
GroundedSolver: Computing grounded mask from geometry
SolveEquations: -------------------------------------
SolveEquations:  Coupled system iteration:            1
SolveEquations: -------------------------------------
ComputeChange: NS (ITER=1) (NRM,RELC): (  275.08396     0.57152012E-04 ) :: homologous temperature equation
ComputeChange: NS (ITER=2) (NRM,RELC): (  275.08780     0.28575408E-04 ) :: homologous temperature equation
ComputeChange: NS (ITER=3) (NRM,RELC): (  275.08972     0.14287555E-04 ) :: homologous temperature equation
ComputeChange: NS (ITER=4) (NRM,RELC): (  275.09068     0.71437399E-05 ) :: homologous temperature equation
ComputeChange: SS (ITER=1) (NRM,RELC): (  275.08109     0.17435416E-04 ) :: homologous temperature equation
MAIN: 
MAIN: -------------------------------------
MAIN: Time: 53/115:   3.856E+07
MAIN: Estimated time left:  2.7 minutes
MAIN: -------------------------------------
MAIN: 
ComputeChange: NS (ITER=1) (NRM,RELC): (  38.616705      0.0000000     ) :: partial update
ComputeNormalSolver: Computing Normal Vector for Nodes
ComputeNormalSolver: End
GroundedSolver: Computing grounded mask from geometry
SolveEquations: -------------------------------------
SolveEquations:  Coupled system iteration:            1
SolveEquations: -------------------------------------
ComputeChange: NS (ITER=1) (NRM,RELC): (  275.08825     0.53336012E-04 ) :: homologous temperature equation
ComputeChange: NS (ITER=2) (NRM,RELC): (  275.09183     0.26667485E-04 ) :: homologous temperature equation
ComputeChange: NS (ITER=3) (NRM,RELC): (  275.09362     0.13333613E-04 ) :: homologous temperature equation
ComputeChange: NS (ITER=4) (NRM,RELC): (  275.09451     0.66667737E-05 ) :: homologous temperature equation
ComputeChange: SS (ITER=1) (NRM,RELC): (  275.08556     0.16272138E-04 ) :: homologous temperature equation
MAIN: 
MAIN: -------------------------------------
MAIN: Time: 54/115:   3.956E+07
MAIN: Estimated time left:  2.7 minutes
MAIN: -------------------------------------
MAIN: 
ComputeChange: NS (ITER=1) (NRM,RELC): (  38.616705      0.0000000     ) :: partial update
ComputeNormalSolver: Computing Normal Vector for Nodes
ComputeNormalSolver: End
GroundedSolver: Computing grounded mask from geometry
SolveEquations: -------------------------------------
SolveEquations:  Coupled system iteration:            1
SolveEquations: -------------------------------------
ComputeChange: NS (ITER=1) (NRM,RELC): (  275.09225     0.49774859E-04 ) :: homologous temperature equation
ComputeChange: NS (ITER=2) (NRM,RELC): (  275.09559     0.24886976E-04 ) :: homologous temperature equation
ComputeChange: NS (ITER=3) (NRM,RELC): (  275.09726     0.12443375E-04 ) :: homologous temperature equation
ComputeChange: NS (ITER=4) (NRM,RELC): (  275.09810     0.62216589E-05 ) :: homologous temperature equation
ComputeChange: SS (ITER=1) (NRM,RELC): (  275.08974     0.15186436E-04 ) :: homologous temperature equation
MAIN: 
MAIN: -------------------------------------
MAIN: Time: 55/115:   4.056E+07
MAIN: Estimated time left:  2.6 minutes
MAIN: -------------------------------------
MAIN: 
ComputeChange: NS (ITER=1) (NRM,RELC): (  38.616705      0.0000000     ) :: partial update
ComputeNormalSolver: Computing Normal Vector for Nodes
ComputeNormalSolver: End
GroundedSolver: Computing grounded mask from geometry
SolveEquations: -------------------------------------
SolveEquations:  Coupled system iteration:            1
SolveEquations: -------------------------------------
ComputeChange: NS (ITER=1) (NRM,RELC): (  275.09598     0.46451524E-04 ) :: homologous temperature equation
ComputeChange: NS (ITER=2) (NRM,RELC): (  275.09910     0.23225367E-04 ) :: homologous temperature equation
ComputeChange: NS (ITER=3) (NRM,RELC): (  275.10066     0.11612585E-04 ) :: homologous temperature equation
ComputeChange: NS (ITER=4) (NRM,RELC): (  275.10144     0.58062677E-05 ) :: homologous temperature equation
ComputeChange: SS (ITER=1) (NRM,RELC): (  275.09364     0.14173139E-04 ) :: homologous temperature equation
MAIN: 
MAIN: -------------------------------------
MAIN: Time: 56/115:   4.156E+07
MAIN: Estimated time left:  2.6 minutes
MAIN: -------------------------------------
MAIN: 
ComputeChange: NS (ITER=1) (NRM,RELC): (  38.616705      0.0000000     ) :: partial update
ComputeNormalSolver: Computing Normal Vector for Nodes
ComputeNormalSolver: End
GroundedSolver: Computing grounded mask from geometry
SolveEquations: -------------------------------------
SolveEquations:  Coupled system iteration:            1
SolveEquations: -------------------------------------
ComputeChange: NS (ITER=1) (NRM,RELC): (  275.09946     0.43350122E-04 ) :: homologous temperature equation
ComputeChange: NS (ITER=2) (NRM,RELC): (  275.10237     0.21674717E-04 ) :: homologous temperature equation
ComputeChange: NS (ITER=3) (NRM,RELC): (  275.10383     0.10837272E-04 ) :: homologous temperature equation
ComputeChange: NS (ITER=4) (NRM,RELC): (  275.10456     0.54186147E-05 ) :: homologous temperature equation
ComputeChange: SS (ITER=1) (NRM,RELC): (  275.09728     0.13227426E-04 ) :: homologous temperature equation
MAIN: 
MAIN: -------------------------------------
MAIN: Time: 57/115:   4.256E+07
MAIN: Estimated time left:  2.7 minutes
MAIN: -------------------------------------
MAIN: 
ComputeChange: NS (ITER=1) (NRM,RELC): (  38.616705      0.0000000     ) :: partial update
ComputeNormalSolver: Computing Normal Vector for Nodes
ComputeNormalSolver: End
GroundedSolver: Computing grounded mask from geometry
SolveEquations: -------------------------------------
SolveEquations:  Coupled system iteration:            1
SolveEquations: -------------------------------------
ComputeChange: NS (ITER=1) (NRM,RELC): (  275.10271     0.40455824E-04 ) :: homologous temperature equation
ComputeChange: NS (ITER=2) (NRM,RELC): (  275.10543     0.20227612E-04 ) :: homologous temperature equation
ComputeChange: NS (ITER=3) (NRM,RELC): (  275.10679     0.10113731E-04 ) :: homologous temperature equation
ComputeChange: NS (ITER=4) (NRM,RELC): (  275.10747     0.50568469E-05 ) :: homologous temperature equation
ComputeChange: SS (ITER=1) (NRM,RELC): (  275.10067     0.12344790E-04 ) :: homologous temperature equation
MAIN: 
MAIN: -------------------------------------
MAIN: Time: 58/115:   4.356E+07
MAIN: Estimated time left:  3.0 minutes
MAIN: -------------------------------------
MAIN: 
ComputeChange: NS (ITER=1) (NRM,RELC): (  38.616705      0.0000000     ) :: partial update
ComputeNormalSolver: Computing Normal Vector for Nodes
ComputeNormalSolver: End
GroundedSolver: Computing grounded mask from geometry
SolveEquations: -------------------------------------
SolveEquations:  Coupled system iteration:            1
SolveEquations: -------------------------------------
ComputeChange: NS (ITER=1) (NRM,RELC): (  275.10574     0.37754798E-04 ) :: homologous temperature equation
ComputeChange: NS (ITER=2) (NRM,RELC): (  275.10828     0.18877138E-04 ) :: homologous temperature equation
ComputeChange: NS (ITER=3) (NRM,RELC): (  275.10955     0.94385037E-05 ) :: homologous temperature equation
ComputeChange: SS (ITER=1) (NRM,RELC): (  275.10363     0.10752951E-04 ) :: homologous temperature equation
MAIN: 
MAIN: -------------------------------------
MAIN: Time: 59/115:   4.456E+07
MAIN: Estimated time left:  1.9 minutes
MAIN: -------------------------------------
MAIN: 
ComputeChange: NS (ITER=1) (NRM,RELC): (  38.616705      0.0000000     ) :: partial update
ComputeNormalSolver: Computing Normal Vector for Nodes
ComputeNormalSolver: End
GroundedSolver: Computing grounded mask from geometry
SolveEquations: -------------------------------------
SolveEquations:  Coupled system iteration:            1
SolveEquations: -------------------------------------
ComputeChange: NS (ITER=1) (NRM,RELC): (  275.10839     0.35402175E-04 ) :: homologous temperature equation
ComputeChange: NS (ITER=2) (NRM,RELC): (  275.11076     0.17700858E-04 ) :: homologous temperature equation
ComputeChange: NS (ITER=3) (NRM,RELC): (  275.11195     0.88503716E-05 ) :: homologous temperature equation
ComputeChange: SS (ITER=1) (NRM,RELC): (  275.10641     0.10083234E-04 ) :: homologous temperature equation
MAIN: 
MAIN: -------------------------------------
MAIN: Time: 60/115:   4.556E+07
MAIN: Estimated time left:  1.8 minutes
MAIN: -------------------------------------
MAIN: 
ComputeChange: NS (ITER=1) (NRM,RELC): (  38.616705      0.0000000     ) :: partial update
ComputeNormalSolver: Computing Normal Vector for Nodes
ComputeNormalSolver: End
GroundedSolver: Computing grounded mask from geometry
SolveEquations: -------------------------------------
SolveEquations:  Coupled system iteration:            1
SolveEquations: -------------------------------------
ComputeChange: NS (ITER=1) (NRM,RELC): (  275.11086     0.33196173E-04 ) :: homologous temperature equation
ComputeChange: NS (ITER=2) (NRM,RELC): (  275.11309     0.16597884E-04 ) :: homologous temperature equation
ComputeChange: NS (ITER=3) (NRM,RELC): (  275.11421     0.82988918E-05 ) :: homologous temperature equation
ComputeChange: SS (ITER=1) (NRM,RELC): (  275.10901     0.94552144E-05 ) :: homologous temperature equation
MAIN: 
MAIN: -------------------------------------
MAIN: Time: 61/115:   4.656E+07
MAIN: Estimated time left:  1.8 minutes
MAIN: -------------------------------------
MAIN: 
ComputeChange: NS (ITER=1) (NRM,RELC): (  38.616705      0.0000000     ) :: partial update
ComputeNormalSolver: Computing Normal Vector for Nodes
ComputeNormalSolver: End
GroundedSolver: Computing grounded mask from geometry
SolveEquations: -------------------------------------
SolveEquations:  Coupled system iteration:            1
SolveEquations: -------------------------------------
ComputeChange: NS (ITER=1) (NRM,RELC): (  275.11319     0.31127650E-04 ) :: homologous temperature equation
ComputeChange: NS (ITER=2) (NRM,RELC): (  275.11528     0.15563648E-04 ) :: homologous temperature equation
ComputeChange: NS (ITER=3) (NRM,RELC): (  275.11632     0.77817795E-05 ) :: homologous temperature equation
ComputeChange: SS (ITER=1) (NRM,RELC): (  275.11145     0.88662982E-05 ) :: homologous temperature equation
MAIN: 
MAIN: -------------------------------------
MAIN: Time: 62/115:   4.756E+07
MAIN: Estimated time left:  1.8 minutes
MAIN: -------------------------------------
MAIN: 
ComputeChange: NS (ITER=1) (NRM,RELC): (  38.616705      0.0000000     ) :: partial update
ComputeNormalSolver: Computing Normal Vector for Nodes
ComputeNormalSolver: End
GroundedSolver: Computing grounded mask from geometry
SolveEquations: -------------------------------------
SolveEquations:  Coupled system iteration:            1
SolveEquations: -------------------------------------
ComputeChange: NS (ITER=1) (NRM,RELC): (  275.11537     0.29188038E-04 ) :: homologous temperature equation
ComputeChange: NS (ITER=2) (NRM,RELC): (  275.11733     0.14593863E-04 ) :: homologous temperature equation
ComputeChange: NS (ITER=3) (NRM,RELC): (  275.11831     0.72968925E-05 ) :: homologous temperature equation
ComputeChange: SS (ITER=1) (NRM,RELC): (  275.11373     0.83140520E-05 ) :: homologous temperature equation
MAIN: 
MAIN: -------------------------------------
MAIN: Time: 63/115:   4.856E+07
MAIN: Estimated time left:  1.7 minutes
MAIN: -------------------------------------
MAIN: 
ComputeChange: NS (ITER=1) (NRM,RELC): (  38.616705      0.0000000     ) :: partial update
ComputeNormalSolver: Computing Normal Vector for Nodes
ComputeNormalSolver: End
GroundedSolver: Computing grounded mask from geometry
SolveEquations: -------------------------------------
SolveEquations:  Coupled system iteration:            1
SolveEquations: -------------------------------------
ComputeChange: NS (ITER=1) (NRM,RELC): (  275.11741     0.27369300E-04 ) :: homologous temperature equation
ComputeChange: NS (ITER=2) (NRM,RELC): (  275.11925     0.13684513E-04 ) :: homologous temperature equation
ComputeChange: NS (ITER=3) (NRM,RELC): (  275.12017     0.68422222E-05 ) :: homologous temperature equation
ComputeChange: SS (ITER=1) (NRM,RELC): (  275.11588     0.77961938E-05 ) :: homologous temperature equation
MAIN: 
MAIN: -------------------------------------
MAIN: Time: 64/115:   4.956E+07
MAIN: Estimated time left:  1.7 minutes
MAIN: -------------------------------------
MAIN: 
ComputeChange: NS (ITER=1) (NRM,RELC): (  38.616705      0.0000000     ) :: partial update
ComputeNormalSolver: Computing Normal Vector for Nodes
ComputeNormalSolver: End
GroundedSolver: Computing grounded mask from geometry
SolveEquations: -------------------------------------
SolveEquations:  Coupled system iteration:            1
SolveEquations: -------------------------------------
ComputeChange: NS (ITER=1) (NRM,RELC): (  275.11933     0.25663903E-04 ) :: homologous temperature equation
ComputeChange: NS (ITER=2) (NRM,RELC): (  275.12105     0.12831831E-04 ) :: homologous temperature equation
ComputeChange: NS (ITER=3) (NRM,RELC): (  275.12191     0.64158852E-05 ) :: homologous temperature equation
ComputeChange: SS (ITER=1) (NRM,RELC): (  275.11789     0.73105834E-05 ) :: homologous temperature equation
MAIN: 
MAIN: -------------------------------------
MAIN: Time: 65/115:   5.056E+07
MAIN: Estimated time left:  1.7 minutes
MAIN: -------------------------------------
MAIN: 
ComputeChange: NS (ITER=1) (NRM,RELC): (  38.616705      0.0000000     ) :: partial update
ComputeNormalSolver: Computing Normal Vector for Nodes
ComputeNormalSolver: End
GroundedSolver: Computing grounded mask from geometry
SolveEquations: -------------------------------------
SolveEquations:  Coupled system iteration:            1
SolveEquations: -------------------------------------
ComputeChange: NS (ITER=1) (NRM,RELC): (  275.12112     0.24064780E-04 ) :: homologous temperature equation
ComputeChange: NS (ITER=2) (NRM,RELC): (  275.12274     0.12032284E-04 ) :: homologous temperature equation
ComputeChange: NS (ITER=3) (NRM,RELC): (  275.12355     0.60161155E-05 ) :: homologous temperature equation
ComputeChange: SS (ITER=1) (NRM,RELC): (  275.11978     0.68552137E-05 ) :: homologous temperature equation
MAIN: 
MAIN: -------------------------------------
MAIN: Time: 66/115:   5.156E+07
MAIN: Estimated time left:  1.6 minutes
MAIN: -------------------------------------
MAIN: 
ComputeChange: NS (ITER=1) (NRM,RELC): (  38.616705      0.0000000     ) :: partial update
ComputeNormalSolver: Computing Normal Vector for Nodes
ComputeNormalSolver: End
GroundedSolver: Computing grounded mask from geometry
SolveEquations: -------------------------------------
SolveEquations:  Coupled system iteration:            1
SolveEquations: -------------------------------------
ComputeChange: NS (ITER=1) (NRM,RELC): (  275.12281     0.22565309E-04 ) :: homologous temperature equation
ComputeChange: NS (ITER=2) (NRM,RELC): (  275.12432     0.11282561E-04 ) :: homologous temperature equation
ComputeChange: NS (ITER=3) (NRM,RELC): (  275.12508     0.56412574E-05 ) :: homologous temperature equation
ComputeChange: SS (ITER=1) (NRM,RELC): (  275.12154     0.64282023E-05 ) :: homologous temperature equation
MAIN: 
MAIN: -------------------------------------
MAIN: Time: 67/115:   5.256E+07
MAIN: Estimated time left:  1.7 minutes
MAIN: -------------------------------------
MAIN: 
ComputeChange: NS (ITER=1) (NRM,RELC): (  38.616705      0.0000000     ) :: partial update
ComputeNormalSolver: Computing Normal Vector for Nodes
ComputeNormalSolver: End
GroundedSolver: Computing grounded mask from geometry
SolveEquations: -------------------------------------
SolveEquations:  Coupled system iteration:            1
SolveEquations: -------------------------------------
ComputeChange: NS (ITER=1) (NRM,RELC): (  275.12439     0.21159278E-04 ) :: homologous temperature equation
ComputeChange: NS (ITER=2) (NRM,RELC): (  275.12581     0.10579557E-04 ) :: homologous temperature equation
ComputeChange: NS (ITER=3) (NRM,RELC): (  275.12652     0.52897581E-05 ) :: homologous temperature equation
ComputeChange: SS (ITER=1) (NRM,RELC): (  275.12320     0.60277839E-05 ) :: homologous temperature equation
MAIN: 
MAIN: -------------------------------------
MAIN: Time: 68/115:   5.356E+07
MAIN: Estimated time left:  1.6 minutes
MAIN: -------------------------------------
MAIN: 
ComputeChange: NS (ITER=1) (NRM,RELC): (  38.616705      0.0000000     ) :: partial update
ComputeNormalSolver: Computing Normal Vector for Nodes
ComputeNormalSolver: End
GroundedSolver: Computing grounded mask from geometry
SolveEquations: -------------------------------------
SolveEquations:  Coupled system iteration:            1
SolveEquations: -------------------------------------
ComputeChange: NS (ITER=1) (NRM,RELC): (  275.12587     0.19840864E-04 ) :: homologous temperature equation
ComputeChange: NS (ITER=2) (NRM,RELC): (  275.12720     0.99203599E-05 ) :: homologous temperature equation
ComputeChange: SS (ITER=1) (NRM,RELC): (  275.12453     0.48448270E-05 ) :: homologous temperature equation
MAIN: 
MAIN: -------------------------------------
MAIN: Time: 69/115:   5.456E+07
MAIN: Estimated time left:  1.0 minutes
MAIN: -------------------------------------
MAIN: 
ComputeChange: NS (ITER=1) (NRM,RELC): (  38.616705      0.0000000     ) :: partial update
ComputeNormalSolver: Computing Normal Vector for Nodes
ComputeNormalSolver: End
GroundedSolver: Computing grounded mask from geometry
SolveEquations: -------------------------------------
SolveEquations:  Coupled system iteration:            1
SolveEquations: -------------------------------------
ComputeChange: NS (ITER=1) (NRM,RELC): (  275.12706     0.18781213E-04 ) :: homologous temperature equation
ComputeChange: NS (ITER=2) (NRM,RELC): (  275.12832     0.93905418E-05 ) :: homologous temperature equation
ComputeChange: SS (ITER=1) (NRM,RELC): (  275.12580     0.45861453E-05 ) :: homologous temperature equation
MAIN: 
MAIN: -------------------------------------
MAIN: Time: 70/115:   5.556E+07
MAIN: Estimated time left:  1.0 minutes
MAIN: -------------------------------------
MAIN: 
ComputeChange: NS (ITER=1) (NRM,RELC): (  38.616705      0.0000000     ) :: partial update
ComputeNormalSolver: Computing Normal Vector for Nodes
ComputeNormalSolver: End
GroundedSolver: Computing grounded mask from geometry
SolveEquations: -------------------------------------
SolveEquations:  Coupled system iteration:            1
SolveEquations: -------------------------------------
ComputeChange: NS (ITER=1) (NRM,RELC): (  275.12819     0.17778159E-04 ) :: homologous temperature equation
ComputeChange: NS (ITER=2) (NRM,RELC): (  275.12938     0.88890218E-05 ) :: homologous temperature equation
ComputeChange: SS (ITER=1) (NRM,RELC): (  275.12699     0.43412731E-05 ) :: homologous temperature equation
MAIN: 
MAIN: -------------------------------------
MAIN: Time: 71/115:   5.656E+07
MAIN: Estimated time left: 59.3 seconds
MAIN: -------------------------------------
MAIN: 
ComputeChange: NS (ITER=1) (NRM,RELC): (  38.616705      0.0000000     ) :: partial update
ComputeNormalSolver: Computing Normal Vector for Nodes
ComputeNormalSolver: End
GroundedSolver: Computing grounded mask from geometry
SolveEquations: -------------------------------------
SolveEquations:  Coupled system iteration:            1
SolveEquations: -------------------------------------
ComputeChange: NS (ITER=1) (NRM,RELC): (  275.12925     0.16828680E-04 ) :: homologous temperature equation
ComputeChange: NS (ITER=2) (NRM,RELC): (  275.13038     0.84142882E-05 ) :: homologous temperature equation
ComputeChange: SS (ITER=1) (NRM,RELC): (  275.12812     0.41094734E-05 ) :: homologous temperature equation
MAIN: 
MAIN: -------------------------------------
MAIN: Time: 72/115:   5.756E+07
MAIN: Estimated time left: 57.9 seconds
MAIN: -------------------------------------
MAIN: 
ComputeChange: NS (ITER=1) (NRM,RELC): (  38.616705      0.0000000     ) :: partial update
ComputeNormalSolver: Computing Normal Vector for Nodes
ComputeNormalSolver: End
GroundedSolver: Computing grounded mask from geometry
SolveEquations: -------------------------------------
SolveEquations:  Coupled system iteration:            1
SolveEquations: -------------------------------------
ComputeChange: NS (ITER=1) (NRM,RELC): (  275.13026     0.15929913E-04 ) :: homologous temperature equation
ComputeChange: NS (ITER=2) (NRM,RELC): (  275.13133     0.79649101E-05 ) :: homologous temperature equation
ComputeChange: SS (ITER=1) (NRM,RELC): (  275.12919     0.38900486E-05 ) :: homologous temperature equation
MAIN: 
MAIN: -------------------------------------
MAIN: Time: 73/115:   5.856E+07
MAIN: Estimated time left: 56.6 seconds
MAIN: -------------------------------------
MAIN: 
ComputeChange: NS (ITER=1) (NRM,RELC): (  38.616705      0.0000000     ) :: partial update
ComputeNormalSolver: Computing Normal Vector for Nodes
ComputeNormalSolver: End
GroundedSolver: Computing grounded mask from geometry
SolveEquations: -------------------------------------
SolveEquations:  Coupled system iteration:            1
SolveEquations: -------------------------------------
ComputeChange: NS (ITER=1) (NRM,RELC): (  275.13122     0.15079150E-04 ) :: homologous temperature equation
ComputeChange: NS (ITER=2) (NRM,RELC): (  275.13223     0.75395332E-05 ) :: homologous temperature equation
ComputeChange: SS (ITER=1) (NRM,RELC): (  275.13021     0.36823383E-05 ) :: homologous temperature equation
MAIN: 
MAIN: -------------------------------------
MAIN: Time: 74/115:   5.956E+07
MAIN: Estimated time left: 55.3 seconds
MAIN: -------------------------------------
MAIN: 
ComputeChange: NS (ITER=1) (NRM,RELC): (  38.616705      0.0000000     ) :: partial update
ComputeNormalSolver: Computing Normal Vector for Nodes
ComputeNormalSolver: End
GroundedSolver: Computing grounded mask from geometry
SolveEquations: -------------------------------------
SolveEquations:  Coupled system iteration:            1
SolveEquations: -------------------------------------
ComputeChange: NS (ITER=1) (NRM,RELC): (  275.13212     0.14273825E-04 ) :: homologous temperature equation
ComputeChange: NS (ITER=2) (NRM,RELC): (  275.13308     0.71368754E-05 ) :: homologous temperature equation
ComputeChange: SS (ITER=1) (NRM,RELC): (  275.13116     0.34857171E-05 ) :: homologous temperature equation
MAIN: 
MAIN: -------------------------------------
MAIN: Time: 75/115:   6.056E+07
MAIN: Estimated time left: 54.1 seconds
MAIN: -------------------------------------
MAIN: 
ComputeChange: NS (ITER=1) (NRM,RELC): (  38.616705      0.0000000     ) :: partial update
ComputeNormalSolver: Computing Normal Vector for Nodes
ComputeNormalSolver: End
GroundedSolver: Computing grounded mask from geometry
SolveEquations: -------------------------------------
SolveEquations:  Coupled system iteration:            1
SolveEquations: -------------------------------------
ComputeChange: NS (ITER=1) (NRM,RELC): (  275.13298     0.13511513E-04 ) :: homologous temperature equation
ComputeChange: NS (ITER=2) (NRM,RELC): (  275.13389     0.67557232E-05 ) :: homologous temperature equation
ComputeChange: SS (ITER=1) (NRM,RELC): (  275.13207     0.32995933E-05 ) :: homologous temperature equation
MAIN: 
MAIN: -------------------------------------
MAIN: Time: 76/115:   6.156E+07
MAIN: Estimated time left: 52.8 seconds
MAIN: -------------------------------------
MAIN: 
ComputeChange: NS (ITER=1) (NRM,RELC): (  38.616705      0.0000000     ) :: partial update
ComputeNormalSolver: Computing Normal Vector for Nodes
ComputeNormalSolver: End
GroundedSolver: Computing grounded mask from geometry
SolveEquations: -------------------------------------
SolveEquations:  Coupled system iteration:            1
SolveEquations: -------------------------------------
ComputeChange: NS (ITER=1) (NRM,RELC): (  275.13379     0.12789916E-04 ) :: homologous temperature equation
ComputeChange: NS (ITER=2) (NRM,RELC): (  275.13465     0.63949278E-05 ) :: homologous temperature equation
ComputeChange: SS (ITER=1) (NRM,RELC): (  275.13293     0.31234065E-05 ) :: homologous temperature equation
MAIN: 
MAIN: -------------------------------------
MAIN: Time: 77/115:   6.256E+07
MAIN: Estimated time left: 57.9 seconds
MAIN: -------------------------------------
MAIN: 
ComputeChange: NS (ITER=1) (NRM,RELC): (  38.616705      0.0000000     ) :: partial update
ComputeNormalSolver: Computing Normal Vector for Nodes
ComputeNormalSolver: End
GroundedSolver: Computing grounded mask from geometry
SolveEquations: -------------------------------------
SolveEquations:  Coupled system iteration:            1
SolveEquations: -------------------------------------
ComputeChange: NS (ITER=1) (NRM,RELC): (  275.13456     0.12106858E-04 ) :: homologous temperature equation
ComputeChange: NS (ITER=2) (NRM,RELC): (  275.13537     0.60534020E-05 ) :: homologous temperature equation
ComputeChange: SS (ITER=1) (NRM,RELC): (  275.13374     0.29566264E-05 ) :: homologous temperature equation
MAIN: 
MAIN: -------------------------------------
MAIN: Time: 78/115:   6.356E+07
MAIN: Estimated time left: 50.8 seconds
MAIN: -------------------------------------
MAIN: 
ComputeChange: NS (ITER=1) (NRM,RELC): (  38.616705      0.0000000     ) :: partial update
ComputeNormalSolver: Computing Normal Vector for Nodes
ComputeNormalSolver: End
GroundedSolver: Computing grounded mask from geometry
SolveEquations: -------------------------------------
SolveEquations:  Coupled system iteration:            1
SolveEquations: -------------------------------------
ComputeChange: NS (ITER=1) (NRM,RELC): (  275.13528     0.11460281E-04 ) :: homologous temperature equation
ComputeChange: NS (ITER=2) (NRM,RELC): (  275.13605     0.57301164E-05 ) :: homologous temperature equation
ComputeChange: SS (ITER=1) (NRM,RELC): (  275.13451     0.27987508E-05 ) :: homologous temperature equation
MAIN: 
MAIN: -------------------------------------
MAIN: Time: 79/115:   6.456E+07
MAIN: Estimated time left: 48.8 seconds
MAIN: -------------------------------------
MAIN: 
ComputeChange: NS (ITER=1) (NRM,RELC): (  38.616705      0.0000000     ) :: partial update
ComputeNormalSolver: Computing Normal Vector for Nodes
ComputeNormalSolver: End
GroundedSolver: Computing grounded mask from geometry
SolveEquations: -------------------------------------
SolveEquations:  Coupled system iteration:            1
SolveEquations: -------------------------------------
ComputeChange: NS (ITER=1) (NRM,RELC): (  275.13597     0.10848237E-04 ) :: homologous temperature equation
ComputeChange: NS (ITER=2) (NRM,RELC): (  275.13670     0.54240968E-05 ) :: homologous temperature equation
ComputeChange: SS (ITER=1) (NRM,RELC): (  275.13524     0.26493044E-05 ) :: homologous temperature equation
MAIN: 
MAIN: -------------------------------------
MAIN: Time: 80/115:   6.556E+07
MAIN: Estimated time left: 47.5 seconds
MAIN: -------------------------------------
MAIN: 
ComputeChange: NS (ITER=1) (NRM,RELC): (  38.616705      0.0000000     ) :: partial update
ComputeNormalSolver: Computing Normal Vector for Nodes
ComputeNormalSolver: End
GroundedSolver: Computing grounded mask from geometry
SolveEquations: -------------------------------------
SolveEquations:  Coupled system iteration:            1
SolveEquations: -------------------------------------
ComputeChange: NS (ITER=1) (NRM,RELC): (  275.13662     0.10268881E-04 ) :: homologous temperature equation
ComputeChange: NS (ITER=2) (NRM,RELC): (  275.13731     0.51344209E-05 ) :: homologous temperature equation
ComputeChange: SS (ITER=1) (NRM,RELC): (  275.13593     0.25078373E-05 ) :: homologous temperature equation
MAIN: 
MAIN: -------------------------------------
MAIN: Time: 81/115:   6.656E+07
MAIN: Estimated time left: 46.1 seconds
MAIN: -------------------------------------
MAIN: 
ComputeChange: NS (ITER=1) (NRM,RELC): (  38.616705      0.0000000     ) :: partial update
ComputeNormalSolver: Computing Normal Vector for Nodes
ComputeNormalSolver: End
GroundedSolver: Computing grounded mask from geometry
SolveEquations: -------------------------------------
SolveEquations:  Coupled system iteration:            1
SolveEquations: -------------------------------------
ComputeChange: NS (ITER=1) (NRM,RELC): (  275.13724     0.97204665E-05 ) :: homologous temperature equation
ComputeChange: SS (ITER=1) (NRM,RELC): (  275.13637     0.15826143E-05 ) :: homologous temperature equation
MAIN: 
MAIN: -------------------------------------
MAIN: Time: 82/115:   6.756E+07
MAIN: Estimated time left: 23.2 seconds
MAIN: -------------------------------------
MAIN: 
ComputeChange: NS (ITER=1) (NRM,RELC): (  38.616705      0.0000000     ) :: partial update
ComputeNormalSolver: Computing Normal Vector for Nodes
ComputeNormalSolver: End
GroundedSolver: Computing grounded mask from geometry
SolveEquations: -------------------------------------
SolveEquations:  Coupled system iteration:            1
SolveEquations: -------------------------------------
ComputeChange: NS (ITER=1) (NRM,RELC): (  275.13763     0.93743832E-05 ) :: homologous temperature equation
ComputeChange: SS (ITER=1) (NRM,RELC): (  275.13679     0.15262750E-05 ) :: homologous temperature equation
MAIN: 
MAIN: -------------------------------------
MAIN: Time: 83/115:   6.856E+07
MAIN: Estimated time left: 22.5 seconds
MAIN: -------------------------------------
MAIN: 
ComputeChange: NS (ITER=1) (NRM,RELC): (  38.616705      0.0000000     ) :: partial update
ComputeNormalSolver: Computing Normal Vector for Nodes
ComputeNormalSolver: End
GroundedSolver: Computing grounded mask from geometry
SolveEquations: -------------------------------------
SolveEquations:  Coupled system iteration:            1
SolveEquations: -------------------------------------
ComputeChange: NS (ITER=1) (NRM,RELC): (  275.13800     0.90406222E-05 ) :: homologous temperature equation
ComputeChange: SS (ITER=1) (NRM,RELC): (  275.13719     0.14719413E-05 ) :: homologous temperature equation
MAIN: 
MAIN: -------------------------------------
MAIN: Time: 84/115:   6.956E+07
MAIN: Estimated time left: 21.8 seconds
MAIN: -------------------------------------
MAIN: 
ComputeChange: NS (ITER=1) (NRM,RELC): (  38.616705      0.0000000     ) :: partial update
ComputeNormalSolver: Computing Normal Vector for Nodes
ComputeNormalSolver: End
GroundedSolver: Computing grounded mask from geometry
SolveEquations: -------------------------------------
SolveEquations:  Coupled system iteration:            1
SolveEquations: -------------------------------------
ComputeChange: NS (ITER=1) (NRM,RELC): (  275.13837     0.87187447E-05 ) :: homologous temperature equation
ComputeChange: SS (ITER=1) (NRM,RELC): (  275.13758     0.14195415E-05 ) :: homologous temperature equation
MAIN: 
MAIN: -------------------------------------
MAIN: Time: 85/115:   7.056E+07
MAIN: Estimated time left: 21.2 seconds
MAIN: -------------------------------------
MAIN: 
ComputeChange: NS (ITER=1) (NRM,RELC): (  38.616705      0.0000000     ) :: partial update
ComputeNormalSolver: Computing Normal Vector for Nodes
ComputeNormalSolver: End
GroundedSolver: Computing grounded mask from geometry
SolveEquations: -------------------------------------
SolveEquations:  Coupled system iteration:            1
SolveEquations: -------------------------------------
ComputeChange: NS (ITER=1) (NRM,RELC): (  275.13871     0.84083276E-05 ) :: homologous temperature equation
ComputeChange: SS (ITER=1) (NRM,RELC): (  275.13796     0.13690070E-05 ) :: homologous temperature equation
MAIN: 
MAIN: -------------------------------------
MAIN: Time: 86/115:   7.156E+07
MAIN: Estimated time left: 20.5 seconds
MAIN: -------------------------------------
MAIN: 
ComputeChange: NS (ITER=1) (NRM,RELC): (  38.616705      0.0000000     ) :: partial update
ComputeNormalSolver: Computing Normal Vector for Nodes
ComputeNormalSolver: End
GroundedSolver: Computing grounded mask from geometry
SolveEquations: -------------------------------------
SolveEquations:  Coupled system iteration:            1
SolveEquations: -------------------------------------
ComputeChange: NS (ITER=1) (NRM,RELC): (  275.13905     0.81089627E-05 ) :: homologous temperature equation
ComputeChange: SS (ITER=1) (NRM,RELC): (  275.13832     0.13202713E-05 ) :: homologous temperature equation
MAIN: 
MAIN: -------------------------------------
MAIN: Time: 87/115:   7.256E+07
MAIN: Estimated time left: 24.7 seconds
MAIN: -------------------------------------
MAIN: 
ComputeChange: NS (ITER=1) (NRM,RELC): (  38.616705      0.0000000     ) :: partial update
ComputeNormalSolver: Computing Normal Vector for Nodes
ComputeNormalSolver: End
GroundedSolver: Computing grounded mask from geometry
SolveEquations: -------------------------------------
SolveEquations:  Coupled system iteration:            1
SolveEquations: -------------------------------------
ComputeChange: NS (ITER=1) (NRM,RELC): (  275.13938     0.78202567E-05 ) :: homologous temperature equation
ComputeChange: SS (ITER=1) (NRM,RELC): (  275.13867     0.12732705E-05 ) :: homologous temperature equation
MAIN: 
MAIN: -------------------------------------
MAIN: Time: 88/115:   7.356E+07
MAIN: Estimated time left: 19.5 seconds
MAIN: -------------------------------------
MAIN: 
ComputeChange: NS (ITER=1) (NRM,RELC): (  38.616705      0.0000000     ) :: partial update
ComputeNormalSolver: Computing Normal Vector for Nodes
ComputeNormalSolver: End
GroundedSolver: Computing grounded mask from geometry
SolveEquations: -------------------------------------
SolveEquations:  Coupled system iteration:            1
SolveEquations: -------------------------------------
ComputeChange: NS (ITER=1) (NRM,RELC): (  275.13969     0.75418298E-05 ) :: homologous temperature equation
ComputeChange: SS (ITER=1) (NRM,RELC): (  275.13901     0.12279427E-05 ) :: homologous temperature equation
MAIN: 
MAIN: -------------------------------------
MAIN: Time: 89/115:   7.456E+07
MAIN: Estimated time left: 18.4 seconds
MAIN: -------------------------------------
MAIN: 
ComputeChange: NS (ITER=1) (NRM,RELC): (  38.616705      0.0000000     ) :: partial update
ComputeNormalSolver: Computing Normal Vector for Nodes
ComputeNormalSolver: End
GroundedSolver: Computing grounded mask from geometry
SolveEquations: -------------------------------------
SolveEquations:  Coupled system iteration:            1
SolveEquations: -------------------------------------
ComputeChange: NS (ITER=1) (NRM,RELC): (  275.13999     0.72733162E-05 ) :: homologous temperature equation
ComputeChange: SS (ITER=1) (NRM,RELC): (  275.13934     0.11842285E-05 ) :: homologous temperature equation
MAIN: 
MAIN: -------------------------------------
MAIN: Time: 90/115:   7.556E+07
MAIN: Estimated time left: 17.7 seconds
MAIN: -------------------------------------
MAIN: 
ComputeChange: NS (ITER=1) (NRM,RELC): (  38.616705      0.0000000     ) :: partial update
ComputeNormalSolver: Computing Normal Vector for Nodes
ComputeNormalSolver: End
GroundedSolver: Computing grounded mask from geometry
SolveEquations: -------------------------------------
SolveEquations:  Coupled system iteration:            1
SolveEquations: -------------------------------------
ComputeChange: NS (ITER=1) (NRM,RELC): (  275.14028     0.70143628E-05 ) :: homologous temperature equation
ComputeChange: SS (ITER=1) (NRM,RELC): (  275.13965     0.11420703E-05 ) :: homologous temperature equation
MAIN: 
MAIN: -------------------------------------
MAIN: Time: 91/115:   7.656E+07
MAIN: Estimated time left: 17.0 seconds
MAIN: -------------------------------------
MAIN: 
ComputeChange: NS (ITER=1) (NRM,RELC): (  38.616705      0.0000000     ) :: partial update
ComputeNormalSolver: Computing Normal Vector for Nodes
ComputeNormalSolver: End
GroundedSolver: Computing grounded mask from geometry
SolveEquations: -------------------------------------
SolveEquations:  Coupled system iteration:            1
SolveEquations: -------------------------------------
ComputeChange: NS (ITER=1) (NRM,RELC): (  275.14056     0.67646292E-05 ) :: homologous temperature equation
ComputeChange: SS (ITER=1) (NRM,RELC): (  275.13996     0.11014129E-05 ) :: homologous temperature equation
MAIN: 
MAIN: -------------------------------------
MAIN: Time: 92/115:   7.756E+07
MAIN: Estimated time left: 16.4 seconds
MAIN: -------------------------------------
MAIN: 
ComputeChange: NS (ITER=1) (NRM,RELC): (  38.616705      0.0000000     ) :: partial update
ComputeNormalSolver: Computing Normal Vector for Nodes
ComputeNormalSolver: End
GroundedSolver: Computing grounded mask from geometry
SolveEquations: -------------------------------------
SolveEquations:  Coupled system iteration:            1
SolveEquations: -------------------------------------
ComputeChange: NS (ITER=1) (NRM,RELC): (  275.14083     0.65237872E-05 ) :: homologous temperature equation
ComputeChange: SS (ITER=1) (NRM,RELC): (  275.14025     0.10622028E-05 ) :: homologous temperature equation
MAIN: 
MAIN: -------------------------------------
MAIN: Time: 93/115:   7.856E+07
MAIN: Estimated time left: 15.7 seconds
MAIN: -------------------------------------
MAIN: 
ComputeChange: NS (ITER=1) (NRM,RELC): (  38.616705      0.0000000     ) :: partial update
ComputeNormalSolver: Computing Normal Vector for Nodes
ComputeNormalSolver: End
GroundedSolver: Computing grounded mask from geometry
SolveEquations: -------------------------------------
SolveEquations:  Coupled system iteration:            1
SolveEquations: -------------------------------------
ComputeChange: NS (ITER=1) (NRM,RELC): (  275.14109     0.62915202E-05 ) :: homologous temperature equation
ComputeChange: SS (ITER=1) (NRM,RELC): (  275.14053     0.10243884E-05 ) :: homologous temperature equation
MAIN: 
MAIN: -------------------------------------
MAIN: Time: 94/115:   7.956E+07
MAIN: Estimated time left: 15.1 seconds
MAIN: -------------------------------------
MAIN: 
ComputeChange: NS (ITER=1) (NRM,RELC): (  38.616705      0.0000000     ) :: partial update
ComputeNormalSolver: Computing Normal Vector for Nodes
ComputeNormalSolver: End
GroundedSolver: Computing grounded mask from geometry
SolveEquations: -------------------------------------
SolveEquations:  Coupled system iteration:            1
SolveEquations: -------------------------------------
ComputeChange: NS (ITER=1) (NRM,RELC): (  275.14135     0.60675228E-05 ) :: homologous temperature equation
ComputeChange: SS (ITER=1) (NRM,RELC): (  275.14080     0.98792020E-06 ) :: homologous temperature equation
MAIN: 
MAIN: -------------------------------------
MAIN: Time: 95/115:   8.056E+07
MAIN: Estimated time left: 14.3 seconds
MAIN: -------------------------------------
MAIN: 
ComputeChange: NS (ITER=1) (NRM,RELC): (  38.616705      0.0000000     ) :: partial update
ComputeNormalSolver: Computing Normal Vector for Nodes
ComputeNormalSolver: End
GroundedSolver: Computing grounded mask from geometry
SolveEquations: -------------------------------------
SolveEquations:  Coupled system iteration:            1
SolveEquations: -------------------------------------
ComputeChange: NS (ITER=1) (NRM,RELC): (  275.14159     0.58515006E-05 ) :: homologous temperature equation
ComputeChange: SS (ITER=1) (NRM,RELC): (  275.14106     0.95275016E-06 ) :: homologous temperature equation
MAIN: 
MAIN: -------------------------------------
MAIN: Time: 96/115:   8.156E+07
MAIN: Estimated time left: 13.7 seconds
MAIN: -------------------------------------
MAIN: 
ComputeChange: NS (ITER=1) (NRM,RELC): (  38.616705      0.0000000     ) :: partial update
ComputeNormalSolver: Computing Normal Vector for Nodes
ComputeNormalSolver: End
GroundedSolver: Computing grounded mask from geometry
SolveEquations: -------------------------------------
SolveEquations:  Coupled system iteration:            1
SolveEquations: -------------------------------------
ComputeChange: NS (ITER=1) (NRM,RELC): (  275.14182     0.56431696E-05 ) :: homologous temperature equation
ComputeChange: SS (ITER=1) (NRM,RELC): (  275.14132     0.91883211E-06 ) :: homologous temperature equation
MAIN: 
MAIN: -------------------------------------
MAIN: Time: 97/115:   8.256E+07
MAIN: Estimated time left: 16.1 seconds
MAIN: -------------------------------------
MAIN: 
ComputeChange: NS (ITER=1) (NRM,RELC): (  38.616705      0.0000000     ) :: partial update
ComputeNormalSolver: Computing Normal Vector for Nodes
ComputeNormalSolver: End
GroundedSolver: Computing grounded mask from geometry
SolveEquations: -------------------------------------
SolveEquations:  Coupled system iteration:            1
SolveEquations: -------------------------------------
ComputeChange: NS (ITER=1) (NRM,RELC): (  275.14205     0.54422560E-05 ) :: homologous temperature equation
ComputeChange: SS (ITER=1) (NRM,RELC): (  275.14156     0.88612148E-06 ) :: homologous temperature equation
MAIN: 
MAIN: -------------------------------------
MAIN: Time: 98/115:   8.356E+07
MAIN: Estimated time left: 18.1 seconds
MAIN: -------------------------------------
MAIN: 
ComputeChange: NS (ITER=1) (NRM,RELC): (  38.616705      0.0000000     ) :: partial update
ComputeNormalSolver: Computing Normal Vector for Nodes
ComputeNormalSolver: End
GroundedSolver: Computing grounded mask from geometry
SolveEquations: -------------------------------------
SolveEquations:  Coupled system iteration:            1
SolveEquations: -------------------------------------
ComputeChange: NS (ITER=1) (NRM,RELC): (  275.14227     0.52484957E-05 ) :: homologous temperature equation
ComputeChange: SS (ITER=1) (NRM,RELC): (  275.14180     0.85457530E-06 ) :: homologous temperature equation
MAIN: 
MAIN: -------------------------------------
MAIN: Time: 99/115:   8.456E+07
MAIN: Estimated time left: 15.1 seconds
MAIN: -------------------------------------
MAIN: 
ComputeChange: NS (ITER=1) (NRM,RELC): (  38.616705      0.0000000     ) :: partial update
ComputeNormalSolver: Computing Normal Vector for Nodes
ComputeNormalSolver: End
GroundedSolver: Computing grounded mask from geometry
SolveEquations: -------------------------------------
SolveEquations:  Coupled system iteration:            1
SolveEquations: -------------------------------------
ComputeChange: NS (ITER=1) (NRM,RELC): (  275.14248     0.50616340E-05 ) :: homologous temperature equation
ComputeChange: SS (ITER=1) (NRM,RELC): (  275.14202     0.82415211E-06 ) :: homologous temperature equation
MAIN: 
MAIN: -------------------------------------
MAIN: Time: 100/115:   8.556E+07
MAIN: Estimated time left: 11.9 seconds
MAIN: -------------------------------------
MAIN: 
ComputeChange: NS (ITER=1) (NRM,RELC): (  38.616705      0.0000000     ) :: partial update
ComputeNormalSolver: Computing Normal Vector for Nodes
ComputeNormalSolver: End
GroundedSolver: Computing grounded mask from geometry
SolveEquations: -------------------------------------
SolveEquations:  Coupled system iteration:            1
SolveEquations: -------------------------------------
ComputeChange: NS (ITER=1) (NRM,RELC): (  275.14268     0.48814252E-05 ) :: homologous temperature equation
ComputeChange: SS (ITER=1) (NRM,RELC): (  275.14224     0.79481195E-06 ) :: homologous temperature equation
MAIN: 
MAIN: -------------------------------------
MAIN: Time: 101/115:   8.656E+07
MAIN: Estimated time left: 10.2 seconds
MAIN: -------------------------------------
MAIN: 
ComputeChange: NS (ITER=1) (NRM,RELC): (  38.616705      0.0000000     ) :: partial update
ComputeNormalSolver: Computing Normal Vector for Nodes
ComputeNormalSolver: End
GroundedSolver: Computing grounded mask from geometry
SolveEquations: -------------------------------------
SolveEquations:  Coupled system iteration:            1
SolveEquations: -------------------------------------
ComputeChange: NS (ITER=1) (NRM,RELC): (  275.14287     0.47076325E-05 ) :: homologous temperature equation
ComputeChange: SS (ITER=1) (NRM,RELC): (  275.14245     0.76651626E-06 ) :: homologous temperature equation
MAIN: 
MAIN: -------------------------------------
MAIN: Time: 102/115:   8.756E+07
MAIN: Estimated time left:  9.5 seconds
MAIN: -------------------------------------
MAIN: 
ComputeChange: NS (ITER=1) (NRM,RELC): (  38.616705      0.0000000     ) :: partial update
ComputeNormalSolver: Computing Normal Vector for Nodes
ComputeNormalSolver: End
GroundedSolver: Computing grounded mask from geometry
SolveEquations: -------------------------------------
SolveEquations:  Coupled system iteration:            1
SolveEquations: -------------------------------------
ComputeChange: NS (ITER=1) (NRM,RELC): (  275.14306     0.45400275E-05 ) :: homologous temperature equation
ComputeChange: SS (ITER=1) (NRM,RELC): (  275.14266     0.73922786E-06 ) :: homologous temperature equation
MAIN: 
MAIN: -------------------------------------
MAIN: Time: 103/115:   8.856E+07
MAIN: Estimated time left:  8.9 seconds
MAIN: -------------------------------------
MAIN: 
ComputeChange: NS (ITER=1) (NRM,RELC): (  38.616705      0.0000000     ) :: partial update
ComputeNormalSolver: Computing Normal Vector for Nodes
ComputeNormalSolver: End
GroundedSolver: Computing grounded mask from geometry
SolveEquations: -------------------------------------
SolveEquations:  Coupled system iteration:            1
SolveEquations: -------------------------------------
ComputeChange: NS (ITER=1) (NRM,RELC): (  275.14324     0.43783897E-05 ) :: homologous temperature equation
ComputeChange: SS (ITER=1) (NRM,RELC): (  275.14285     0.71291091E-06 ) :: homologous temperature equation
MAIN: 
MAIN: -------------------------------------
MAIN: Time: 104/115:   8.956E+07
MAIN: Estimated time left:  8.2 seconds
MAIN: -------------------------------------
MAIN: 
ComputeChange: NS (ITER=1) (NRM,RELC): (  38.616705      0.0000000     ) :: partial update
ComputeNormalSolver: Computing Normal Vector for Nodes
ComputeNormalSolver: End
GroundedSolver: Computing grounded mask from geometry
SolveEquations: -------------------------------------
SolveEquations:  Coupled system iteration:            1
SolveEquations: -------------------------------------
ComputeChange: NS (ITER=1) (NRM,RELC): (  275.14342     0.42225069E-05 ) :: homologous temperature equation
ComputeChange: SS (ITER=1) (NRM,RELC): (  275.14304     0.68753081E-06 ) :: homologous temperature equation
MAIN: 
MAIN: -------------------------------------
MAIN: Time: 105/115:   9.056E+07
MAIN: Estimated time left:  7.5 seconds
MAIN: -------------------------------------
MAIN: 
ComputeChange: NS (ITER=1) (NRM,RELC): (  38.616705      0.0000000     ) :: partial update
ComputeNormalSolver: Computing Normal Vector for Nodes
ComputeNormalSolver: End
GroundedSolver: Computing grounded mask from geometry
SolveEquations: -------------------------------------
SolveEquations:  Coupled system iteration:            1
SolveEquations: -------------------------------------
ComputeChange: NS (ITER=1) (NRM,RELC): (  275.14359     0.40721740E-05 ) :: homologous temperature equation
ComputeChange: SS (ITER=1) (NRM,RELC): (  275.14322     0.66305423E-06 ) :: homologous temperature equation
MAIN: 
MAIN: -------------------------------------
MAIN: Time: 106/115:   9.156E+07
MAIN: Estimated time left:  6.8 seconds
MAIN: -------------------------------------
MAIN: 
ComputeChange: NS (ITER=1) (NRM,RELC): (  38.616705      0.0000000     ) :: partial update
ComputeNormalSolver: Computing Normal Vector for Nodes
ComputeNormalSolver: End
GroundedSolver: Computing grounded mask from geometry
SolveEquations: -------------------------------------
SolveEquations:  Coupled system iteration:            1
SolveEquations: -------------------------------------
ComputeChange: NS (ITER=1) (NRM,RELC): (  275.14375     0.39271934E-05 ) :: homologous temperature equation
ComputeChange: SS (ITER=1) (NRM,RELC): (  275.14340     0.63944899E-06 ) :: homologous temperature equation
MAIN: 
MAIN: -------------------------------------
MAIN: Time: 107/115:   9.256E+07
MAIN: Estimated time left:  7.7 seconds
MAIN: -------------------------------------
MAIN: 
ComputeChange: NS (ITER=1) (NRM,RELC): (  38.616705      0.0000000     ) :: partial update
ComputeNormalSolver: Computing Normal Vector for Nodes
ComputeNormalSolver: End
GroundedSolver: Computing grounded mask from geometry
SolveEquations: -------------------------------------
SolveEquations:  Coupled system iteration:            1
SolveEquations: -------------------------------------
ComputeChange: NS (ITER=1) (NRM,RELC): (  275.14391     0.37873747E-05 ) :: homologous temperature equation
ComputeChange: SS (ITER=1) (NRM,RELC): (  275.14357     0.61668409E-06 ) :: homologous temperature equation
MAIN: 
MAIN: -------------------------------------
MAIN: Time: 108/115:   9.356E+07
MAIN: Estimated time left:  5.6 seconds
MAIN: -------------------------------------
MAIN: 
ComputeChange: NS (ITER=1) (NRM,RELC): (  38.616705      0.0000000     ) :: partial update
ComputeNormalSolver: Computing Normal Vector for Nodes
ComputeNormalSolver: End
GroundedSolver: Computing grounded mask from geometry
SolveEquations: -------------------------------------
SolveEquations:  Coupled system iteration:            1
SolveEquations: -------------------------------------
ComputeChange: NS (ITER=1) (NRM,RELC): (  275.14406     0.36525339E-05 ) :: homologous temperature equation
ComputeChange: SS (ITER=1) (NRM,RELC): (  275.14373     0.59472961E-06 ) :: homologous temperature equation
MAIN: 
MAIN: -------------------------------------
MAIN: Time: 109/115:   9.456E+07
MAIN: Estimated time left:  4.8 seconds
MAIN: -------------------------------------
MAIN: 
ComputeChange: NS (ITER=1) (NRM,RELC): (  38.616705      0.0000000     ) :: partial update
ComputeNormalSolver: Computing Normal Vector for Nodes
ComputeNormalSolver: End
GroundedSolver: Computing grounded mask from geometry
SolveEquations: -------------------------------------
SolveEquations:  Coupled system iteration:            1
SolveEquations: -------------------------------------
ComputeChange: NS (ITER=1) (NRM,RELC): (  275.14421     0.35224939E-05 ) :: homologous temperature equation
ComputeChange: SS (ITER=1) (NRM,RELC): (  275.14389     0.57355670E-06 ) :: homologous temperature equation
MAIN: 
MAIN: -------------------------------------
MAIN: Time: 110/115:   9.556E+07
MAIN: Estimated time left:  4.1 seconds
MAIN: -------------------------------------
MAIN: 
ComputeChange: NS (ITER=1) (NRM,RELC): (  38.616705      0.0000000     ) :: partial update
ComputeNormalSolver: Computing Normal Vector for Nodes
ComputeNormalSolver: End
GroundedSolver: Computing grounded mask from geometry
SolveEquations: -------------------------------------
SolveEquations:  Coupled system iteration:            1
SolveEquations: -------------------------------------
ComputeChange: NS (ITER=1) (NRM,RELC): (  275.14435     0.33970837E-05 ) :: homologous temperature equation
ComputeChange: SS (ITER=1) (NRM,RELC): (  275.14404     0.55313754E-06 ) :: homologous temperature equation
MAIN: 
MAIN: -------------------------------------
MAIN: Time: 111/115:   9.656E+07
MAIN: Estimated time left:  3.4 seconds
MAIN: -------------------------------------
MAIN: 
ComputeChange: NS (ITER=1) (NRM,RELC): (  38.616705      0.0000000     ) :: partial update
ComputeNormalSolver: Computing Normal Vector for Nodes
ComputeNormalSolver: End
GroundedSolver: Computing grounded mask from geometry
SolveEquations: -------------------------------------
SolveEquations:  Coupled system iteration:            1
SolveEquations: -------------------------------------
ComputeChange: NS (ITER=1) (NRM,RELC): (  275.14448     0.32761386E-05 ) :: homologous temperature equation
ComputeChange: SS (ITER=1) (NRM,RELC): (  275.14419     0.53344529E-06 ) :: homologous temperature equation
MAIN: 
MAIN: -------------------------------------
MAIN: Time: 112/115:   9.756E+07
MAIN: Estimated time left:  2.7 seconds
MAIN: -------------------------------------
MAIN: 
ComputeChange: NS (ITER=1) (NRM,RELC): (  38.616705      0.0000000     ) :: partial update
ComputeNormalSolver: Computing Normal Vector for Nodes
ComputeNormalSolver: End
GroundedSolver: Computing grounded mask from geometry
SolveEquations: -------------------------------------
SolveEquations:  Coupled system iteration:            1
SolveEquations: -------------------------------------
ComputeChange: NS (ITER=1) (NRM,RELC): (  275.14461     0.31594995E-05 ) :: homologous temperature equation
ComputeChange: SS (ITER=1) (NRM,RELC): (  275.14433     0.51445409E-06 ) :: homologous temperature equation
MAIN: 
MAIN: -------------------------------------
MAIN: Time: 113/115:   9.856E+07
MAIN: Estimated time left:  2.0 seconds
MAIN: -------------------------------------
MAIN: 
ComputeChange: NS (ITER=1) (NRM,RELC): (  38.616705      0.0000000     ) :: partial update
ComputeNormalSolver: Computing Normal Vector for Nodes
ComputeNormalSolver: End
GroundedSolver: Computing grounded mask from geometry
SolveEquations: -------------------------------------
SolveEquations:  Coupled system iteration:            1
SolveEquations: -------------------------------------
ComputeChange: NS (ITER=1) (NRM,RELC): (  275.14474     0.30470130E-05 ) :: homologous temperature equation
ComputeChange: SS (ITER=1) (NRM,RELC): (  275.14447     0.49613897E-06 ) :: homologous temperature equation
MAIN: 
MAIN: -------------------------------------
MAIN: Time: 114/115:   9.956E+07
MAIN: Estimated time left:  1.4 seconds
MAIN: -------------------------------------
MAIN: 
ComputeChange: NS (ITER=1) (NRM,RELC): (  38.616705      0.0000000     ) :: partial update
ComputeNormalSolver: Computing Normal Vector for Nodes
ComputeNormalSolver: End
GroundedSolver: Computing grounded mask from geometry
SolveEquations: -------------------------------------
SolveEquations:  Coupled system iteration:            1
SolveEquations: -------------------------------------
ComputeChange: NS (ITER=1) (NRM,RELC): (  275.14486     0.29385315E-05 ) :: homologous temperature equation
ComputeChange: SS (ITER=1) (NRM,RELC): (  275.14460     0.47847587E-06 ) :: homologous temperature equation
MAIN: 
MAIN: -------------------------------------
MAIN: Time: 115/115:   1.006E+08
MAIN: -------------------------------------
MAIN: 
ComputeChange: NS (ITER=1) (NRM,RELC): (  38.616705      0.0000000     ) :: partial update
ComputeNormalSolver: Computing Normal Vector for Nodes
ComputeNormalSolver: End
GroundedSolver: Computing grounded mask from geometry
SolveEquations: -------------------------------------
SolveEquations:  Coupled system iteration:            1
SolveEquations: -------------------------------------
ComputeChange: NS (ITER=1) (NRM,RELC): (  275.14498     0.28339122E-05 ) :: homologous temperature equation
ComputeChange: SS (ITER=1) (NRM,RELC): (  275.14473     0.46144158E-06 ) :: homologous temperature equation
MAIN: *** Elmer Solver: ALL DONE ***
MAIN: The end
SOLVER TOTAL TIME(CPU,REAL):       495.52      556.45
ELMER SOLVER FINISHED AT: 2026/05/14 17:53:39
