0 1507.36
102.029 1507.36
204.059 1507.36
306.088 1507.36
408.117 1507.36
510.147 1507.36
612.176 1507.36
714.206 1507.36
816.235 1507.36
918.264 1507.36
1020.29 1507.36
1122.32 1507.36
1224.35 1507.36
1326.38 1507.36
1428.41 1507.36
1530.44 1507.36
1632.47 1507.35
1734.5 1507.35
1836.53 1507.35
1938.56 1507.35
2040.59 1507.35
2142.62 1507.35
2244.65 1507.34
2346.68 1507.34
2448.7 1507.34
2550.73 1507.34
2652.76 1507.34
2754.79 1507.33
2856.82 1507.33
2958.85 1507.33
3060.88 1507.33
3162.91 1507.32
3264.94 1507.32
3366.97 1507.32
3469 1507.32
3571.03 1507.31
3673.06 1507.31
3775.09 1507.31
3877.12 1507.3
3979.14 1507.3
4081.17 1507.3
4183.2 1507.29
4285.23 1507.29
4387.26 1507.29
4489.29 1507.28
4591.32 1507.28
4693.35 1507.28
4795.38 1507.27
4897.41 1507.27
4999.44 1507.26
5101.47 1507.26
5203.5 1507.26
5305.53 1507.25
5407.56 1507.25
5509.59 1507.24
5611.61 1507.24
5713.64 1507.23
5815.67 1507.23
5917.7 1507.22
6019.73 1507.22
6121.76 1507.21
6223.79 1507.21
6325.82 1507.2
6427.85 1507.2
6529.88 1507.19
6631.91 1507.19
6733.94 1507.18
6835.97 1507.18
6938 1507.17
7040.03 1507.17
7142.06 1507.16
7244.08 1507.15
7346.11 1507.15
7448.14 1507.14
7550.17 1507.14
7652.2 1507.13
7754.23 1507.12
7856.26 1507.12
7958.29 1507.11
8060.32 1507.1
8162.35 1507.1
8264.38 1507.09
8366.41 1507.08
8468.44 1507.08
8570.47 1507.07
8672.5 1507.06
8774.52 1507.05
8876.55 1507.05
8978.58 1507.04
9080.61 1507.03
9182.64 1507.02
9284.67 1507.02
9386.7 1507.01
9488.73 1507
9590.76 1506.99
9692.79 1506.99
9794.82 1506.98
9896.85 1506.97
9998.88 1506.96
10100.9 1506.95
10202.9 1506.94
10305 1506.94
10407 1506.93
10509 1506.92
10611.1 1506.91
10713.1 1506.9
10815.1 1506.89
10917.1 1506.88
11019.2 1506.87
11121.2 1506.86
11223.2 1506.86
11325.3 1506.85
11427.3 1506.84
11529.3 1506.83
11631.3 1506.82
11733.4 1506.81
11835.4 1506.8
11937.4 1506.79
12039.5 1506.78
12141.5 1506.77
12243.5 1506.76
12345.6 1506.75
12447.6 1506.74
12549.6 1506.73
12651.6 1506.72
12753.7 1506.71
12855.7 1506.7
12957.7 1506.69
13059.8 1506.67
13161.8 1506.66
13263.8 1506.65
13365.8 1506.64
13467.9 1506.63
13569.9 1506.62
13671.9 1506.61
13774 1506.6
13876 1506.59
13978 1506.57
14080.1 1506.56
14182.1 1506.55
14284.1 1506.54
14386.1 1506.53
14488.2 1506.51
14590.2 1506.5
14692.2 1506.49
14794.3 1506.48
14896.3 1506.47
14998.3 1506.45
15100.3 1506.44
15202.4 1506.43
15304.4 1506.42
15406.4 1506.4
15508.5 1506.39
15610.5 1506.38
15712.5 1506.36
15814.6 1506.35
15916.6 1506.34
16018.6 1506.32
16120.6 1506.31
16222.7 1506.3
16324.7 1506.28
16426.7 1506.27
16528.8 1506.26
16630.8 1506.24
16732.8 1506.23
16834.8 1506.22
16936.9 1506.2
17038.9 1506.19
17140.9 1506.17
17243 1506.16
17345 1506.14
17447 1506.13
17549 1506.12
17651.1 1506.1
17753.1 1506.09
17855.1 1506.07
17957.2 1506.06
18059.2 1506.04
18161.2 1506.03
18263.3 1506.01
18365.3 1506
18467.3 1505.98
18569.3 1505.97
18671.4 1505.95
18773.4 1505.93
18875.4 1505.92
18977.5 1505.9
19079.5 1505.89
19181.5 1505.87
19283.5 1505.86
19385.6 1505.84
19487.6 1505.82
19589.6 1505.81
19691.7 1505.79
19793.7 1505.77
19895.7 1505.76
19997.8 1505.74
20099.8 1505.72
20201.8 1505.71
20303.8 1505.69
20405.9 1505.67
20507.9 1505.66
20609.9 1505.64
20712 1505.62
20814 1505.61
20916 1505.59
21018 1505.57
21120.1 1505.55
21222.1 1505.54
21324.1 1505.52
21426.2 1505.5
21528.2 1505.48
21630.2 1505.46
21732.3 1505.45
21834.3 1505.43
21936.3 1505.41
22038.3 1505.39
22140.4 1505.37
22242.4 1505.35
22344.4 1505.34
22446.5 1505.32
22548.5 1505.3
22650.5 1505.28
22752.5 1505.26
22854.6 1505.24
22956.6 1505.22
23058.6 1505.2
23160.7 1505.18
23262.7 1505.17
23364.7 1505.15
23466.8 1505.13
23568.8 1505.11
23670.8 1505.09
23772.8 1505.07
23874.9 1505.05
23976.9 1505.03
24078.9 1505.01
24181 1504.99
24283 1504.97
24385 1504.95
24487 1504.93
24589.1 1504.91
24691.1 1504.89
24793.1 1504.87
24895.2 1504.84
24997.2 1504.82
25099.2 1504.8
25201.3 1504.78
25303.3 1504.76
25405.3 1504.74
25507.3 1504.72
25609.4 1504.7
25711.4 1504.68
25813.4 1504.65
25915.5 1504.63
26017.5 1504.61
26119.5 1504.59
26221.5 1504.57
26323.6 1504.55
26425.6 1504.52
26527.6 1504.5
26629.7 1504.48
26731.7 1504.46
26833.7 1504.44
26935.8 1504.41
27037.8 1504.39
27139.8 1504.37
27241.8 1504.35
27343.9 1504.32
27445.9 1504.3
27547.9 1504.28
27650 1504.25
27752 1504.23
27854 1504.21
27956 1504.18
28058.1 1504.16
28160.1 1504.14
28262.1 1504.11
28364.2 1504.09
28466.2 1504.07
28568.2 1504.04
28670.2 1504.02
28772.3 1504
28874.3 1503.97
28976.3 1503.95
29078.4 1503.92
29180.4 1503.9
29282.4 1503.87
29384.5 1503.85
29486.5 1503.83
29588.5 1503.8
29690.5 1503.78
29792.6 1503.75
29894.6 1503.73
29996.6 1503.7
30098.7 1503.68
30200.7 1503.65
30302.7 1503.63
30404.7 1503.6
30506.8 1503.58
30608.8 1503.55
30710.8 1503.52
30812.9 1503.5
30914.9 1503.47
31016.9 1503.45
31119 1503.42
31221 1503.4
31323 1503.37
31425 1503.34
31527.1 1503.32
31629.1 1503.29
31731.1 1503.26
31833.2 1503.24
31935.2 1503.21
32037.2 1503.18
32139.2 1503.16
32241.3 1503.13
32343.3 1503.1
32445.3 1503.08
32547.4 1503.05
32649.4 1503.02
32751.4 1503
32853.5 1502.97
32955.5 1502.94
33057.5 1502.91
33159.5 1502.89
33261.6 1502.86
33363.6 1502.83
33465.6 1502.8
33567.7 1502.77
33669.7 1502.75
33771.7 1502.72
33873.7 1502.69
33975.8 1502.66
34077.8 1502.63
34179.8 1502.6
34281.9 1502.58
34383.9 1502.55
34485.9 1502.52
34588 1502.49
34690 1502.46
34792 1502.43
34894 1502.4
34996.1 1502.37
35098.1 1502.34
35200.1 1502.32
35302.2 1502.29
35404.2 1502.26
35506.2 1502.23
35608.2 1502.2
35710.3 1502.17
35812.3 1502.14
35914.3 1502.11
36016.4 1502.08
36118.4 1502.05
36220.4 1502.02
36322.5 1501.99
36424.5 1501.96
36526.5 1501.93
36628.5 1501.9
36730.6 1501.86
36832.6 1501.83
36934.6 1501.8
37036.7 1501.77
37138.7 1501.74
37240.7 1501.71
37342.7 1501.68
37444.8 1501.65
37546.8 1501.62
37648.8 1501.59
37750.9 1501.55
37852.9 1501.52
37954.9 1501.49
38057 1501.46
38159 1501.43
38261 1501.4
38363 1501.36
38465.1 1501.33
38567.1 1501.3
38669.1 1501.27
38771.2 1501.23
38873.2 1501.2
38975.2 1501.17
39077.2 1501.14
39179.3 1501.1
39281.3 1501.07
39383.3 1501.04
39485.4 1501.01
39587.4 1500.97
39689.4 1500.94
39791.4 1500.91
39893.5 1500.87
39995.5 1500.84
40097.5 1500.81
40199.6 1500.77
40301.6 1500.74
40403.6 1500.7
40505.7 1500.67
40607.7 1500.64
40709.7 1500.6
40811.7 1500.57
40913.8 1500.53
41015.8 1500.5
41117.8 1500.47
41219.9 1500.43
41321.9 1500.4
41423.9 1500.36
41525.9 1500.33
41628 1500.29
41730 1500.26
41832 1500.22
41934.1 1500.19
42036.1 1500.15
42138.1 1500.12
42240.2 1500.08
42342.2 1500.05
42444.2 1500.01
42546.2 1499.98
42648.3 1499.94
42750.3 1499.9
42852.3 1499.87
42954.4 1499.83
43056.4 1499.8
43158.4 1499.76
43260.4 1499.72
43362.5 1499.69
43464.5 1499.65
43566.5 1499.62
43668.6 1499.58
43770.6 1499.54
43872.6 1499.51
43974.7 1499.47
44076.7 1499.43
44178.7 1499.4
44280.7 1499.36
44382.8 1499.32
44484.8 1499.28
44586.8 1499.25
44688.9 1499.21
44790.9 1499.17
44892.9 1499.13
44994.9 1499.1
45097 1499.06
45199 1499.02
45301 1498.98
45403.1 1498.95
45505.1 1498.91
45607.1 1498.87
45709.2 1498.83
45811.2 1498.79
45913.2 1498.75
46015.2 1498.72
46117.3 1498.68
46219.3 1498.64
46321.3 1498.6
46423.4 1498.56
46525.4 1498.52
46627.4 1498.48
46729.4 1498.44
46831.5 1498.4
46933.5 1498.36
47035.5 1498.33
47137.6 1498.29
47239.6 1498.25
47341.6 1498.21
47443.7 1498.17
47545.7 1498.13
47647.7 1498.09
47749.7 1498.05
47851.8 1498.01
47953.8 1497.97
48055.8 1497.93
48157.9 1497.89
48259.9 1497.85
48361.9 1497.81
48463.9 1497.76
48566 1497.72
48668 1497.68
48770 1497.64
48872.1 1497.6
48974.1 1497.56
49076.1 1497.52
49178.2 1497.48
49280.2 1497.44
49382.2 1497.4
49484.2 1497.35
49586.3 1497.31
49688.3 1497.27
49790.3 1497.23
49892.4 1497.19
49994.4 1497.14
50096.4 1497.1
50198.4 1497.06
50300.5 1497.02
50402.5 1496.98
50504.5 1496.93
50606.6 1496.89
50708.6 1496.85
50810.6 1496.81
50912.6 1496.76
51014.7 1496.72
51116.7 1496.68
51218.7 1496.63
51320.8 1496.59
51422.8 1496.55
51524.8 1496.51
51626.9 1496.46
51728.9 1496.42
51830.9 1496.38
51932.9 1496.33
52035 1496.29
52137 1496.24
52239 1496.2
52341.1 1496.16
52443.1 1496.11
52545.1 1496.07
52647.1 1496.02
52749.2 1495.98
52851.2 1495.94
52953.2 1495.89
53055.3 1495.85
53157.3 1495.8
53259.3 1495.76
53361.4 1495.71
53463.4 1495.67
53565.4 1495.62
53667.4 1495.58
53769.5 1495.53
53871.5 1495.49
53973.5 1495.44
54075.6 1495.4
54177.6 1495.35
54279.6 1495.3
54381.6 1495.26
54483.7 1495.21
54585.7 1495.17
54687.7 1495.12
54789.8 1495.07
54891.8 1495.03
54993.8 1494.98
55095.9 1494.94
55197.9 1494.89
55299.9 1494.84
55401.9 1494.8
55504 1494.75
55606 1494.7
55708 1494.66
55810.1 1494.61
55912.1 1494.56
56014.1 1494.51
56116.1 1494.47
56218.2 1494.42
56320.2 1494.37
56422.2 1494.33
56524.3 1494.28
56626.3 1494.23
56728.3 1494.18
56830.4 1494.13
56932.4 1494.09
57034.4 1494.04
57136.4 1493.99
57238.5 1493.94
57340.5 1493.89
57442.5 1493.85
57544.6 1493.8
57646.6 1493.75
57748.6 1493.7
57850.6 1493.65
57952.7 1493.6
58054.7 1493.55
58156.7 1493.5
58258.8 1493.45
58360.8 1493.41
58462.8 1493.36
58564.9 1493.31
58666.9 1493.26
58768.9 1493.21
58870.9 1493.16
58973 1493.11
59075 1493.06
59177 1493.01
59279.1 1492.96
59381.1 1492.91
59483.1 1492.86
59585.1 1492.81
59687.2 1492.76
59789.2 1492.71
59891.2 1492.66
59993.3 1492.61
60095.3 1492.56
60197.3 1492.5
60299.4 1492.45
60401.4 1492.4
60503.4 1492.35
60605.4 1492.3
60707.5 1492.25
60809.5 1492.2
60911.5 1492.15
61013.6 1492.1
61115.6 1492.04
61217.6 1491.99
61319.6 1491.94
61421.7 1491.89
61523.7 1491.84
61625.7 1491.78
61727.8 1491.73
61829.8 1491.68
61931.8 1491.63
62033.8 1491.58
62135.9 1491.52
62237.9 1491.47
62339.9 1491.42
62442 1491.36
62544 1491.31
62646 1491.26
62748.1 1491.21
62850.1 1491.15
62952.1 1491.1
63054.1 1491.05
63156.2 1490.99
63258.2 1490.94
63360.2 1490.89
63462.3 1490.83
63564.3 1490.78
63666.3 1490.72
63768.3 1490.67
63870.4 1490.62
63972.4 1490.56
64074.4 1490.51
64176.5 1490.45
64278.5 1490.4
64380.5 1490.34
64482.6 1490.29
64584.6 1490.24
64686.6 1490.18
64788.6 1490.13
64890.7 1490.07
64992.7 1490.02
65094.7 1489.96
65196.8 1489.91
65298.8 1489.85
65400.8 1489.79
65502.8 1489.74
65604.9 1489.68
65706.9 1489.63
65808.9 1489.57
65911 1489.52
66013 1489.46
66115 1489.4
66217.1 1489.35
66319.1 1489.29
66421.1 1489.24
66523.1 1489.18
66625.2 1489.12
66727.2 1489.07
66829.2 1489.01
66931.3 1488.95
67033.3 1488.9
67135.3 1488.84
67237.3 1488.78
67339.4 1488.72
67441.4 1488.67
67543.4 1488.61
67645.5 1488.55
67747.5 1488.5
67849.5 1488.44
67951.6 1488.38
68053.6 1488.32
68155.6 1488.26
68257.6 1488.21
68359.7 1488.15
68461.7 1488.09
68563.7 1488.03
68665.8 1487.97
68767.8 1487.92
68869.8 1487.86
68971.8 1487.8
69073.9 1487.74
69175.9 1487.68
69277.9 1487.62
69380 1487.56
69482 1487.5
69584 1487.44
69686.1 1487.39
69788.1 1487.33
69890.1 1487.27
69992.1 1487.21
70094.2 1487.15
70196.2 1487.09
70298.2 1487.03
70400.3 1486.97
70502.3 1486.91
70604.3 1486.85
70706.3 1486.79
70808.4 1486.73
70910.4 1486.67
71012.4 1486.61
71114.5 1486.55
71216.5 1486.49
71318.5 1486.43
71420.6 1486.36
71522.6 1486.3
71624.6 1486.24
71726.6 1486.18
71828.7 1486.12
71930.7 1486.06
72032.7 1486
72134.8 1485.94
72236.8 1485.87
72338.8 1485.81
72440.8 1485.75
72542.9 1485.69
72644.9 1485.63
72746.9 1485.57
72849 1485.5
72951 1485.44
73053 1485.38
73155 1485.32
73257.1 1485.25
73359.1 1485.19
73461.1 1485.13
73563.2 1485.07
73665.2 1485
73767.2 1484.94
73869.3 1484.88
73971.3 1484.81
74073.3 1484.75
74175.3 1484.69
74277.4 1484.62
74379.4 1484.56
74481.4 1484.5
74583.5 1484.43
74685.5 1484.37
74787.5 1484.31
74889.5 1484.24
74991.6 1484.18
75093.6 1484.11
75195.6 1484.05
75297.7 1483.99
75399.7 1483.92
75501.7 1483.86
75603.8 1483.79
75705.8 1483.73
75807.8 1483.66
75909.8 1483.6
76011.9 1483.53
76113.9 1483.47
76215.9 1483.4
76318 1483.34
76420 1483.27
76522 1483.21
76624 1483.14
76726.1 1483.08
76828.1 1483.01
76930.1 1482.94
77032.2 1482.88
77134.2 1482.81
77236.2 1482.75
77338.3 1482.68
77440.3 1482.61
77542.3 1482.55
77644.3 1482.48
77746.4 1482.41
77848.4 1482.35
77950.4 1482.28
78052.5 1482.21
78154.5 1482.15
78256.5 1482.08
78358.5 1482.01
78460.6 1481.95
78562.6 1481.88
78664.6 1481.81
78766.7 1481.74
78868.7 1481.68
78970.7 1481.61
79072.8 1481.54
79174.8 1481.47
79276.8 1481.4
79378.8 1481.34
79480.9 1481.27
79582.9 1481.2
79684.9 1481.13
79787 1481.06
79889 1480.99
79991 1480.93
80093 1480.86
80195.1 1480.79
80297.1 1480.72
80399.1 1480.65
80501.2 1480.58
80603.2 1480.51
80705.2 1480.44
80807.3 1480.37
80909.3 1480.3
81011.3 1480.23
81113.3 1480.16
81215.4 1480.09
81317.4 1480.02
81419.4 1479.96
81521.5 1479.88
81623.5 1479.81
81725.5 1479.74
81827.5 1479.67
81929.6 1479.6
82031.6 1479.53
82133.6 1479.46
82235.7 1479.39
82337.7 1479.32
82439.7 1479.25
82541.8 1479.18
82643.8 1479.11
82745.8 1479.04
82847.8 1478.97
82949.9 1478.89
83051.9 1478.82
83153.9 1478.75
83256 1478.68
83358 1478.61
83460 1478.54
83562 1478.46
83664.1 1478.39
83766.1 1478.32
83868.1 1478.25
83970.2 1478.18
84072.2 1478.1
84174.2 1478.03
84276.2 1477.96
84378.3 1477.88
84480.3 1477.81
84582.3 1477.74
84684.4 1477.67
84786.4 1477.59
84888.4 1477.52
84990.5 1477.45
85092.5 1477.37
85194.5 1477.3
85296.5 1477.23
85398.6 1477.15
85500.6 1477.08
85602.6 1477
85704.7 1476.93
85806.7 1476.86
85908.7 1476.78
86010.7 1476.71
86112.8 1476.63
86214.8 1476.56
86316.8 1476.48
86418.9 1476.41
86520.9 1476.34
86622.9 1476.26
86725 1476.19
86827 1476.11
86929 1476.04
87031 1475.96
87133.1 1475.88
87235.1 1475.81
87337.1 1475.73
87439.2 1475.66
87541.2 1475.58
87643.2 1475.51
87745.2 1475.43
87847.3 1475.35
87949.3 1475.28
88051.3 1475.2
88153.4 1475.13
88255.4 1475.05
88357.4 1474.97
88459.5 1474.9
88561.5 1474.82
88663.5 1474.74
88765.5 1474.67
88867.6 1474.59
88969.6 1474.51
89071.6 1474.44
89173.7 1474.36
89275.7 1474.28
89377.7 1474.2
89479.7 1474.13
89581.8 1474.05
89683.8 1473.97
89785.8 1473.89
89887.9 1473.81
89989.9 1473.74
90091.9 1473.66
90194 1473.58
90296 1473.5
90398 1473.42
90500 1473.34
90602.1 1473.27
90704.1 1473.19
90806.1 1473.11
90908.2 1473.03
91010.2 1472.95
91112.2 1472.87
91214.2 1472.79
91316.3 1472.71
91418.3 1472.63
91520.3 1472.55
91622.4 1472.47
91724.4 1472.39
91826.4 1472.31
91928.5 1472.23
92030.5 1472.15
92132.5 1472.07
92234.5 1471.99
92336.6 1471.91
92438.6 1471.83
92540.6 1471.75
92642.7 1471.67
92744.7 1471.59
92846.7 1471.51
92948.7 1471.43
93050.8 1471.35
93152.8 1471.27
93254.8 1471.19
93356.9 1471.11
93458.9 1471.02
93560.9 1470.94
93663 1470.86
93765 1470.78
93867 1470.7
93969 1470.62
94071.1 1470.53
94173.1 1470.45
94275.1 1470.37
94377.2 1470.29
94479.2 1470.2
94581.2 1470.12
94683.2 1470.04
94785.3 1469.96
94887.3 1469.87
94989.3 1469.79
95091.4 1469.71
95193.4 1469.63
95295.4 1469.54
95397.4 1469.46
95499.5 1469.38
95601.5 1469.29
95703.5 1469.21
95805.6 1469.12
95907.6 1469.04
96009.6 1468.96
96111.7 1468.87
96213.7 1468.79
96315.7 1468.7
96417.7 1468.62
96519.8 1468.54
96621.8 1468.45
96723.8 1468.37
96825.9 1468.28
96927.9 1468.2
97029.9 1468.11
97131.9 1468.03
97234 1467.94
97336 1467.86
97438 1467.77
97540.1 1467.69
97642.1 1467.6
97744.1 1467.52
97846.2 1467.43
97948.2 1467.34
98050.2 1467.26
98152.2 1467.17
98254.3 1467.09
98356.3 1467
98458.3 1466.91
98560.4 1466.83
98662.4 1466.74
98764.4 1466.65
98866.4 1466.57
98968.5 1466.48
99070.5 1466.39
99172.5 1466.31
99274.6 1466.22
99376.6 1466.13
99478.6 1466.04
99580.7 1465.96
99682.7 1465.87
99784.7 1465.78
99886.7 1465.69
99988.8 1465.61
100091 1465.52
100193 1465.43
100295 1465.34
100397 1465.25
100499 1465.17
100601 1465.08
100703 1464.99
100805 1464.9
100907 1464.81
101009 1464.72
101111 1464.63
101213 1464.54
101315 1464.46
101417 1464.37
101519 1464.28
101621 1464.19
101723 1464.1
101825 1464.01
101927 1463.92
102029 1463.83
102131 1463.74
102233 1463.65
102335 1463.56
102437 1463.47
102540 1463.38
102642 1463.29
102744 1463.2
102846 1463.11
102948 1463.02
103050 1462.92
103152 1462.83
103254 1462.74
103356 1462.65
103458 1462.56
103560 1462.47
103662 1462.38
103764 1462.29
103866 1462.19
103968 1462.1
104070 1462.01
104172 1461.92
104274 1461.83
104376 1461.73
104478 1461.64
104580 1461.55
104682 1461.46
104784 1461.36
104886 1461.27
104988 1461.18
105090 1461.09
105192 1460.99
105294 1460.9
105396 1460.81
105498 1460.71
105600 1460.62
105702 1460.53
105804 1460.43
105906 1460.34
106009 1460.24
106111 1460.15
106213 1460.06
106315 1459.96
106417 1459.87
106519 1459.77
106621 1459.68
106723 1459.58
106825 1459.49
106927 1459.39
107029 1459.3
107131 1459.2
107233 1459.11
107335 1459.01
107437 1458.92
107539 1458.82
107641 1458.73
107743 1458.63
107845 1458.54
107947 1458.44
108049 1458.34
108151 1458.25
108253 1458.15
108355 1458.06
108457 1457.96
108559 1457.86
108661 1457.77
108763 1457.67
108865 1457.57
108967 1457.48
109069 1457.38
109171 1457.28
109273 1457.18
109375 1457.09
109478 1456.99
109580 1456.89
109682 1456.79
109784 1456.7
109886 1456.6
109988 1456.5
110090 1456.4
110192 1456.3
110294 1456.21
110396 1456.11
110498 1456.01
110600 1455.91
110702 1455.81
110804 1455.71
110906 1455.61
111008 1455.51
111110 1455.42
111212 1455.32
111314 1455.22
111416 1455.12
111518 1455.02
111620 1454.92
111722 1454.82
111824 1454.72
111926 1454.62
112028 1454.52
112130 1454.42
112232 1454.32
112334 1454.22
112436 1454.12
112538 1454.02
112640 1453.91
112742 1453.81
112844 1453.71
112946 1453.61
113049 1453.51
113151 1453.41
113253 1453.31
113355 1453.21
113457 1453.1
113559 1453
113661 1452.9
113763 1452.8
113865 1452.7
113967 1452.6
114069 1452.49
114171 1452.39
114273 1452.29
114375 1452.19
114477 1452.08
114579 1451.98
114681 1451.88
114783 1451.77
114885 1451.67
114987 1451.57
115089 1451.46
115191 1451.36
115293 1451.26
115395 1451.15
115497 1451.05
115599 1450.95
115701 1450.84
115803 1450.74
115905 1450.63
116007 1450.53
116109 1450.42
116211 1450.32
116313 1450.22
116415 1450.11
116518 1450.01
116620 1449.9
116722 1449.8
116824 1449.69
116926 1449.58
117028 1449.48
117130 1449.37
117232 1449.27
117334 1449.16
117436 1449.06
117538 1448.95
117640 1448.84
117742 1448.74
117844 1448.63
117946 1448.53
118048 1448.42
118150 1448.31
118252 1448.21
118354 1448.1
118456 1447.99
118558 1447.88
118660 1447.78
118762 1447.67
118864 1447.56
118966 1447.46
119068 1447.35
119170 1447.24
119272 1447.13
119374 1447.02
119476 1446.92
119578 1446.81
119680 1446.7
119782 1446.59
119884 1446.48
119987 1446.37
120089 1446.27
120191 1446.16
120293 1446.05
120395 1445.94
120497 1445.83
120599 1445.72
120701 1445.61
120803 1445.5
120905 1445.39
121007 1445.28
121109 1445.17
121211 1445.06
121313 1444.95
121415 1444.84
121517 1444.73
121619 1444.62
121721 1444.51
121823 1444.4
121925 1444.29
122027 1444.18
122129 1444.07
122231 1443.96
122333 1443.84
122435 1443.73
122537 1443.62
122639 1443.51
122741 1443.4
122843 1443.29
122945 1443.17
123047 1443.06
123149 1442.95
123251 1442.84
123353 1442.73
123456 1442.61
123558 1442.5
123660 1442.39
123762 1442.28
123864 1442.16
123966 1442.05
124068 1441.94
124170 1441.82
124272 1441.71
124374 1441.6
124476 1441.48
124578 1441.37
124680 1441.26
124782 1441.14
124884 1441.03
124986 1440.91
125088 1440.8
125190 1440.68
125292 1440.57
125394 1440.46
125496 1440.34
125598 1440.23
125700 1440.11
125802 1440
125904 1439.88
126006 1439.77
126108 1439.65
126210 1439.53
126312 1439.42
126414 1439.3
126516 1439.19
126618 1439.07
126720 1438.96
126822 1438.84
126925 1438.72
127027 1438.61
127129 1438.49
127231 1438.37
127333 1438.26
127435 1438.14
127537 1438.02
127639 1437.91
127741 1437.79
127843 1437.67
127945 1437.55
128047 1437.44
128149 1437.32
128251 1437.2
128353 1437.08
128455 1436.96
128557 1436.85
128659 1436.73
128761 1436.61
128863 1436.49
128965 1436.37
129067 1436.25
129169 1436.13
129271 1436.01
129373 1435.9
129475 1435.78
129577 1435.66
129679 1435.54
129781 1435.42
129883 1435.3
129985 1435.18
130087 1435.06
130189 1434.94
130291 1434.82
130394 1434.7
130496 1434.58
130598 1434.46
130700 1434.34
130802 1434.22
130904 1434.09
131006 1433.97
131108 1433.85
131210 1433.73
131312 1433.61
131414 1433.49
131516 1433.37
131618 1433.25
131720 1433.12
131822 1433
131924 1432.88
132026 1432.76
132128 1432.64
132230 1432.51
132332 1432.39
132434 1432.27
132536 1432.14
132638 1432.02
132740 1431.9
132842 1431.78
132944 1431.65
133046 1431.53
133148 1431.41
133250 1431.28
133352 1431.16
133454 1431.03
133556 1430.91
133658 1430.79
133760 1430.66
133863 1430.54
133965 1430.41
134067 1430.29
134169 1430.16
134271 1430.04
134373 1429.91
134475 1429.79
134577 1429.66
134679 1429.54
134781 1429.41
134883 1429.29
134985 1429.16
135087 1429.04
135189 1428.91
135291 1428.78
135393 1428.66
135495 1428.53
135597 1428.41
135699 1428.28
135801 1428.15
135903 1428.03
136005 1427.9
136107 1427.77
136209 1427.65
136311 1427.52
136413 1427.39
136515 1427.26
136617 1427.14
136719 1427.01
136821 1426.88
136923 1426.75
137025 1426.62
137127 1426.5
137229 1426.37
137332 1426.24
137434 1426.11
137536 1425.98
137638 1425.85
137740 1425.72
137842 1425.6
137944 1425.47
138046 1425.34
138148 1425.21
138250 1425.08
138352 1424.95
138454 1424.82
138556 1424.69
138658 1424.56
138760 1424.43
138862 1424.3
138964 1424.17
139066 1424.04
139168 1423.91
139270 1423.78
139372 1423.65
139474 1423.51
139576 1423.38
139678 1423.25
139780 1423.12
139882 1422.99
139984 1422.86
140086 1422.73
140188 1422.59
140290 1422.46
140392 1422.33
140494 1422.2
140596 1422.06
140698 1421.93
140801 1421.8
140903 1421.67
141005 1421.53
141107 1421.4
141209 1421.27
141311 1421.13
141413 1421
141515 1420.87
141617 1420.73
141719 1420.6
141821 1420.47
141923 1420.33
142025 1420.2
142127 1420.06
142229 1419.93
142331 1419.8
142433 1419.66
142535 1419.53
142637 1419.39
142739 1419.26
142841 1419.12
142943 1418.99
143045 1418.85
143147 1418.71
143249 1418.58
143351 1418.44
143453 1418.31
143555 1418.17
143657 1418.04
143759 1417.9
143861 1417.76
143963 1417.63
144065 1417.49
144167 1417.35
144270 1417.22
144372 1417.08
144474 1416.94
144576 1416.8
144678 1416.67
144780 1416.53
144882 1416.39
144984 1416.25
145086 1416.12
145188 1415.98
145290 1415.84
145392 1415.7
145494 1415.56
145596 1415.43
145698 1415.29
145800 1415.15
145902 1415.01
146004 1414.87
146106 1414.73
146208 1414.59
146310 1414.45
146412 1414.31
146514 1414.17
146616 1414.03
146718 1413.89
146820 1413.75
146922 1413.61
147024 1413.47
147126 1413.33
147228 1413.19
147330 1413.05
147432 1412.91
147534 1412.77
147636 1412.63
147739 1412.49
147841 1412.34
147943 1412.2
148045 1412.06
148147 1411.92
148249 1411.78
148351 1411.64
148453 1411.49
148555 1411.35
148657 1411.21
148759 1411.07
148861 1410.92
148963 1410.78
149065 1410.64
149167 1410.5
149269 1410.35
149371 1410.21
149473 1410.07
149575 1409.92
149677 1409.78
149779 1409.63
149881 1409.49
149983 1409.35
150085 1409.2
150187 1409.06
150289 1408.91
150391 1408.77
150493 1408.62
150595 1408.48
150697 1408.33
150799 1408.19
150901 1408.04
151003 1407.9
151105 1407.75
151208 1407.61
151310 1407.46
151412 1407.31
151514 1407.17
151616 1407.02
151718 1406.88
151820 1406.73
151922 1406.58
152024 1406.44
152126 1406.29
152228 1406.14
152330 1406
152432 1405.85
152534 1405.7
152636 1405.55
152738 1405.41
152840 1405.26
152942 1405.11
153044 1404.96
153146 1404.81
153248 1404.66
153350 1404.52
153452 1404.37
153554 1404.22
153656 1404.07
153758 1403.92
153860 1403.77
153962 1403.62
154064 1403.47
154166 1403.32
154268 1403.17
154370 1403.02
154472 1402.87
154574 1402.72
154677 1402.57
154779 1402.42
154881 1402.27
154983 1402.12
155085 1401.97
155187 1401.82
155289 1401.67
155391 1401.52
155493 1401.37
155595 1401.22
155697 1401.06
155799 1400.91
155901 1400.76
156003 1400.61
156105 1400.46
156207 1400.31
156309 1400.15
156411 1400
156513 1399.85
156615 1399.69
156717 1399.54
156819 1399.39
156921 1399.24
157023 1399.08
157125 1398.93
157227 1398.78
157329 1398.62
157431 1398.47
157533 1398.31
157635 1398.16
157737 1398.01
157839 1397.85
157941 1397.7
158043 1397.54
158146 1397.39
158248 1397.23
158350 1397.08
158452 1396.92
158554 1396.77
158656 1396.61
158758 1396.46
158860 1396.3
158962 1396.14
159064 1395.99
159166 1395.83
159268 1395.67
159370 1395.52
159472 1395.36
159574 1395.21
159676 1395.05
159778 1394.89
159880 1394.73
159982 1394.58
160084 1394.42
160186 1394.26
160288 1394.1
160390 1393.95
160492 1393.79
160594 1393.63
160696 1393.47
160798 1393.31
160900 1393.16
161002 1393
161104 1392.84
161206 1392.68
161308 1392.52
161410 1392.36
161512 1392.2
161615 1392.04
161717 1391.88
161819 1391.72
161921 1391.56
162023 1391.4
162125 1391.24
162227 1391.08
162329 1390.92
162431 1390.76
162533 1390.6
162635 1390.44
162737 1390.28
162839 1390.12
162941 1389.96
163043 1389.79
163145 1389.63
163247 1389.47
163349 1389.31
163451 1389.15
163553 1388.98
163655 1388.82
163757 1388.66
163859 1388.5
163961 1388.33
164063 1388.17
164165 1388.01
164267 1387.85
164369 1387.68
164471 1387.52
164573 1387.36
164675 1387.19
164777 1387.03
164879 1386.86
164981 1386.7
165084 1386.54
165186 1386.37
165288 1386.21
165390 1386.04
165492 1385.88
165594 1385.71
165696 1385.55
165798 1385.38
165900 1385.22
166002 1385.05
166104 1384.89
166206 1384.72
166308 1384.55
166410 1384.39
166512 1384.22
166614 1384.05
166716 1383.89
166818 1383.72
166920 1383.55
167022 1383.39
167124 1383.22
167226 1383.05
167328 1382.89
167430 1382.72
167532 1382.55
167634 1382.38
167736 1382.22
167838 1382.05
167940 1381.88
168042 1381.71
168144 1381.54
168246 1381.37
168348 1381.2
168450 1381.04
168552 1380.87
168655 1380.7
168757 1380.53
168859 1380.36
168961 1380.19
169063 1380.02
169165 1379.85
169267 1379.68
169369 1379.51
169471 1379.34
169573 1379.17
169675 1379
169777 1378.83
169879 1378.66
169981 1378.48
170083 1378.31
170185 1378.14
170287 1377.97
170389 1377.8
170491 1377.63
170593 1377.45
170695 1377.28
170797 1377.11
170899 1376.94
171001 1376.77
171103 1376.59
171205 1376.42
171307 1376.25
171409 1376.07
171511 1375.9
171613 1375.73
171715 1375.55
171817 1375.38
171919 1375.21
172021 1375.03
172124 1374.86
172226 1374.68
172328 1374.51
172430 1374.34
172532 1374.16
172634 1373.99
172736 1373.81
172838 1373.64
172940 1373.46
173042 1373.28
173144 1373.11
173246 1372.93
173348 1372.76
173450 1372.58
173552 1372.41
173654 1372.23
173756 1372.05
173858 1371.88
173960 1371.7
174062 1371.52
174164 1371.35
174266 1371.17
174368 1370.99
174470 1370.81
174572 1370.64
174674 1370.46
174776 1370.28
174878 1370.1
174980 1369.92
175082 1369.75
175184 1369.57
175286 1369.39
175388 1369.21
175490 1369.03
175593 1368.85
175695 1368.67
175797 1368.49
175899 1368.31
176001 1368.14
176103 1367.96
176205 1367.78
176307 1367.6
176409 1367.42
176511 1367.23
176613 1367.05
176715 1366.87
176817 1366.69
176919 1366.51
177021 1366.33
177123 1366.15
177225 1365.97
177327 1365.79
177429 1365.61
177531 1365.42
177633 1365.24
177735 1365.06
177837 1364.88
177939 1364.7
178041 1364.51
178143 1364.33
178245 1364.15
178347 1363.96
178449 1363.78
178551 1363.6
178653 1363.41
178755 1363.23
178857 1363.05
178959 1362.86
179062 1362.68
179164 1362.5
179266 1362.31
179368 1362.13
179470 1361.94
179572 1361.76
179674 1361.57
179776 1361.39
179878 1361.2
179980 1361.02
180082 1360.83
180184 1360.65
180286 1360.46
180388 1360.28
180490 1360.09
180592 1359.9
180694 1359.72
180796 1359.53
180898 1359.34
181000 1359.16
181102 1358.97
181204 1358.78
181306 1358.6
181408 1358.41
181510 1358.22
181612 1358.03
181714 1357.85
181816 1357.66
181918 1357.47
182020 1357.28
182122 1357.09
182224 1356.91
182326 1356.72
182428 1356.53
182531 1356.34
182633 1356.15
182735 1355.96
182837 1355.77
182939 1355.58
183041 1355.39
183143 1355.2
183245 1355.01
183347 1354.82
183449 1354.63
183551 1354.44
183653 1354.25
183755 1354.06
183857 1353.87
183959 1353.68
184061 1353.49
184163 1353.3
184265 1353.11
184367 1352.92
184469 1352.72
184571 1352.53
184673 1352.34
184775 1352.15
184877 1351.96
184979 1351.76
185081 1351.57
185183 1351.38
185285 1351.19
185387 1350.99
185489 1350.8
185591 1350.61
185693 1350.41
185795 1350.22
185897 1350.03
186000 1349.83
186102 1349.64
186204 1349.44
186306 1349.25
186408 1349.06
186510 1348.86
186612 1348.67
186714 1348.47
186816 1348.28
186918 1348.08
187020 1347.89
187122 1347.69
187224 1347.5
187326 1347.3
187428 1347.11
187530 1346.91
187632 1346.71
187734 1346.52
187836 1346.32
187938 1346.13
188040 1345.93
188142 1345.73
188244 1345.53
188346 1345.34
188448 1345.14
188550 1344.94
188652 1344.75
188754 1344.55
188856 1344.35
188958 1344.15
189060 1343.96
189162 1343.76
189264 1343.56
189366 1343.36
189469 1343.16
189571 1342.96
189673 1342.76
189775 1342.57
189877 1342.37
189979 1342.17
190081 1341.97
190183 1341.77
190285 1341.57
190387 1341.37
190489 1341.17
190591 1340.97
190693 1340.77
190795 1340.57
190897 1340.37
190999 1340.17
191101 1339.97
191203 1339.77
191305 1339.57
191407 1339.36
191509 1339.16
191611 1338.96
191713 1338.76
191815 1338.56
191917 1338.36
192019 1338.16
192121 1337.95
192223 1337.75
192325 1337.55
192427 1337.35
192529 1337.14
192631 1336.94
192733 1336.74
192835 1336.53
192938 1336.33
193040 1336.13
193142 1335.93
193244 1335.72
193346 1335.52
193448 1335.31
193550 1335.11
193652 1334.91
193754 1334.7
193856 1334.5
193958 1334.29
194060 1334.09
194162 1333.88
194264 1333.68
194366 1333.47
194468 1333.27
194570 1333.06
194672 1332.86
194774 1332.65
194876 1332.45
194978 1332.24
195080 1332.04
195182 1331.83
195284 1331.62
195386 1331.42
195488 1331.21
195590 1331
195692 1330.8
195794 1330.59
195896 1330.38
195998 1330.18
196100 1329.97
196202 1329.76
196304 1329.55
196407 1329.35
196509 1329.14
196611 1328.93
196713 1328.72
196815 1328.52
196917 1328.31
197019 1328.1
197121 1327.89
197223 1327.68
197325 1327.47
197427 1327.26
197529 1327.06
197631 1326.85
197733 1326.64
197835 1326.43
197937 1326.22
198039 1326.01
198141 1325.8
198243 1325.59
198345 1325.38
198447 1325.17
198549 1324.96
198651 1324.75
198753 1324.54
198855 1324.33
198957 1324.12
199059 1323.91
199161 1323.69
199263 1323.48
199365 1323.27
199467 1323.06
199569 1322.85
199671 1322.64
199773 1322.43
199876 1322.22
199978 1322
200080 1321.79
200182 1321.58
200284 1321.37
200386 1321.15
200488 1320.94
200590 1320.73
200692 1320.52
200794 1320.3
200896 1320.09
200998 1319.88
201100 1319.66
201202 1319.45
201304 1319.24
201406 1319.02
201508 1318.81
201610 1318.6
201712 1318.38
201814 1318.17
201916 1317.95
202018 1317.74
202120 1317.53
202222 1317.31
202324 1317.1
202426 1316.88
202528 1316.67
202630 1316.45
202732 1316.24
202834 1316.02
202936 1315.81
203038 1315.59
203140 1315.38
203242 1315.16
203345 1314.95
203447 1314.73
203549 1314.51
203651 1314.3
203753 1314.08
203855 1313.87
203957 1313.65
204059 1313.43
204161 1313.22
204263 1313
204365 1312.78
204467 1312.57
204569 1312.35
204671 1312.13
204773 1311.91
204875 1311.7
204977 1311.48
205079 1311.26
205181 1311.04
205283 1310.83
205385 1310.61
205487 1310.39
205589 1310.17
205691 1309.96
205793 1309.74
205895 1309.52
205997 1309.3
206099 1309.08
206201 1308.86
206303 1308.64
206405 1308.43
206507 1308.21
206609 1307.99
206711 1307.77
206814 1307.55
206916 1307.33
207018 1307.11
207120 1306.89
207222 1306.67
207324 1306.45
207426 1306.23
207528 1306.01
207630 1305.79
207732 1305.57
207834 1305.35
207936 1305.13
208038 1304.91
208140 1304.69
208242 1304.47
208344 1304.25
208446 1304.03
208548 1303.81
208650 1303.59
208752 1303.36
208854 1303.14
208956 1302.92
209058 1302.7
209160 1302.48
209262 1302.26
209364 1302.04
209466 1301.81
209568 1301.59
209670 1301.37
209772 1301.15
209874 1300.93
209976 1300.71
210078 1300.48
210180 1300.26
210283 1300.04
210385 1299.82
210487 1299.59
210589 1299.37
210691 1299.15
210793 1298.92
210895 1298.7
210997 1298.48
211099 1298.26
211201 1298.03
211303 1297.81
211405 1297.59
211507 1297.36
211609 1297.14
211711 1296.92
211813 1296.69
211915 1296.47
212017 1296.24
212119 1296.02
212221 1295.8
212323 1295.57
212425 1295.35
212527 1295.12
212629 1294.9
212731 1294.67
212833 1294.45
212935 1294.23
213037 1294
213139 1293.78
213241 1293.55
213343 1293.33
213445 1293.1
213547 1292.88
213649 1292.65
213752 1292.43
213854 1292.2
213956 1291.98
214058 1291.75
214160 1291.53
214262 1291.3
214364 1291.07
214466 1290.85
214568 1290.62
214670 1290.4
214772 1290.17
214874 1289.95
214976 1289.72
215078 1289.49
215180 1289.27
215282 1289.04
215384 1288.81
215486 1288.59
215588 1288.36
215690 1288.14
215792 1287.91
215894 1287.68
215996 1287.46
216098 1287.23
216200 1287
216302 1286.77
216404 1286.55
216506 1286.32
216608 1286.09
216710 1285.87
216812 1285.64
216914 1285.41
217016 1285.18
217118 1284.96
217221 1284.73
217323 1284.5
217425 1284.27
217527 1284.05
217629 1283.82
217731 1283.59
217833 1283.36
217935 1283.14
218037 1282.91
218139 1282.68
218241 1282.45
218343 1282.22
218445 1282
218547 1281.77
218649 1281.54
218751 1281.31
218853 1281.08
218955 1280.85
219057 1280.63
219159 1280.4
219261 1280.17
219363 1279.94
219465 1279.71
219567 1279.48
219669 1279.25
219771 1279.02
219873 1278.8
219975 1278.57
220077 1278.34
220179 1278.11
220281 1277.88
220383 1277.65
220485 1277.42
220587 1277.19
220690 1276.96
220792 1276.73
220894 1276.5
220996 1276.27
221098 1276.04
221200 1275.82
221302 1275.59
221404 1275.36
221506 1275.13
221608 1274.9
221710 1274.67
221812 1274.44
221914 1274.21
222016 1273.98
222118 1273.75
222220 1273.52
222322 1273.29
222424 1273.06
222526 1272.83
222628 1272.6
222730 1272.37
222832 1272.14
222934 1271.91
223036 1271.68
223138 1271.45
223240 1271.22
223342 1270.98
223444 1270.75
223546 1270.52
223648 1270.29
223750 1270.06
223852 1269.83
223954 1269.6
224056 1269.37
224158 1269.14
224261 1268.91
224363 1268.68
224465 1268.45
224567 1268.22
224669 1267.99
224771 1267.76
224873 1267.52
224975 1267.29
225077 1267.06
225179 1266.83
225281 1266.6
225383 1266.37
225485 1266.14
225587 1265.91
225689 1265.68
225791 1265.44
225893 1265.21
225995 1264.98
226097 1264.75
226199 1264.52
226301 1264.29
226403 1264.06
226505 1263.83
226607 1263.59
226709 1263.36
226811 1263.13
226913 1262.9
227015 1262.67
227117 1262.44
227219 1262.2
227321 1261.97
227423 1261.74
227525 1261.51
227627 1261.28
227730 1261.05
227832 1260.81
227934 1260.58
228036 1260.35
228138 1260.12
228240 1259.89
228342 1259.66
228444 1259.42
228546 1259.19
228648 1258.96
228750 1258.73
228852 1258.5
228954 1258.26
229056 1258.03
229158 1257.8
229260 1257.57
229362 1257.34
229464 1257.11
229566 1256.87
229668 1256.64
229770 1256.41
229872 1256.18
229974 1255.94
230076 1255.71
230178 1255.48
230280 1255.25
230382 1255.02
230484 1254.78
230586 1254.55
230688 1254.32
230790 1254.09
230892 1253.86
230994 1253.62
231096 1253.39
231199 1253.16
231301 1252.93
231403 1252.69
231505 1252.46
231607 1252.23
231709 1252
231811 1251.77
231913 1251.53
232015 1251.3
232117 1251.07
232219 1250.84
232321 1250.6
232423 1250.37
232525 1250.14
232627 1249.91
232729 1249.68
232831 1249.44
232933 1249.21
233035 1248.98
233137 1248.75
233239 1248.51
233341 1248.28
233443 1248.05
233545 1247.82
233647 1247.58
233749 1247.35
233851 1247.12
233953 1246.89
234055 1246.65
234157 1246.42
234259 1246.19
234361 1245.96
234463 1245.73
234565 1245.49
234668 1245.26
234770 1245.03
234872 1244.8
234974 1244.56
235076 1244.33
235178 1244.1
235280 1243.87
235382 1243.63
235484 1243.4
235586 1243.17
235688 1242.94
235790 1242.7
235892 1242.47
235994 1242.24
236096 1242.01
236198 1241.78
236300 1241.54
236402 1241.31
236504 1241.08
236606 1240.85
236708 1240.61
236810 1240.38
236912 1240.15
237014 1239.92
237116 1239.68
237218 1239.45
237320 1239.22
237422 1238.99
237524 1238.76
237626 1238.52
237728 1238.29
237830 1238.06
237932 1237.83
238034 1237.59
238137 1237.36
238239 1237.13
238341 1236.9
238443 1236.67
238545 1236.43
238647 1236.2
238749 1235.97
238851 1235.74
238953 1235.51
239055 1235.27
239157 1235.04
239259 1234.81
239361 1234.58
239463 1234.35
239565 1234.11
239667 1233.88
239769 1233.65
239871 1233.42
239973 1233.19
240075 1232.95
240177 1232.72
240279 1232.49
240381 1232.26
240483 1232.03
240585 1231.79
240687 1231.56
240789 1231.33
240891 1231.1
240993 1230.87
241095 1230.64
241197 1230.4
241299 1230.17
241401 1229.94
241503 1229.71
241606 1229.48
241708 1229.25
241810 1229.01
241912 1228.78
242014 1228.55
242116 1228.32
242218 1228.09
242320 1227.86
242422 1227.62
242524 1227.39
242626 1227.16
242728 1226.93
242830 1226.7
242932 1226.47
243034 1226.24
243136 1226
243238 1225.77
243340 1225.54
243442 1225.31
243544 1225.08
243646 1224.85
243748 1224.62
243850 1224.39
243952 1224.15
244054 1223.92
244156 1223.69
244258 1223.46
244360 1223.23
244462 1223
244564 1222.77
244666 1222.54
244768 1222.31
244870 1222.07
244972 1221.84
245075 1221.61
245177 1221.38
245279 1221.15
245381 1220.92
245483 1220.69
245585 1220.46
245687 1220.23
245789 1220
245891 1219.77
245993 1219.54
246095 1219.3
246197 1219.07
246299 1218.84
246401 1218.61
246503 1218.38
246605 1218.15
246707 1217.92
246809 1217.69
246911 1217.46
247013 1217.23
247115 1217
247217 1216.77
247319 1216.54
247421 1216.31
247523 1216.08
247625 1215.85
247727 1215.62
247829 1215.39
247931 1215.16
248033 1214.93
248135 1214.7
248237 1214.47
248339 1214.24
248441 1214.01
248544 1213.78
248646 1213.55
248748 1213.32
248850 1213.09
248952 1212.86
249054 1212.63
249156 1212.4
249258 1212.17
249360 1211.94
249462 1211.71
249564 1211.48
249666 1211.25
249768 1211.02
249870 1210.79
249972 1210.56
250074 1210.33
250176 1210.1
250278 1209.87
250380 1209.64
250482 1209.41
250584 1209.18
250686 1208.96
250788 1208.73
250890 1208.5
250992 1208.27
251094 1208.04
251196 1207.81
251298 1207.58
251400 1207.35
251502 1207.12
251604 1206.89
251706 1206.66
251808 1206.44
251910 1206.21
252013 1205.98
252115 1205.75
252217 1205.52
252319 1205.29
252421 1205.06
252523 1204.83
252625 1204.61
252727 1204.38
252829 1204.15
252931 1203.92
253033 1203.69
253135 1203.46
253237 1203.23
253339 1203.01
253441 1202.78
253543 1202.55
253645 1202.32
253747 1202.09
253849 1201.87
253951 1201.64
254053 1201.41
254155 1201.18
254257 1200.95
254359 1200.72
254461 1200.5
254563 1200.27
254665 1200.04
254767 1199.81
254869 1199.59
254971 1199.36
255073 1199.13
255175 1198.9
255277 1198.67
255379 1198.45
255482 1198.22
255584 1197.99
255686 1197.76
255788 1197.54
255890 1197.31
255992 1197.08
256094 1196.86
256196 1196.63
256298 1196.4
256400 1196.17
256502 1195.95
256604 1195.72
256706 1195.49
256808 1195.26
256910 1195.04
257012 1194.81
257114 1194.58
257216 1194.36
257318 1194.13
257420 1193.9
257522 1193.68
257624 1193.45
257726 1193.22
257828 1193
257930 1192.77
258032 1192.54
258134 1192.32
258236 1192.09
258338 1191.86
258440 1191.64
258542 1191.41
258644 1191.19
258746 1190.96
258848 1190.73
258951 1190.51
259053 1190.28
259155 1190.05
259257 1189.83
259359 1189.6
259461 1189.38
259563 1189.15
259665 1188.92
259767 1188.7
259869 1188.47
259971 1188.25
260073 1188.02
260175 1187.8
260277 1187.57
260379 1187.34
260481 1187.12
260583 1186.89
260685 1186.67
260787 1186.44
260889 1186.22
260991 1185.99
261093 1185.77
261195 1185.54
261297 1185.32
261399 1185.09
261501 1184.87
261603 1184.64
261705 1184.42
261807 1184.19
261909 1183.97
262011 1183.74
262113 1183.52
262215 1183.29
262317 1183.07
262420 1182.84
262522 1182.62
262624 1182.39
262726 1182.17
262828 1181.94
262930 1181.72
263032 1181.49
263134 1181.27
263236 1181.05
263338 1180.82
263440 1180.6
263542 1180.37
263644 1180.15
263746 1179.92
263848 1179.7
263950 1179.48
264052 1179.25
264154 1179.03
264256 1178.8
264358 1178.58
264460 1178.36
264562 1178.13
264664 1177.91
264766 1177.69
264868 1177.46
264970 1177.24
265072 1177.01
265174 1176.79
265276 1176.57
265378 1176.34
265480 1176.12
265582 1175.9
265684 1175.67
265786 1175.45
265889 1175.23
265991 1175
266093 1174.78
266195 1174.56
266297 1174.33
266399 1174.11
266501 1173.89
266603 1173.67
266705 1173.44
266807 1173.22
266909 1173
267011 1172.77
267113 1172.55
267215 1172.33
267317 1172.11
267419 1171.88
267521 1171.66
267623 1171.44
267725 1171.22
267827 1170.99
267929 1170.77
268031 1170.55
268133 1170.33
268235 1170.11
268337 1169.88
268439 1169.66
268541 1169.44
268643 1169.22
268745 1168.99
268847 1168.77
268949 1168.54
269051 1168.32
269153 1168.1
269255 1167.87
269358 1167.65
269460 1167.43
269562 1167.2
269664 1166.98
269766 1166.76
269868 1166.53
269970 1166.31
270072 1166.09
270174 1165.86
270276 1165.64
270378 1165.42
270480 1165.19
270582 1164.97
270684 1164.75
270786 1164.53
270888 1164.3
270990 1164.08
271092 1163.86
271194 1163.64
271296 1163.41
271398 1163.19
271500 1162.97
271602 1162.75
271704 1162.53
271806 1162.3
271908 1162.08
272010 1161.86
272112 1161.64
272214 1161.42
272316 1161.19
272418 1160.97
272520 1160.75
272622 1160.53
272724 1160.31
272827 1160.09
272929 1159.86
273031 1159.64
273133 1159.42
273235 1159.2
273337 1158.98
273439 1158.76
273541 1158.54
273643 1158.31
273745 1158.09
273847 1157.87
273949 1157.65
274051 1157.43
274153 1157.21
274255 1156.99
274357 1156.77
274459 1156.55
274561 1156.33
274663 1156.11
274765 1155.88
274867 1155.66
274969 1155.44
275071 1155.22
275173 1155
275275 1154.78
275377 1154.56
275479 1154.34
275581 1154.12
275683 1153.9
275785 1153.68
275887 1153.46
275989 1153.24
276091 1153.02
276193 1152.8
276296 1152.58
276398 1152.36
276500 1152.14
276602 1151.92
276704 1151.7
276806 1151.48
276908 1151.26
277010 1151.04
277112 1150.82
277214 1150.6
277316 1150.38
277418 1150.16
277520 1149.94
277622 1149.73
277724 1149.51
277826 1149.29
277928 1149.07
278030 1148.85
278132 1148.63
278234 1148.41
278336 1148.19
278438 1147.97
278540 1147.75
278642 1147.53
278744 1147.32
278846 1147.1
278948 1146.88
279050 1146.66
279152 1146.44
279254 1146.22
279356 1146
279458 1145.78
279560 1145.57
279662 1145.35
279764 1145.13
279867 1144.91
279969 1144.69
280071 1144.47
280173 1144.26
280275 1144.04
280377 1143.82
280479 1143.6
280581 1143.38
280683 1143.17
280785 1142.95
280887 1142.73
280989 1142.51
281091 1142.29
281193 1142.08
281295 1141.86
281397 1141.64
281499 1141.42
281601 1141.2
281703 1140.99
281805 1140.77
281907 1140.55
282009 1140.33
282111 1140.12
282213 1139.9
282315 1139.68
282417 1139.47
282519 1139.25
282621 1139.03
282723 1138.81
282825 1138.6
282927 1138.38
283029 1138.16
283131 1137.95
283233 1137.73
283336 1137.51
283438 1137.3
283540 1137.08
283642 1136.86
283744 1136.64
283846 1136.43
283948 1136.21
284050 1135.99
284152 1135.78
284254 1135.56
284356 1135.35
284458 1135.13
284560 1134.91
284662 1134.7
284764 1134.48
284866 1134.26
284968 1134.05
285070 1133.83
285172 1133.62
285274 1133.4
285376 1133.18
285478 1132.97
285580 1132.75
285682 1132.54
285784 1132.32
285886 1132.1
285988 1131.89
286090 1131.67
286192 1131.46
286294 1131.24
286396 1131.02
286498 1130.81
286600 1130.59
286702 1130.38
286805 1130.16
286907 1129.95
287009 1129.73
287111 1129.52
287213 1129.3
287315 1129.09
287417 1128.87
287519 1128.66
287621 1128.44
287723 1128.23
287825 1128.01
287927 1127.8
288029 1127.58
288131 1127.37
288233 1127.15
288335 1126.94
288437 1126.72
288539 1126.51
288641 1126.29
288743 1126.08
288845 1125.86
288947 1125.65
289049 1125.43
289151 1125.22
289253 1125
289355 1124.79
289457 1124.58
289559 1124.36
289661 1124.15
289763 1123.93
289865 1123.72
289967 1123.5
290069 1123.29
290171 1123.08
290274 1122.86
290376 1122.65
290478 1122.43
290580 1122.22
290682 1122.01
290784 1121.79
290886 1121.58
290988 1121.37
291090 1121.15
291192 1120.94
291294 1120.72
291396 1120.51
291498 1120.3
291600 1120.08
291702 1119.87
291804 1119.66
291906 1119.44
292008 1119.23
292110 1119.02
292212 1118.8
292314 1118.59
292416 1118.38
292518 1118.16
292620 1117.95
292722 1117.74
292824 1117.52
292926 1117.31
293028 1117.1
293130 1116.89
293232 1116.67
293334 1116.46
293436 1116.25
293538 1116.03
293640 1115.82
293743 1115.61
293845 1115.4
293947 1115.18
294049 1114.97
294151 1114.76
294253 1114.55
294355 1114.33
294457 1114.12
294559 1113.91
294661 1113.7
294763 1113.48
294865 1113.27
294967 1113.06
295069 1112.85
295171 1112.64
295273 1112.42
295375 1112.21
295477 1112
295579 1111.79
295681 1111.58
295783 1111.36
295885 1111.15
295987 1110.94
296089 1110.73
296191 1110.52
296293 1110.3
296395 1110.09
296497 1109.88
296599 1109.67
296701 1109.46
296803 1109.25
296905 1109.04
297007 1108.82
297109 1108.61
297212 1108.4
297314 1108.19
297416 1107.98
297518 1107.77
297620 1107.56
297722 1107.34
297824 1107.13
297926 1106.92
298028 1106.71
298130 1106.5
298232 1106.29
298334 1106.08
298436 1105.87
298538 1105.66
298640 1105.45
298742 1105.24
298844 1105.02
298946 1104.81
299048 1104.6
299150 1104.39
299252 1104.18
299354 1103.97
299456 1103.76
299558 1103.55
299660 1103.34
299762 1103.13
299864 1102.92
299966 1102.71
300068 1102.5
300170 1102.29
300272 1102.08
300374 1101.87
300476 1101.66
300578 1101.45
300681 1101.24
300783 1101.03
300885 1100.82
300987 1100.61
301089 1100.4
301191 1100.19
301293 1099.98
301395 1099.77
301497 1099.56
301599 1099.35
301701 1099.14
301803 1098.93
301905 1098.72
302007 1098.51
302109 1098.3
302211 1098.09
302313 1097.88
302415 1097.67
302517 1097.46
302619 1097.25
302721 1097.04
302823 1096.83
302925 1096.62
303027 1096.41
303129 1096.21
303231 1096
303333 1095.79
303435 1095.58
303537 1095.37
303639 1095.16
303741 1094.95
303843 1094.74
303945 1094.53
304047 1094.32
304150 1094.12
304252 1093.91
304354 1093.7
304456 1093.49
304558 1093.28
304660 1093.07
304762 1092.86
304864 1092.65
304966 1092.45
305068 1092.24
305170 1092.03
305272 1091.82
305374 1091.61
305476 1091.4
305578 1091.19
305680 1090.99
305782 1090.78
305884 1090.57
305986 1090.36
306088 1090.15
306190 1089.95
306292 1089.74
306394 1089.53
306496 1089.32
306598 1089.11
306700 1088.91
306802 1088.7
306904 1088.49
307006 1088.28
307108 1088.07
307210 1087.87
307312 1087.66
307414 1087.45
307516 1087.24
307619 1087.03
307721 1086.83
307823 1086.62
307925 1086.41
308027 1086.2
308129 1086
308231 1085.79
308333 1085.58
308435 1085.37
308537 1085.17
308639 1084.96
308741 1084.75
308843 1084.54
308945 1084.34
309047 1084.13
309149 1083.92
309251 1083.72
309353 1083.51
309455 1083.3
309557 1083.09
309659 1082.89
309761 1082.68
309863 1082.47
309965 1082.27
310067 1082.06
310169 1081.85
310271 1081.65
310373 1081.44
310475 1081.23
310577 1081.03
310679 1080.82
310781 1080.61
310883 1080.41
310985 1080.2
311088 1079.99
311190 1079.79
311292 1079.58
311394 1079.37
311496 1079.17
311598 1078.96
311700 1078.75
311802 1078.55
311904 1078.34
312006 1078.14
312108 1077.93
312210 1077.72
312312 1077.52
312414 1077.31
312516 1077.1
312618 1076.9
312720 1076.69
312822 1076.49
312924 1076.28
313026 1076.07
313128 1075.87
313230 1075.66
313332 1075.46
313434 1075.25
313536 1075.05
313638 1074.84
313740 1074.63
313842 1074.43
313944 1074.22
314046 1074.02
314148 1073.81
314250 1073.61
314352 1073.4
314454 1073.19
314557 1072.99
314659 1072.78
314761 1072.58
314863 1072.37
314965 1072.17
315067 1071.96
315169 1071.76
315271 1071.55
315373 1071.35
315475 1071.14
315577 1070.94
315679 1070.73
315781 1070.53
315883 1070.32
315985 1070.12
316087 1069.91
316189 1069.71
316291 1069.5
316393 1069.3
316495 1069.09
316597 1068.89
316699 1068.68
316801 1068.48
316903 1068.27
317005 1068.07
317107 1067.86
317209 1067.66
317311 1067.45
317413 1067.25
317515 1067.04
317617 1066.84
317719 1066.63
317821 1066.43
317923 1066.23
318026 1066.02
318128 1065.82
318230 1065.61
318332 1065.41
318434 1065.2
318536 1065
318638 1064.79
318740 1064.59
318842 1064.39
318944 1064.18
319046 1063.98
319148 1063.77
319250 1063.57
319352 1063.37
319454 1063.16
319556 1062.96
319658 1062.75
319760 1062.55
319862 1062.35
319964 1062.14
320066 1061.94
320168 1061.73
320270 1061.53
320372 1061.33
320474 1061.12
320576 1060.92
320678 1060.72
320780 1060.51
320882 1060.31
320984 1060.1
321086 1059.9
321188 1059.7
321290 1059.49
321392 1059.29
321495 1059.09
321597 1058.88
321699 1058.68
321801 1058.48
321903 1058.27
322005 1058.07
322107 1057.87
322209 1057.66
322311 1057.46
322413 1057.26
322515 1057.05
322617 1056.85
322719 1056.65
322821 1056.44
322923 1056.24
323025 1056.04
323127 1055.84
323229 1055.63
323331 1055.43
323433 1055.23
323535 1055.02
323637 1054.82
323739 1054.62
323841 1054.41
323943 1054.21
324045 1054.01
324147 1053.81
324249 1053.6
324351 1053.4
324453 1053.2
324555 1053
324657 1052.79
324759 1052.59
324861 1052.39
324964 1052.19
325066 1051.98
325168 1051.78
325270 1051.58
325372 1051.38
325474 1051.17
325576 1050.97
325678 1050.77
325780 1050.57
325882 1050.36
325984 1050.16
326086 1049.96
326188 1049.76
326290 1049.56
326392 1049.35
326494 1049.15
326596 1048.95
326698 1048.75
326800 1048.54
326902 1048.34
327004 1048.14
327106 1047.94
327208 1047.74
327310 1047.53
327412 1047.33
327514 1047.13
327616 1046.93
327718 1046.73
327820 1046.53
327922 1046.32
328024 1046.12
328126 1045.92
328228 1045.72
328330 1045.52
328433 1045.32
328535 1045.11
328637 1044.91
328739 1044.71
328841 1044.51
328943 1044.31
329045 1044.11
329147 1043.9
329249 1043.7
329351 1043.5
329453 1043.3
329555 1043.1
329657 1042.9
329759 1042.7
329861 1042.5
329963 1042.29
330065 1042.09
330167 1041.89
330269 1041.69
330371 1041.49
330473 1041.29
330575 1041.09
330677 1040.89
330779 1040.69
330881 1040.48
330983 1040.28
331085 1040.08
331187 1039.88
331289 1039.68
331391 1039.48
331493 1039.28
331595 1039.08
331697 1038.88
331799 1038.68
331902 1038.48
332004 1038.27
332106 1038.07
332208 1037.87
332310 1037.67
332412 1037.47
332514 1037.27
332616 1037.07
332718 1036.87
332820 1036.67
332922 1036.47
333024 1036.27
333126 1036.07
333228 1035.87
333330 1035.67
333432 1035.47
333534 1035.27
333636 1035.07
333738 1034.87
333840 1034.66
333942 1034.46
334044 1034.26
334146 1034.06
334248 1033.86
334350 1033.66
334452 1033.46
334554 1033.26
334656 1033.06
334758 1032.86
334860 1032.66
334962 1032.46
335064 1032.26
335166 1032.06
335268 1031.86
335370 1031.66
335473 1031.46
335575 1031.26
335677 1031.06
335779 1030.86
335881 1030.66
335983 1030.46
336085 1030.26
336187 1030.06
336289 1029.86
336391 1029.66
336493 1029.46
336595 1029.26
336697 1029.07
336799 1028.87
336901 1028.67
337003 1028.47
337105 1028.27
337207 1028.07
337309 1027.87
337411 1027.67
337513 1027.47
337615 1027.27
337717 1027.07
337819 1026.87
337921 1026.67
338023 1026.47
338125 1026.27
338227 1026.07
338329 1025.87
338431 1025.67
338533 1025.47
338635 1025.28
338737 1025.08
338839 1024.88
338942 1024.68
339044 1024.48
339146 1024.28
339248 1024.08
339350 1023.88
339452 1023.68
339554 1023.48
339656 1023.28
339758 1023.09
339860 1022.89
339962 1022.69
340064 1022.49
340166 1022.29
340268 1022.09
340370 1021.89
340472 1021.69
340574 1021.49
340676 1021.3
340778 1021.1
340880 1020.9
340982 1020.7
341084 1020.5
341186 1020.3
341288 1020.1
341390 1019.9
341492 1019.71
341594 1019.51
341696 1019.31
341798 1019.11
341900 1018.91
342002 1018.71
342104 1018.51
342206 1018.32
342308 1018.12
342411 1017.92
342513 1017.72
342615 1017.52
342717 1017.32
342819 1017.12
342921 1016.93
343023 1016.73
343125 1016.53
343227 1016.33
343329 1016.13
343431 1015.93
343533 1015.74
343635 1015.54
343737 1015.34
343839 1015.14
343941 1014.94
344043 1014.75
344145 1014.55
344247 1014.35
344349 1014.15
344451 1013.95
344553 1013.76
344655 1013.56
344757 1013.36
344859 1013.16
344961 1012.96
345063 1012.77
345165 1012.57
345267 1012.37
345369 1012.17
345471 1011.97
345573 1011.78
345675 1011.58
345777 1011.38
345880 1011.18
345982 1010.98
346084 1010.79
346186 1010.59
346288 1010.39
346390 1010.19
346492 1010
346594 1009.8
346696 1009.6
346798 1009.4
346900 1009.21
347002 1009.01
347104 1008.81
347206 1008.61
347308 1008.42
347410 1008.22
347512 1008.02
347614 1007.82
347716 1007.63
347818 1007.43
347920 1007.23
348022 1007.03
348124 1006.84
348226 1006.64
348328 1006.44
348430 1006.24
348532 1006.05
348634 1005.85
348736 1005.65
348838 1005.45
348940 1005.26
349042 1005.06
349144 1004.86
349246 1004.67
349349 1004.47
349451 1004.27
349553 1004.07
349655 1003.88
349757 1003.68
349859 1003.48
349961 1003.29
350063 1003.09
350165 1002.89
350267 1002.7
350369 1002.5
350471 1002.3
350573 1002.1
350675 1001.91
350777 1001.71
350879 1001.51
350981 1001.32
351083 1001.12
351185 1000.92
351287 1000.73
351389 1000.53
351491 1000.33
351593 1000.14
351695 999.939
351797 999.743
351899 999.546
352001 999.349
352103 999.153
352205 998.956
352307 998.759
352409 998.563
352511 998.366
352613 998.169
352715 997.973
352818 997.776
352920 997.58
353022 997.383
353124 997.187
353226 996.99
353328 996.794
353430 996.597
353532 996.401
353634 996.205
353736 996.008
353838 995.812
353940 995.615
354042 995.419
354144 995.223
354246 995.026
354348 994.83
354450 994.634
354552 994.438
354654 994.241
354756 994.045
354858 993.849
354960 993.653
355062 993.457
355164 993.26
355266 993.064
355368 992.868
355470 992.672
355572 992.476
355674 992.28
355776 992.084
355878 991.888
355980 991.692
356082 991.496
356184 991.3
356287 991.104
356389 990.908
356491 990.712
356593 990.516
356695 990.32
356797 990.124
356899 989.928
357001 989.732
357103 989.536
357205 989.34
357307 989.145
357409 988.949
357511 988.753
357613 988.557
357715 988.361
357817 988.166
357919 987.97
358021 987.774
358123 987.579
358225 987.383
358327 987.187
358429 986.992
358531 986.796
358633 986.6
358735 986.405
358837 986.209
358939 986.013
359041 985.818
359143 985.622
359245 985.427
359347 985.231
359449 985.036
359551 984.84
359653 984.645
359756 984.449
359858 984.254
359960 984.059
360062 983.863
360164 983.668
360266 983.472
360368 983.277
360470 983.082
360572 982.886
360674 982.691
360776 982.496
360878 982.3
360980 982.105
361082 981.91
361184 981.714
361286 981.519
361388 981.324
361490 981.129
361592 980.934
361694 980.738
361796 980.543
361898 980.348
362000 980.153
362102 979.958
362204 979.763
362306 979.568
362408 979.373
362510 979.177
362612 978.982
362714 978.787
362816 978.592
362918 978.397
363020 978.202
363122 978.007
363225 977.812
363327 977.617
363429 977.422
363531 977.228
363633 977.033
363735 976.838
363837 976.643
363939 976.448
364041 976.253
364143 976.058
364245 975.863
364347 975.669
364449 975.474
364551 975.279
364653 975.084
364755 974.889
364857 974.695
364959 974.5
365061 974.305
365163 974.11
365265 973.916
365367 973.721
365469 973.526
365571 973.332
365673 973.137
365775 972.942
365877 972.748
365979 972.553
366081 972.359
366183 972.164
366285 971.969
366387 971.775
366489 971.58
366591 971.386
366694 971.191
366796 970.997
366898 970.802
367000 970.608
367102 970.413
367204 970.219
367306 970.025
367408 969.83
367510 969.636
367612 969.441
367714 969.247
367816 969.052
367918 968.858
368020 968.664
368122 968.469
368224 968.275
368326 968.081
368428 967.886
368530 967.692
368632 967.498
368734 967.304
368836 967.109
368938 966.915
369040 966.721
369142 966.527
369244 966.332
369346 966.138
369448 965.944
369550 965.75
369652 965.556
369754 965.362
369856 965.167
369958 964.973
370060 964.779
370163 964.585
370265 964.391
370367 964.197
370469 964.003
370571 963.809
370673 963.615
370775 963.421
370877 963.227
370979 963.033
371081 962.839
371183 962.645
371285 962.451
371387 962.257
371489 962.063
371591 961.869
371693 961.675
371795 961.481
371897 961.287
371999 961.093
372101 960.9
372203 960.706
372305 960.512
372407 960.318
372509 960.124
372611 959.93
372713 959.736
372815 959.543
372917 959.349
373019 959.155
373121 958.961
373223 958.768
373325 958.574
373427 958.38
373529 958.186
373632 957.993
373734 957.799
373836 957.605
373938 957.412
374040 957.218
374142 957.024
374244 956.831
374346 956.637
374448 956.443
374550 956.25
374652 956.056
374754 955.863
374856 955.669
374958 955.475
375060 955.282
375162 955.088
375264 954.895
375366 954.701
375468 954.508
375570 954.314
375672 954.121
375774 953.927
375876 953.734
375978 953.54
376080 953.347
376182 953.153
376284 952.96
376386 952.766
376488 952.573
376590 952.38
376692 952.186
376794 951.993
376896 951.799
376998 951.606
377101 951.413
377203 951.219
377305 951.026
377407 950.833
377509 950.639
377611 950.446
377713 950.253
377815 950.059
377917 949.866
378019 949.673
378121 949.48
378223 949.286
378325 949.093
378427 948.9
378529 948.707
378631 948.513
378733 948.32
378835 948.127
378937 947.934
379039 947.741
379141 947.548
379243 947.354
379345 947.161
379447 946.968
379549 946.775
379651 946.582
379753 946.389
379855 946.196
379957 946.003
380059 945.809
380161 945.616
380263 945.423
380365 945.23
380467 945.037
380570 944.844
380672 944.651
380774 944.458
380876 944.265
380978 944.072
381080 943.879
381182 943.686
381284 943.493
381386 943.3
381488 943.107
381590 942.914
381692 942.721
381794 942.528
381896 942.335
381998 942.143
382100 941.95
382202 941.757
382304 941.564
382406 941.371
382508 941.178
382610 940.985
382712 940.792
382814 940.6
382916 940.407
383018 940.214
383120 940.021
383222 939.828
383324 939.635
383426 939.443
383528 939.25
383630 939.057
383732 938.864
383834 938.671
383936 938.479
384039 938.286
384141 938.093
384243 937.901
384345 937.708
384447 937.515
384549 937.322
384651 937.13
384753 936.937
384855 936.744
384957 936.552
385059 936.359
385161 936.166
385263 935.974
385365 935.781
385467 935.588
385569 935.396
385671 935.203
385773 935.01
385875 934.818
385977 934.625
386079 934.433
386181 934.24
386283 934.047
386385 933.855
386487 933.662
386589 933.47
386691 933.277
386793 933.085
386895 932.892
386997 932.7
387099 932.507
387201 932.315
387303 932.122
387405 931.93
387508 931.737
387610 931.545
387712 931.352
387814 931.16
387916 930.967
388018 930.775
388120 930.582
388222 930.39
388324 930.197
388426 930.005
388528 929.813
388630 929.62
388732 929.428
388834 929.235
388936 929.043
389038 928.851
389140 928.658
389242 928.466
389344 928.273
389446 928.081
389548 927.889
389650 927.696
389752 927.504
389854 927.312
389956 927.119
390058 926.927
390160 926.735
390262 926.542
390364 926.35
390466 926.158
390568 925.966
390670 925.773
390772 925.581
390874 925.389
390976 925.196
391079 925.004
391181 924.812
391283 924.62
391385 924.427
391487 924.235
391589 924.043
391691 923.851
391793 923.659
391895 923.466
391997 923.274
392099 923.082
392201 922.89
392303 922.698
392405 922.505
392507 922.313
392609 922.121
392711 921.929
392813 921.737
392915 921.545
393017 921.352
393119 921.16
393221 920.968
393323 920.776
393425 920.584
393527 920.392
393629 920.2
393731 920.008
393833 919.815
393935 919.623
394037 919.431
394139 919.239
394241 919.047
394343 918.855
394445 918.663
394548 918.471
394650 918.279
394752 918.087
394854 917.895
394956 917.703
395058 917.511
395160 917.319
395262 917.127
395364 916.935
395466 916.743
395568 916.551
395670 916.359
395772 916.167
395874 915.975
395976 915.783
396078 915.591
396180 915.399
396282 915.207
396384 915.015
396486 914.823
396588 914.631
396690 914.439
396792 914.247
396894 914.055
396996 913.863
397098 913.671
397200 913.479
397302 913.287
397404 913.095
397506 912.903
397608 912.711
397710 912.519
397812 912.328
397914 912.136
398017 911.944
398119 911.752
398221 911.56
398323 911.368
398425 911.176
398527 910.984
398629 910.793
398731 910.601
398833 910.409
398935 910.217
399037 910.025
399139 909.833
399241 909.641
399343 909.45
399445 909.258
399547 909.066
399649 908.874
399751 908.682
399853 908.49
399955 908.299
400057 908.107
400159 907.915
400261 907.723
400363 907.531
400465 907.34
400567 907.148
400669 906.956
400771 906.764
400873 906.572
400975 906.381
401077 906.189
401179 905.997
401281 905.805
401383 905.614
401486 905.422
401588 905.23
401690 905.038
401792 904.847
401894 904.655
401996 904.463
402098 904.271
402200 904.08
402302 903.888
402404 903.696
402506 903.505
402608 903.313
402710 903.121
402812 902.929
402914 902.738
403016 902.546
403118 902.354
403220 902.163
403322 901.971
403424 901.779
403526 901.587
403628 901.396
403730 901.204
403832 901.012
403934 900.821
404036 900.629
404138 900.437
404240 900.246
404342 900.054
404444 899.862
404546 899.671
404648 899.479
404750 899.287
404852 899.096
404955 898.904
405057 898.713
405159 898.521
405261 898.329
405363 898.138
405465 897.946
405567 897.754
405669 897.563
405771 897.371
405873 897.179
405975 896.988
406077 896.796
406179 896.605
406281 896.413
406383 896.221
406485 896.03
406587 895.838
406689 895.647
406791 895.455
406893 895.263
406995 895.072
407097 894.88
407199 894.689
407301 894.497
407403 894.305
407505 894.114
407607 893.922
407709 893.731
407811 893.539
407913 893.348
408015 893.156
408117 892.964
408219 892.773
408321 892.581
408424 892.39
408526 892.198
408628 892.007
408730 891.815
408832 891.623
408934 891.432
409036 891.24
409138 891.049
409240 890.857
409342 890.666
409444 890.474
409546 890.283
409648 890.091
409750 889.9
409852 889.708
409954 889.516
410056 889.325
410158 889.133
410260 888.942
410362 888.75
410464 888.559
410566 888.367
410668 888.176
410770 887.984
410872 887.793
410974 887.601
411076 887.41
411178 887.218
411280 887.027
411382 886.835
411484 886.644
411586 886.452
411688 886.261
411790 886.069
411893 885.877
411995 885.686
412097 885.494
412199 885.303
412301 885.111
412403 884.92
412505 884.728
412607 884.537
412709 884.345
412811 884.154
412913 883.962
413015 883.771
413117 883.579
413219 883.388
413321 883.196
413423 883.005
413525 882.813
413627 882.622
413729 882.43
413831 882.239
413933 882.047
414035 881.856
414137 881.664
414239 881.473
414341 881.282
414443 881.09
414545 880.899
414647 880.707
414749 880.516
414851 880.324
414953 880.133
415055 879.941
415157 879.75
415259 879.558
415362 879.367
415464 879.175
415566 878.984
415668 878.792
415770 878.601
415872 878.409
415974 878.218
416076 878.026
416178 877.835
416280 877.643
416382 877.452
416484 877.26
416586 877.069
416688 876.877
416790 876.686
416892 876.494
416994 876.303
417096 876.111
417198 875.92
417300 875.728
417402 875.537
417504 875.345
417606 875.154
417708 874.963
417810 874.771
417912 874.58
418014 874.388
418116 874.197
418218 874.005
418320 873.814
418422 873.622
418524 873.431
418626 873.239
418728 873.048
418831 872.856
418933 872.665
419035 872.473
419137 872.282
419239 872.09
419341 871.899
419443 871.707
419545 871.516
419647 871.324
419749 871.133
419851 870.941
419953 870.75
420055 870.558
420157 870.367
420259 870.175
420361 869.984
420463 869.792
420565 869.601
420667 869.409
420769 869.218
420871 869.026
420973 868.835
421075 868.643
421177 868.452
421279 868.26
421381 868.069
421483 867.877
421585 867.686
421687 867.494
421789 867.303
421891 867.111
421993 866.92
422095 866.728
422197 866.537
422300 866.345
422402 866.154
422504 865.962
422606 865.771
422708 865.579
422810 865.388
422912 865.196
423014 865.005
423116 864.813
423218 864.622
423320 864.43
423422 864.238
423524 864.047
423626 863.855
423728 863.664
423830 863.472
423932 863.281
424034 863.089
424136 862.898
424238 862.706
424340 862.515
424442 862.323
424544 862.132
424646 861.94
424748 861.748
424850 861.557
424952 861.365
425054 861.174
425156 860.982
425258 860.791
425360 860.599
425462 860.408
425564 860.216
425666 860.024
425769 859.833
425871 859.641
425973 859.45
426075 859.258
426177 859.067
426279 858.875
426381 858.683
426483 858.492
426585 858.3
426687 858.109
426789 857.917
426891 857.725
426993 857.534
427095 857.342
427197 857.151
427299 856.959
427401 856.767
427503 856.576
427605 856.384
427707 856.193
427809 856.001
427911 855.809
428013 855.618
428115 855.426
428217 855.235
428319 855.043
428421 854.851
428523 854.66
428625 854.468
428727 854.276
428829 854.085
428931 853.893
429033 853.701
429135 853.51
429238 853.318
429340 853.126
429442 852.935
429544 852.743
429646 852.551
429748 852.36
429850 852.168
429952 851.976
430054 851.785
430156 851.593
430258 851.401
430360 851.21
430462 851.018
430564 850.826
430666 850.635
430768 850.443
430870 850.251
430972 850.06
431074 849.868
431176 849.676
431278 849.484
431380 849.293
431482 849.101
431584 848.909
431686 848.718
431788 848.526
431890 848.334
431992 848.142
432094 847.951
432196 847.759
432298 847.567
432400 847.375
432502 847.184
432604 846.992
432707 846.8
432809 846.608
432911 846.417
433013 846.225
433115 846.033
433217 845.841
433319 845.65
433421 845.458
433523 845.266
433625 845.074
433727 844.882
433829 844.691
433931 844.499
434033 844.307
434135 844.115
434237 843.923
434339 843.731
434441 843.54
434543 843.348
434645 843.156
434747 842.964
434849 842.772
434951 842.58
435053 842.389
435155 842.197
435257 842.005
435359 841.813
435461 841.621
435563 841.429
435665 841.237
435767 841.046
435869 840.854
435971 840.662
436073 840.47
436176 840.278
436278 840.086
436380 839.894
436482 839.702
436584 839.51
436686 839.318
436788 839.127
436890 838.935
436992 838.743
437094 838.551
437196 838.359
437298 838.167
437400 837.975
437502 837.783
437604 837.591
437706 837.399
437808 837.207
437910 837.015
438012 836.823
438114 836.631
438216 836.439
438318 836.247
438420 836.055
438522 835.863
438624 835.671
438726 835.479
438828 835.287
438930 835.095
439032 834.903
439134 834.711
439236 834.519
439338 834.327
439440 834.135
439542 833.943
439645 833.751
439747 833.559
439849 833.367
439951 833.175
440053 832.983
440155 832.79
440257 832.598
440359 832.406
440461 832.214
440563 832.022
440665 831.83
440767 831.638
440869 831.446
440971 831.254
441073 831.061
441175 830.869
441277 830.677
441379 830.485
441481 830.293
441583 830.101
441685 829.909
441787 829.716
441889 829.524
441991 829.332
442093 829.14
442195 828.948
442297 828.755
442399 828.563
442501 828.371
442603 828.179
442705 827.987
442807 827.794
442909 827.602
443011 827.41
443114 827.218
443216 827.025
443318 826.833
443420 826.641
443522 826.449
443624 826.256
443726 826.064
443828 825.872
443930 825.679
444032 825.487
444134 825.295
444236 825.103
444338 824.91
444440 824.718
444542 824.526
444644 824.333
444746 824.141
444848 823.949
444950 823.756
445052 823.564
445154 823.371
445256 823.179
445358 822.987
445460 822.794
445562 822.602
445664 822.41
445766 822.217
445868 822.025
445970 821.832
446072 821.64
446174 821.447
446276 821.255
446378 821.063
446480 820.87
446582 820.678
446685 820.485
446787 820.293
446889 820.1
446991 819.908
447093 819.715
447195 819.523
447297 819.33
447399 819.138
447501 818.945
447603 818.753
447705 818.56
447807 818.368
447909 818.175
448011 817.982
448113 817.79
448215 817.597
448317 817.405
448419 817.212
448521 817.02
448623 816.827
448725 816.634
448827 816.442
448929 816.249
449031 816.057
449133 815.864
449235 815.671
449337 815.479
449439 815.286
449541 815.093
449643 814.901
449745 814.708
449847 814.515
449949 814.323
450051 814.13
450154 813.937
450256 813.744
450358 813.552
450460 813.359
450562 813.166
450664 812.973
450766 812.781
450868 812.588
450970 812.395
451072 812.202
451174 812.01
451276 811.817
451378 811.624
451480 811.431
451582 811.238
451684 811.046
451786 810.853
451888 810.66
451990 810.467
452092 810.274
452194 810.081
452296 809.888
452398 809.696
452500 809.503
452602 809.31
452704 809.117
452806 808.924
452908 808.731
453010 808.538
453112 808.345
453214 808.152
453316 807.959
453418 807.766
453520 807.573
453623 807.38
453725 807.187
453827 806.994
453929 806.801
454031 806.608
454133 806.415
454235 806.222
454337 806.029
454439 805.836
454541 805.643
454643 805.45
454745 805.257
454847 805.064
454949 804.871
455051 804.678
455153 804.485
455255 804.292
455357 804.099
455459 803.905
455561 803.712
455663 803.519
455765 803.326
455867 803.133
455969 802.94
456071 802.746
456173 802.553
456275 802.36
456377 802.167
456479 801.974
456581 801.78
456683 801.587
456785 801.394
456887 801.201
456989 801.007
457092 800.814
457194 800.621
457296 800.428
457398 800.234
457500 800.041
457602 799.848
457704 799.654
457806 799.461
457908 799.268
458010 799.074
458112 798.881
458214 798.687
458316 798.494
458418 798.301
458520 798.107
458622 797.914
458724 797.72
458826 797.527
458928 797.334
459030 797.14
459132 796.947
459234 796.753
459336 796.56
459438 796.366
459540 796.173
459642 795.979
459744 795.786
459846 795.592
459948 795.399
460050 795.205
460152 795.012
460254 794.818
460356 794.624
460458 794.431
460561 794.237
460663 794.044
460765 793.85
460867 793.656
460969 793.463
461071 793.269
461173 793.075
461275 792.882
461377 792.688
461479 792.494
461581 792.301
461683 792.107
461785 791.913
461887 791.72
461989 791.526
462091 791.332
462193 791.138
462295 790.945
462397 790.751
462499 790.557
462601 790.363
462703 790.169
462805 789.976
462907 789.782
463009 789.588
463111 789.394
463213 789.2
463315 789.006
463417 788.812
463519 788.619
463621 788.425
463723 788.231
463825 788.037
463927 787.843
464030 787.649
464132 787.455
464234 787.261
464336 787.067
464438 786.873
464540 786.679
464642 786.485
464744 786.291
464846 786.097
464948 785.903
465050 785.709
465152 785.515
465254 785.321
465356 785.127
465458 784.933
465560 784.738
465662 784.544
465764 784.35
465866 784.156
465968 783.962
466070 783.768
466172 783.574
466274 783.379
466376 783.185
466478 782.991
466580 782.797
466682 782.603
466784 782.408
466886 782.214
466988 782.02
467090 781.825
467192 781.631
467294 781.437
467396 781.243
467499 781.048
467601 780.854
467703 780.66
467805 780.465
467907 780.271
468009 780.076
468111 779.882
468213 779.688
468315 779.493
468417 779.299
468519 779.104
468621 778.91
468723 778.715
468825 778.521
468927 778.327
469029 778.132
469131 777.938
469233 777.743
469335 777.548
469437 777.354
469539 777.159
469641 776.965
469743 776.77
469845 776.576
469947 776.381
470049 776.186
470151 775.992
470253 775.797
470355 775.602
470457 775.408
470559 775.213
470661 775.018
470763 774.824
470865 774.629
470968 774.434
471070 774.24
471172 774.045
471274 773.85
471376 773.655
471478 773.46
471580 773.266
471682 773.071
471784 772.876
471886 772.681
471988 772.486
472090 772.291
472192 772.097
472294 771.902
472396 771.707
472498 771.512
472600 771.317
472702 771.122
472804 770.927
472906 770.732
473008 770.537
473110 770.342
473212 770.147
473314 769.952
473416 769.757
473518 769.562
473620 769.367
473722 769.172
473824 768.977
473926 768.782
474028 768.587
474130 768.391
474232 768.196
474334 768.001
474437 767.806
474539 767.611
474641 767.416
474743 767.22
474845 767.025
474947 766.83
475049 766.635
475151 766.44
475253 766.244
475355 766.049
475457 765.854
475559 765.658
475661 765.463
475763 765.268
475865 765.072
475967 764.877
476069 764.682
476171 764.486
476273 764.291
476375 764.095
476477 763.9
476579 763.705
476681 763.509
476783 763.314
476885 763.118
476987 762.923
477089 762.727
477191 762.532
477293 762.336
477395 762.14
477497 761.945
477599 761.749
477701 761.554
477803 761.358
477906 761.163
478008 760.967
478110 760.771
478212 760.576
478314 760.38
478416 760.184
478518 759.988
478620 759.793
478722 759.597
478824 759.401
478926 759.206
479028 759.01
479130 758.814
479232 758.618
479334 758.422
479436 758.226
479538 758.031
479640 757.835
479742 757.639
479844 757.443
479946 757.247
480048 757.051
480150 756.855
480252 756.659
480354 756.463
480456 756.267
480558 756.071
480660 755.875
480762 755.679
480864 755.483
480966 755.287
481068 755.091
481170 754.895
481272 754.699
481375 754.503
481477 754.307
481579 754.111
481681 753.914
481783 753.718
481885 753.522
481987 753.326
482089 753.13
482191 752.933
482293 752.737
482395 752.541
482497 752.345
482599 752.148
482701 751.952
482803 751.756
482905 751.559
483007 751.363
483109 751.167
483211 750.97
483313 750.774
483415 750.577
483517 750.381
483619 750.185
483721 749.988
483823 749.792
483925 749.595
484027 749.399
484129 749.202
484231 749.006
484333 748.809
484435 748.612
484537 748.416
484639 748.219
484741 748.023
484844 747.826
484946 747.629
485048 747.433
485150 747.236
485252 747.039
485354 746.843
485456 746.646
485558 746.449
485660 746.252
485762 746.056
485864 745.859
485966 745.662
486068 745.465
486170 745.268
486272 745.071
486374 744.875
486476 744.678
486578 744.481
486680 744.284
486782 744.087
486884 743.89
486986 743.693
487088 743.496
487190 743.299
487292 743.102
487394 742.905
487496 742.708
487598 742.511
487700 742.314
487802 742.117
487904 741.919
488006 741.722
488108 741.525
488210 741.328
488313 741.131
488415 740.934
488517 740.736
488619 740.539
488721 740.342
488823 740.145
488925 739.947
489027 739.75
489129 739.553
489231 739.355
489333 739.158
489435 738.961
489537 738.763
489639 738.566
489741 738.369
489843 738.171
489945 737.974
490047 737.776
490149 737.579
490251 737.381
490353 737.184
490455 736.986
490557 736.789
490659 736.591
490761 736.393
490863 736.196
490965 735.998
491067 735.801
491169 735.603
491271 735.405
491373 735.208
491475 735.01
491577 734.812
491679 734.614
491782 734.417
491884 734.219
491986 734.021
492088 733.823
492190 733.625
492292 733.427
492394 733.23
492496 733.032
492598 732.834
492700 732.636
492802 732.438
492904 732.24
493006 732.042
493108 731.844
493210 731.646
493312 731.448
493414 731.25
493516 731.052
493618 730.854
493720 730.656
493822 730.458
493924 730.259
494026 730.061
494128 729.863
494230 729.665
494332 729.467
494434 729.268
494536 729.07
494638 728.872
494740 728.674
494842 728.475
494944 728.277
495046 728.079
495148 727.88
495251 727.682
495353 727.484
495455 727.285
495557 727.087
495659 726.888
495761 726.69
495863 726.491
495965 726.293
496067 726.094
496169 725.896
496271 725.697
496373 725.499
496475 725.3
496577 725.101
496679 724.903
496781 724.704
496883 724.505
496985 724.307
497087 724.108
497189 723.909
497291 723.711
497393 723.512
497495 723.313
497597 723.114
497699 722.915
497801 722.717
497903 722.518
498005 722.319
498107 722.12
498209 721.921
498311 721.722
498413 721.523
498515 721.324
498617 721.125
498720 720.926
498822 720.727
498924 720.528
499026 720.329
499128 720.13
499230 719.931
499332 719.732
499434 719.532
499536 719.333
499638 719.134
499740 718.935
499842 718.736
499944 718.536
500046 718.337
500148 718.138
500250 717.938
500352 717.739
500454 717.54
500556 717.34
500658 717.141
500760 716.942
500862 716.742
500964 716.543
501066 716.343
501168 716.144
501270 715.944
501372 715.745
501474 715.545
501576 715.346
501678 715.146
501780 714.946
501882 714.747
501984 714.547
502086 714.347
502188 714.148
502291 713.948
502393 713.748
502495 713.549
502597 713.349
502699 713.149
502801 712.949
502903 712.749
503005 712.549
503107 712.35
503209 712.15
503311 711.95
503413 711.75
503515 711.55
503617 711.35
503719 711.15
503821 710.95
503923 710.75
504025 710.55
504127 710.35
504229 710.15
504331 709.949
504433 709.749
504535 709.549
504637 709.349
504739 709.149
504841 708.949
504943 708.748
505045 708.548
505147 708.348
505249 708.147
505351 707.947
505453 707.747
505555 707.546
505657 707.346
505760 707.145
505862 706.945
505964 706.745
506066 706.544
506168 706.344
506270 706.143
506372 705.942
506474 705.742
506576 705.541
506678 705.341
506780 705.14
506882 704.939
506984 704.739
507086 704.538
507188 704.337
507290 704.137
507392 703.936
507494 703.735
507596 703.534
507698 703.333
507800 703.133
507902 702.932
508004 702.731
508106 702.53
508208 702.329
508310 702.128
508412 701.927
508514 701.726
508616 701.525
508718 701.324
508820 701.123
508922 700.922
509024 700.721
509126 700.519
509229 700.318
509331 700.117
509433 699.916
509535 699.715
509637 699.513
509739 699.312
509841 699.111
509943 698.909
510045 698.708
510147 698.507
510249 698.305
510351 698.104
510453 697.902
510555 697.701
510657 697.5
510759 697.298
510861 697.097
510963 696.895
511065 696.693
511167 696.492
511269 696.29
511371 696.089
511473 695.887
511575 695.685
511677 695.483
511779 695.282
511881 695.08
511983 694.878
512085 694.676
512187 694.475
512289 694.273
512391 694.071
512493 693.869
512595 693.667
512698 693.465
512800 693.263
512902 693.061
513004 692.859
513106 692.657
513208 692.455
513310 692.253
513412 692.051
513514 691.849
513616 691.647
513718 691.444
513820 691.242
513922 691.04
514024 690.838
514126 690.635
514228 690.433
514330 690.231
514432 690.028
514534 689.826
514636 689.624
514738 689.421
514840 689.219
514942 689.016
515044 688.814
515146 688.611
515248 688.409
515350 688.206
515452 688.004
515554 687.801
515656 687.598
515758 687.396
515860 687.193
515962 686.99
516064 686.788
516167 686.585
516269 686.382
516371 686.179
516473 685.976
516575 685.774
516677 685.571
516779 685.368
516881 685.165
516983 684.962
517085 684.759
517187 684.556
517289 684.353
517391 684.15
517493 683.947
517595 683.744
517697 683.541
517799 683.337
517901 683.134
518003 682.931
518105 682.728
518207 682.525
518309 682.321
518411 682.118
518513 681.915
518615 681.711
518717 681.508
518819 681.305
518921 681.101
519023 680.898
519125 680.694
519227 680.491
519329 680.287
519431 680.084
519533 679.88
519636 679.676
519738 679.473
519840 679.269
519942 679.065
520044 678.862
520146 678.658
520248 678.454
520350 678.25
520452 678.047
520554 677.843
520656 677.639
520758 677.435
520860 677.231
520962 677.027
521064 676.823
521166 676.619
521268 676.415
521370 676.211
521472 676.007
521574 675.803
521676 675.599
521778 675.395
521880 675.19
521982 674.986
522084 674.782
522186 674.578
522288 674.373
522390 674.169
522492 673.965
522594 673.76
522696 673.556
522798 673.352
522900 673.147
523002 672.943
523105 672.738
523207 672.534
523309 672.329
523411 672.125
523513 671.92
523615 671.715
523717 671.511
523819 671.306
523921 671.101
524023 670.897
524125 670.692
524227 670.487
524329 670.282
524431 670.077
524533 669.873
524635 669.668
524737 669.463
524839 669.258
524941 669.053
525043 668.848
525145 668.643
525247 668.438
525349 668.233
525451 668.027
525553 667.822
525655 667.617
525757 667.412
525859 667.207
525961 667.001
526063 666.796
526165 666.591
526267 666.385
526369 666.18
526471 665.975
526574 665.769
526676 665.564
526778 665.358
526880 665.153
526982 664.947
527084 664.742
527186 664.536
527288 664.331
527390 664.125
527492 663.919
527594 663.714
527696 663.508
527798 663.302
527900 663.096
528002 662.89
528104 662.685
528206 662.479
528308 662.273
528410 662.067
528512 661.861
528614 661.655
528716 661.449
528818 661.243
528920 661.037
529022 660.831
529124 660.625
529226 660.418
529328 660.212
529430 660.006
529532 659.8
529634 659.594
529736 659.387
529838 659.181
529940 658.975
530043 658.768
530145 658.562
530247 658.355
530349 658.149
530451 657.942
530553 657.736
530655 657.529
530757 657.323
530859 657.116
530961 656.909
531063 656.703
531165 656.496
531267 656.289
531369 656.082
531471 655.876
531573 655.669
531675 655.462
531777 655.255
531879 655.048
531981 654.841
532083 654.634
532185 654.427
532287 654.22
532389 654.013
532491 653.806
532593 653.599
532695 653.392
532797 653.184
532899 652.977
533001 652.77
533103 652.563
533205 652.355
533307 652.148
533409 651.941
533512 651.733
533614 651.526
533716 651.318
533818 651.111
533920 650.903
534022 650.696
534124 650.488
534226 650.281
534328 650.073
534430 649.865
534532 649.658
534634 649.45
534736 649.242
534838 649.034
534940 648.827
535042 648.619
535144 648.411
535246 648.203
535348 647.995
535450 647.787
535552 647.579
535654 647.371
535756 647.163
535858 646.955
535960 646.747
536062 646.538
536164 646.33
536266 646.122
536368 645.914
536470 645.705
536572 645.497
536674 645.289
536776 645.08
536878 644.872
536981 644.663
537083 644.455
537185 644.246
537287 644.038
537389 643.829
537491 643.621
537593 643.412
537695 643.203
537797 642.995
537899 642.786
538001 642.577
538103 642.368
538205 642.16
538307 641.951
538409 641.742
538511 641.533
538613 641.324
538715 641.115
538817 640.906
538919 640.697
539021 640.488
539123 640.279
539225 640.069
539327 639.86
539429 639.651
539531 639.442
539633 639.232
539735 639.023
539837 638.814
539939 638.604
540041 638.395
540143 638.186
540245 637.976
540347 637.767
540450 637.557
540552 637.347
540654 637.138
540756 636.928
540858 636.718
540960 636.509
541062 636.299
541164 636.089
541266 635.879
541368 635.67
541470 635.46
541572 635.25
541674 635.04
541776 634.83
541878 634.62
541980 634.41
542082 634.2
542184 633.99
542286 633.779
542388 633.569
542490 633.359
542592 633.149
542694 632.939
542796 632.728
542898 632.518
543000 632.307
543102 632.097
543204 631.887
543306 631.676
543408 631.466
543510 631.255
543612 631.044
543714 630.834
543816 630.623
543919 630.412
544021 630.202
544123 629.991
544225 629.78
544327 629.569
544429 629.358
544531 629.148
544633 628.937
544735 628.726
544837 628.515
544939 628.304
545041 628.093
545143 627.881
545245 627.67
545347 627.459
545449 627.248
545551 627.037
545653 626.825
545755 626.614
545857 626.403
545959 626.191
546061 625.98
546163 625.768
546265 625.557
546367 625.345
546469 625.134
546571 624.922
546673 624.711
546775 624.499
546877 624.287
546979 624.076
547081 623.864
547183 623.652
547285 623.44
547388 623.228
547490 623.016
547592 622.804
547694 622.592
547796 622.38
547898 622.168
548000 621.956
548102 621.744
548204 621.532
548306 621.32
548408 621.107
548510 620.895
548612 620.683
548714 620.47
548816 620.258
548918 620.046
549020 619.833
549122 619.621
549224 619.408
549326 619.196
549428 618.983
549530 618.77
549632 618.558
549734 618.345
549836 618.132
549938 617.919
550040 617.707
550142 617.494
550244 617.281
550346 617.068
550448 616.855
550550 616.642
550652 616.429
550754 616.216
550857 616.003
550959 615.789
551061 615.576
551163 615.363
551265 615.15
551367 614.936
551469 614.723
551571 614.51
551673 614.296
551775 614.083
551877 613.869
551979 613.656
552081 613.442
552183 613.229
552285 613.015
552387 612.801
552489 612.588
552591 612.374
552693 612.16
552795 611.946
552897 611.732
552999 611.518
553101 611.304
553203 611.09
553305 610.876
553407 610.662
553509 610.448
553611 610.234
553713 610.02
553815 609.806
553917 609.591
554019 609.377
554121 609.163
554223 608.948
554326 608.734
554428 608.519
554530 608.305
554632 608.09
554734 607.876
554836 607.661
554938 607.447
555040 607.232
555142 607.017
555244 606.802
555346 606.588
555448 606.373
555550 606.158
555652 605.943
555754 605.728
555856 605.513
555958 605.298
556060 605.083
556162 604.868
556264 604.653
556366 604.437
556468 604.222
556570 604.007
556672 603.791
556774 603.576
556876 603.361
556978 603.145
557080 602.93
557182 602.714
557284 602.499
557386 602.283
557488 602.067
557590 601.852
557692 601.636
557794 601.42
557897 601.204
557999 600.989
558101 600.773
558203 600.557
558305 600.341
558407 600.125
558509 599.909
558611 599.693
558713 599.477
558815 599.26
558917 599.044
559019 598.828
559121 598.612
559223 598.395
559325 598.179
559427 597.962
559529 597.746
559631 597.529
559733 597.313
559835 597.096
559937 596.88
560039 596.663
560141 596.446
560243 596.23
560345 596.013
560447 595.796
560549 595.579
560651 595.362
560753 595.145
560855 594.928
560957 594.711
561059 594.494
561161 594.277
561263 594.06
561366 593.843
561468 593.625
561570 593.408
561672 593.191
561774 592.973
561876 592.756
561978 592.538
562080 592.321
562182 592.103
562284 591.886
562386 591.668
562488 591.45
562590 591.233
562692 591.015
562794 590.797
562896 590.579
562998 590.361
563100 590.143
563202 589.925
563304 589.707
563406 589.489
563508 589.271
563610 589.053
563712 588.835
563814 588.617
563916 588.398
564018 588.18
564120 587.962
564222 587.743
564324 587.525
564426 587.306
564528 587.088
564630 586.869
564732 586.651
564835 586.432
564937 586.213
565039 585.994
565141 585.776
565243 585.557
565345 585.338
565447 585.119
565549 584.9
565651 584.681
565753 584.462
565855 584.243
565957 584.024
566059 583.804
566161 583.585
566263 583.366
566365 583.146
566467 582.927
566569 582.708
566671 582.488
566773 582.269
566875 582.049
566977 581.829
567079 581.61
567181 581.39
567283 581.17
567385 580.95
567487 580.731
567589 580.511
567691 580.291
567793 580.071
567895 579.851
567997 579.631
568099 579.411
568201 579.19
568304 578.97
568406 578.75
568508 578.53
568610 578.309
568712 578.089
568814 577.869
568916 577.648
569018 577.428
569120 577.207
569222 576.986
569324 576.766
569426 576.545
569528 576.324
569630 576.103
569732 575.883
569834 575.662
569936 575.441
570038 575.22
570140 574.999
570242 574.778
570344 574.556
570446 574.335
570548 574.114
570650 573.893
570752 573.671
570854 573.45
570956 573.229
571058 573.007
571160 572.786
571262 572.564
571364 572.343
571466 572.121
571568 571.899
571670 571.677
571773 571.456
571875 571.234
571977 571.012
572079 570.79
572181 570.568
572283 570.346
572385 570.124
572487 569.902
572589 569.679
572691 569.457
572793 569.235
572895 569.013
572997 568.79
573099 568.568
573201 568.345
573303 568.123
573405 567.9
573507 567.678
573609 567.455
573711 567.232
573813 567.01
573915 566.787
574017 566.564
574119 566.341
574221 566.118
574323 565.895
574425 565.672
574527 565.449
574629 565.226
574731 565.002
574833 564.779
574935 564.556
575037 564.332
575139 564.109
575242 563.886
575344 563.662
575446 563.439
575548 563.215
575650 562.991
575752 562.768
575854 562.544
575956 562.32
576058 562.096
576160 561.872
576262 561.648
576364 561.424
576466 561.2
576568 560.976
576670 560.752
576772 560.528
576874 560.303
576976 560.079
577078 559.855
577180 559.63
577282 559.406
577384 559.181
577486 558.957
577588 558.732
577690 558.507
577792 558.283
577894 558.058
577996 557.833
578098 557.608
578200 557.383
578302 557.158
578404 556.933
578506 556.708
578608 556.483
578711 556.258
578813 556.033
578915 555.807
579017 555.582
579119 555.357
579221 555.131
579323 554.906
579425 554.68
579527 554.454
579629 554.229
579731 554.003
579833 553.777
579935 553.551
580037 553.326
580139 553.1
580241 552.874
580343 552.648
580445 552.422
580547 552.195
580649 551.969
580751 551.743
580853 551.517
580955 551.29
581057 551.064
581159 550.837
581261 550.611
581363 550.384
581465 550.158
581567 549.931
581669 549.704
581771 549.478
581873 549.251
581975 549.024
582077 548.797
582180 548.57
582282 548.343
582384 548.116
582486 547.888
582588 547.661
582690 547.434
582792 547.207
582894 546.979
582996 546.752
583098 546.524
583200 546.297
583302 546.069
583404 545.842
583506 545.614
583608 545.386
583710 545.158
583812 544.93
583914 544.702
584016 544.474
584118 544.246
584220 544.018
584322 543.79
584424 543.562
584526 543.334
584628 543.105
584730 542.877
584832 542.648
584934 542.42
585036 542.191
585138 541.963
585240 541.734
585342 541.505
585444 541.277
585546 541.048
585649 540.819
585751 540.59
585853 540.361
585955 540.132
586057 539.903
586159 539.674
586261 539.444
586363 539.215
586465 538.986
586567 538.756
586669 538.527
586771 538.297
586873 538.068
586975 537.838
587077 537.608
587179 537.379
587281 537.149
587383 536.918
587485 536.688
587587 536.458
587689 536.227
587791 535.996
587893 535.765
587995 535.534
588097 535.302
588199 535.071
588301 534.839
588403 534.607
588505 534.375
588607 534.142
588709 533.91
588811 533.677
588913 533.444
589015 533.211
589118 532.978
589220 532.745
589322 532.511
589424 532.277
589526 532.043
589628 531.809
589730 531.575
589832 531.34
589934 531.105
590036 530.87
590138 530.635
590240 530.4
590342 530.165
590444 529.929
590546 529.693
590648 529.457
590750 529.221
590852 528.984
590954 528.748
591056 528.511
591158 528.274
591260 528.037
591362 527.799
591464 527.562
591566 527.324
591668 527.086
591770 526.848
591872 526.61
591974 526.371
592076 526.132
592178 525.893
592280 525.654
592382 525.415
592484 525.176
592587 524.936
592689 524.696
592791 524.456
592893 524.216
592995 523.975
593097 523.735
593199 523.494
593301 523.253
593403 523.011
593505 522.77
593607 522.528
593709 522.286
593811 522.044
593913 521.802
594015 521.56
594117 521.317
594219 521.074
594321 520.831
594423 520.588
594525 520.344
594627 520.101
594729 519.857
594831 519.613
594933 519.369
595035 519.124
595137 518.88
595239 518.635
595341 518.39
595443 518.144
595545 517.899
595647 517.653
595749 517.407
595851 517.161
595953 516.915
596056 516.669
596158 516.422
596260 516.175
596362 515.928
596464 515.68
596566 515.433
596668 515.185
596770 514.937
596872 514.689
596974 514.441
597076 514.192
597178 513.943
597280 513.694
597382 513.445
597484 513.196
597586 512.946
597688 512.696
597790 512.446
597892 512.196
597994 511.945
598096 511.695
598198 511.444
598300 511.193
598402 510.941
598504 510.69
598606 510.438
598708 510.186
598810 509.934
598912 509.681
599014 509.429
599116 509.176
599218 508.923
599320 508.669
599422 508.416
599525 508.162
599627 507.908
599729 507.654
599831 507.4
599933 507.145
600035 506.89
600137 506.635
600239 506.38
600341 506.124
600443 505.869
600545 505.613
600647 505.356
600749 505.1
600851 504.843
600953 504.587
601055 504.329
601157 504.072
601259 503.815
601361 503.557
601463 503.299
601565 503.041
601667 502.782
601769 502.524
601871 502.265
601973 502.006
602075 501.746
602177 501.487
602279 501.227
602381 500.967
602483 500.706
602585 500.446
602687 500.185
602789 499.924
602891 499.663
602994 499.402
603096 499.14
603198 498.878
603300 498.616
603402 498.353
603504 498.091
603606 497.828
603708 497.565
603810 497.302
603912 497.038
604014 496.774
604116 496.51
604218 496.246
604320 495.981
604422 495.717
604524 495.452
604626 495.186
604728 494.921
604830 494.655
604932 494.389
605034 494.123
605136 493.856
605238 493.59
605340 493.323
605442 493.056
605544 492.788
605646 492.52
605748 492.253
605850 491.984
605952 491.716
606054 491.447
606156 491.178
606258 490.909
606360 490.64
606463 490.37
606565 490.1
606667 489.83
606769 489.56
606871 489.289
606973 489.018
607075 488.747
607177 488.475
607279 488.204
607381 487.932
607483 487.66
607585 487.387
607687 487.114
607789 486.841
607891 486.568
607993 486.295
608095 486.021
608197 485.747
608299 485.473
608401 485.198
608503 484.923
608605 484.648
608707 484.373
608809 484.098
608911 483.822
609013 483.546
609115 483.269
609217 482.993
609319 482.716
609421 482.439
609523 482.161
609625 481.884
609727 481.606
609829 481.327
609932 481.049
610034 480.77
610136 480.491
610238 480.212
610340 479.932
610442 479.653
610544 479.372
610646 479.092
610748 478.811
610850 478.531
610952 478.249
611054 477.968
611156 477.686
611258 477.404
611360 477.122
611462 476.839
611564 476.556
611666 476.273
611768 475.99
611870 475.706
611972 475.422
612074 475.138
612176 474.854
612278 474.569
612380 474.284
612482 473.998
612584 473.713
612686 473.427
612788 473.141
612890 472.854
612992 472.567
613094 472.28
613196 471.993
613298 471.705
613401 471.417
613503 471.129
613605 470.841
613707 470.552
613809 470.263
613911 469.973
614013 469.684
614115 469.394
614217 469.103
614319 468.813
614421 468.522
614523 468.231
614625 467.939
614727 467.648
614829 467.356
614931 467.063
615033 466.771
615135 466.478
615237 466.184
615339 465.891
615441 465.597
615543 465.303
615645 465.009
615747 464.714
615849 464.419
615951 464.123
616053 463.828
616155 463.532
616257 463.236
616359 462.939
616461 462.642
616563 462.345
616665 462.047
616767 461.75
616869 461.451
616972 461.153
617074 460.854
617176 460.555
617278 460.256
617380 459.956
617482 459.656
617584 459.356
617686 459.055
617788 458.754
617890 458.453
617992 458.151
618094 457.849
618196 457.547
618298 457.245
618400 456.942
618502 456.639
618604 456.335
618706 456.031
618808 455.727
618910 455.423
619012 455.118
619114 454.813
619216 454.507
619318 454.201
619420 453.895
619522 453.589
619624 453.282
619726 452.975
619828 452.667
619930 452.36
620032 452.051
620134 451.743
620236 451.434
620338 451.125
620441 450.815
620543 450.506
620645 450.195
620747 449.885
620849 449.574
620951 449.263
621053 448.951
621155 448.64
621257 448.327
621359 448.015
621461 447.702
621563 447.389
621665 447.075
621767 446.761
621869 446.447
621971 446.132
622073 445.817
622175 445.502
622277 445.186
622379 444.87
622481 444.554
622583 444.237
622685 443.92
622787 443.602
622889 443.284
622991 442.966
623093 442.648
623195 442.329
623297 442.009
623399 441.69
623501 441.37
623603 441.049
623705 440.729
623807 440.408
623910 440.086
624012 439.764
624114 439.442
624216 439.119
624318 438.796
624420 438.473
624522 438.149
624624 437.825
624726 437.501
624828 437.176
624930 436.851
625032 436.525
625134 436.199
625236 435.873
625338 435.546
625440 435.219
625542 434.892
625644 434.564
625746 434.236
625848 433.907
625950 433.578
626052 433.248
626154 432.919
626256 432.588
626358 432.258
626460 431.927
626562 431.595
626664 431.264
626766 430.931
626868 430.599
626970 430.266
627072 429.933
627174 429.599
627276 429.265
627379 428.93
627481 428.595
627583 428.26
627685 427.924
627787 427.588
627889 427.251
627991 426.914
628093 426.577
628195 426.239
628297 425.901
628399 425.562
628501 425.223
628603 424.884
628705 424.544
628807 424.203
628909 423.863
629011 423.521
629113 423.18
629215 422.838
629317 422.495
629419 422.153
629521 421.809
629623 421.466
629725 421.122
629827 420.777
629929 420.432
630031 420.087
630133 419.741
630235 419.394
630337 419.048
630439 418.701
630541 418.353
630643 418.005
630745 417.656
630848 417.307
630950 416.958
631052 416.608
631154 416.258
631256 415.907
631358 415.556
631460 415.205
631562 414.853
631664 414.5
631766 414.147
631868 413.794
631970 413.44
632072 413.085
632174 412.731
632276 412.375
632378 412.02
632480 411.664
632582 411.307
632684 410.95
632786 410.592
632888 410.234
632990 409.876
633092 409.517
633194 409.157
633296 408.797
633398 408.437
633500 408.076
633602 407.715
633704 407.353
633806 406.991
633908 406.628
634010 406.264
634112 405.901
634214 405.536
634317 405.172
634419 404.806
634521 404.441
634623 404.074
634725 403.708
634827 403.341
634929 402.973
635031 402.605
635133 402.236
635235 401.867
635337 401.497
635439 401.127
635541 400.756
635643 400.385
635745 400.013
635847 399.641
635949 399.268
636051 398.895
636153 398.521
636255 398.147
636357 397.772
636459 397.396
636561 397.02
636663 396.644
636765 396.267
636867 395.89
636969 395.512
637071 395.133
637173 394.754
637275 394.374
637377 393.994
637479 393.613
637581 393.232
637683 392.85
637786 392.468
637888 392.085
637990 391.702
638092 391.318
638194 390.933
638296 390.548
638398 390.163
638500 389.776
638602 389.39
638704 389.002
638806 388.615
638908 388.226
639010 387.837
639112 387.448
639214 387.057
639316 386.667
639418 386.275
639520 385.884
639622 385.491
639724 385.098
639826 384.705
639928 384.31
640030 383.916
640132 383.52
640234 383.124
640336 382.728
640438 382.331
640540 381.933
640642 381.535
640744 381.136
640846 380.736
640948 380.336
641050 379.935
641152 379.534
641255 379.132
641357 378.729
641459 378.326
641561 377.922
641663 377.518
641765 377.113
641867 376.707
641969 376.301
642071 375.894
642173 375.487
642275 375.078
642377 374.67
642479 374.26
642581 373.85
642683 373.439
642785 373.028
642887 372.616
642989 372.203
643091 371.79
643193 371.376
643295 370.961
643397 370.546
643499 370.13
643601 369.713
643703 369.296
643805 368.878
643907 368.459
644009 368.04
644111 367.62
644213 367.199
644315 366.778
644417 366.356
644519 365.933
644621 365.51
644724 365.086
644826 364.661
644928 364.236
645030 363.809
645132 363.383
645234 362.955
645336 362.527
645438 362.098
645540 361.668
645642 361.237
645744 360.806
645846 360.374
645948 359.942
646050 359.508
646152 359.074
646254 358.64
646356 358.204
646458 357.768
646560 357.331
646662 356.893
646764 356.455
646866 356.015
646968 355.575
647070 355.135
647172 354.693
647274 354.251
647376 353.808
647478 353.364
647580 352.919
647682 352.474
647784 352.028
647886 351.581
647988 351.133
648090 350.685
648193 350.235
648295 349.785
648397 349.334
648499 348.883
648601 348.43
648703 347.977
648805 347.523
648907 347.068
649009 346.612
649111 346.156
649213 345.698
649315 345.24
649417 344.781
649519 344.321
649621 343.86
649723 343.399
649825 342.936
649927 342.473
650029 342.009
650131 341.544
650233 341.078
650335 340.612
650437 340.144
650539 339.676
650641 339.206
650743 338.736
650845 338.265
650947 337.793
651049 337.32
651151 336.846
651253 336.372
651355 335.896
651457 335.42
651559 334.942
651662 334.464
651764 333.985
651866 333.505
651968 333.024
652070 332.542
652172 332.059
652274 331.575
652376 331.09
652478 330.604
652580 330.118
652682 329.63
652784 329.141
652886 328.652
652988 328.161
653090 327.67
653192 327.177
653294 326.684
653396 326.189
653498 325.694
653600 325.197
653702 324.7
653804 324.201
653906 323.701
654008 323.201
654110 322.699
654212 322.197
654314 321.693
654416 321.188
654518 320.683
654620 320.176
654722 319.668
654824 319.159
654926 318.649
655028 318.138
655131 317.626
655233 317.113
655335 316.599
655437 316.083
655539 315.567
655641 315.049
655743 314.531
655845 314.011
655947 313.49
656049 312.968
656151 312.445
656253 311.92
656355 311.395
656457 310.868
656559 310.341
656661 309.812
656763 309.282
656865 308.75
656967 308.218
657069 307.684
657171 307.149
657273 306.613
657375 306.076
657477 305.538
657579 304.998
657681 304.457
657783 303.915
657885 303.372
657987 302.827
658089 302.281
658191 301.734
658293 301.186
658395 300.636
658497 300.085
658600 299.533
658702 298.98
658804 298.425
658906 297.869
659008 297.311
659110 296.753
659212 296.193
659314 295.631
659416 295.069
659518 294.504
659620 293.939
659722 293.372
659824 292.804
659926 292.234
660028 291.663
660130 291.091
660232 290.517
660334 289.942
660436 289.365
660538 288.787
660640 288.208
660742 287.627
660844 287.044
660946 286.46
661048 285.875
661150 285.288
661252 284.7
661354 284.11
661456 283.519
661558 282.926
661660 282.331
661762 281.735
661864 281.138
661966 280.539
662069 279.938
662171 279.336
662273 278.732
662375 278.127
662477 277.52
662579 276.911
662681 276.301
662783 275.689
662885 275.075
662987 274.46
663089 273.843
663191 273.224
663293 272.604
663395 271.982
663497 271.358
663599 270.733
663701 270.105
663803 269.476
663905 268.846
664007 268.213
664109 267.579
664211 266.943
664313 266.305
664415 265.665
664517 265.023
664619 264.38
664721 263.735
664823 263.087
664925 262.438
665027 261.787
665129 261.134
665231 260.48
665333 259.823
665435 259.164
665538 258.503
665640 257.84
665742 257.176
665844 256.509
665946 255.84
666048 255.169
666150 254.496
666252 253.822
666354 253.144
666456 252.465
666558 251.784
666660 251.101
666762 250.415
666864 249.727
666966 249.037
667068 248.345
667170 247.651
667272 246.954
667374 246.255
667476 245.554
667578 244.85
667680 244.145
667782 243.436
667884 242.726
667986 242.013
668088 241.298
668190 240.58
668292 239.86
668394 239.138
668496 238.412
668598 237.685
668700 236.955
668802 236.222
668904 235.487
669007 234.75
669109 234.009
669211 233.267
669313 232.521
669415 231.773
669517 231.022
669619 230.268
669721 229.512
669823 228.753
669925 227.991
670027 227.226
670129 226.459
670231 225.688
670333 224.915
670435 224.139
670537 223.36
670639 222.578
670741 221.793
670843 221.005
670945 220.213
671047 219.419
671149 218.622
671251 217.821
671353 217.018
671455 216.211
671557 215.401
671659 214.588
671761 213.771
671863 212.951
671965 212.128
672067 211.301
672169 210.471
672271 209.637
672373 208.8
672475 207.96
672578 207.115
672680 206.268
672782 205.416
672884 204.561
672986 203.702
673088 202.839
673190 201.973
673292 201.103
673394 200.229
673496 199.351
673598 198.468
673700 197.582
673802 196.692
673904 195.798
674006 194.9
674108 193.997
674210 193.09
674312 192.179
674414 191.264
674516 190.344
674618 189.419
674720 188.491
674822 187.557
674924 186.619
675026 185.676
675128 184.729
675230 183.777
675332 182.82
675434 181.858
675536 180.891
675638 179.919
675740 178.942
675842 177.96
675944 176.972
676047 175.98
676149 174.982
676251 173.978
676353 172.969
676455 171.954
676557 170.934
676659 169.908
676761 168.876
676863 167.838
676965 166.795
677067 165.745
677169 164.689
677271 163.627
677373 162.558
677475 161.483
677577 160.402
677679 159.314
677781 158.219
677883 157.117
677985 156.008
678087 154.893
678189 153.77
678291 152.64
678393 151.502
678495 150.357
678597 149.205
678699 148.044
678801 146.876
678903 145.7
679005 144.515
679107 143.323
679209 142.121
679311 140.912
679413 139.693
679516 138.466
679618 137.229
679720 135.984
679822 134.728
679924 133.464
680026 132.189
680128 130.905
680230 129.611
680332 128.306
680434 126.99
680536 125.664
680638 124.327
680740 122.979
680842 121.619
680944 120.248
681046 118.864
681148 117.469
681250 116.061
681352 114.64
681454 113.206
681556 111.759
681658 110.299
681760 108.824
681862 107.335
681964 105.832
682066 104.313
682168 102.779
682270 101.23
682372 99.6637
682474 98.0813
682576 96.4818
682678 94.8649
682780 93.23
682882 91.5766
682985 89.9042
683087 88.2123
683189 86.5002
683291 84.7674
683393 83.0133
683495 81.2371
683597 79.4382
683699 77.6158
683801 75.7693
683903 73.8976
684005 72.0001
684107 70.0758
684209 68.1237
684311 66.1428
684413 64.132
684515 62.0903
684617 60.0163
684719 57.9089
684821 55.7665
684923 53.5878
685025 51.3712
685127 49.1149
685229 46.8173
685331 44.4763
685433 42.0898
685535 39.6557
685637 37.1714
685739 34.6344
685841 32.0416
685943 29.3901
686045 26.6763
686147 23.8966
686249 21.0467
686351 18.6183
686454 16.8163
686556 15.3814
686658 13.9741
686760 12.5936
686862 11.2391
686964 9.90961
687066 8.60452
687168 7.32302
687270 6.06443
687372 4.82806
687474 3.61326
687576 2.41939
687678 1.24588
687780 0.0921252
687882 -1.04241
687984 -2.15827
688086 -3.25595
688188 -4.33596
688290 -5.39876
688392 -6.44482
688494 -7.47456
688596 -8.48842
688698 -9.48681
688800 -10.4701
688902 -11.4387
689004 -12.393
689106 -13.3333
689208 -14.2599
689310 -15.1732
689412 -16.0736
689514 -16.9612
689616 -17.8365
689718 -18.6997
689820 -19.551
689923 -20.3909
690025 -21.2194
690127 -22.0369
690229 -22.8436
690331 -23.6398
690433 -24.4257
690535 -25.2014
690637 -25.9673
690739 -26.7236
690841 -27.4703
690943 -28.2079
691045 -28.9363
691147 -29.6559
691249 -30.3667
691351 -31.0691
691453 -31.7631
691555 -32.4489
691657 -33.1267
691759 -33.7966
691861 -34.4588
691963 -35.1134
692065 -35.7607
692167 -36.4006
692269 -37.0335
692371 -37.6593
692473 -38.2782
692575 -38.8904
692677 -39.496
692779 -40.0951
692881 -40.6878
692983 -41.2742
693085 -41.8545
693187 -42.4287
693289 -42.997
693392 -43.5594
693494 -44.1161
693596 -44.6672
693698 -45.2127
693800 -45.7528
693902 -46.2875
694004 -46.817
694106 -47.3412
694208 -47.8604
694310 -48.3746
694412 -48.8839
694514 -49.3883
694616 -49.8879
694718 -50.3829
694820 -50.8732
694922 -51.359
695024 -51.8403
695126 -52.3173
695228 -52.7898
695330 -53.2582
695432 -53.7223
695534 -54.1822
695636 -54.6381
695738 -55.09
695840 -175.197
695942 -175.213
696044 -175.229
696146 -175.245
696248 -175.261
696350 -175.277
696452 -175.294
696554 -175.31
696656 -175.326
696758 -175.342
696861 -175.358
696963 -175.374
697065 -175.39
697167 -175.406
697269 -175.422
697371 -175.438
697473 -175.454
697575 -175.47
697677 -175.486
697779 -175.502
697881 -175.518
697983 -175.534
698085 -175.55
698187 -175.566
698289 -175.582
698391 -175.598
698493 -175.614
698595 -175.63
698697 -175.646
698799 -175.662
698901 -175.678
699003 -175.694
699105 -175.71
699207 -175.726
699309 -175.742
699411 -175.758
699513 -175.775
699615 -175.791
699717 -175.807
699819 -175.823
699921 -175.839
700023 -175.855
700125 -175.871
700227 -175.887
700330 -175.903
700432 -175.919
700534 -175.935
700636 -175.951
700738 -175.967
700840 -175.983
700942 -175.999
701044 -176.015
701146 -176.031
701248 -176.047
701350 -176.063
701452 -176.079
701554 -176.095
701656 -176.111
701758 -176.127
701860 -176.143
701962 -176.159
702064 -176.175
702166 -176.191
702268 -176.207
702370 -176.223
702472 -176.24
702574 -176.256
702676 -176.272
702778 -176.288
702880 -176.304
702982 -176.32
703084 -176.336
703186 -176.352
703288 -176.368
703390 -176.384
703492 -176.4
703594 -176.416
703696 -176.432
703799 -176.448
703901 -176.464
704003 -176.48
704105 -176.496
704207 -176.512
704309 -176.528
704411 -176.544
704513 -176.56
704615 -176.576
704717 -176.592
704819 -176.608
704921 -176.624
705023 -176.64
705125 -176.656
705227 -176.672
705329 -176.688
705431 -176.704
705533 -176.721
705635 -176.737
705737 -176.753
705839 -176.769
705941 -176.785
706043 -176.801
706145 -176.817
706247 -176.833
706349 -176.849
706451 -176.865
706553 -176.881
706655 -176.897
706757 -176.913
706859 -176.929
706961 -176.945
707063 -176.961
707165 -176.977
707268 -176.993
707370 -177.009
707472 -177.025
707574 -177.041
707676 -177.057
707778 -177.073
707880 -177.089
707982 -177.105
708084 -177.121
708186 -177.137
708288 -177.153
708390 -177.169
708492 -177.185
708594 -177.202
708696 -177.218
708798 -177.234
708900 -177.25
709002 -177.266
709104 -177.282
709206 -177.298
709308 -177.314
709410 -177.33
709512 -177.346
709614 -177.362
709716 -177.378
709818 -177.394
709920 -177.41
710022 -177.426
710124 -177.442
710226 -177.458
710328 -177.474
710430 -177.49
710532 -177.506
710634 -177.522
710737 -177.538
710839 -177.554
710941 -177.57
711043 -177.586
711145 -177.602
711247 -177.618
711349 -177.634
711451 -177.65
711553 -177.667
711655 -177.683
711757 -177.699
711859 -177.715
711961 -177.731
712063 -177.747
712165 -177.763
712267 -177.779
712369 -177.795
712471 -177.811
712573 -177.827
712675 -177.843
712777 -177.859
712879 -177.875
712981 -177.891
713083 -177.907
713185 -177.923
713287 -177.939
713389 -177.955
713491 -177.971
713593 -177.987
713695 -178.003
713797 -178.019
713899 -178.035
714001 -178.051
714103 -178.067
714206 -178.083
714308 -178.099
714410 -178.115
714512 -178.131
714614 -178.148
714716 -178.164
714818 -178.18
714920 -178.196
715022 -178.212
715124 -178.228
715226 -178.244
715328 -178.26
715430 -178.276
715532 -178.292
715634 -178.308
715736 -178.324
715838 -178.34
715940 -178.356
716042 -178.372
716144 -178.388
716246 -178.404
716348 -178.42
716450 -178.436
716552 -178.452
716654 -178.468
716756 -178.484
716858 -178.5
716960 -178.516
717062 -178.532
717164 -178.548
717266 -178.564
717368 -178.58
717470 -178.596
717572 -178.612
717675 -178.629
717777 -178.645
717879 -178.661
717981 -178.677
718083 -178.693
718185 -178.709
718287 -178.725
718389 -178.741
718491 -178.757
718593 -178.773
718695 -178.789
718797 -178.805
718899 -178.821
719001 -178.837
719103 -178.853
719205 -178.869
719307 -178.885
719409 -178.901
719511 -178.917
719613 -178.933
719715 -178.949
719817 -178.965
719919 -178.981
720021 -178.997
720123 -179.013
720225 -179.029
720327 -179.045
720429 -179.061
720531 -179.077
720633 -179.094
720735 -179.11
720837 -179.126
720939 -179.142
721041 -179.158
721144 -179.174
721246 -179.19
721348 -179.206
721450 -179.222
721552 -179.238
721654 -179.254
721756 -179.27
721858 -179.286
721960 -179.302
722062 -179.318
722164 -179.334
722266 -179.35
722368 -179.366
722470 -179.382
722572 -179.398
722674 -179.414
722776 -179.43
722878 -179.446
722980 -179.462
723082 -179.478
723184 -179.494
723286 -179.51
723388 -179.526
723490 -179.542
723592 -179.558
723694 -179.575
723796 -179.591
723898 -179.607
724000 -179.623
724102 -179.639
724204 -179.655
724306 -179.671
724408 -179.687
724510 -179.703
724613 -179.719
724715 -179.735
724817 -179.751
724919 -179.767
725021 -179.783
725123 -179.799
725225 -179.815
725327 -179.831
725429 -179.847
725531 -179.863
725633 -179.879
725735 -179.895
725837 -179.911
725939 -179.927
726041 -179.943
726143 -179.959
726245 -179.975
726347 -179.991
726449 -180.007
726551 -180.023
726653 -180.039
726755 -180.056
726857 -180.072
726959 -180.088
727061 -180.104
727163 -180.12
727265 -180.136
727367 -180.152
727469 -180.168
727571 -180.184
727673 -180.2
727775 -180.216
727877 -180.232
727979 -180.248
728081 -180.264
728184 -180.28
728286 -180.296
728388 -180.312
728490 -180.328
728592 -180.344
728694 -180.36
728796 -180.376
728898 -180.392
729000 -180.408
729102 -180.424
729204 -180.44
729306 -180.456
729408 -180.472
729510 -180.488
729612 -180.504
729714 -180.521
729816 -180.537
729918 -180.553
730020 -180.569
730122 -180.585
730224 -180.601
730326 -180.617
730428 -180.633
730530 -180.649
730632 -180.665
730734 -180.681
730836 -180.697
730938 -180.713
731040 -180.729
731142 -180.745
731244 -180.761
731346 -180.777
731448 -180.793
731550 -180.809
731653 -180.825
731755 -180.841
731857 -180.857
731959 -180.873
732061 -180.889
732163 -180.905
732265 -180.921
732367 -180.937
732469 -180.953
732571 -180.969
732673 -180.985
732775 -181.002
732877 -181.018
732979 -181.034
733081 -181.05
733183 -181.066
733285 -181.082
733387 -181.098
733489 -181.114
733591 -181.13
733693 -181.146
733795 -181.162
733897 -181.178
733999 -181.194
734101 -181.21
734203 -181.226
734305 -181.242
734407 -181.258
734509 -181.274
734611 -181.29
734713 -181.306
734815 -181.322
734917 -181.338
735019 -181.354
735122 -181.37
735224 -181.386
735326 -181.402
735428 -181.418
735530 -181.434
735632 -181.45
735734 -181.466
735836 -181.483
735938 -181.499
736040 -181.515
736142 -181.531
736244 -181.547
736346 -181.563
736448 -181.579
736550 -181.595
736652 -181.611
736754 -181.627
736856 -181.643
736958 -181.659
737060 -181.675
737162 -181.691
737264 -181.707
737366 -181.723
737468 -181.739
737570 -181.755
737672 -181.771
737774 -181.787
737876 -181.803
737978 -181.819
738080 -181.835
738182 -181.851
738284 -181.867
738386 -181.883
738488 -181.899
738591 -181.915
738693 -181.931
738795 -181.948
738897 -181.964
738999 -181.98
739101 -181.996
739203 -182.012
739305 -182.028
739407 -182.044
739509 -182.06
739611 -182.076
739713 -182.092
739815 -182.108
739917 -182.124
740019 -182.14
740121 -182.156
740223 -182.172
740325 -182.188
740427 -182.204
740529 -182.22
740631 -182.236
740733 -182.252
740835 -182.268
740937 -182.284
741039 -182.3
741141 -182.316
741243 -182.332
741345 -182.348
741447 -182.364
741549 -182.38
741651 -182.396
741753 -182.412
741855 -182.429
741957 -182.445
742060 -182.461
742162 -182.477
742264 -182.493
742366 -182.509
742468 -182.525
742570 -182.541
742672 -182.557
742774 -182.573
742876 -182.589
742978 -182.605
743080 -182.621
743182 -182.637
743284 -182.653
743386 -182.669
743488 -182.685
743590 -182.701
743692 -182.717
743794 -182.733
743896 -182.749
743998 -182.765
744100 -182.781
744202 -182.797
744304 -182.813
744406 -182.829
744508 -182.845
744610 -182.861
744712 -182.877
744814 -182.893
744916 -182.91
745018 -182.926
745120 -182.942
745222 -182.958
745324 -182.974
745426 -182.99
745529 -183.006
745631 -183.022
745733 -183.038
745835 -183.054
745937 -183.07
746039 -183.086
746141 -183.102
746243 -183.118
746345 -183.134
746447 -183.15
746549 -183.166
746651 -183.182
746753 -183.198
746855 -183.214
746957 -183.23
747059 -183.246
747161 -183.262
747263 -183.278
747365 -183.294
747467 -183.31
747569 -183.326
747671 -183.342
747773 -183.358
747875 -183.375
747977 -183.391
748079 -183.407
748181 -183.423
748283 -183.439
748385 -183.455
748487 -183.471
748589 -183.487
748691 -183.503
748793 -183.519
748895 -183.535
748998 -183.551
749100 -183.567
749202 -183.583
749304 -183.599
749406 -183.615
749508 -183.631
749610 -183.647
749712 -183.663
749814 -183.679
749916 -183.695
750018 -183.711
750120 -183.727
750222 -183.743
750324 -183.759
750426 -183.775
750528 -183.791
750630 -183.807
750732 -183.823
750834 -183.839
750936 -183.856
751038 -183.872
751140 -183.888
751242 -183.904
751344 -183.92
751446 -183.936
751548 -183.952
751650 -183.968
751752 -183.984
751854 -184
751956 -184.016
752058 -184.032
752160 -184.048
752262 -184.064
752364 -184.08
752467 -184.096
752569 -184.112
752671 -184.128
752773 -184.144
752875 -184.16
752977 -184.176
753079 -184.192
753181 -184.208
753283 -184.224
753385 -184.24
753487 -184.256
753589 -184.272
753691 -184.288
753793 -184.304
753895 -184.32
753997 -184.337
754099 -184.353
754201 -184.369
754303 -184.385
754405 -184.401
754507 -184.417
754609 -184.433
754711 -184.449
754813 -184.465
754915 -184.481
755017 -184.497
755119 -184.513
755221 -184.529
755323 -184.545
755425 -184.561
755527 -184.577
755629 -184.593
755731 -184.609
755833 -184.625
755936 -184.641
756038 -184.657
756140 -184.673
756242 -184.689
756344 -184.705
756446 -184.721
756548 -184.737
756650 -184.753
756752 -184.769
756854 -184.785
756956 -184.802
757058 -184.818
757160 -184.834
757262 -184.85
757364 -184.866
757466 -184.882
757568 -184.898
757670 -184.914
757772 -184.93
757874 -184.946
757976 -184.962
758078 -184.978
758180 -184.994
758282 -185.01
758384 -185.026
758486 -185.042
758588 -185.058
758690 -185.074
758792 -185.09
758894 -185.106
758996 -185.122
759098 -185.138
759200 -185.154
759302 -185.17
759405 -185.186
759507 -185.202
759609 -185.218
759711 -185.234
759813 -185.25
759915 -185.266
760017 -185.283
760119 -185.299
760221 -185.315
760323 -185.331
760425 -185.347
760527 -185.363
760629 -185.379
760731 -185.395
760833 -185.411
760935 -185.427
761037 -185.443
761139 -185.459
761241 -185.475
761343 -185.491
761445 -185.507
761547 -185.523
761649 -185.539
761751 -185.555
761853 -185.571
761955 -185.587
762057 -185.603
762159 -185.619
762261 -185.635
762363 -185.651
762465 -185.667
762567 -185.683
762669 -185.699
762771 -185.715
762874 -185.731
762976 -185.747
763078 -185.764
763180 -185.78
763282 -185.796
763384 -185.812
763486 -185.828
763588 -185.844
763690 -185.86
763792 -185.876
763894 -185.892
763996 -185.908
764098 -185.924
764200 -185.94
764302 -185.956
764404 -185.972
764506 -185.988
764608 -186.004
764710 -186.02
764812 -186.036
764914 -186.052
765016 -186.068
765118 -186.084
765220 -186.1
765322 -186.116
765424 -186.132
765526 -186.148
765628 -186.164
765730 -186.18
765832 -186.196
765934 -186.212
766036 -186.229
766138 -186.245
766240 -186.261
766343 -186.277
766445 -186.293
766547 -186.309
766649 -186.325
766751 -186.341
766853 -186.357
766955 -186.373
767057 -186.389
767159 -186.405
767261 -186.421
767363 -186.437
767465 -186.453
767567 -186.469
767669 -186.485
767771 -186.501
767873 -186.517
767975 -186.533
768077 -186.549
768179 -186.565
768281 -186.581
768383 -186.597
768485 -186.613
768587 -186.629
768689 -186.645
768791 -186.661
768893 -186.677
768995 -186.693
769097 -186.71
769199 -186.726
769301 -186.742
769403 -186.758
769505 -186.774
769607 -186.79
769709 -186.806
769812 -186.822
769914 -186.838
770016 -186.854
770118 -186.87
770220 -186.886
770322 -186.902
770424 -186.918
770526 -186.934
770628 -186.95
770730 -186.966
770832 -186.982
770934 -186.998
771036 -187.014
771138 -187.03
771240 -187.046
771342 -187.062
771444 -187.078
771546 -187.094
771648 -187.11
771750 -187.126
771852 -187.142
771954 -187.158
772056 -187.174
772158 -187.191
772260 -187.207
772362 -187.223
772464 -187.239
772566 -187.255
772668 -187.271
772770 -187.287
772872 -187.303
772974 -187.319
773076 -187.335
773178 -187.351
773281 -187.367
773383 -187.383
773485 -187.399
773587 -187.415
773689 -187.431
773791 -187.447
773893 -187.463
773995 -187.479
774097 -187.495
774199 -187.511
774301 -187.527
774403 -187.543
774505 -187.559
774607 -187.575
774709 -187.591
774811 -187.607
774913 -187.623
775015 -187.639
775117 -187.656
775219 -187.672
775321 -187.688
775423 -187.704
775525 -187.72
775627 -187.736
775729 -187.752
775831 -187.768
775933 -187.784
776035 -187.8
776137 -187.816
776239 -187.832
776341 -187.848
776443 -187.864
776545 -187.88
776647 -187.896
776750 -187.912
776852 -187.928
776954 -187.944
777056 -187.96
777158 -187.976
777260 -187.992
777362 -188.008
777464 -188.024
777566 -188.04
777668 -188.056
777770 -188.072
777872 -188.088
777974 -188.104
778076 -188.12
778178 -188.137
778280 -188.153
778382 -188.169
778484 -188.185
778586 -188.201
778688 -188.217
778790 -188.233
778892 -188.249
778994 -188.265
779096 -188.281
779198 -188.297
779300 -188.313
779402 -188.329
779504 -188.345
779606 -188.361
779708 -188.377
779810 -188.393
779912 -188.409
780014 -188.425
780116 -188.441
780219 -188.457
780321 -188.473
780423 -188.489
780525 -188.505
780627 -188.521
780729 -188.537
780831 -188.553
780933 -188.569
781035 -188.585
781137 -188.601
781239 -188.618
781341 -188.634
781443 -188.65
781545 -188.666
781647 -188.682
781749 -188.698
781851 -188.714
781953 -188.73
782055 -188.746
782157 -188.762
782259 -188.778
782361 -188.794
782463 -188.81
782565 -188.826
782667 -188.842
782769 -188.858
782871 -188.874
782973 -188.89
783075 -188.906
783177 -188.922
783279 -188.938
783381 -188.954
783483 -188.97
783585 -188.986
783687 -189.002
783790 -189.018
783892 -189.034
783994 -189.05
784096 -189.066
784198 -189.083
784300 -189.099
784402 -189.115
784504 -189.131
784606 -189.147
784708 -189.163
784810 -189.179
784912 -189.195
785014 -189.211
785116 -189.227
785218 -189.243
785320 -189.259
785422 -189.275
785524 -189.291
785626 -189.307
785728 -189.323
785830 -189.339
785932 -189.355
786034 -189.371
786136 -189.387
786238 -189.403
786340 -189.419
786442 -189.435
786544 -189.451
786646 -189.467
786748 -189.483
786850 -189.499
786952 -189.515
787054 -189.531
787156 -189.547
787259 -189.564
787361 -189.58
787463 -189.596
787565 -189.612
787667 -189.628
787769 -189.644
787871 -189.66
787973 -189.676
788075 -189.692
788177 -189.708
788279 -189.724
788381 -189.74
788483 -189.756
788585 -189.772
788687 -189.788
788789 -189.804
788891 -189.82
788993 -189.836
789095 -189.852
789197 -189.868
789299 -189.884
789401 -189.9
789503 -189.916
789605 -189.932
789707 -189.948
789809 -189.964
789911 -189.98
790013 -189.996
790115 -190.012
790217 -190.028
790319 -190.045
790421 -190.061
790523 -190.077
790625 -190.093
790728 -190.109
790830 -190.125
790932 -190.141
791034 -190.157
791136 -190.173
791238 -190.189
791340 -190.205
791442 -190.221
791544 -190.237
791646 -190.253
791748 -190.269
791850 -190.285
791952 -190.301
792054 -190.317
792156 -190.333
792258 -190.349
792360 -190.365
792462 -190.381
792564 -190.397
792666 -190.413
792768 -190.429
792870 -190.445
792972 -190.461
793074 -190.477
793176 -190.493
793278 -190.51
793380 -190.526
793482 -190.542
793584 -190.558
793686 -190.574
793788 -190.59
793890 -190.606
793992 -190.622
794094 -190.638
794197 -190.654
794299 -190.67
794401 -190.686
794503 -190.702
794605 -190.718
794707 -190.734
794809 -190.75
794911 -190.766
795013 -190.782
795115 -190.798
795217 -190.814
795319 -190.83
795421 -190.846
795523 -190.862
795625 -190.878
795727 -190.894
795829 -190.91
795931 -190.926
796033 -190.942
796135 -190.958
796237 -190.974
796339 -190.991
796441 -191.007
796543 -191.023
796645 -191.039
796747 -191.055
796849 -191.071
796951 -191.087
797053 -191.103
797155 -191.119
797257 -191.135
797359 -191.151
797461 -191.167
797563 -191.183
797666 -191.199
797768 -191.215
797870 -191.231
797972 -191.247
798074 -191.263
798176 -191.279
798278 -191.295
798380 -191.311
798482 -191.327
798584 -191.343
798686 -191.359
798788 -191.375
798890 -191.391
798992 -191.407
799094 -191.423
799196 -191.439
799298 -191.455
799400 -191.472
799502 -191.488
799604 -191.504
799706 -191.52
799808 -191.536
799910 -191.552
800012 -191.568
800114 -191.584
800216 -191.6
800318 -191.616
800420 -191.632
800522 -191.648
800624 -191.664
800726 -191.68
800828 -191.696
800930 -191.712
801032 -191.728
801135 -191.744
801237 -191.76
801339 -191.776
801441 -191.792
801543 -191.808
801645 -191.824
801747 -191.84
801849 -191.856
801951 -191.872
802053 -191.888
802155 -191.904
802257 -191.92
802359 -191.937
802461 -191.953
802563 -191.969
802665 -191.985
802767 -192.001
802869 -192.017
802971 -192.033
803073 -192.049
803175 -192.065
803277 -192.081
803379 -192.097
803481 -192.113
803583 -192.129
803685 -192.145
803787 -192.161
803889 -192.177
803991 -192.193
804093 -192.209
804195 -192.225
804297 -192.241
804399 -192.257
804501 -192.273
804604 -192.289
804706 -192.305
804808 -192.321
804910 -192.337
805012 -192.353
805114 -192.369
805216 -192.385
805318 -192.401
805420 -192.418
805522 -192.434
805624 -192.45
805726 -192.466
805828 -192.482
805930 -192.498
806032 -192.514
806134 -192.53
806236 -192.546
806338 -192.562
806440 -192.578
806542 -192.594
806644 -192.61
806746 -192.626
806848 -192.642
806950 -192.658
807052 -192.674
807154 -192.69
807256 -192.706
807358 -192.722
807460 -192.738
807562 -192.754
807664 -192.77
807766 -192.786
807868 -192.802
807970 -192.818
808073 -192.834
808175 -192.85
808277 -192.866
808379 -192.882
808481 -192.899
808583 -192.915
808685 -192.931
808787 -192.947
808889 -192.963
808991 -192.979
809093 -192.995
809195 -193.011
809297 -193.027
809399 -193.043
809501 -193.059
809603 -193.075
809705 -193.091
809807 -193.107
809909 -193.123
810011 -193.139
810113 -193.155
810215 -193.171
810317 -193.187
810419 -193.203
810521 -193.219
810623 -193.235
810725 -193.251
810827 -193.267
810929 -193.283
811031 -193.299
811133 -193.315
811235 -193.331
811337 -193.347
811439 -193.364
811542 -193.38
811644 -193.396
811746 -193.412
811848 -193.428
811950 -193.444
812052 -193.46
812154 -193.476
812256 -193.492
812358 -193.508
812460 -193.524
812562 -193.54
812664 -193.556
812766 -193.572
812868 -193.588
812970 -193.604
813072 -193.62
813174 -193.636
813276 -193.652
813378 -193.668
813480 -193.684
813582 -193.7
813684 -193.716
813786 -193.732
813888 -193.748
813990 -193.764
814092 -193.78
814194 -193.796
814296 -193.812
814398 -193.828
814500 -193.845
814602 -193.861
814704 -193.877
814806 -193.893
814908 -193.909
815011 -193.925
815113 -193.941
815215 -193.957
815317 -193.973
815419 -193.989
815521 -194.005
815623 -194.021
815725 -194.037
815827 -194.053
815929 -194.069
816031 -194.085
816133 -194.101
816235 -194.117
816337 -194.133
816439 -194.149
816541 -194.165
816643 -194.181
816745 -194.197
816847 -194.213
816949 -194.229
817051 -194.245
817153 -194.261
817255 -194.277
817357 -194.293
817459 -194.309
817561 -194.326
817663 -194.342
817765 -194.358
817867 -194.374
817969 -194.39
818071 -194.406
818173 -194.422
818275 -194.438
818377 -194.454
818480 -194.47
818582 -194.486
818684 -194.502
818786 -194.518
818888 -194.534
818990 -194.55
819092 -194.566
819194 -194.582
819296 -194.598
819398 -194.614
819500 -194.63
819602 -194.646
819704 -194.662
819806 -194.678
819908 -194.694
820010 -194.71
820112 -194.726
820214 -194.742
820316 -194.758
820418 -194.774
820520 -194.791
820622 -194.807
820724 -194.823
820826 -194.839
820928 -194.855
821030 -194.871
821132 -194.887
821234 -194.903
821336 -194.919
821438 -194.935
821540 -194.951
821642 -194.967
821744 -194.983
821846 -194.999
821949 -195.015
822051 -195.031
822153 -195.047
822255 -195.063
822357 -195.079
822459 -195.095
822561 -195.111
822663 -195.127
822765 -195.143
822867 -195.159
822969 -195.175
823071 -195.191
823173 -195.207
823275 -195.223
823377 -195.239
823479 -195.255
823581 -195.272
823683 -195.288
823785 -195.304
823887 -195.32
823989 -195.336
824091 -195.352
824193 -195.368
824295 -195.384
824397 -195.4
824499 -195.416
824601 -195.432
824703 -195.448
824805 -195.464
824907 -195.48
825009 -195.496
825111 -195.512
825213 -195.528
825315 -195.544
825418 -195.56
825520 -195.576
825622 -195.592
825724 -195.608
825826 -195.624
825928 -195.64
826030 -195.656
826132 -195.672
826234 -195.688
826336 -195.704
826438 -195.72
826540 -195.736
826642 -195.753
826744 -195.769
826846 -195.785
826948 -195.801
827050 -195.817
827152 -195.833
827254 -195.849
827356 -195.865
827458 -195.881
827560 -195.897
827662 -195.913
827764 -195.929
827866 -195.945
827968 -195.961
828070 -195.977
828172 -195.993
828274 -196.009
828376 -196.025
828478 -196.041
828580 -196.057
828682 -196.073
828784 -196.089
828887 -196.105
828989 -196.121
829091 -196.137
829193 -196.153
829295 -196.169
829397 -196.185
829499 -196.201
829601 -196.218
829703 -196.234
829805 -196.25
829907 -196.266
830009 -196.282
830111 -196.298
830213 -196.314
830315 -196.33
830417 -196.346
830519 -196.362
830621 -196.378
830723 -196.394
830825 -196.41
830927 -196.426
831029 -196.442
831131 -196.458
831233 -196.474
831335 -196.49
831437 -196.506
831539 -196.522
831641 -196.538
831743 -196.554
831845 -196.57
831947 -196.586
832049 -196.602
832151 -196.618
832253 -196.634
832356 -196.65
832458 -196.666
832560 -196.682
832662 -196.699
832764 -196.715
832866 -196.731
832968 -196.747
833070 -196.763
833172 -196.779
833274 -196.795
833376 -196.811
833478 -196.827
833580 -196.843
833682 -196.859
833784 -196.875
833886 -196.891
833988 -196.907
834090 -196.923
834192 -196.939
834294 -196.955
834396 -196.971
834498 -196.987
834600 -197.003
834702 -197.019
834804 -197.035
834906 -197.051
835008 -197.067
835110 -197.083
835212 -197.099
835314 -197.115
835416 -197.131
835518 -197.147
835620 -197.164
835722 -197.18
835825 -197.196
835927 -197.212
836029 -197.228
836131 -197.244
836233 -197.26
836335 -197.276
836437 -197.292
836539 -197.308
836641 -197.324
836743 -197.34
836845 -197.356
836947 -197.372
837049 -197.388
837151 -197.404
837253 -197.42
837355 -197.436
837457 -197.452
837559 -197.468
837661 -197.484
837763 -197.5
837865 -197.516
837967 -197.532
838069 -197.548
838171 -197.564
838273 -197.58
838375 -197.596
838477 -197.612
838579 -197.628
838681 -197.645
838783 -197.661
838885 -197.677
838987 -197.693
839089 -197.709
839191 -197.725
839293 -197.741
839396 -197.757
839498 -197.773
839600 -197.789
839702 -197.805
839804 -197.821
839906 -197.837
840008 -197.853
840110 -197.869
840212 -197.885
840314 -197.901
840416 -197.917
840518 -197.933
840620 -197.949
840722 -197.965
840824 -197.981
840926 -197.997
841028 -198.013
841130 -198.029
841232 -198.045
841334 -198.061
841436 -198.077
841538 -198.093
841640 -198.109
841742 -198.126
841844 -198.142
841946 -198.158
842048 -198.174
842150 -198.19
842252 -198.206
842354 -198.222
842456 -198.238
842558 -198.254
842660 -198.27
842762 -198.286
842865 -198.302
842967 -198.318
843069 -198.334
843171 -198.35
843273 -198.366
843375 -198.382
843477 -198.398
843579 -198.414
843681 -198.43
843783 -198.446
843885 -198.462
843987 -198.478
844089 -198.494
844191 -198.51
844293 -198.526
844395 -198.542
844497 -198.558
844599 -198.574
844701 -198.591
844803 -198.607
844905 -198.623
845007 -198.639
845109 -198.655
845211 -198.671
845313 -198.687
845415 -198.703
845517 -198.719
845619 -198.735
845721 -198.751
845823 -198.767
845925 -198.783
846027 -198.799
846129 -198.815
846231 -198.831
846334 -198.847
846436 -198.863
846538 -198.879
846640 -198.895
846742 -198.911
846844 -198.927
846946 -198.943
847048 -198.959
847150 -198.975
847252 -198.991
847354 -199.007
847456 -199.023
847558 -199.039
847660 -199.055
847762 -199.072
847864 -199.088
847966 -199.104
848068 -199.12
848170 -199.136
848272 -199.152
848374 -199.168
848476 -199.184
848578 -199.2
848680 -199.216
848782 -199.232
848884 -199.248
848986 -199.264
849088 -199.28
849190 -199.296
849292 -199.312
849394 -199.328
849496 -199.344
849598 -199.36
849700 -199.376
849803 -199.392
849905 -199.408
850007 -199.424
850109 -199.44
850211 -199.456
850313 -199.472
850415 -199.488
850517 -199.504
850619 -199.52
850721 -199.536
850823 -199.553
850925 -199.569
851027 -199.585
851129 -199.601
851231 -199.617
851333 -199.633
851435 -199.649
851537 -199.665
851639 -199.681
851741 -199.697
851843 -199.713
851945 -199.729
852047 -199.745
852149 -199.761
852251 -199.777
852353 -199.793
852455 -199.809
852557 -199.825
852659 -199.841
852761 -199.857
852863 -199.873
852965 -199.889
853067 -199.905
853169 -199.921
853272 -199.937
853374 -199.953
853476 -199.969
853578 -199.985
853680 -200.001
853782 -200.018
853884 -200.034
853986 -200.05
854088 -200.066
854190 -200.082
854292 -200.098
854394 -200.114
854496 -200.13
854598 -200.146
854700 -200.162
854802 -200.178
854904 -200.194
855006 -200.21
855108 -200.226
855210 -200.242
855312 -200.258
855414 -200.274
855516 -200.29
855618 -200.306
855720 -200.322
855822 -200.338
855924 -200.354
856026 -200.37
856128 -200.386
856230 -200.402
856332 -200.418
856434 -200.434
856536 -200.45
856638 -200.466
856741 -200.482
856843 -200.499
856945 -200.515
857047 -200.531
857149 -200.547
857251 -200.563
857353 -200.579
857455 -200.595
857557 -200.611
857659 -200.627
857761 -200.643
857863 -200.659
857965 -200.675
858067 -200.691
858169 -200.707
858271 -200.723
858373 -200.739
858475 -200.755
858577 -200.771
858679 -200.787
858781 -200.803
858883 -200.819
858985 -200.835
859087 -200.851
859189 -200.867
859291 -200.883
859393 -200.899
859495 -200.915
859597 -200.931
859699 -200.947
859801 -200.963
859903 -200.98
860005 -200.996
860107 -201.012
860210 -201.028
860312 -201.044
860414 -201.06
860516 -201.076
860618 -201.092
860720 -201.108
860822 -201.124
860924 -201.14
861026 -201.156
861128 -201.172
861230 -201.188
861332 -201.204
861434 -201.22
861536 -201.236
861638 -201.252
861740 -201.268
861842 -201.284
861944 -201.3
862046 -201.316
862148 -201.332
862250 -201.348
862352 -201.364
862454 -201.38
862556 -201.396
862658 -201.412
862760 -201.428
862862 -201.445
862964 -201.461
863066 -201.477
863168 -201.493
863270 -201.509
863372 -201.525
863474 -201.541
863576 -201.557
863679 -201.573
863781 -201.589
863883 -201.605
863985 -201.621
864087 -201.637
864189 -201.653
864291 -201.669
864393 -201.685
864495 -201.701
864597 -201.717
864699 -201.733
864801 -201.749
864903 -201.765
865005 -201.781
865107 -201.797
865209 -201.813
865311 -201.829
865413 -201.845
865515 -201.861
865617 -201.877
865719 -201.893
865821 -201.909
865923 -201.926
866025 -201.942
866127 -201.958
866229 -201.974
866331 -201.99
866433 -202.006
866535 -202.022
866637 -202.038
866739 -202.054
866841 -202.07
866943 -202.086
867045 -202.102
867148 -202.118
867250 -202.134
867352 -202.15
867454 -202.166
867556 -202.182
867658 -202.198
867760 -202.214
867862 -202.23
867964 -202.246
868066 -202.262
868168 -202.278
868270 -202.294
868372 -202.31
868474 -202.326
868576 -202.342
868678 -202.358
868780 -202.374
868882 -202.39
868984 -202.407
869086 -202.423
869188 -202.439
869290 -202.455
869392 -202.471
869494 -202.487
869596 -202.503
869698 -202.519
869800 -202.535
869902 -202.551
870004 -202.567
870106 -202.583
870208 -202.599
870310 -202.615
870412 -202.631
870514 -202.647
870617 -202.663
870719 -202.679
870821 -202.695
870923 -202.711
871025 -202.727
871127 -202.743
871229 -202.759
871331 -202.775
871433 -202.791
871535 -202.807
871637 -202.823
871739 -202.839
871841 -202.855
871943 -202.872
872045 -202.888
872147 -202.904
872249 -202.92
872351 -202.936
872453 -202.952
872555 -202.968
872657 -202.984
872759 -203
872861 -203.016
872963 -203.032
873065 -203.048
873167 -203.064
873269 -203.08
873371 -203.096
873473 -203.112
873575 -203.128
873677 -203.144
873779 -203.16
873881 -203.176
873983 -203.192
874086 -203.208
874188 -203.224
874290 -203.24
874392 -203.256
874494 -203.272
874596 -203.288
874698 -203.304
874800 -203.32
874902 -203.336
875004 -203.353
875106 -203.369
875208 -203.385
875310 -203.401
875412 -203.417
875514 -203.433
875616 -203.449
875718 -203.465
875820 -203.481
875922 -203.497
876024 -203.513
876126 -203.529
876228 -203.545
876330 -203.561
876432 -203.577
876534 -203.593
876636 -203.609
876738 -203.625
876840 -203.641
876942 -203.657
877044 -203.673
877146 -203.689
877248 -203.705
877350 -203.721
877452 -203.737
877555 -203.753
877657 -203.769
877759 -203.785
877861 -203.801
877963 -203.817
878065 -203.834
878167 -203.85
878269 -203.866
878371 -203.882
878473 -203.898
878575 -203.914
878677 -203.93
878779 -203.946
878881 -203.962
878983 -203.978
879085 -203.994
879187 -204.01
879289 -204.026
879391 -204.042
879493 -204.058
879595 -204.074
879697 -204.09
879799 -204.106
879901 -204.122
880003 -204.138
880105 -204.154
880207 -204.17
880309 -204.186
880411 -204.202
880513 -204.218
880615 -204.234
880717 -204.25
880819 -204.266
880921 -204.282
881024 -204.299
881126 -204.315
881228 -204.331
881330 -204.347
881432 -204.363
881534 -204.379
881636 -204.395
881738 -204.411
881840 -204.427
881942 -204.443
882044 -204.459
882146 -204.475
882248 -204.491
882350 -204.507
882452 -204.523
882554 -204.539
882656 -204.555
882758 -204.571
882860 -204.587
882962 -204.603
883064 -204.619
883166 -204.635
883268 -204.651
883370 -204.667
883472 -204.683
883574 -204.699
883676 -204.715
883778 -204.731
883880 -204.747
883982 -204.763
884084 -204.78
884186 -204.796
884288 -204.812
884390 -204.828
884493 -204.844
884595 -204.86
884697 -204.876
884799 -204.892
884901 -204.908
885003 -204.924
885105 -204.94
885207 -204.956
885309 -204.972
885411 -204.988
885513 -205.004
885615 -205.02
885717 -205.036
885819 -205.052
885921 -205.068
886023 -205.084
886125 -205.1
886227 -205.116
886329 -205.132
886431 -205.148
886533 -205.164
886635 -205.18
886737 -205.196
886839 -205.212
886941 -205.228
887043 -205.244
887145 -205.261
887247 -205.277
887349 -205.293
887451 -205.309
887553 -205.325
887655 -205.341
887757 -205.357
887859 -205.373
887962 -205.389
888064 -205.405
888166 -205.421
888268 -205.437
888370 -205.453
888472 -205.469
888574 -205.485
888676 -205.501
888778 -205.517
888880 -205.533
888982 -205.549
889084 -205.565
889186 -205.581
889288 -205.597
889390 -205.613
889492 -205.629
889594 -205.645
889696 -205.661
889798 -205.677
889900 -205.693
890002 -205.709
890104 -205.726
890206 -205.742
890308 -205.758
890410 -205.774
890512 -205.79
890614 -205.806
890716 -205.822
890818 -205.838
890920 -205.854
891022 -205.87
891124 -205.886
891226 -205.902
891328 -205.918
891431 -205.934
891533 -205.95
891635 -205.966
891737 -205.982
891839 -205.998
891941 -206.014
892043 -206.03
892145 -206.046
892247 -206.062
892349 -206.078
892451 -206.094
892553 -206.11
892655 -206.126
892757 -206.142
892859 -206.158
892961 -206.174
893063 -206.19
893165 -206.207
893267 -206.223
893369 -206.239
893471 -206.255
893573 -206.271
893675 -206.287
893777 -206.303
893879 -206.319
893981 -206.335
894083 -206.351
894185 -206.367
894287 -206.383
894389 -206.399
894491 -206.415
894593 -206.431
894695 -206.447
894797 -206.463
894899 -206.479
895002 -206.495
895104 -206.511
895206 -206.527
895308 -206.543
895410 -206.559
895512 -206.575
895614 -206.591
895716 -206.607
895818 -206.623
895920 -206.639
896022 -206.655
896124 -206.671
896226 -206.688
896328 -206.704
896430 -206.72
896532 -206.736
896634 -206.752
896736 -206.768
896838 -206.784
896940 -206.8
897042 -206.816
897144 -206.832
897246 -206.848
897348 -206.864
897450 -206.88
897552 -206.896
897654 -206.912
897756 -206.928
897858 -206.944
897960 -206.96
898062 -206.976
898164 -206.992
898266 -207.008
898368 -207.024
898471 -207.04
898573 -207.056
898675 -207.072
898777 -207.088
898879 -207.104
898981 -207.12
899083 -207.136
899185 -207.153
899287 -207.169
899389 -207.185
899491 -207.201
899593 -207.217
899695 -207.233
899797 -207.249
899899 -207.265
900001 -207.281
900103 -207.297
900205 -207.313
900307 -207.329
900409 -207.345
900511 -207.361
900613 -207.377
900715 -207.393
900817 -207.409
900919 -207.425
901021 -207.441
901123 -207.457
901225 -207.473
901327 -207.489
901429 -207.505
901531 -207.521
901633 -207.537
901735 -207.553
901837 -207.569
901940 -207.585
902042 -207.601
902144 -207.617
902246 -207.634
902348 -207.65
902450 -207.666
902552 -207.682
902654 -207.698
902756 -207.714
902858 -207.73
902960 -207.746
903062 -207.762
903164 -207.778
903266 -207.794
903368 -207.81
903470 -207.826
903572 -207.842
903674 -207.858
903776 -207.874
903878 -207.89
903980 -207.906
904082 -207.922
904184 -207.938
904286 -207.954
904388 -207.97
904490 -207.986
904592 -208.002
904694 -208.018
904796 -208.034
904898 -208.05
905000 -208.066
905102 -208.082
905204 -208.098
905306 -208.115
905409 -208.131
905511 -208.147
905613 -208.163
905715 -208.179
905817 -208.195
905919 -208.211
906021 -208.227
906123 -208.243
906225 -208.259
906327 -208.275
906429 -208.291
906531 -208.307
906633 -208.323
906735 -208.339
906837 -208.355
906939 -208.371
907041 -208.387
907143 -208.403
907245 -208.419
907347 -208.435
907449 -208.451
907551 -208.467
907653 -208.483
907755 -208.499
907857 -208.515
907959 -208.531
908061 -208.547
908163 -208.563
908265 -208.58
908367 -208.596
908469 -208.612
908571 -208.628
908673 -208.644
908775 -208.66
908878 -208.676
908980 -208.692
909082 -208.708
909184 -208.724
909286 -208.74
909388 -208.756
909490 -208.772
909592 -208.788
909694 -208.804
909796 -208.82
909898 -208.836
910000 -208.852
910102 -208.868
910204 -208.884
910306 -208.9
910408 -208.916
910510 -208.932
910612 -208.948
910714 -208.964
910816 -208.98
910918 -208.996
911020 -209.012
911122 -209.028
911224 -209.044
911326 -209.061
911428 -209.077
911530 -209.093
911632 -209.109
911734 -209.125
911836 -209.141
911938 -209.157
912040 -209.173
912142 -209.189
912244 -209.205
912347 -209.221
912449 -209.237
912551 -209.253
912653 -209.269
912755 -209.285
912857 -209.301
912959 -209.317
913061 -209.333
913163 -209.349
913265 -209.365
913367 -209.381
913469 -209.397
913571 -209.413
913673 -209.429
913775 -209.445
913877 -209.461
913979 -209.477
914081 -209.493
914183 -209.509
914285 -209.525
914387 -209.542
914489 -209.558
914591 -209.574
914693 -209.59
914795 -209.606
914897 -209.622
914999 -209.638
915101 -209.654
915203 -209.67
915305 -209.686
915407 -209.702
915509 -209.718
915611 -209.734
915713 -209.75
915816 -209.766
915918 -209.782
916020 -209.798
916122 -209.814
916224 -209.83
916326 -209.846
916428 -209.862
916530 -209.878
916632 -209.894
916734 -209.91
916836 -209.926
916938 -209.942
917040 -209.958
917142 -209.974
917244 -209.99
917346 -210.007
917448 -210.023
917550 -210.039
917652 -210.055
917754 -210.071
917856 -210.087
917958 -210.103
918060 -210.119
918162 -210.135
918264 -210.151
918366 -210.167
918468 -210.183
918570 -210.199
918672 -210.215
918774 -210.231
918876 -210.247
918978 -210.263
919080 -210.279
919182 -210.295
919285 -210.311
919387 -210.327
919489 -210.343
919591 -210.359
919693 -210.375
919795 -210.391
919897 -210.407
919999 -210.423
920101 -210.439
920203 -210.455
920305 -210.471
920407 -210.488
920509 -210.504
920611 -210.52
920713 -210.536
920815 -210.552
920917 -210.568
921019 -210.584
921121 -210.6
921223 -210.616
921325 -210.632
921427 -210.648
921529 -210.664
921631 -210.68
921733 -210.696
921835 -210.712
921937 -210.728
922039 -210.744
922141 -210.76
922243 -210.776
922345 -210.792
922447 -210.808
922549 -210.824
922651 -210.84
922754 -210.856
922856 -210.872
922958 -210.888
923060 -210.904
923162 -210.92
923264 -210.936
923366 -210.952
923468 -210.969
923570 -210.985
923672 -211.001
923774 -211.017
923876 -211.033
923978 -211.049
924080 -211.065
924182 -211.081
924284 -211.097
924386 -211.113
924488 -211.129
924590 -211.145
924692 -211.161
924794 -211.177
924896 -211.193
924998 -211.209
925100 -211.225
925202 -211.241
925304 -211.257
925406 -211.273
925508 -211.289
925610 -211.305
925712 -211.321
925814 -211.337
925916 -211.353
926018 -211.369
926120 -211.385
926223 -211.401
926325 -211.417
926427 -211.434
926529 -211.45
926631 -211.466
926733 -211.482
926835 -211.498
926937 -211.514
927039 -211.53
927141 -211.546
927243 -211.562
927345 -211.578
927447 -211.594
927549 -211.61
927651 -211.626
927753 -211.642
927855 -211.658
927957 -211.674
928059 -211.69
928161 -211.706
928263 -211.722
928365 -211.738
928467 -211.754
928569 -211.77
928671 -211.786
928773 -211.802
928875 -211.818
928977 -211.834
929079 -211.85
929181 -211.866
929283 -211.882
929385 -211.898
929487 -211.915
929589 -211.931
929692 -211.947
929794 -211.963
929896 -211.979
929998 -211.995
930100 -212.011
930202 -212.027
930304 -212.043
930406 -212.059
930508 -212.075
930610 -212.091
930712 -212.107
930814 -212.123
930916 -212.139
931018 -212.155
931120 -212.171
931222 -212.187
931324 -212.203
931426 -212.219
931528 -212.235
931630 -212.251
931732 -212.267
931834 -212.283
931936 -212.299
932038 -212.315
932140 -212.331
932242 -212.347
932344 -212.363
932446 -212.379
932548 -212.396
932650 -212.412
932752 -212.428
932854 -212.444
932956 -212.46
933058 -212.476
933161 -212.492
933263 -212.508
933365 -212.524
933467 -212.54
933569 -212.556
933671 -212.572
933773 -212.588
933875 -212.604
933977 -212.62
934079 -212.636
934181 -212.652
934283 -212.668
934385 -212.684
934487 -212.7
934589 -212.716
934691 -212.732
934793 -212.748
934895 -212.764
934997 -212.78
935099 -212.796
935201 -212.812
935303 -212.828
935405 -212.844
935507 -212.861
935609 -212.877
935711 -212.893
935813 -212.909
935915 -212.925
936017 -212.941
936119 -212.957
936221 -212.973
936323 -212.989
936425 -213.005
936527 -213.021
936630 -213.037
936732 -213.053
936834 -213.069
936936 -213.085
937038 -213.101
937140 -213.117
937242 -213.133
937344 -213.149
937446 -213.165
937548 -213.181
937650 -213.197
937752 -213.213
937854 -213.229
937956 -213.245
938058 -213.261
938160 -213.277
938262 -213.293
938364 -213.309
938466 -213.325
938568 -213.342
938670 -213.358
938772 -213.374
938874 -213.39
938976 -213.406
939078 -213.422
939180 -213.438
939282 -213.454
939384 -213.47
939486 -213.486
939588 -213.502
939690 -213.518
939792 -213.534
939894 -213.55
939996 -213.566
940099 -213.582
940201 -213.598
940303 -213.614
940405 -213.63
940507 -213.646
940609 -213.662
940711 -213.678
940813 -213.694
940915 -213.71
941017 -213.726
941119 -213.742
941221 -213.758
941323 -213.774
941425 -213.79
941527 -213.806
941629 -213.823
941731 -213.839
941833 -213.855
941935 -213.871
942037 -213.887
942139 -213.903
942241 -213.919
942343 -213.935
942445 -213.951
942547 -213.967
942649 -213.983
942751 -213.999
942853 -214.015
942955 -214.031
943057 -214.047
943159 -214.063
943261 -214.079
943363 -214.095
943465 -214.111
943568 -214.127
943670 -214.143
943772 -214.159
943874 -214.175
943976 -214.191
944078 -214.207
944180 -214.223
944282 -214.239
944384 -214.255
944486 -214.271
944588 -214.288
944690 -214.304
944792 -214.32
944894 -214.336
944996 -214.352
945098 -214.368
945200 -214.384
945302 -214.4
945404 -214.416
945506 -214.432
945608 -214.448
945710 -214.464
945812 -214.48
945914 -214.496
946016 -214.512
946118 -214.528
946220 -214.544
946322 -214.56
946424 -214.576
946526 -214.592
946628 -214.608
946730 -214.624
946832 -214.64
946934 -214.656
947037 -214.672
947139 -214.688
947241 -214.704
947343 -214.72
947445 -214.736
947547 -214.752
947649 -214.769
947751 -214.785
947853 -214.801
947955 -214.817
948057 -214.833
948159 -214.849
948261 -214.865
948363 -214.881
948465 -214.897
948567 -214.913
948669 -214.929
948771 -214.945
948873 -214.961
948975 -214.977
949077 -214.993
949179 -215.009
949281 -215.025
949383 -215.041
949485 -215.057
949587 -215.073
949689 -215.089
949791 -215.105
949893 -215.121
949995 -215.137
950097 -215.153
950199 -215.169
950301 -215.185
950403 -215.201
950505 -215.217
950608 -215.233
950710 -215.25
950812 -215.266
950914 -215.282
951016 -215.298
951118 -215.314
951220 -215.33
951322 -215.346
951424 -215.362
951526 -215.378
951628 -215.394
951730 -215.41
951832 -215.426
951934 -215.442
952036 -215.458
952138 -215.474
952240 -215.49
952342 -215.506
952444 -215.522
952546 -215.538
952648 -215.554
952750 -215.57
952852 -215.586
952954 -215.602
953056 -215.618
953158 -215.634
953260 -215.65
953362 -215.666
953464 -215.682
953566 -215.698
953668 -215.715
953770 -215.731
953872 -215.747
953974 -215.763
954077 -215.779
954179 -215.795
954281 -215.811
954383 -215.827
954485 -215.843
954587 -215.859
954689 -215.875
954791 -215.891
954893 -215.907
954995 -215.923
955097 -215.939
955199 -215.955
955301 -215.971
955403 -215.987
955505 -216.003
955607 -216.019
955709 -216.035
955811 -216.051
955913 -216.067
956015 -216.083
956117 -216.099
956219 -216.115
956321 -216.131
956423 -216.147
956525 -216.163
956627 -216.179
956729 -216.196
956831 -216.212
956933 -216.228
957035 -216.244
957137 -216.26
957239 -216.276
957341 -216.292
957443 -216.308
957546 -216.324
957648 -216.34
957750 -216.356
957852 -216.372
957954 -216.388
958056 -216.404
958158 -216.42
958260 -216.436
958362 -216.452
958464 -216.468
958566 -216.484
958668 -216.5
958770 -216.516
958872 -216.532
958974 -216.548
959076 -216.564
959178 -216.58
959280 -216.596
959382 -216.612
959484 -216.628
959586 -216.644
959688 -216.66
959790 -216.677
959892 -216.693
959994 -216.709
960096 -216.725
960198 -216.741
960300 -216.757
960402 -216.773
960504 -216.789
960606 -216.805
960708 -216.821
960810 -216.837
960912 -216.853
961015 -216.869
961117 -216.885
961219 -216.901
961321 -216.917
961423 -216.933
961525 -216.949
961627 -216.965
961729 -216.981
961831 -216.997
961933 -217.013
962035 -217.029
962137 -217.045
962239 -217.061
962341 -217.077
962443 -217.093
962545 -217.109
962647 -217.125
962749 -217.142
962851 -217.158
962953 -217.174
963055 -217.19
963157 -217.206
963259 -217.222
963361 -217.238
963463 -217.254
963565 -217.27
963667 -217.286
963769 -217.302
963871 -217.318
963973 -217.334
964075 -217.35
964177 -217.366
964279 -217.382
964381 -217.398
964484 -217.414
964586 -217.43
964688 -217.446
964790 -217.462
964892 -217.478
964994 -217.494
965096 -217.51
965198 -217.526
965300 -217.542
965402 -217.558
965504 -217.574
965606 -217.59
965708 -217.606
965810 -217.623
965912 -217.639
966014 -217.655
966116 -217.671
966218 -217.687
966320 -217.703
966422 -217.719
966524 -217.735
966626 -217.751
966728 -217.767
966830 -217.783
966932 -217.799
967034 -217.815
967136 -217.831
967238 -217.847
967340 -217.863
967442 -217.879
967544 -217.895
967646 -217.911
967748 -217.927
967850 -217.943
967953 -217.959
968055 -217.975
968157 -217.991
968259 -218.007
968361 -218.023
968463 -218.039
968565 -218.055
968667 -218.071
968769 -218.087
968871 -218.104
968973 -218.12
969075 -218.136
969177 -218.152
969279 -218.168
969381 -218.184
969483 -218.2
969585 -218.216
969687 -218.232
969789 -218.248
969891 -218.264
969993 -218.28
970095 -218.296
970197 -218.312
970299 -218.328
970401 -218.344
970503 -218.36
970605 -218.376
970707 -218.392
970809 -218.408
970911 -218.424
971013 -218.44
971115 -218.456
971217 -218.472
971319 -218.488
971422 -218.504
971524 -218.52
971626 -218.536
971728 -218.552
971830 -218.569
971932 -218.585
972034 -218.601
972136 -218.617
972238 -218.633
972340 -218.649
972442 -218.665
972544 -218.681
972646 -218.697
972748 -218.713
972850 -218.729
972952 -218.745
973054 -218.761
973156 -218.777
973258 -218.793
973360 -218.809
973462 -218.825
973564 -218.841
973666 -218.857
973768 -218.873
973870 -218.889
973972 -218.905
974074 -218.921
974176 -218.937
974278 -218.953
974380 -218.969
974482 -218.985
974584 -219.001
974686 -219.017
974788 -219.033
974891 -219.05
974993 -219.066
975095 -219.082
975197 -219.098
975299 -219.114
975401 -219.13
975503 -219.146
975605 -219.162
975707 -219.178
975809 -219.194
975911 -219.21
976013 -219.226
976115 -219.242
976217 -219.258
976319 -219.274
976421 -219.29
976523 -219.306
976625 -219.322
976727 -219.338
976829 -219.354
976931 -219.37
977033 -219.386
977135 -219.402
977237 -219.418
977339 -219.434
977441 -219.45
977543 -219.466
977645 -219.482
977747 -219.498
977849 -219.514
977951 -219.531
978053 -219.547
978155 -219.563
978257 -219.579
978360 -219.595
978462 -219.611
978564 -219.627
978666 -219.643
978768 -219.659
978870 -219.675
978972 -219.691
979074 -219.707
979176 -219.723
979278 -219.739
979380 -219.755
979482 -219.771
979584 -219.787
979686 -219.803
979788 -219.819
979890 -219.835
979992 -219.851
980094 -219.867
980196 -219.883
980298 -219.899
980400 -219.915
980502 -219.931
980604 -219.947
980706 -219.963
980808 -219.979
980910 -219.996
981012 -220.012
981114 -220.028
981216 -220.044
981318 -220.06
981420 -220.076
981522 -220.092
981624 -220.108
981726 -220.124
981829 -220.14
981931 -220.156
982033 -220.172
982135 -220.188
982237 -220.204
982339 -220.22
982441 -220.236
982543 -220.252
982645 -220.268
982747 -220.284
982849 -220.3
982951 -220.316
983053 -220.332
983155 -220.348
983257 -220.364
983359 -220.38
983461 -220.396
983563 -220.412
983665 -220.428
983767 -220.444
983869 -220.46
983971 -220.477
984073 -220.493
984175 -220.509
984277 -220.525
984379 -220.541
984481 -220.557
984583 -220.573
984685 -220.589
984787 -220.605
984889 -220.621
984991 -220.637
985093 -220.653
985195 -220.669
985298 -220.685
985400 -220.701
985502 -220.717
985604 -220.733
985706 -220.749
985808 -220.765
985910 -220.781
986012 -220.797
986114 -220.813
986216 -220.829
986318 -220.845
986420 -220.861
986522 -220.877
986624 -220.893
986726 -220.909
986828 -220.925
986930 -220.941
987032 -220.958
987134 -220.974
987236 -220.99
987338 -221.006
987440 -221.022
987542 -221.038
987644 -221.054
987746 -221.07
987848 -221.086
987950 -221.102
988052 -221.118
988154 -221.134
988256 -221.15
988358 -221.166
988460 -221.182
988562 -221.198
988664 -221.214
988767 -221.23
988869 -221.246
988971 -221.262
989073 -221.278
989175 -221.294
989277 -221.31
989379 -221.326
989481 -221.342
989583 -221.358
989685 -221.374
989787 -221.39
989889 -221.406
989991 -221.423
990093 -221.439
990195 -221.455
990297 -221.471
990399 -221.487
990501 -221.503
990603 -221.519
990705 -221.535
990807 -221.551
990909 -221.567
991011 -221.583
991113 -221.599
991215 -221.615
991317 -221.631
991419 -221.647
991521 -221.663
991623 -221.679
991725 -221.695
991827 -221.711
991929 -221.727
992031 -221.743
992133 -221.759
992236 -221.775
992338 -221.791
992440 -221.807
992542 -221.823
992644 -221.839
992746 -221.855
992848 -221.871
992950 -221.887
993052 -221.904
993154 -221.92
993256 -221.936
993358 -221.952
993460 -221.968
993562 -221.984
993664 -222
993766 -222.016
993868 -222.032
993970 -222.048
994072 -222.064
994174 -222.08
994276 -222.096
994378 -222.112
994480 -222.128
994582 -222.144
994684 -222.16
994786 -222.176
994888 -222.192
994990 -222.208
995092 -222.224
995194 -222.24
995296 -222.256
995398 -222.272
995500 -222.288
995602 -222.304
995705 -222.32
995807 -222.336
995909 -222.352
996011 -222.368
996113 -222.385
996215 -222.401
996317 -222.417
996419 -222.433
996521 -222.449
996623 -222.465
996725 -222.481
996827 -222.497
996929 -222.513
997031 -222.529
997133 -222.545
997235 -222.561
997337 -222.577
997439 -222.593
997541 -222.609
997643 -222.625
997745 -222.641
997847 -222.657
997949 -222.673
998051 -222.689
998153 -222.705
998255 -222.721
998357 -222.737
998459 -222.753
998561 -222.769
998663 -222.785
998765 -222.801
998867 -222.817
998969 -222.833
999071 -222.85
999174 -222.866
999276 -222.882
999378 -222.898
999480 -222.914
999582 -222.93
999684 -222.946
999786 -222.962
999888 -222.978
999990 -222.994
1.00009e+06 -223.01
1.00019e+06 -223.026
1.0003e+06 -223.042
1.0004e+06 -223.058
1.0005e+06 -223.074
1.0006e+06 -223.09
1.0007e+06 -223.106
1.00081e+06 -223.122
1.00091e+06 -223.138
1.00101e+06 -223.154
1.00111e+06 -223.17
1.00121e+06 -223.186
1.00132e+06 -223.202
1.00142e+06 -223.218
1.00152e+06 -223.234
1.00162e+06 -223.25
1.00172e+06 -223.266
1.00183e+06 -223.282
1.00193e+06 -223.298
1.00203e+06 -223.314
1.00213e+06 -223.331
1.00223e+06 -223.347
1.00234e+06 -223.363
1.00244e+06 -223.379
1.00254e+06 -223.395
1.00264e+06 -223.411
1.00274e+06 -223.427
1.00285e+06 -223.443
1.00295e+06 -223.459
1.00305e+06 -223.475
1.00315e+06 -223.491
1.00325e+06 -223.507
1.00336e+06 -223.523
1.00346e+06 -223.539
1.00356e+06 -223.555
1.00366e+06 -223.571
1.00376e+06 -223.587
1.00387e+06 -223.603
1.00397e+06 -223.619
1.00407e+06 -223.635
1.00417e+06 -223.651
1.00427e+06 -223.667
1.00438e+06 -223.683
1.00448e+06 -223.699
1.00458e+06 -223.715
1.00468e+06 -223.731
1.00479e+06 -223.747
1.00489e+06 -223.763
1.00499e+06 -223.779
1.00509e+06 -223.795
1.00519e+06 -223.812
1.0053e+06 -223.828
1.0054e+06 -223.844
1.0055e+06 -223.86
1.0056e+06 -223.876
1.0057e+06 -223.892
1.00581e+06 -223.908
1.00591e+06 -223.924
1.00601e+06 -223.94
1.00611e+06 -223.956
1.00621e+06 -223.972
1.00632e+06 -223.988
1.00642e+06 -224.004
1.00652e+06 -224.02
1.00662e+06 -224.036
1.00672e+06 -224.052
1.00683e+06 -224.068
1.00693e+06 -224.084
1.00703e+06 -224.1
1.00713e+06 -224.116
1.00723e+06 -224.132
1.00734e+06 -224.148
1.00744e+06 -224.164
1.00754e+06 -224.18
1.00764e+06 -224.196
1.00774e+06 -224.212
1.00785e+06 -224.228
1.00795e+06 -224.244
1.00805e+06 -224.26
1.00815e+06 -224.277
1.00825e+06 -224.293
1.00836e+06 -224.309
1.00846e+06 -224.325
1.00856e+06 -224.341
1.00866e+06 -224.357
1.00876e+06 -224.373
1.00887e+06 -224.389
1.00897e+06 -224.405
1.00907e+06 -224.421
1.00917e+06 -224.437
1.00927e+06 -224.453
1.00938e+06 -224.469
1.00948e+06 -224.485
1.00958e+06 -224.501
1.00968e+06 -224.517
1.00978e+06 -224.533
1.00989e+06 -224.549
1.00999e+06 -224.565
1.01009e+06 -224.581
1.01019e+06 -224.597
1.01029e+06 -224.613
1.0104e+06 -224.629
1.0105e+06 -224.645
1.0106e+06 -224.661
1.0107e+06 -224.677
1.0108e+06 -224.693
1.01091e+06 -224.709
1.01101e+06 -224.725
1.01111e+06 -224.741
1.01121e+06 -224.758
1.01131e+06 -224.774
1.01142e+06 -224.79
1.01152e+06 -224.806
1.01162e+06 -224.822
1.01172e+06 -224.838
1.01183e+06 -224.854
1.01193e+06 -224.87
1.01203e+06 -224.886
1.01213e+06 -224.902
1.01223e+06 -224.918
1.01234e+06 -224.934
1.01244e+06 -224.95
1.01254e+06 -224.966
1.01264e+06 -224.982
1.01274e+06 -224.998
1.01285e+06 -225.014
1.01295e+06 -225.03
1.01305e+06 -225.046
1.01315e+06 -225.062
1.01325e+06 -225.078
1.01336e+06 -225.094
1.01346e+06 -225.11
1.01356e+06 -225.126
1.01366e+06 -225.142
1.01376e+06 -225.158
1.01387e+06 -225.174
1.01397e+06 -225.19
1.01407e+06 -225.206
1.01417e+06 -225.222
1.01427e+06 -225.239
1.01438e+06 -225.255
1.01448e+06 -225.271
1.01458e+06 -225.287
1.01468e+06 -225.303
1.01478e+06 -225.319
1.01489e+06 -225.335
1.01499e+06 -225.351
1.01509e+06 -225.367
1.01519e+06 -225.383
1.01529e+06 -225.399
1.0154e+06 -225.415
1.0155e+06 -225.431
1.0156e+06 -225.447
1.0157e+06 -225.463
1.0158e+06 -225.479
1.01591e+06 -225.495
1.01601e+06 -225.511
1.01611e+06 -225.527
1.01621e+06 -225.543
1.01631e+06 -225.559
1.01642e+06 -225.575
1.01652e+06 -225.591
1.01662e+06 -225.607
1.01672e+06 -225.623
1.01682e+06 -225.639
1.01693e+06 -225.655
1.01703e+06 -225.671
1.01713e+06 -225.687
1.01723e+06 -225.704
1.01733e+06 -225.72
1.01744e+06 -225.736
1.01754e+06 -225.752
1.01764e+06 -225.768
1.01774e+06 -225.784
1.01784e+06 -225.8
1.01795e+06 -225.816
1.01805e+06 -225.832
1.01815e+06 -225.848
1.01825e+06 -225.864
1.01836e+06 -225.88
1.01846e+06 -225.896
1.01856e+06 -225.912
1.01866e+06 -225.928
1.01876e+06 -225.944
1.01887e+06 -225.96
1.01897e+06 -225.976
1.01907e+06 -225.992
1.01917e+06 -226.008
1.01927e+06 -226.024
1.01938e+06 -226.04
1.01948e+06 -226.056
1.01958e+06 -226.072
1.01968e+06 -226.088
1.01978e+06 -226.104
1.01989e+06 -226.12
1.01999e+06 -226.136
1.02009e+06 -226.152
1.02019e+06 -226.168
