0 0.05005 0.0001
102.029 5.14642 0.0001
204.059 10.2428 0.0001
306.088 15.3391 0.0001
408.117 20.4355 0.0001
510.147 25.5319 0.0001
612.176 30.6282 0.0001
714.206 35.7246 0.0001
816.235 40.821 0.0001
918.264 45.9173 0.0001
1020.29 51.0137 0.0001
1122.32 56.1101 0.0001
1224.35 61.2064 0.0001
1326.38 66.3028 0.0001
1428.41 71.3992 0.0001
1530.44 76.4955 0.0001
1632.47 81.5919 0.0001
1734.5 86.6883 0.0001
1836.53 91.7846 0.0001
1938.56 96.881 0.0001
2040.59 101.977 0.0001
2142.62 107.074 0.0001
2244.65 112.17 0.0001
2346.68 117.266 0.0001
2448.7 122.363 0.0001
2550.73 127.459 0.0001
2652.76 132.556 0.0001
2754.79 137.652 0.0001
2856.82 142.748 0.0001
2958.85 147.845 0.0001
3060.88 152.941 0.0001
3162.91 158.037 0.0001
3264.94 163.134 0.0001
3366.97 168.23 0.0001
3469 173.327 0.0001
3571.03 178.423 0.0001
3673.06 183.519 0.0001
3775.09 188.616 0.0001
3877.12 193.712 0.0001
3979.14 198.808 0.0001
4081.17 203.905 0.0001
4183.2 209.001 0.0001
4285.23 214.097 0.0001
4387.26 219.194 0.0001
4489.29 224.29 0.0001
4591.32 229.387 0.0001
4693.35 234.483 0.0001
4795.38 239.579 0.0001
4897.41 244.676 0.0001
4999.44 249.772 0.0001
5101.47 254.868 0.0001
5203.5 259.965 0.0001
5305.53 265.061 0.0001
5407.56 270.157 0.0001
5509.59 275.254 0.0001
5611.61 280.35 0.0001
5713.64 285.447 0.0001
5815.67 290.543 0.0001
5917.7 295.639 0.0001
6019.73 300.736 0.0001
6121.76 305.832 0.0001
6223.79 310.928 0.0001
6325.82 316.025 0.0001
6427.85 321.121 0.0001
6529.88 326.218 0.0001
6631.91 331.314 0.0001
6733.94 336.41 0.0001
6835.97 341.507 0.0001
6938 346.603 0.0001
7040.03 351.699 0.0001
7142.06 356.796 0.0001
7244.08 361.892 0.0001
7346.11 366.988 0.0001
7448.14 372.085 0.0001
7550.17 377.181 0.0001
7652.2 382.278 0.0001
7754.23 387.374 0.0001
7856.26 392.47 0.0001
7958.29 397.567 0.0001
8060.32 402.663 0.0001
8162.35 407.759 0.0001
8264.38 412.856 0.0001
8366.41 417.952 0.0001
8468.44 423.048 0.0001
8570.47 428.145 0.0001
8672.5 433.241 0.0001
8774.52 438.338 0.0001
8876.55 443.434 0.0001
8978.58 448.53 0.0001
9080.61 453.627 0.0001
9182.64 458.723 0.0001
9284.67 463.819 0.0001
9386.7 468.916 0.0001
9488.73 474.012 0.0001
9590.76 479.108 0.0001
9692.79 484.205 0.0001
9794.82 489.301 0.0001
9896.85 494.398 0.0001
9998.88 499.494 0.0001
10100.9 504.59 0.0001
10202.9 509.687 0.0001
10305 514.783 0.0001
10407 519.879 0.0001
10509 524.976 0.0001
10611.1 530.072 0.0001
10713.1 535.169 0.0001
10815.1 540.265 0.0001
10917.1 545.361 0.0001
11019.2 550.458 0.0001
11121.2 555.554 0.0001
11223.2 560.65 0.0001
11325.3 565.747 0.0001
11427.3 570.843 0.0001
11529.3 575.939 0.0001
11631.3 581.036 0.0001
11733.4 586.132 0.0001
11835.4 591.229 0.0001
11937.4 596.325 0.0001
12039.5 601.421 0.0001
12141.5 606.518 0.0001
12243.5 611.614 0.0001
12345.6 616.71 0.0001
12447.6 621.807 0.0001
12549.6 626.903 0.0001
12651.6 631.999 0.0001
12753.7 637.096 0.0001
12855.7 642.192 0.0001
12957.7 647.289 0.0001
13059.8 652.385 0.0001
13161.8 657.481 0.0001
13263.8 662.578 0.0001
13365.8 667.674 0.0001
13467.9 672.77 0.0001
13569.9 677.867 0.0001
13671.9 682.963 0.0001
13774 688.06 0.0001
13876 693.156 0.0001
13978 698.252 0.0001
14080.1 703.349 0.0001
14182.1 708.445 0.0001
14284.1 713.541 0.0001
14386.1 718.638 0.0001
14488.2 723.734 0.0001
14590.2 728.83 0.0001
14692.2 733.927 0.0001
14794.3 739.023 0.0001
14896.3 744.12 0.0001
14998.3 749.216 0.0001
15100.3 754.312 0.0001
15202.4 759.409 0.0001
15304.4 764.505 0.0001
15406.4 769.601 0.0001
15508.5 774.698 0.0001
15610.5 779.794 0.0001
15712.5 784.89 0.0001
15814.6 789.987 0.0001
15916.6 795.083 0.0001
16018.6 800.18 0.0001
16120.6 805.276 0.0001
16222.7 810.372 0.0001
16324.7 815.469 0.0001
16426.7 820.565 0.0001
16528.8 825.661 0.0001
16630.8 830.758 0.0001
16732.8 835.854 0.0001
16834.8 840.951 0.0001
16936.9 846.047 0.0001
17038.9 851.143 0.0001
17140.9 856.24 0.0001
17243 861.336 0.0001
17345 866.432 0.0001
17447 871.529 0.0001
17549 876.625 0.0001
17651.1 881.721 0.0001
17753.1 886.818 0.0001
17855.1 891.914 0.0001
17957.2 897.011 0.0001
18059.2 902.107 0.0001
18161.2 907.203 0.0001
18263.3 912.3 0.0001
18365.3 917.396 0.0001
18467.3 922.492 0.0001
18569.3 927.589 0.0001
18671.4 932.685 0.0001
18773.4 937.781 0.0001
18875.4 942.878 0.0001
18977.5 947.974 0.0001
19079.5 953.071 0.0001
19181.5 958.167 0.0001
19283.5 963.263 0.0001
19385.6 968.36 0.0001
19487.6 973.456 0.0001
19589.6 978.552 0.0001
19691.7 983.649 0.0001
19793.7 988.745 0.0001
19895.7 993.842 0.0001
19997.8 998.938 0.0001
20099.8 1004.03 0.0001
20201.8 1009.13 0.0001
20303.8 1014.23 0.0001
20405.9 1019.32 0.0001
20507.9 1024.42 0.0001
20609.9 1029.52 0.0001
20712 1034.61 0.0001
20814 1039.71 0.0001
20916 1044.81 0.0001
21018 1049.9 0.0001
21120.1 1055 0.0001
21222.1 1060.09 0.0001
21324.1 1065.19 0.0001
21426.2 1070.29 0.0001
21528.2 1075.38 0.0001
21630.2 1080.48 0.0001
21732.3 1085.58 0.0001
21834.3 1090.67 0.0001
21936.3 1095.77 0.0001
22038.3 1100.87 0.0001
22140.4 1105.96 0.0001
22242.4 1111.06 0.0001
22344.4 1116.15 0.0001
22446.5 1121.25 0.0001
22548.5 1126.35 0.0001
22650.5 1131.44 0.0001
22752.5 1136.54 0.0001
22854.6 1141.64 0.0001
22956.6 1146.73 0.0001
23058.6 1151.83 0.0001
23160.7 1156.93 0.0001
23262.7 1162.02 0.0001
23364.7 1167.12 0.0001
23466.8 1172.21 0.0001
23568.8 1177.31 0.0001
23670.8 1182.41 0.0001
23772.8 1187.5 0.0001
23874.9 1192.6 0.0001
23976.9 1197.7 0.0001
24078.9 1202.79 0.0001
24181 1207.89 0.0001
24283 1212.99 0.0001
24385 1218.08 0.0001
24487 1223.18 0.0001
24589.1 1228.27 0.0001
24691.1 1233.37 0.0001
24793.1 1238.47 0.0001
24895.2 1243.56 0.0001
24997.2 1248.66 0.0001
25099.2 1253.76 0.0001
25201.3 1258.85 0.0001
25303.3 1263.95 0.0001
25405.3 1269.05 0.0001
25507.3 1274.14 0.0001
25609.4 1279.24 0.0001
25711.4 1284.33 0.0001
25813.4 1289.43 0.0001
25915.5 1294.53 0.0001
26017.5 1299.62 0.0001
26119.5 1304.72 0.0001
26221.5 1309.82 0.0001
26323.6 1314.91 0.0001
26425.6 1320.01 0.0001
26527.6 1325.11 0.0001
26629.7 1330.2 0.0001
26731.7 1335.3 0.0001
26833.7 1340.39 0.0001
26935.8 1345.49 0.0001
27037.8 1350.59 0.0001
27139.8 1355.68 0.0001
27241.8 1360.78 0.0001
27343.9 1365.88 0.0001
27445.9 1370.97 0.0001
27547.9 1376.07 0.0001
27650 1381.17 0.0001
27752 1386.26 0.0001
27854 1391.36 0.0001
27956 1396.45 0.0001
28058.1 1401.55 0.0001
28160.1 1406.65 0.0001
28262.1 1411.74 0.0001
28364.2 1416.84 0.0001
28466.2 1421.94 0.0001
28568.2 1427.03 0.0001
28670.2 1432.13 0.0001
28772.3 1437.23 0.0001
28874.3 1442.32 0.0001
28976.3 1447.42 0.0001
29078.4 1452.51 0.0001
29180.4 1457.61 0.0001
29282.4 1462.71 0.0001
29384.5 1467.8 0.0001
29486.5 1472.9 0.0001
29588.5 1478 0.0001
29690.5 1483.09 0.0001
29792.6 1488.19 0.0001
29894.6 1493.29 0.0001
29996.6 1498.38 0.0001
30098.7 1503.48 0.0001
30200.7 1508.57 0.0001
30302.7 1513.67 0.0001
30404.7 1518.77 0.0001
30506.8 1523.86 0.0001
30608.8 1528.96 0.0001
30710.8 1534.06 0.0001
30812.9 1539.15 0.0001
30914.9 1544.25 0.0001
31016.9 1549.35 0.0001
31119 1554.44 0.0001
31221 1559.54 0.0001
31323 1564.63 0.0001
31425 1569.73 0.0001
31527.1 1574.83 0.0001
31629.1 1579.92 0.0001
31731.1 1585.02 0.0001
31833.2 1590.12 0.0001
31935.2 1595.21 0.0001
32037.2 1600.31 0.0001
32139.2 1605.41 0.0001
32241.3 1610.5 0.0001
32343.3 1615.6 0.0001
32445.3 1620.69 0.0001
32547.4 1625.79 0.0001
32649.4 1630.89 0.0001
32751.4 1635.98 0.0001
32853.5 1641.08 0.0001
32955.5 1646.18 0.0001
33057.5 1651.27 0.0001
33159.5 1656.37 0.0001
33261.6 1661.47 0.0001
33363.6 1666.56 0.0001
33465.6 1671.66 0.0001
33567.7 1676.75 0.0001
33669.7 1681.85 0.0001
33771.7 1686.95 0.0001
33873.7 1692.04 0.0001
33975.8 1697.14 0.0001
34077.8 1702.24 0.0001
34179.8 1707.33 0.0001
34281.9 1712.43 0.0001
34383.9 1717.53 0.0001
34485.9 1722.62 0.0001
34588 1727.72 0.0001
34690 1732.81 0.0001
34792 1737.91 0.0001
34894 1743.01 0.0001
34996.1 1748.1 0.0001
35098.1 1753.2 0.0001
35200.1 1758.3 0.0001
35302.2 1763.39 0.0001
35404.2 1768.49 0.0001
35506.2 1773.59 0.0001
35608.2 1778.68 0.0001
35710.3 1783.78 0.0001
35812.3 1788.87 0.0001
35914.3 1793.97 0.0001
36016.4 1799.07 0.0001
36118.4 1804.16 0.0001
36220.4 1809.26 0.0001
36322.5 1814.36 0.0001
36424.5 1819.45 0.0001
36526.5 1824.55 0.0001
36628.5 1829.65 0.0001
36730.6 1834.74 0.0001
36832.6 1839.84 0.0001
36934.6 1844.93 0.0001
37036.7 1850.03 0.0001
37138.7 1855.13 0.0001
37240.7 1860.22 0.0001
37342.7 1865.32 0.0001
37444.8 1870.42 0.0001
37546.8 1875.51 0.0001
37648.8 1880.61 0.0001
37750.9 1885.71 0.0001
37852.9 1890.8 0.0001
37954.9 1895.9 0.0001
38057 1900.99 0.0001
38159 1906.09 0.0001
38261 1911.19 0.0001
38363 1916.28 0.0001
38465.1 1921.38 0.0001
38567.1 1926.48 0.0001
38669.1 1931.57 0.0001
38771.2 1936.67 0.0001
38873.2 1941.77 0.0001
38975.2 1946.86 0.0001
39077.2 1951.96 0.0001
39179.3 1957.05 0.0001
39281.3 1962.15 0.0001
39383.3 1967.25 0.0001
39485.4 1972.34 0.0001
39587.4 1977.44 0.0001
39689.4 1982.54 0.0001
39791.4 1987.63 0.0001
39893.5 1992.73 0.0001
39995.5 1997.83 0.0001
40097.5 2002.92 0.0001
40199.6 2008.02 0.0001
40301.6 2013.11 0.0001
40403.6 2018.21 0.0001
40505.7 2023.31 0.0001
40607.7 2028.4 0.0001
40709.7 2033.5 0.0001
40811.7 2038.6 0.0001
40913.8 2043.69 0.0001
41015.8 2048.79 0.0001
41117.8 2053.89 0.0001
41219.9 2058.98 0.0001
41321.9 2064.08 0.0001
41423.9 2069.17 0.0001
41525.9 2074.27 0.0001
41628 2079.37 0.0001
41730 2084.46 0.0001
41832 2089.56 0.0001
41934.1 2094.66 0.0001
42036.1 2099.75 0.0001
42138.1 2104.85 0.0001
42240.2 2109.95 0.0001
42342.2 2115.04 0.0001
42444.2 2120.14 0.0001
42546.2 2125.23 0.0001
42648.3 2130.33 0.0001
42750.3 2135.43 0.0001
42852.3 2140.52 0.0001
42954.4 2145.62 0.0001
43056.4 2150.72 0.0001
43158.4 2155.81 0.0001
43260.4 2160.91 0.0001
43362.5 2166.01 0.0001
43464.5 2171.1 0.0001
43566.5 2176.2 0.0001
43668.6 2181.29 0.0001
43770.6 2186.39 0.0001
43872.6 2191.49 0.0001
43974.7 2196.58 0.0001
44076.7 2201.68 0.0001
44178.7 2206.78 0.0001
44280.7 2211.87 0.0001
44382.8 2216.97 0.0001
44484.8 2222.07 0.0001
44586.8 2227.16 0.0001
44688.9 2232.26 0.0001
44790.9 2237.35 0.0001
44892.9 2242.45 0.0001
44994.9 2247.55 0.0001
45097 2252.64 0.0001
45199 2257.74 0.0001
45301 2262.84 0.0001
45403.1 2267.93 0.0001
45505.1 2273.03 0.0001
45607.1 2278.13 0.0001
45709.2 2283.22 0.0001
45811.2 2288.32 0.0001
45913.2 2293.41 0.0001
46015.2 2298.51 0.0001
46117.3 2303.61 0.0001
46219.3 2308.7 0.0001
46321.3 2313.8 0.0001
46423.4 2318.9 0.0001
46525.4 2323.99 0.0001
46627.4 2329.09 0.0001
46729.4 2334.19 0.0001
46831.5 2339.28 0.0001
46933.5 2344.38 0.0001
47035.5 2349.47 0.0001
47137.6 2354.57 0.0001
47239.6 2359.67 0.0001
47341.6 2364.76 0.0001
47443.7 2369.86 0.0001
47545.7 2374.96 0.0001
47647.7 2380.05 0.0001
47749.7 2385.15 0.0001
47851.8 2390.25 0.0001
47953.8 2395.34 0.0001
48055.8 2400.44 0.0001
48157.9 2405.54 0.0001
48259.9 2410.63 0.0001
48361.9 2415.73 0.0001
48463.9 2420.82 0.0001
48566 2425.92 0.0001
48668 2431.02 0.0001
48770 2436.11 0.0001
48872.1 2441.21 0.0001
48974.1 2446.31 0.0001
49076.1 2451.4 0.0001
49178.2 2456.5 0.0001
49280.2 2461.6 0.0001
49382.2 2466.69 0.0001
49484.2 2471.79 0.0001
49586.3 2476.88 0.0001
49688.3 2481.98 0.0001
49790.3 2487.08 0.0001
49892.4 2492.17 0.0001
49994.4 2497.27 0.0001
50096.4 2502.37 0.0001
50198.4 2507.46 0.0001
50300.5 2512.56 0.0001
50402.5 2517.66 0.0001
50504.5 2522.75 0.0001
50606.6 2527.85 0.0001
50708.6 2532.94 0.0001
50810.6 2538.04 0.0001
50912.6 2543.14 0.0001
51014.7 2548.23 0.0001
51116.7 2553.33 0.0001
51218.7 2558.43 0.0001
51320.8 2563.52 0.0001
51422.8 2568.62 0.0001
51524.8 2573.72 0.0001
51626.9 2578.81 0.0001
51728.9 2583.91 0.0001
51830.9 2589 0.0001
51932.9 2594.1 0.0001
52035 2599.2 0.0001
52137 2604.29 0.0001
52239 2609.39 0.0001
52341.1 2614.49 0.0001
52443.1 2619.58 0.0001
52545.1 2624.68 0.0001
52647.1 2629.78 0.0001
52749.2 2634.87 0.0001
52851.2 2639.97 0.0001
52953.2 2645.06 0.0001
53055.3 2650.16 0.0001
53157.3 2655.26 0.0001
53259.3 2660.35 0.0001
53361.4 2665.45 0.0001
53463.4 2670.55 0.0001
53565.4 2675.64 0.0001
53667.4 2680.74 0.0001
53769.5 2685.84 0.0001
53871.5 2690.93 0.0001
53973.5 2696.03 0.0001
54075.6 2701.12 0.0001
54177.6 2706.22 0.0001
54279.6 2711.32 0.0001
54381.6 2716.41 0.0001
54483.7 2721.51 0.0001
54585.7 2726.61 0.0001
54687.7 2731.7 0.0001
54789.8 2736.8 0.0001
54891.8 2741.9 0.0001
54993.8 2746.99 0.0001
55095.9 2752.09 0.0001
55197.9 2757.18 0.0001
55299.9 2762.28 0.0001
55401.9 2767.38 0.0001
55504 2772.47 0.0001
55606 2777.57 0.0001
55708 2782.67 0.0001
55810.1 2787.76 0.0001
55912.1 2792.86 0.0001
56014.1 2797.96 0.0001
56116.1 2803.05 0.0001
56218.2 2808.15 0.0001
56320.2 2813.24 0.0001
56422.2 2818.34 0.0001
56524.3 2823.44 0.0001
56626.3 2828.53 0.0001
56728.3 2833.63 0.0001
56830.4 2838.73 0.0001
56932.4 2843.82 0.0001
57034.4 2848.92 0.0001
57136.4 2854.02 0.0001
57238.5 2859.11 0.0001
57340.5 2864.21 0.0001
57442.5 2869.3 0.0001
57544.6 2874.4 0.0001
57646.6 2879.5 0.0001
57748.6 2884.59 0.0001
57850.6 2889.69 0.0001
57952.7 2894.79 0.0001
58054.7 2899.88 0.0001
58156.7 2904.98 0.0001
58258.8 2910.08 0.0001
58360.8 2915.17 0.0001
58462.8 2920.27 0.0001
58564.9 2925.36 0.0001
58666.9 2930.46 0.0001
58768.9 2935.56 0.0001
58870.9 2940.65 0.0001
58973 2945.75 0.0001
59075 2950.85 0.0001
59177 2955.94 0.0001
59279.1 2961.04 0.0001
59381.1 2966.14 0.0001
59483.1 2971.23 0.0001
59585.1 2976.33 0.0001
59687.2 2981.42 0.0001
59789.2 2986.52 0.0001
59891.2 2991.62 0.0001
59993.3 2996.71 0.0001
60095.3 3001.81 0.0001
60197.3 3006.91 0.0001
60299.4 3012 0.0001
60401.4 3017.1 0.0001
60503.4 3022.2 0.0001
60605.4 3027.29 0.0001
60707.5 3032.39 0.0001
60809.5 3037.48 0.0001
60911.5 3042.58 0.0001
61013.6 3047.68 0.0001
61115.6 3052.77 0.0001
61217.6 3057.87 0.0001
61319.6 3062.97 0.0001
61421.7 3068.06 0.0001
61523.7 3073.16 0.0001
61625.7 3078.26 0.0001
61727.8 3083.35 0.0001
61829.8 3088.45 0.0001
61931.8 3093.54 0.0001
62033.8 3098.64 0.0001
62135.9 3103.74 0.0001
62237.9 3108.83 0.0001
62339.9 3113.93 0.0001
62442 3119.03 0.0001
62544 3124.12 0.0001
62646 3129.22 0.0001
62748.1 3134.32 0.0001
62850.1 3139.41 0.0001
62952.1 3144.51 0.0001
63054.1 3149.6 0.0001
63156.2 3154.7 0.0001
63258.2 3159.8 0.0001
63360.2 3164.89 0.0001
63462.3 3169.99 0.0001
63564.3 3175.09 0.0001
63666.3 3180.18 0.0001
63768.3 3185.28 0.0001
63870.4 3190.38 0.0001
63972.4 3195.47 0.0001
64074.4 3200.57 0.0001
64176.5 3205.66 0.0001
64278.5 3210.76 0.0001
64380.5 3215.86 0.0001
64482.6 3220.95 0.0001
64584.6 3226.05 0.0001
64686.6 3231.15 0.0001
64788.6 3236.24 0.0001
64890.7 3241.34 0.0001
64992.7 3246.44 0.0001
65094.7 3251.53 0.0001
65196.8 3256.63 0.0001
65298.8 3261.72 0.0001
65400.8 3266.82 0.0001
65502.8 3271.92 0.0001
65604.9 3277.01 0.0001
65706.9 3282.11 0.0001
65808.9 3287.21 0.0001
65911 3292.3 0.0001
66013 3297.4 0.0001
66115 3302.5 0.0001
66217.1 3307.59 0.0001
66319.1 3312.69 0.0001
66421.1 3317.78 0.0001
66523.1 3322.88 0.0001
66625.2 3327.98 0.0001
66727.2 3333.07 0.0001
66829.2 3338.17 0.0001
66931.3 3343.27 0.0001
67033.3 3348.36 0.0001
67135.3 3353.46 0.0001
67237.3 3358.56 0.0001
67339.4 3363.65 0.0001
67441.4 3368.75 0.0001
67543.4 3373.84 0.0001
67645.5 3378.94 0.0001
67747.5 3384.04 0.0001
67849.5 3389.13 0.0001
67951.6 3394.23 0.0001
68053.6 3399.33 0.0001
68155.6 3404.42 0.0001
68257.6 3409.52 0.0001
68359.7 3414.62 0.0001
68461.7 3419.71 0.0001
68563.7 3424.81 0.0001
68665.8 3429.9 0.0001
68767.8 3435 0.0001
68869.8 3440.1 0.0001
68971.8 3445.19 0.0001
69073.9 3450.29 0.0001
69175.9 3455.39 0.0001
69277.9 3460.48 0.0001
69380 3465.58 0.0001
69482 3470.68 0.0001
69584 3475.77 0.0001
69686.1 3480.87 0.0001
69788.1 3485.96 0.0001
69890.1 3491.06 0.0001
69992.1 3496.16 0.0001
70094.2 3501.25 0.0001
70196.2 3506.35 0.0001
70298.2 3511.45 0.0001
70400.3 3516.54 0.0001
70502.3 3521.64 0.0001
70604.3 3526.74 0.0001
70706.3 3531.83 0.0001
70808.4 3536.93 0.0001
70910.4 3542.02 0.0001
71012.4 3547.12 0.0001
71114.5 3552.22 0.0001
71216.5 3557.31 0.0001
71318.5 3562.41 0.0001
71420.6 3567.51 0.0001
71522.6 3572.6 0.0001
71624.6 3577.7 0.0001
71726.6 3582.8 0.0001
71828.7 3587.89 0.0001
71930.7 3592.99 0.0001
72032.7 3598.08 0.0001
72134.8 3603.18 0.0001
72236.8 3608.28 0.0001
72338.8 3613.37 0.0001
72440.8 3618.47 0.0001
72542.9 3623.57 0.0001
72644.9 3628.66 0.0001
72746.9 3633.76 0.0001
72849 3638.86 0.0001
72951 3643.95 0.0001
73053 3649.05 0.0001
73155 3654.14 0.0001
73257.1 3659.24 0.0001
73359.1 3664.34 0.0001
73461.1 3669.43 0.0001
73563.2 3674.53 0.0001
73665.2 3679.63 0.0001
73767.2 3684.72 0.0001
73869.3 3689.82 0.0001
73971.3 3694.92 0.0001
74073.3 3700.01 0.0001
74175.3 3705.11 0.0001
74277.4 3710.2 0.0001
74379.4 3715.3 0.0001
74481.4 3720.4 0.0001
74583.5 3725.49 0.0001
74685.5 3730.59 0.0001
74787.5 3735.69 0.0001
74889.5 3740.78 0.0001
74991.6 3745.88 0.0001
75093.6 3750.98 0.0001
75195.6 3756.07 0.0001
75297.7 3761.17 0.0001
75399.7 3766.26 0.0001
75501.7 3771.36 0.0001
75603.8 3776.46 0.0001
75705.8 3781.55 0.0001
75807.8 3786.65 0.0001
75909.8 3791.75 0.0001
76011.9 3796.84 0.0001
76113.9 3801.94 0.0001
76215.9 3807.04 0.0001
76318 3812.13 0.0001
76420 3817.23 0.0001
76522 3822.32 0.0001
76624 3827.42 0.0001
76726.1 3832.52 0.0001
76828.1 3837.61 0.0001
76930.1 3842.71 0.0001
77032.2 3847.81 0.0001
77134.2 3852.9 0.0001
77236.2 3858 0.0001
77338.3 3863.1 0.0001
77440.3 3868.19 0.0001
77542.3 3873.29 0.0001
77644.3 3878.38 0.0001
77746.4 3883.48 0.0001
77848.4 3888.58 0.0001
77950.4 3893.67 0.0001
78052.5 3898.77 0.0001
78154.5 3903.87 0.0001
78256.5 3908.96 0.0001
78358.5 3914.06 0.0001
78460.6 3919.16 0.0001
78562.6 3924.25 0.0001
78664.6 3929.35 0.0001
78766.7 3934.44 0.0001
78868.7 3939.54 0.0001
78970.7 3944.64 0.0001
79072.8 3949.73 0.0001
79174.8 3954.83 0.0001
79276.8 3959.93 0.0001
79378.8 3965.02 0.0001
79480.9 3970.12 0.0001
79582.9 3975.22 0.0001
79684.9 3980.31 0.0001
79787 3985.41 0.0001
79889 3990.5 0.0001
79991 3995.6 0.0001
80093 4000.7 0.0001
80195.1 4005.79 0.0001
80297.1 4010.89 0.0001
80399.1 4015.99 0.0001
80501.2 4021.08 0.0001
80603.2 4026.18 0.0001
80705.2 4031.28 0.0001
80807.3 4036.37 0.0001
80909.3 4041.47 0.0001
81011.3 4046.56 0.0001
81113.3 4051.66 0.0001
81215.4 4056.76 0.0001
81317.4 4061.85 0.0001
81419.4 4066.95 0.0001
81521.5 4072.05 0.0001
81623.5 4077.14 0.0001
81725.5 4082.24 0.0001
81827.5 4087.34 0.0001
81929.6 4092.43 0.0001
82031.6 4097.53 0.0001
82133.6 4102.63 0.0001
82235.7 4107.72 0.0001
82337.7 4112.82 0.0001
82439.7 4117.91 0.0001
82541.8 4123.01 0.0001
82643.8 4128.11 0.0001
82745.8 4133.2 0.0001
82847.8 4138.3 0.0001
82949.9 4143.4 0.0001
83051.9 4148.49 0.0001
83153.9 4153.59 0.0001
83256 4158.69 0.0001
83358 4163.78 0.0001
83460 4168.88 0.0001
83562 4173.97 0.0001
83664.1 4179.07 0.0001
83766.1 4184.17 0.0001
83868.1 4189.26 0.0001
83970.2 4194.36 0.0001
84072.2 4199.46 0.0001
84174.2 4204.55 0.0001
84276.2 4209.65 0.0001
84378.3 4214.75 0.0001
84480.3 4219.84 0.0001
84582.3 4224.94 0.0001
84684.4 4230.03 0.0001
84786.4 4235.13 0.0001
84888.4 4240.23 0.0001
84990.5 4245.32 0.0001
85092.5 4250.42 0.0001
85194.5 4255.52 0.0001
85296.5 4260.61 0.0001
85398.6 4265.71 0.0001
85500.6 4270.81 0.0001
85602.6 4275.9 0.0001
85704.7 4281 0.0001
85806.7 4286.09 0.0001
85908.7 4291.19 0.0001
86010.7 4296.29 0.0001
86112.8 4301.38 0.0001
86214.8 4306.48 0.0001
86316.8 4311.58 0.0001
86418.9 4316.67 0.0001
86520.9 4321.77 0.0001
86622.9 4326.87 0.0001
86725 4331.96 0.0001
86827 4337.06 0.0001
86929 4342.15 0.0001
87031 4347.25 0.0001
87133.1 4352.35 0.0001
87235.1 4357.44 0.0001
87337.1 4362.54 0.0001
87439.2 4367.64 0.0001
87541.2 4372.73 0.0001
87643.2 4377.83 0.0001
87745.2 4382.93 0.0001
87847.3 4388.02 0.0001
87949.3 4393.12 0.0001
88051.3 4398.21 0.0001
88153.4 4403.31 0.0001
88255.4 4408.41 0.0001
88357.4 4413.5 0.0001
88459.5 4418.6 0.0001
88561.5 4423.7 0.0001
88663.5 4428.79 0.0001
88765.5 4433.89 0.0001
88867.6 4438.99 0.0001
88969.6 4444.08 0.0001
89071.6 4449.18 0.0001
89173.7 4454.27 0.0001
89275.7 4459.37 0.0001
89377.7 4464.47 0.0001
89479.7 4469.56 0.0001
89581.8 4474.66 0.0001
89683.8 4479.76 0.0001
89785.8 4484.85 0.0001
89887.9 4489.95 0.0001
89989.9 4495.05 0.0001
90091.9 4500.14 0.0001
90194 4505.24 0.0001
90296 4510.33 0.0001
90398 4515.43 0.0001
90500 4520.53 0.0001
90602.1 4525.62 0.0001
90704.1 4530.72 0.0001
90806.1 4535.82 0.0001
90908.2 4540.91 0.0001
91010.2 4546.01 0.0001
91112.2 4551.11 0.0001
91214.2 4556.2 0.0001
91316.3 4561.3 0.0001
91418.3 4566.39 0.0001
91520.3 4571.49 0.0001
91622.4 4576.59 0.0001
91724.4 4581.68 0.0001
91826.4 4586.78 0.0001
91928.5 4591.88 0.0001
92030.5 4596.97 0.0001
92132.5 4602.07 0.0001
92234.5 4607.17 0.0001
92336.6 4612.26 0.0001
92438.6 4617.36 0.0001
92540.6 4622.45 0.0001
92642.7 4627.55 0.0001
92744.7 4632.65 0.0001
92846.7 4637.74 0.0001
92948.7 4642.84 0.0001
93050.8 4647.94 0.0001
93152.8 4653.03 0.0001
93254.8 4658.13 0.0001
93356.9 4663.23 0.0001
93458.9 4668.32 0.0001
93560.9 4673.42 0.0001
93663 4678.51 0.0001
93765 4683.61 0.0001
93867 4688.71 0.0001
93969 4693.8 0.0001
94071.1 4698.9 0.0001
94173.1 4704 0.0001
94275.1 4709.09 0.0001
94377.2 4714.19 0.0001
94479.2 4719.29 0.0001
94581.2 4724.38 0.0001
94683.2 4729.48 0.0001
94785.3 4734.57 0.0001
94887.3 4739.67 0.0001
94989.3 4744.77 0.0001
95091.4 4749.86 0.0001
95193.4 4754.96 0.0001
95295.4 4760.06 0.0001
95397.4 4765.15 0.0001
95499.5 4770.25 0.0001
95601.5 4775.35 0.0001
95703.5 4780.44 0.0001
95805.6 4785.54 0.0001
95907.6 4790.63 0.0001
96009.6 4795.73 0.0001
96111.7 4800.83 0.0001
96213.7 4805.92 0.0001
96315.7 4811.02 0.0001
96417.7 4816.12 0.0001
96519.8 4821.21 0.0001
96621.8 4826.31 0.0001
96723.8 4831.41 0.0001
96825.9 4836.5 0.0001
96927.9 4841.6 0.0001
97029.9 4846.69 0.0001
97131.9 4851.79 0.0001
97234 4856.89 0.0001
97336 4861.98 0.0001
97438 4867.08 0.0001
97540.1 4872.18 0.0001
97642.1 4877.27 0.0001
97744.1 4882.37 0.0001
97846.2 4887.47 0.0001
97948.2 4892.56 0.0001
98050.2 4897.66 0.0001
98152.2 4902.75 0.0001
98254.3 4907.85 0.0001
98356.3 4912.95 0.0001
98458.3 4918.04 0.0001
98560.4 4923.14 0.0001
98662.4 4928.24 0.0001
98764.4 4933.33 0.0001
98866.4 4938.43 0.0001
98968.5 4943.53 0.0001
99070.5 4948.62 0.0001
99172.5 4953.72 0.0001
99274.6 4958.81 0.0001
99376.6 4963.91 0.0001
99478.6 4969.01 0.0001
99580.7 4974.1 0.0001
99682.7 4979.2 0.0001
99784.7 4984.3 0.0001
99886.7 4989.39 0.0001
99988.8 4994.49 0.0001
100091 4999.59 0.0001
100193 5004.68 0.0001
100295 5009.78 0.0001
100397 5014.87 0.0001
100499 5019.97 0.0001
100601 5025.07 0.0001
100703 5030.16 0.0001
100805 5035.26 0.0001
100907 5040.36 0.0001
101009 5045.45 0.0001
101111 5050.55 0.0001
101213 5055.65 0.0001
101315 5060.74 0.0001
101417 5065.84 0.0001
101519 5070.93 0.0001
101621 5076.03 0.0001
101723 5081.13 0.0001
101825 5086.22 0.0001
101927 5091.32 0.0001
102029 5096.42 0.0001
102131 5101.51 0.0001
102233 5106.61 0.0001
102335 5111.71 0.0001
102437 5116.8 0.0001
102540 5121.9 0.0001
102642 5126.99 0.0001
102744 5132.09 0.0001
102846 5137.19 0.0001
102948 5142.28 0.0001
103050 5147.38 0.0001
103152 5152.48 0.0001
103254 5157.57 0.0001
103356 5162.67 0.0001
103458 5167.77 0.0001
103560 5172.86 0.0001
103662 5177.96 0.0001
103764 5183.05 0.0001
103866 5188.15 0.0001
103968 5193.25 0.0001
104070 5198.34 0.0001
104172 5203.44 0.0001
104274 5208.54 0.0001
104376 5213.63 0.0001
104478 5218.73 0.0001
104580 5223.83 0.0001
104682 5228.92 0.0001
104784 5234.02 0.0001
104886 5239.11 0.0001
104988 5244.21 0.0001
105090 5249.31 0.0001
105192 5254.4 0.0001
105294 5259.5 0.0001
105396 5264.6 0.0001
105498 5269.69 0.0001
105600 5274.79 0.0001
105702 5279.89 0.0001
105804 5284.98 0.0001
105906 5290.08 0.0001
106009 5295.17 0.0001
106111 5300.27 0.0001
106213 5305.37 0.0001
106315 5310.46 0.0001
106417 5315.56 0.0001
106519 5320.66 0.0001
106621 5325.75 0.0001
106723 5330.85 0.0001
106825 5335.95 0.0001
106927 5341.04 0.0001
107029 5346.14 0.0001
107131 5351.23 0.0001
107233 5356.33 0.0001
107335 5361.43 0.0001
107437 5366.52 0.0001
107539 5371.62 0.0001
107641 5376.72 0.0001
107743 5381.81 0.0001
107845 5386.91 0.0001
107947 5392.01 0.0001
108049 5397.1 0.0001
108151 5402.2 0.0001
108253 5407.29 0.0001
108355 5412.39 0.0001
108457 5417.49 0.0001
108559 5422.58 0.0001
108661 5427.68 0.0001
108763 5432.78 0.0001
108865 5437.87 0.0001
108967 5442.97 0.0001
109069 5448.07 0.0001
109171 5453.16 0.0001
109273 5458.26 0.0001
109375 5463.35 0.0001
109478 5468.45 0.0001
109580 5473.55 0.0001
109682 5478.64 0.0001
109784 5483.74 0.0001
109886 5488.84 0.0001
109988 5493.93 0.0001
110090 5499.03 0.0001
110192 5504.13 0.0001
110294 5509.22 0.0001
110396 5514.32 0.0001
110498 5519.41 0.0001
110600 5524.51 0.0001
110702 5529.61 0.0001
110804 5534.7 0.0001
110906 5539.8 0.0001
111008 5544.9 0.0001
111110 5549.99 0.0001
111212 5555.09 0.0001
111314 5560.19 0.0001
111416 5565.28 0.0001
111518 5570.38 0.0001
111620 5575.47 0.0001
111722 5580.57 0.0001
111824 5585.67 0.0001
111926 5590.76 0.0001
112028 5595.86 0.0001
112130 5600.96 0.0001
112232 5606.05 0.0001
112334 5611.15 0.0001
112436 5616.25 0.0001
112538 5621.34 0.0001
112640 5626.44 0.0001
112742 5631.53 0.0001
112844 5636.63 0.0001
112946 5641.73 0.0001
113049 5646.82 0.0001
113151 5651.92 0.0001
113253 5657.02 0.0001
113355 5662.11 0.0001
113457 5667.21 0.0001
113559 5672.31 0.0001
113661 5677.4 0.0001
113763 5682.5 0.0001
113865 5687.59 0.0001
113967 5692.69 0.0001
114069 5697.79 0.0001
114171 5702.88 0.0001
114273 5707.98 0.0001
114375 5713.08 0.0001
114477 5718.17 0.0001
114579 5723.27 0.0001
114681 5728.37 0.0001
114783 5733.46 0.0001
114885 5738.56 0.0001
114987 5743.66 0.0001
115089 5748.75 0.0001
115191 5753.85 0.0001
115293 5758.94 0.0001
115395 5764.04 0.0001
115497 5769.14 0.0001
115599 5774.23 0.0001
115701 5779.33 0.0001
115803 5784.43 0.0001
115905 5789.52 0.0001
116007 5794.62 0.0001
116109 5799.72 0.0001
116211 5804.81 0.0001
116313 5809.91 0.0001
116415 5815 0.0001
116518 5820.1 0.0001
116620 5825.2 0.0001
116722 5830.29 0.0001
116824 5835.39 0.0001
116926 5840.49 0.0001
117028 5845.58 0.0001
117130 5850.68 0.0001
117232 5855.78 0.0001
117334 5860.87 0.0001
117436 5865.97 0.0001
117538 5871.06 0.0001
117640 5876.16 0.0001
117742 5881.26 0.0001
117844 5886.35 0.0001
117946 5891.45 0.0001
118048 5896.55 0.0001
118150 5901.64 0.0001
118252 5906.74 0.0001
118354 5911.84 0.0001
118456 5916.93 0.0001
118558 5922.03 0.0001
118660 5927.12 0.0001
118762 5932.22 0.0001
118864 5937.32 0.0001
118966 5942.41 0.0001
119068 5947.51 0.0001
119170 5952.61 0.0001
119272 5957.7 0.0001
119374 5962.8 0.0001
119476 5967.9 0.0001
119578 5972.99 0.0001
119680 5978.09 0.0001
119782 5983.18 0.0001
119884 5988.28 0.0001
119987 5993.38 0.0001
120089 5998.47 0.0001
120191 6003.57 0.0001
120293 6008.67 0.0001
120395 6013.76 0.0001
120497 6018.86 0.0001
120599 6023.96 0.0001
120701 6029.05 0.0001
120803 6034.15 0.0001
120905 6039.24 0.0001
121007 6044.34 0.0001
121109 6049.44 0.0001
121211 6054.53 0.0001
121313 6059.63 0.0001
121415 6064.73 0.0001
121517 6069.82 0.0001
121619 6074.92 0.0001
121721 6080.02 0.0001
121823 6085.11 0.0001
121925 6090.21 0.0001
122027 6095.3 0.0001
122129 6100.4 0.0001
122231 6105.5 0.0001
122333 6110.59 0.0001
122435 6115.69 0.0001
122537 6120.79 0.0001
122639 6125.88 0.0001
122741 6130.98 0.0001
122843 6136.08 0.0001
122945 6141.17 0.0001
123047 6146.27 0.0001
123149 6151.36 0.0001
123251 6156.46 0.0001
123353 6161.56 0.0001
123456 6166.65 0.0001
123558 6171.75 0.0001
123660 6176.85 0.0001
123762 6181.94 0.0001
123864 6187.04 0.0001
123966 6192.14 0.0001
124068 6197.23 0.0001
124170 6202.33 0.0001
124272 6207.42 0.0001
124374 6212.52 0.0001
124476 6217.62 0.0001
124578 6222.71 0.0001
124680 6227.81 0.0001
124782 6232.91 0.0001
124884 6238 0.0001
124986 6243.1 0.0001
125088 6248.2 0.0001
125190 6253.29 0.0001
125292 6258.39 0.0001
125394 6263.48 0.0001
125496 6268.58 0.0001
125598 6273.68 0.0001
125700 6278.77 0.0001
125802 6283.87 0.0001
125904 6288.97 0.0001
126006 6294.06 0.0001
126108 6299.16 0.0001
126210 6304.26 0.0001
126312 6309.35 0.0001
126414 6314.45 0.0001
126516 6319.54 0.0001
126618 6324.64 0.0001
126720 6329.74 0.0001
126822 6334.83 0.0001
126925 6339.93 0.0001
127027 6345.03 0.0001
127129 6350.12 0.0001
127231 6355.22 0.0001
127333 6360.32 0.0001
127435 6365.41 0.0001
127537 6370.51 0.0001
127639 6375.6 0.0001
127741 6380.7 0.0001
127843 6385.8 0.0001
127945 6390.89 0.0001
128047 6395.99 0.0001
128149 6401.09 0.0001
128251 6406.18 0.0001
128353 6411.28 0.0001
128455 6416.38 0.0001
128557 6421.47 0.0001
128659 6426.57 0.0001
128761 6431.66 0.0001
128863 6436.76 0.0001
128965 6441.86 0.0001
129067 6446.95 0.0001
129169 6452.05 0.0001
129271 6457.15 0.0001
129373 6462.24 0.0001
129475 6467.34 0.0001
129577 6472.44 0.0001
129679 6477.53 0.0001
129781 6482.63 0.0001
129883 6487.72 0.0001
129985 6492.82 0.0001
130087 6497.92 0.0001
130189 6503.01 0.0001
130291 6508.11 0.0001
130394 6513.21 0.0001
130496 6518.3 0.0001
130598 6523.4 0.0001
130700 6528.5 0.0001
130802 6533.59 0.0001
130904 6538.69 0.0001
131006 6543.78 0.0001
131108 6548.88 0.0001
131210 6553.98 0.0001
131312 6559.07 0.0001
131414 6564.17 0.0001
131516 6569.27 0.0001
131618 6574.36 0.0001
131720 6579.46 0.0001
131822 6584.56 0.0001
131924 6589.65 0.0001
132026 6594.75 0.0001
132128 6599.84 0.0001
132230 6604.94 0.0001
132332 6610.04 0.0001
132434 6615.13 0.0001
132536 6620.23 0.0001
132638 6625.33 0.0001
132740 6630.42 0.0001
132842 6635.52 0.0001
132944 6640.62 0.0001
133046 6645.71 0.0001
133148 6650.81 0.0001
133250 6655.9 0.0001
133352 6661 0.0001
133454 6666.1 0.0001
133556 6671.19 0.0001
133658 6676.29 0.0001
133760 6681.39 0.0001
133863 6686.48 0.0001
133965 6691.58 0.0001
134067 6696.68 0.0001
134169 6701.77 0.0001
134271 6706.87 0.0001
134373 6711.96 0.0001
134475 6717.06 0.0001
134577 6722.16 0.0001
134679 6727.25 0.0001
134781 6732.35 0.0001
134883 6737.45 0.0001
134985 6742.54 0.0001
135087 6747.64 0.0001
135189 6752.74 0.0001
135291 6757.83 0.0001
135393 6762.93 0.0001
135495 6768.02 0.0001
135597 6773.12 0.0001
135699 6778.22 0.0001
135801 6783.31 0.0001
135903 6788.41 0.0001
136005 6793.51 0.0001
136107 6798.6 0.0001
136209 6803.7 0.0001
136311 6808.8 0.0001
136413 6813.89 0.0001
136515 6818.99 0.0001
136617 6824.08 0.0001
136719 6829.18 0.0001
136821 6834.28 0.0001
136923 6839.37 0.0001
137025 6844.47 0.0001
137127 6849.57 0.0001
137229 6854.66 0.0001
137332 6859.76 0.0001
137434 6864.86 0.0001
137536 6869.95 0.0001
137638 6875.05 0.0001
137740 6880.14 0.0001
137842 6885.24 0.0001
137944 6890.34 0.0001
138046 6895.43 0.0001
138148 6900.53 0.0001
138250 6905.63 0.0001
138352 6910.72 0.0001
138454 6915.82 0.0001
138556 6920.92 0.0001
138658 6926.01 0.0001
138760 6931.11 0.0001
138862 6936.2 0.0001
138964 6941.3 0.0001
139066 6946.4 0.0001
139168 6951.49 0.0001
139270 6956.59 0.0001
139372 6961.69 0.0001
139474 6966.78 0.0001
139576 6971.88 0.0001
139678 6976.98 0.0001
139780 6982.07 0.0001
139882 6987.17 0.0001
139984 6992.26 0.0001
140086 6997.36 0.0001
140188 7002.46 0.0001
140290 7007.55 0.0001
140392 7012.65 0.0001
140494 7017.75 0.0001
140596 7022.84 0.0001
140698 7027.94 0.0001
140801 7033.04 0.0001
140903 7038.13 0.0001
141005 7043.23 0.0001
141107 7048.32 0.0001
141209 7053.42 0.0001
141311 7058.52 0.0001
141413 7063.61 0.0001
141515 7068.71 0.0001
141617 7073.81 0.0001
141719 7078.9 0.0001
141821 7084 0.0001
141923 7089.1 0.0001
142025 7094.19 0.0001
142127 7099.29 0.0001
142229 7104.38 0.0001
142331 7109.48 0.0001
142433 7114.58 0.0001
142535 7119.67 0.0001
142637 7124.77 0.0001
142739 7129.87 0.0001
142841 7134.96 0.0001
142943 7140.06 0.0001
143045 7145.16 0.0001
143147 7150.25 0.0001
143249 7155.35 0.0001
143351 7160.44 0.0001
143453 7165.54 0.0001
143555 7170.64 0.0001
143657 7175.73 0.0001
143759 7180.83 0.0001
143861 7185.93 0.0001
143963 7191.02 0.0001
144065 7196.12 0.0001
144167 7201.22 0.0001
144270 7206.31 0.0001
144372 7211.41 0.0001
144474 7216.5 0.0001
144576 7221.6 0.0001
144678 7226.7 0.0001
144780 7231.79 0.0001
144882 7236.89 0.0001
144984 7241.99 0.0001
145086 7247.08 0.0001
145188 7252.18 0.0001
145290 7257.28 0.0001
145392 7262.37 0.0001
145494 7267.47 0.0001
145596 7272.56 0.0001
145698 7277.66 0.0001
145800 7282.76 0.0001
145902 7287.85 0.0001
146004 7292.95 0.0001
146106 7298.05 0.0001
146208 7303.14 0.0001
146310 7308.24 0.0001
146412 7313.34 0.0001
146514 7318.43 0.0001
146616 7323.53 0.0001
146718 7328.62 0.0001
146820 7333.72 0.0001
146922 7338.82 0.0001
147024 7343.91 0.0001
147126 7349.01 0.0001
147228 7354.11 0.0001
147330 7359.2 0.0001
147432 7364.3 0.0001
147534 7369.4 0.0001
147636 7374.49 0.0001
147739 7379.59 0.0001
147841 7384.69 0.0001
147943 7389.78 0.0001
148045 7394.88 0.0001
148147 7399.97 0.0001
148249 7405.07 0.0001
148351 7410.17 0.0001
148453 7415.26 0.0001
148555 7420.36 0.0001
148657 7425.46 0.0001
148759 7430.55 0.0001
148861 7435.65 0.0001
148963 7440.75 0.0001
149065 7445.84 0.0001
149167 7450.94 0.0001
149269 7456.03 0.0001
149371 7461.13 0.0001
149473 7466.23 0.0001
149575 7471.32 0.0001
149677 7476.42 0.0001
149779 7481.52 0.0001
149881 7486.61 0.0001
149983 7491.71 0.0001
150085 7496.81 0.0001
150187 7501.9 0.0001
150289 7507 0.0001
150391 7512.09 0.0001
150493 7517.19 0.0001
150595 7522.29 0.0001
150697 7527.38 0.0001
150799 7532.48 0.0001
150901 7537.58 0.0001
151003 7542.67 0.0001
151105 7547.77 0.0001
151208 7552.87 0.0001
151310 7557.96 0.0001
151412 7563.06 0.0001
151514 7568.15 0.0001
151616 7573.25 0.0001
151718 7578.35 0.0001
151820 7583.44 0.0001
151922 7588.54 0.0001
152024 7593.64 0.0001
152126 7598.73 0.0001
152228 7603.83 0.0001
152330 7608.93 0.0001
152432 7614.02 0.0001
152534 7619.12 0.0001
152636 7624.21 0.0001
152738 7629.31 0.0001
152840 7634.41 0.0001
152942 7639.5 0.0001
153044 7644.6 0.0001
153146 7649.7 0.0001
153248 7654.79 0.0001
153350 7659.89 0.0001
153452 7664.99 0.0001
153554 7670.08 0.0001
153656 7675.18 0.0001
153758 7680.27 0.0001
153860 7685.37 0.0001
153962 7690.47 0.0001
154064 7695.56 0.0001
154166 7700.66 0.0001
154268 7705.76 0.0001
154370 7710.85 0.0001
154472 7715.95 0.0001
154574 7721.05 0.0001
154677 7726.14 0.0001
154779 7731.24 0.0001
154881 7736.33 0.0001
154983 7741.43 0.0001
155085 7746.53 0.0001
155187 7751.62 0.0001
155289 7756.72 0.0001
155391 7761.82 0.0001
155493 7766.91 0.0001
155595 7772.01 0.0001
155697 7777.11 0.0001
155799 7782.2 0.0001
155901 7787.3 0.0001
156003 7792.39 0.0001
156105 7797.49 0.0001
156207 7802.59 0.0001
156309 7807.68 0.0001
156411 7812.78 0.0001
156513 7817.88 0.0001
156615 7822.97 0.0001
156717 7828.07 0.0001
156819 7833.17 0.0001
156921 7838.26 0.0001
157023 7843.36 0.0001
157125 7848.45 0.0001
157227 7853.55 0.0001
157329 7858.65 0.0001
157431 7863.74 0.0001
157533 7868.84 0.0001
157635 7873.94 0.0001
157737 7879.03 0.0001
157839 7884.13 0.0001
157941 7889.23 0.0001
158043 7894.32 0.0001
158146 7899.42 0.0001
158248 7904.51 0.0001
158350 7909.61 0.0001
158452 7914.71 0.0001
158554 7919.8 0.0001
158656 7924.9 0.0001
158758 7930 0.0001
158860 7935.09 0.0001
158962 7940.19 0.0001
159064 7945.29 0.0001
159166 7950.38 0.0001
159268 7955.48 0.0001
159370 7960.57 0.0001
159472 7965.67 0.0001
159574 7970.77 0.0001
159676 7975.86 0.0001
159778 7980.96 0.0001
159880 7986.06 0.0001
159982 7991.15 0.0001
160084 7996.25 0.0001
160186 8001.35 0.0001
160288 8006.44 0.0001
160390 8011.54 0.0001
160492 8016.63 0.0001
160594 8021.73 0.0001
160696 8026.83 0.0001
160798 8031.92 0.0001
160900 8037.02 0.0001
161002 8042.12 0.0001
161104 8047.21 0.0001
161206 8052.31 0.0001
161308 8057.41 0.0001
161410 8062.5 0.0001
161512 8067.6 0.0001
161615 8072.69 0.0001
161717 8077.79 0.0001
161819 8082.89 0.0001
161921 8087.98 0.0001
162023 8093.08 0.0001
162125 8098.18 0.0001
162227 8103.27 0.0001
162329 8108.37 0.0001
162431 8113.47 0.0001
162533 8118.56 0.0001
162635 8123.66 0.0001
162737 8128.75 0.0001
162839 8133.85 0.0001
162941 8138.95 0.0001
163043 8144.04 0.0001
163145 8149.14 0.0001
163247 8154.24 0.0001
163349 8159.33 0.0001
163451 8164.43 0.0001
163553 8169.53 0.0001
163655 8174.62 0.0001
163757 8179.72 0.0001
163859 8184.81 0.0001
163961 8189.91 0.0001
164063 8195.01 0.0001
164165 8200.1 0.0001
164267 8205.2 0.0001
164369 8210.3 0.0001
164471 8215.39 0.0001
164573 8220.49 0.0001
164675 8225.59 0.0001
164777 8230.68 0.0001
164879 8235.78 0.0001
164981 8240.87 0.0001
165084 8245.97 0.0001
165186 8251.07 0.0001
165288 8256.16 0.0001
165390 8261.26 0.0001
165492 8266.36 0.0001
165594 8271.45 0.0001
165696 8276.55 0.0001
165798 8281.65 0.0001
165900 8286.74 0.0001
166002 8291.84 0.0001
166104 8296.93 0.0001
166206 8302.03 0.0001
166308 8307.13 0.0001
166410 8312.22 0.0001
166512 8317.32 0.0001
166614 8322.42 0.0001
166716 8327.51 0.0001
166818 8332.61 0.0001
166920 8337.71 0.0001
167022 8342.8 0.0001
167124 8347.9 0.0001
167226 8352.99 0.0001
167328 8358.09 0.0001
167430 8363.19 0.0001
167532 8368.28 0.0001
167634 8373.38 0.0001
167736 8378.48 0.0001
167838 8383.57 0.0001
167940 8388.67 0.0001
168042 8393.77 0.0001
168144 8398.86 0.0001
168246 8403.96 0.0001
168348 8409.05 0.0001
168450 8414.15 0.0001
168552 8419.25 0.0001
168655 8424.34 0.0001
168757 8429.44 0.0001
168859 8434.54 0.0001
168961 8439.63 0.0001
169063 8444.73 0.0001
169165 8449.83 0.0001
169267 8454.92 0.0001
169369 8460.02 0.0001
169471 8465.11 0.0001
169573 8470.21 0.0001
169675 8475.31 0.0001
169777 8480.4 0.0001
169879 8485.5 0.0001
169981 8490.6 0.0001
170083 8495.69 0.0001
170185 8500.79 0.0001
170287 8505.89 0.0001
170389 8510.98 0.0001
170491 8516.08 0.0001
170593 8521.17 0.0001
170695 8526.27 0.0001
170797 8531.37 0.0001
170899 8536.46 0.0001
171001 8541.56 0.0001
171103 8546.66 0.0001
171205 8551.75 0.0001
171307 8556.85 0.0001
171409 8561.95 0.0001
171511 8567.04 0.0001
171613 8572.14 0.0001
171715 8577.23 0.0001
171817 8582.33 0.0001
171919 8587.43 0.0001
172021 8592.52 0.0001
172124 8597.62 0.0001
172226 8602.72 0.0001
172328 8607.81 0.0001
172430 8612.91 0.0001
172532 8618.01 0.0001
172634 8623.1 0.0001
172736 8628.2 0.0001
172838 8633.29 0.0001
172940 8638.39 0.0001
173042 8643.49 0.0001
173144 8648.58 0.0001
173246 8653.68 0.0001
173348 8658.78 0.0001
173450 8663.87 0.0001
173552 8668.97 0.0001
173654 8674.07 0.0001
173756 8679.16 0.0001
173858 8684.26 0.0001
173960 8689.35 0.0001
174062 8694.45 0.0001
174164 8699.55 0.0001
174266 8704.64 0.0001
174368 8709.74 0.0001
174470 8714.84 0.0001
174572 8719.93 0.0001
174674 8725.03 0.0001
174776 8730.13 0.0001
174878 8735.22 0.0001
174980 8740.32 0.0001
175082 8745.41 0.0001
175184 8750.51 0.0001
175286 8755.61 0.0001
175388 8760.7 0.0001
175490 8765.8 0.0001
175593 8770.9 0.0001
175695 8775.99 0.0001
175797 8781.09 0.0001
175899 8786.19 0.0001
176001 8791.28 0.0001
176103 8796.38 0.0001
176205 8801.47 0.0001
176307 8806.57 0.0001
176409 8811.67 0.0001
176511 8816.76 0.0001
176613 8821.86 0.0001
176715 8826.96 0.0001
176817 8832.05 0.0001
176919 8837.15 0.0001
177021 8842.25 0.0001
177123 8847.34 0.0001
177225 8852.44 0.0001
177327 8857.53 0.0001
177429 8862.63 0.0001
177531 8867.73 0.0001
177633 8872.82 0.0001
177735 8877.92 0.0001
177837 8883.02 0.0001
177939 8888.11 0.0001
178041 8893.21 0.0001
178143 8898.31 0.0001
178245 8903.4 0.0001
178347 8908.5 0.0001
178449 8913.59 0.0001
178551 8918.69 0.0001
178653 8923.79 0.0001
178755 8928.88 0.0001
178857 8933.98 0.0001
178959 8939.08 0.0001
179062 8944.17 0.0001
179164 8949.27 0.0001
179266 8954.37 0.0001
179368 8959.46 0.0001
179470 8964.56 0.0001
179572 8969.65 0.0001
179674 8974.75 0.0001
179776 8979.85 0.0001
179878 8984.94 0.0001
179980 8990.04 0.0001
180082 8995.14 0.0001
180184 9000.23 0.0001
180286 9005.33 0.0001
180388 9010.43 0.0001
180490 9015.52 0.0001
180592 9020.62 0.0001
180694 9025.71 0.0001
180796 9030.81 0.0001
180898 9035.91 0.0001
181000 9041 0.0001
181102 9046.1 0.0001
181204 9051.2 0.0001
181306 9056.29 0.0001
181408 9061.39 0.0001
181510 9066.49 0.0001
181612 9071.58 0.0001
181714 9076.68 0.0001
181816 9081.78 0.0001
181918 9086.87 0.0001
182020 9091.97 0.0001
182122 9097.06 0.0001
182224 9102.16 0.0001
182326 9107.26 0.0001
182428 9112.35 0.0001
182531 9117.45 0.0001
182633 9122.55 0.0001
182735 9127.64 0.0001
182837 9132.74 0.0001
182939 9137.84 0.0001
183041 9142.93 0.0001
183143 9148.03 0.0001
183245 9153.12 0.0001
183347 9158.22 0.0001
183449 9163.32 0.0001
183551 9168.41 0.0001
183653 9173.51 0.0001
183755 9178.61 0.0001
183857 9183.7 0.0001
183959 9188.8 0.0001
184061 9193.9 0.0001
184163 9198.99 0.0001
184265 9204.09 0.0001
184367 9209.18 0.0001
184469 9214.28 0.0001
184571 9219.38 0.0001
184673 9224.47 0.0001
184775 9229.57 0.0001
184877 9234.67 0.0001
184979 9239.76 0.0001
185081 9244.86 0.0001
185183 9249.96 0.0001
185285 9255.05 0.0001
185387 9260.15 0.0001
185489 9265.24 0.0001
185591 9270.34 0.0001
185693 9275.44 0.0001
185795 9280.53 0.0001
185897 9285.63 0.0001
186000 9290.73 0.0001
186102 9295.82 0.0001
186204 9300.92 0.0001
186306 9306.02 0.0001
186408 9311.11 0.0001
186510 9316.21 0.0001
186612 9321.3 0.0001
186714 9326.4 0.0001
186816 9331.5 0.0001
186918 9336.59 0.0001
187020 9341.69 0.0001
187122 9346.79 0.0001
187224 9351.88 0.0001
187326 9356.98 0.0001
187428 9362.08 0.0001
187530 9367.17 0.0001
187632 9372.27 0.0001
187734 9377.36 0.0001
187836 9382.46 0.0001
187938 9387.56 0.0001
188040 9392.65 0.0001
188142 9397.75 0.0001
188244 9402.85 0.0001
188346 9407.94 0.0001
188448 9413.04 0.0001
188550 9418.14 0.0001
188652 9423.23 0.0001
188754 9428.33 0.0001
188856 9433.42 0.0001
188958 9438.52 0.0001
189060 9443.62 0.0001
189162 9448.71 0.0001
189264 9453.81 0.0001
189366 9458.91 0.0001
189469 9464 0.0001
189571 9469.1 0.0001
189673 9474.2 0.0001
189775 9479.29 0.0001
189877 9484.39 0.0001
189979 9489.48 0.0001
190081 9494.58 0.0001
190183 9499.68 0.0001
190285 9504.77 0.0001
190387 9509.87 0.0001
190489 9514.97 0.0001
190591 9520.06 0.0001
190693 9525.16 0.0001
190795 9530.26 0.0001
190897 9535.35 0.0001
190999 9540.45 0.0001
191101 9545.54 0.0001
191203 9550.64 0.0001
191305 9555.74 0.0001
191407 9560.83 0.0001
191509 9565.93 0.0001
191611 9571.03 0.0001
191713 9576.12 0.0001
191815 9581.22 0.0001
191917 9586.32 0.0001
192019 9591.41 0.0001
192121 9596.51 0.0001
192223 9601.6 0.0001
192325 9606.7 0.0001
192427 9611.8 0.0001
192529 9616.89 0.0001
192631 9621.99 0.0001
192733 9627.09 0.0001
192835 9632.18 0.0001
192938 9637.28 0.0001
193040 9642.38 0.0001
193142 9647.47 0.0001
193244 9652.57 0.0001
193346 9657.66 0.0001
193448 9662.76 0.0001
193550 9667.86 0.0001
193652 9672.95 0.0001
193754 9678.05 0.0001
193856 9683.15 0.0001
193958 9688.24 0.0001
194060 9693.34 0.0001
194162 9698.44 0.0001
194264 9703.53 0.0001
194366 9708.63 0.0001
194468 9713.72 0.0001
194570 9718.82 0.0001
194672 9723.92 0.0001
194774 9729.01 0.0001
194876 9734.11 0.0001
194978 9739.21 0.0001
195080 9744.3 0.0001
195182 9749.4 0.0001
195284 9754.5 0.0001
195386 9759.59 0.0001
195488 9764.69 0.0001
195590 9769.78 0.0001
195692 9774.88 0.0001
195794 9779.98 0.0001
195896 9785.07 0.0001
195998 9790.17 0.0001
196100 9795.27 0.0001
196202 9800.36 0.0001
196304 9805.46 0.0001
196407 9810.56 0.0001
196509 9815.65 0.0001
196611 9820.75 0.0001
196713 9825.84 0.0001
196815 9830.94 0.0001
196917 9836.04 0.0001
197019 9841.13 0.0001
197121 9846.23 0.0001
197223 9851.33 0.0001
197325 9856.42 0.0001
197427 9861.52 0.0001
197529 9866.62 0.0001
197631 9871.71 0.0001
197733 9876.81 0.0001
197835 9881.9 0.0001
197937 9887 0.0001
198039 9892.1 0.0001
198141 9897.19 0.0001
198243 9902.29 0.0001
198345 9907.39 0.0001
198447 9912.48 0.0001
198549 9917.58 0.0001
198651 9922.68 0.0001
198753 9927.77 0.0001
198855 9932.87 0.0001
198957 9937.96 0.0001
199059 9943.06 0.0001
199161 9948.16 0.0001
199263 9953.25 0.0001
199365 9958.35 0.0001
199467 9963.45 0.0001
199569 9968.54 0.0001
199671 9973.64 0.0001
199773 9978.74 0.0001
199876 9983.83 0.0001
199978 9988.93 0.0001
200080 9994.02 0.0001
200182 9999.12 0.0001
200284 10004.2 0.0001
200386 10009.3 0.0001
200488 10014.4 0.0001
200590 10019.5 0.0001
200692 10024.6 0.0001
200794 10029.7 0.0001
200896 10034.8 0.0001
200998 10039.9 0.0001
201100 10045 0.0001
201202 10050.1 0.0001
201304 10055.2 0.0001
201406 10060.3 0.0001
201508 10065.4 0.0001
201610 10070.5 0.0001
201712 10075.6 0.0001
201814 10080.7 0.0001
201916 10085.8 0.0001
202018 10090.9 0.0001
202120 10096 0.0001
202222 10101 0.0001
202324 10106.1 0.0001
202426 10111.2 0.0001
202528 10116.3 0.0001
202630 10121.4 0.0001
202732 10126.5 0.0001
202834 10131.6 0.0001
202936 10136.7 0.0001
203038 10141.8 0.0001
203140 10146.9 0.0001
203242 10152 0.0001
203345 10157.1 0.0001
203447 10162.2 0.0001
203549 10167.3 0.0001
203651 10172.4 0.0001
203753 10177.5 0.0001
203855 10182.6 0.0001
203957 10187.7 0.0001
204059 10192.8 0.0001
204161 10197.9 0.0001
204263 10203 0.0001
204365 10208.1 0.0001
204467 10213.2 0.0001
204569 10218.3 0.0001
204671 10223.4 0.0001
204773 10228.5 0.0001
204875 10233.6 0.0001
204977 10238.7 0.0001
205079 10243.7 0.0001
205181 10248.8 0.0001
205283 10253.9 0.0001
205385 10259 0.0001
205487 10264.1 0.0001
205589 10269.2 0.0001
205691 10274.3 0.0001
205793 10279.4 0.0001
205895 10284.5 0.0001
205997 10289.6 0.0001
206099 10294.7 0.0001
206201 10299.8 0.0001
206303 10304.9 0.0001
206405 10310 0.0001
206507 10315.1 0.0001
206609 10320.2 0.0001
206711 10325.3 0.0001
206814 10330.4 0.0001
206916 10335.5 0.0001
207018 10340.6 0.0001
207120 10345.7 0.0001
207222 10350.8 0.0001
207324 10355.9 0.0001
207426 10361 0.0001
207528 10366.1 0.0001
207630 10371.2 0.0001
207732 10376.3 0.0001
207834 10381.3 0.0001
207936 10386.4 0.0001
208038 10391.5 0.0001
208140 10396.6 0.0001
208242 10401.7 0.0001
208344 10406.8 0.0001
208446 10411.9 0.0001
208548 10417 0.0001
208650 10422.1 0.0001
208752 10427.2 0.0001
208854 10432.3 0.0001
208956 10437.4 0.0001
209058 10442.5 0.0001
209160 10447.6 0.0001
209262 10452.7 0.0001
209364 10457.8 0.0001
209466 10462.9 0.0001
209568 10468 0.0001
209670 10473.1 0.0001
209772 10478.2 0.0001
209874 10483.3 0.0001
209976 10488.4 0.0001
210078 10493.5 0.0001
210180 10498.6 0.0001
210283 10503.7 0.0001
210385 10508.8 0.0001
210487 10513.9 0.0001
210589 10519 0.0001
210691 10524 0.0001
210793 10529.1 0.0001
210895 10534.2 0.0001
210997 10539.3 0.0001
211099 10544.4 0.0001
211201 10549.5 0.0001
211303 10554.6 0.0001
211405 10559.7 0.0001
211507 10564.8 0.0001
211609 10569.9 0.0001
211711 10575 0.0001
211813 10580.1 0.0001
211915 10585.2 0.0001
212017 10590.3 0.0001
212119 10595.4 0.0001
212221 10600.5 0.0001
212323 10605.6 0.0001
212425 10610.7 0.0001
212527 10615.8 0.0001
212629 10620.9 0.0001
212731 10626 0.0001
212833 10631.1 0.0001
212935 10636.2 0.0001
213037 10641.3 0.0001
213139 10646.4 0.0001
213241 10651.5 0.0001
213343 10656.6 0.0001
213445 10661.6 0.0001
213547 10666.7 0.0001
213649 10671.8 0.0001
213752 10676.9 0.0001
213854 10682 0.0001
213956 10687.1 0.0001
214058 10692.2 0.0001
214160 10697.3 0.0001
214262 10702.4 0.0001
214364 10707.5 0.0001
214466 10712.6 0.0001
214568 10717.7 0.0001
214670 10722.8 0.0001
214772 10727.9 0.0001
214874 10733 0.0001
214976 10738.1 0.0001
215078 10743.2 0.0001
215180 10748.3 0.0001
215282 10753.4 0.0001
215384 10758.5 0.0001
215486 10763.6 0.0001
215588 10768.7 0.0001
215690 10773.8 0.0001
215792 10778.9 0.0001
215894 10784 0.0001
215996 10789.1 0.0001
216098 10794.2 0.0001
216200 10799.3 0.0001
216302 10804.3 0.0001
216404 10809.4 0.0001
216506 10814.5 0.0001
216608 10819.6 0.0001
216710 10824.7 0.0001
216812 10829.8 0.0001
216914 10834.9 0.0001
217016 10840 0.0001
217118 10845.1 0.0001
217221 10850.2 0.0001
217323 10855.3 0.0001
217425 10860.4 0.0001
217527 10865.5 0.0001
217629 10870.6 0.0001
217731 10875.7 0.0001
217833 10880.8 0.0001
217935 10885.9 0.0001
218037 10891 0.0001
218139 10896.1 0.0001
218241 10901.2 0.0001
218343 10906.3 0.0001
218445 10911.4 0.0001
218547 10916.5 0.0001
218649 10921.6 0.0001
218751 10926.7 0.0001
218853 10931.8 0.0001
218955 10936.9 0.0001
219057 10941.9 0.0001
219159 10947 0.0001
219261 10952.1 0.0001
219363 10957.2 0.0001
219465 10962.3 0.0001
219567 10967.4 0.0001
219669 10972.5 0.0001
219771 10977.6 0.0001
219873 10982.7 0.0001
219975 10987.8 0.0001
220077 10992.9 0.0001
220179 10998 0.0001
220281 11003.1 0.0001
220383 11008.2 0.0001
220485 11013.3 0.0001
220587 11018.4 0.0001
220690 11023.5 0.0001
220792 11028.6 0.0001
220894 11033.7 0.0001
220996 11038.8 0.0001
221098 11043.9 0.0001
221200 11049 0.0001
221302 11054.1 0.0001
221404 11059.2 0.0001
221506 11064.3 0.0001
221608 11069.4 0.0001
221710 11074.5 0.0001
221812 11079.6 0.0001
221914 11084.6 0.0001
222016 11089.7 0.0001
222118 11094.8 0.0001
222220 11099.9 0.0001
222322 11105 0.0001
222424 11110.1 0.0001
222526 11115.2 0.0001
222628 11120.3 0.0001
222730 11125.4 0.0001
222832 11130.5 0.0001
222934 11135.6 0.0001
223036 11140.7 0.0001
223138 11145.8 0.0001
223240 11150.9 0.0001
223342 11156 0.0001
223444 11161.1 0.0001
223546 11166.2 0.0001
223648 11171.3 0.0001
223750 11176.4 0.0001
223852 11181.5 0.0001
223954 11186.6 0.0001
224056 11191.7 0.0001
224158 11196.8 0.0001
224261 11201.9 0.0001
224363 11207 0.0001
224465 11212.1 0.0001
224567 11217.2 0.0001
224669 11222.2 0.0001
224771 11227.3 0.0001
224873 11232.4 0.0001
224975 11237.5 0.0001
225077 11242.6 0.0001
225179 11247.7 0.0001
225281 11252.8 0.0001
225383 11257.9 0.0001
225485 11263 0.0001
225587 11268.1 0.0001
225689 11273.2 0.0001
225791 11278.3 0.0001
225893 11283.4 0.0001
225995 11288.5 0.0001
226097 11293.6 0.0001
226199 11298.7 0.0001
226301 11303.8 0.0001
226403 11308.9 0.0001
226505 11314 0.0001
226607 11319.1 0.0001
226709 11324.2 0.0001
226811 11329.3 0.0001
226913 11334.4 0.0001
227015 11339.5 0.0001
227117 11344.6 0.0001
227219 11349.7 0.0001
227321 11354.8 0.0001
227423 11359.9 0.0001
227525 11364.9 0.0001
227627 11370 0.0001
227730 11375.1 0.0001
227832 11380.2 0.0001
227934 11385.3 0.0001
228036 11390.4 0.0001
228138 11395.5 0.0001
228240 11400.6 0.0001
228342 11405.7 0.0001
228444 11410.8 0.0001
228546 11415.9 0.0001
228648 11421 0.0001
228750 11426.1 0.0001
228852 11431.2 0.0001
228954 11436.3 0.0001
229056 11441.4 0.0001
229158 11446.5 0.0001
229260 11451.6 0.0001
229362 11456.7 0.0001
229464 11461.8 0.0001
229566 11466.9 0.0001
229668 11472 0.0001
229770 11477.1 0.0001
229872 11482.2 0.0001
229974 11487.3 0.0001
230076 11492.4 0.0001
230178 11497.5 0.0001
230280 11502.5 0.0001
230382 11507.6 0.0001
230484 11512.7 0.0001
230586 11517.8 0.0001
230688 11522.9 0.0001
230790 11528 0.0001
230892 11533.1 0.0001
230994 11538.2 0.0001
231096 11543.3 0.0001
231199 11548.4 0.0001
231301 11553.5 0.0001
231403 11558.6 0.0001
231505 11563.7 0.0001
231607 11568.8 0.0001
231709 11573.9 0.0001
231811 11579 0.0001
231913 11584.1 0.0001
232015 11589.2 0.0001
232117 11594.3 0.0001
232219 11599.4 0.0001
232321 11604.5 0.0001
232423 11609.6 0.0001
232525 11614.7 0.0001
232627 11619.8 0.0001
232729 11624.9 0.0001
232831 11630 0.0001
232933 11635.1 0.0001
233035 11640.2 0.0001
233137 11645.2 0.0001
233239 11650.3 0.0001
233341 11655.4 0.0001
233443 11660.5 0.0001
233545 11665.6 0.0001
233647 11670.7 0.0001
233749 11675.8 0.0001
233851 11680.9 0.0001
233953 11686 0.0001
234055 11691.1 0.0001
234157 11696.2 0.0001
234259 11701.3 0.0001
234361 11706.4 0.0001
234463 11711.5 0.0001
234565 11716.6 0.0001
234668 11721.7 0.0001
234770 11726.8 0.0001
234872 11731.9 0.0001
234974 11737 0.0001
235076 11742.1 0.0001
235178 11747.2 0.0001
235280 11752.3 0.0001
235382 11757.4 0.0001
235484 11762.5 0.0001
235586 11767.6 0.0001
235688 11772.7 0.0001
235790 11777.8 0.0001
235892 11782.8 0.0001
235994 11787.9 0.0001
236096 11793 0.0001
236198 11798.1 0.0001
236300 11803.2 0.0001
236402 11808.3 0.0001
236504 11813.4 0.0001
236606 11818.5 0.0001
236708 11823.6 0.0001
236810 11828.7 0.0001
236912 11833.8 0.0001
237014 11838.9 0.0001
237116 11844 0.0001
237218 11849.1 0.0001
237320 11854.2 0.0001
237422 11859.3 0.0001
237524 11864.4 0.0001
237626 11869.5 0.0001
237728 11874.6 0.0001
237830 11879.7 0.0001
237932 11884.8 0.0001
238034 11889.9 0.0001
238137 11895 0.0001
238239 11900.1 0.0001
238341 11905.2 0.0001
238443 11910.3 0.0001
238545 11915.4 0.0001
238647 11920.5 0.0001
238749 11925.5 0.0001
238851 11930.6 0.0001
238953 11935.7 0.0001
239055 11940.8 0.0001
239157 11945.9 0.0001
239259 11951 0.0001
239361 11956.1 0.0001
239463 11961.2 0.0001
239565 11966.3 0.0001
239667 11971.4 0.0001
239769 11976.5 0.0001
239871 11981.6 0.0001
239973 11986.7 0.0001
240075 11991.8 0.0001
240177 11996.9 0.0001
240279 12002 0.0001
240381 12007.1 0.0001
240483 12012.2 0.0001
240585 12017.3 0.0001
240687 12022.4 0.0001
240789 12027.5 0.0001
240891 12032.6 0.0001
240993 12037.7 0.0001
241095 12042.8 0.0001
241197 12047.9 0.0001
241299 12053 0.0001
241401 12058.1 0.0001
241503 12063.1 0.0001
241606 12068.2 0.0001
241708 12073.3 0.0001
241810 12078.4 0.0001
241912 12083.5 0.0001
242014 12088.6 0.0001
242116 12093.7 0.0001
242218 12098.8 0.0001
242320 12103.9 0.0001
242422 12109 0.0001
242524 12114.1 0.0001
242626 12119.2 0.0001
242728 12124.3 0.0001
242830 12129.4 0.0001
242932 12134.5 0.0001
243034 12139.6 0.0001
243136 12144.7 0.0001
243238 12149.8 0.0001
243340 12154.9 0.0001
243442 12160 0.0001
243544 12165.1 0.0001
243646 12170.2 0.0001
243748 12175.3 0.0001
243850 12180.4 0.0001
243952 12185.5 0.0001
244054 12190.6 0.0001
244156 12195.7 0.0001
244258 12200.8 0.0001
244360 12205.8 0.0001
244462 12210.9 0.0001
244564 12216 0.0001
244666 12221.1 0.0001
244768 12226.2 0.0001
244870 12231.3 0.0001
244972 12236.4 0.0001
245075 12241.5 0.0001
245177 12246.6 0.0001
245279 12251.7 0.0001
245381 12256.8 0.0001
245483 12261.9 0.0001
245585 12267 0.0001
245687 12272.1 0.0001
245789 12277.2 0.0001
245891 12282.3 0.0001
245993 12287.4 0.0001
246095 12292.5 0.0001
246197 12297.6 0.0001
246299 12302.7 0.0001
246401 12307.8 0.0001
246503 12312.9 0.0001
246605 12318 0.0001
246707 12323.1 0.0001
246809 12328.2 0.0001
246911 12333.3 0.0001
247013 12338.4 0.0001
247115 12343.4 0.0001
247217 12348.5 0.0001
247319 12353.6 0.0001
247421 12358.7 0.0001
247523 12363.8 0.0001
247625 12368.9 0.0001
247727 12374 0.0001
247829 12379.1 0.0001
247931 12384.2 0.0001
248033 12389.3 0.0001
248135 12394.4 0.0001
248237 12399.5 0.0001
248339 12404.6 0.0001
248441 12409.7 0.0001
248544 12414.8 0.0001
248646 12419.9 0.0001
248748 12425 0.0001
248850 12430.1 0.0001
248952 12435.2 0.0001
249054 12440.3 0.0001
249156 12445.4 0.0001
249258 12450.5 0.0001
249360 12455.6 0.0001
249462 12460.7 0.0001
249564 12465.8 0.0001
249666 12470.9 0.0001
249768 12476 0.0001
249870 12481.1 0.0001
249972 12486.1 0.0001
250074 12491.2 0.0001
250176 12496.3 0.0001
250278 12501.4 0.0001
250380 12506.5 0.0001
250482 12511.6 0.0001
250584 12516.7 0.0001
250686 12521.8 0.0001
250788 12526.9 0.0001
250890 12532 0.0001
250992 12537.1 0.0001
251094 12542.2 0.0001
251196 12547.3 0.0001
251298 12552.4 0.0001
251400 12557.5 0.0001
251502 12562.6 0.0001
251604 12567.7 0.0001
251706 12572.8 0.0001
251808 12577.9 0.0001
251910 12583 0.0001
252013 12588.1 0.0001
252115 12593.2 0.0001
252217 12598.3 0.0001
252319 12603.4 0.0001
252421 12608.5 0.0001
252523 12613.6 0.0001
252625 12618.7 0.0001
252727 12623.7 0.0001
252829 12628.8 0.0001
252931 12633.9 0.0001
253033 12639 0.0001
253135 12644.1 0.0001
253237 12649.2 0.0001
253339 12654.3 0.0001
253441 12659.4 0.0001
253543 12664.5 0.0001
253645 12669.6 0.0001
253747 12674.7 0.0001
253849 12679.8 0.0001
253951 12684.9 0.0001
254053 12690 0.0001
254155 12695.1 0.0001
254257 12700.2 0.0001
254359 12705.3 0.0001
254461 12710.4 0.0001
254563 12715.5 0.0001
254665 12720.6 0.0001
254767 12725.7 0.0001
254869 12730.8 0.0001
254971 12735.9 0.0001
255073 12741 0.0001
255175 12746.1 0.0001
255277 12751.2 0.0001
255379 12756.3 0.0001
255482 12761.4 0.0001
255584 12766.4 0.0001
255686 12771.5 0.0001
255788 12776.6 0.0001
255890 12781.7 0.0001
255992 12786.8 0.0001
256094 12791.9 0.0001
256196 12797 0.0001
256298 12802.1 0.0001
256400 12807.2 0.0001
256502 12812.3 0.0001
256604 12817.4 0.0001
256706 12822.5 0.0001
256808 12827.6 0.0001
256910 12832.7 0.0001
257012 12837.8 0.0001
257114 12842.9 0.0001
257216 12848 0.0001
257318 12853.1 0.0001
257420 12858.2 0.0001
257522 12863.3 0.0001
257624 12868.4 0.0001
257726 12873.5 0.0001
257828 12878.6 0.0001
257930 12883.7 0.0001
258032 12888.8 0.0001
258134 12893.9 0.0001
258236 12899 0.0001
258338 12904 0.0001
258440 12909.1 0.0001
258542 12914.2 0.0001
258644 12919.3 0.0001
258746 12924.4 0.0001
258848 12929.5 0.0001
258951 12934.6 0.0001
259053 12939.7 0.0001
259155 12944.8 0.0001
259257 12949.9 0.0001
259359 12955 0.0001
259461 12960.1 0.0001
259563 12965.2 0.0001
259665 12970.3 0.0001
259767 12975.4 0.0001
259869 12980.5 0.0001
259971 12985.6 0.0001
260073 12990.7 0.0001
260175 12995.8 0.0001
260277 13000.9 0.0001
260379 13006 0.0001
260481 13011.1 0.0001
260583 13016.2 0.0001
260685 13021.3 0.0001
260787 13026.4 0.0001
260889 13031.5 0.0001
260991 13036.6 0.0001
261093 13041.7 0.0001
261195 13046.7 0.0001
261297 13051.8 0.0001
261399 13056.9 0.0001
261501 13062 0.0001
261603 13067.1 0.0001
261705 13072.2 0.0001
261807 13077.3 0.0001
261909 13082.4 0.0001
262011 13087.5 0.0001
262113 13092.6 0.0001
262215 13097.7 0.0001
262317 13102.8 0.0001
262420 13107.9 0.0001
262522 13113 0.0001
262624 13118.1 0.0001
262726 13123.2 0.0001
262828 13128.3 0.0001
262930 13133.4 0.0001
263032 13138.5 0.0001
263134 13143.6 0.0001
263236 13148.7 0.0001
263338 13153.8 0.0001
263440 13158.9 0.0001
263542 13164 0.0001
263644 13169.1 0.0001
263746 13174.2 0.0001
263848 13179.3 0.0001
263950 13184.4 0.0001
264052 13189.4 0.0001
264154 13194.5 0.0001
264256 13199.6 0.0001
264358 13204.7 0.0001
264460 13209.8 0.0001
264562 13214.9 0.0001
264664 13220 0.0001
264766 13225.1 0.0001
264868 13230.2 0.0001
264970 13235.3 0.0001
265072 13240.4 0.0001
265174 13245.5 0.0001
265276 13250.6 0.0001
265378 13255.7 0.0001
265480 13260.8 0.0001
265582 13265.9 0.0001
265684 13271 0.0001
265786 13276.1 0.0001
265889 13281.2 0.0001
265991 13286.3 0.0001
266093 13291.4 0.0001
266195 13296.5 0.0001
266297 13301.6 0.0001
266399 13306.7 0.0001
266501 13311.8 0.0001
266603 13316.9 0.0001
266705 13322 0.0001
266807 13327 0.0001
266909 13332.1 0.0001
267011 13337.2 0.0001
267113 13342.3 0.0001
267215 13347.4 0.0001
267317 13352.5 0.0001
267419 13357.6 0.0001
267521 13362.7 0.0001
267623 13367.8 0.0001
267725 13372.9 0.0001
267827 13378 0.0001
267929 13383.1 0.0001
268031 13388.2 0.0001
268133 13393.3 0.0001
268235 13398.4 0.0001
268337 13403.5 0.0001
268439 13408.6 0.0001
268541 13413.7 0.0001
268643 13418.8 0.0001
268745 13423.9 0.0001
268847 13429 0.0001
268949 13434.1 0.0001
269051 13439.2 0.0001
269153 13444.3 0.0001
269255 13449.4 0.0001
269358 13454.5 0.0001
269460 13459.6 0.0001
269562 13464.7 0.0001
269664 13469.7 0.0001
269766 13474.8 0.0001
269868 13479.9 0.0001
269970 13485 0.0001
270072 13490.1 0.0001
270174 13495.2 0.0001
270276 13500.3 0.0001
270378 13505.4 0.0001
270480 13510.5 0.0001
270582 13515.6 0.0001
270684 13520.7 0.0001
270786 13525.8 0.0001
270888 13530.9 0.0001
270990 13536 0.0001
271092 13541.1 0.0001
271194 13546.2 0.0001
271296 13551.3 0.0001
271398 13556.4 0.0001
271500 13561.5 0.0001
271602 13566.6 0.0001
271704 13571.7 0.0001
271806 13576.8 0.0001
271908 13581.9 0.0001
272010 13587 0.0001
272112 13592.1 0.0001
272214 13597.2 0.0001
272316 13602.3 0.0001
272418 13607.3 0.0001
272520 13612.4 0.0001
272622 13617.5 0.0001
272724 13622.6 0.0001
272827 13627.7 0.0001
272929 13632.8 0.0001
273031 13637.9 0.0001
273133 13643 0.0001
273235 13648.1 0.0001
273337 13653.2 0.0001
273439 13658.3 0.0001
273541 13663.4 0.0001
273643 13668.5 0.0001
273745 13673.6 0.0001
273847 13678.7 0.0001
273949 13683.8 0.0001
274051 13688.9 0.0001
274153 13694 0.0001
274255 13699.1 0.0001
274357 13704.2 0.0001
274459 13709.3 0.0001
274561 13714.4 0.0001
274663 13719.5 0.0001
274765 13724.6 0.0001
274867 13729.7 0.0001
274969 13734.8 0.0001
275071 13739.9 0.0001
275173 13745 0.0001
275275 13750 0.0001
275377 13755.1 0.0001
275479 13760.2 0.0001
275581 13765.3 0.0001
275683 13770.4 0.0001
275785 13775.5 0.0001
275887 13780.6 0.0001
275989 13785.7 0.0001
276091 13790.8 0.0001
276193 13795.9 0.0001
276296 13801 0.0001
276398 13806.1 0.0001
276500 13811.2 0.0001
276602 13816.3 0.0001
276704 13821.4 0.0001
276806 13826.5 0.0001
276908 13831.6 0.0001
277010 13836.7 0.0001
277112 13841.8 0.0001
277214 13846.9 0.0001
277316 13852 0.0001
277418 13857.1 0.0001
277520 13862.2 0.0001
277622 13867.3 0.0001
277724 13872.4 0.0001
277826 13877.5 0.0001
277928 13882.6 0.0001
278030 13887.6 0.0001
278132 13892.7 0.0001
278234 13897.8 0.0001
278336 13902.9 0.0001
278438 13908 0.0001
278540 13913.1 0.0001
278642 13918.2 0.0001
278744 13923.3 0.0001
278846 13928.4 0.0001
278948 13933.5 0.0001
279050 13938.6 0.0001
279152 13943.7 0.0001
279254 13948.8 0.0001
279356 13953.9 0.0001
279458 13959 0.0001
279560 13964.1 0.0001
279662 13969.2 0.0001
279764 13974.3 0.0001
279867 13979.4 0.0001
279969 13984.5 0.0001
280071 13989.6 0.0001
280173 13994.7 0.0001
280275 13999.8 0.0001
280377 14004.9 0.0001
280479 14010 0.0001
280581 14015.1 0.0001
280683 14020.2 0.0001
280785 14025.3 0.0001
280887 14030.3 0.0001
280989 14035.4 0.0001
281091 14040.5 0.0001
281193 14045.6 0.0001
281295 14050.7 0.0001
281397 14055.8 0.0001
281499 14060.9 0.0001
281601 14066 0.0001
281703 14071.1 0.0001
281805 14076.2 0.0001
281907 14081.3 0.0001
282009 14086.4 0.0001
282111 14091.5 0.0001
282213 14096.6 0.0001
282315 14101.7 0.0001
282417 14106.8 0.0001
282519 14111.9 0.0001
282621 14117 0.0001
282723 14122.1 0.0001
282825 14127.2 0.0001
282927 14132.3 0.0001
283029 14137.4 0.0001
283131 14142.5 0.0001
283233 14147.6 0.0001
283336 14152.7 0.0001
283438 14157.8 0.0001
283540 14162.9 0.0001
283642 14167.9 0.0001
283744 14173 0.0001
283846 14178.1 0.0001
283948 14183.2 0.0001
284050 14188.3 0.0001
284152 14193.4 0.0001
284254 14198.5 0.0001
284356 14203.6 0.0001
284458 14208.7 0.0001
284560 14213.8 0.0001
284662 14218.9 0.0001
284764 14224 0.0001
284866 14229.1 0.0001
284968 14234.2 0.0001
285070 14239.3 0.0001
285172 14244.4 0.0001
285274 14249.5 0.0001
285376 14254.6 0.0001
285478 14259.7 0.0001
285580 14264.8 0.0001
285682 14269.9 0.0001
285784 14275 0.0001
285886 14280.1 0.0001
285988 14285.2 0.0001
286090 14290.3 0.0001
286192 14295.4 0.0001
286294 14300.5 0.0001
286396 14305.6 0.0001
286498 14310.6 0.0001
286600 14315.7 0.0001
286702 14320.8 0.0001
286805 14325.9 0.0001
286907 14331 0.0001
287009 14336.1 0.0001
287111 14341.2 0.0001
287213 14346.3 0.0001
287315 14351.4 0.0001
287417 14356.5 0.0001
287519 14361.6 0.0001
287621 14366.7 0.0001
287723 14371.8 0.0001
287825 14376.9 0.0001
287927 14382 0.0001
288029 14387.1 0.0001
288131 14392.2 0.0001
288233 14397.3 0.0001
288335 14402.4 0.0001
288437 14407.5 0.0001
288539 14412.6 0.0001
288641 14417.7 0.0001
288743 14422.8 0.0001
288845 14427.9 0.0001
288947 14433 0.0001
289049 14438.1 0.0001
289151 14443.2 0.0001
289253 14448.2 0.0001
289355 14453.3 0.0001
289457 14458.4 0.0001
289559 14463.5 0.0001
289661 14468.6 0.0001
289763 14473.7 0.0001
289865 14478.8 0.0001
289967 14483.9 0.0001
290069 14489 0.0001
290171 14494.1 0.0001
290274 14499.2 0.0001
290376 14504.3 0.0001
290478 14509.4 0.0001
290580 14514.5 0.0001
290682 14519.6 0.0001
290784 14524.7 0.0001
290886 14529.8 0.0001
290988 14534.9 0.0001
291090 14540 0.0001
291192 14545.1 0.0001
291294 14550.2 0.0001
291396 14555.3 0.0001
291498 14560.4 0.0001
291600 14565.5 0.0001
291702 14570.6 0.0001
291804 14575.7 0.0001
291906 14580.8 0.0001
292008 14585.9 0.0001
292110 14590.9 0.0001
292212 14596 0.0001
292314 14601.1 0.0001
292416 14606.2 0.0001
292518 14611.3 0.0001
292620 14616.4 0.0001
292722 14621.5 0.0001
292824 14626.6 0.0001
292926 14631.7 0.0001
293028 14636.8 0.0001
293130 14641.9 0.0001
293232 14647 0.0001
293334 14652.1 0.0001
293436 14657.2 0.0001
293538 14662.3 0.0001
293640 14667.4 0.0001
293743 14672.5 0.0001
293845 14677.6 0.0001
293947 14682.7 0.0001
294049 14687.8 0.0001
294151 14692.9 0.0001
294253 14698 0.0001
294355 14703.1 0.0001
294457 14708.2 0.0001
294559 14713.3 0.0001
294661 14718.4 0.0001
294763 14723.5 0.0001
294865 14728.5 0.0001
294967 14733.6 0.0001
295069 14738.7 0.0001
295171 14743.8 0.0001
295273 14748.9 0.0001
295375 14754 0.0001
295477 14759.1 0.0001
295579 14764.2 0.0001
295681 14769.3 0.0001
295783 14774.4 0.0001
295885 14779.5 0.0001
295987 14784.6 0.0001
296089 14789.7 0.0001
296191 14794.8 0.0001
296293 14799.9 0.0001
296395 14805 0.0001
296497 14810.1 0.0001
296599 14815.2 0.0001
296701 14820.3 0.0001
296803 14825.4 0.0001
296905 14830.5 0.0001
297007 14835.6 0.0001
297109 14840.7 0.0001
297212 14845.8 0.0001
297314 14850.9 0.0001
297416 14856 0.0001
297518 14861.1 0.0001
297620 14866.2 0.0001
297722 14871.2 0.0001
297824 14876.3 0.0001
297926 14881.4 0.0001
298028 14886.5 0.0001
298130 14891.6 0.0001
298232 14896.7 0.0001
298334 14901.8 0.0001
298436 14906.9 0.0001
298538 14912 0.0001
298640 14917.1 0.0001
298742 14922.2 0.0001
298844 14927.3 0.0001
298946 14932.4 0.0001
299048 14937.5 0.0001
299150 14942.6 0.0001
299252 14947.7 0.0001
299354 14952.8 0.0001
299456 14957.9 0.0001
299558 14963 0.0001
299660 14968.1 0.0001
299762 14973.2 0.0001
299864 14978.3 0.0001
299966 14983.4 0.0001
300068 14988.5 0.0001
300170 14993.6 0.0001
300272 14998.7 0.0001
300374 15003.8 0.0001
300476 15008.8 0.0001
300578 15013.9 0.0001
300681 15019 0.0001
300783 15024.1 0.0001
300885 15029.2 0.0001
300987 15034.3 0.0001
301089 15039.4 0.0001
301191 15044.5 0.0001
301293 15049.6 0.0001
301395 15054.7 0.0001
301497 15059.8 0.0001
301599 15064.9 0.0001
301701 15070 0.0001
301803 15075.1 0.0001
301905 15080.2 0.0001
302007 15085.3 0.0001
302109 15090.4 0.0001
302211 15095.5 0.0001
302313 15100.6 0.0001
302415 15105.7 0.0001
302517 15110.8 0.0001
302619 15115.9 0.0001
302721 15121 0.0001
302823 15126.1 0.0001
302925 15131.2 0.0001
303027 15136.3 0.0001
303129 15141.4 0.0001
303231 15146.5 0.0001
303333 15151.5 0.0001
303435 15156.6 0.0001
303537 15161.7 0.0001
303639 15166.8 0.0001
303741 15171.9 0.0001
303843 15177 0.0001
303945 15182.1 0.0001
304047 15187.2 0.0001
304150 15192.3 0.0001
304252 15197.4 0.0001
304354 15202.5 0.0001
304456 15207.6 0.0001
304558 15212.7 0.0001
304660 15217.8 0.0001
304762 15222.9 0.0001
304864 15228 0.0001
304966 15233.1 0.0001
305068 15238.2 0.0001
305170 15243.3 0.0001
305272 15248.4 0.0001
305374 15253.5 0.0001
305476 15258.6 0.0001
305578 15263.7 0.0001
305680 15268.8 0.0001
305782 15273.9 0.0001
305884 15279 0.0001
305986 15284.1 0.0001
306088 15289.1 0.0001
306190 15294.2 0.0001
306292 15299.3 0.0001
306394 15304.4 0.0001
306496 15309.5 0.0001
306598 15314.6 0.0001
306700 15319.7 0.0001
306802 15324.8 0.0001
306904 15329.9 0.0001
307006 15335 0.0001
307108 15340.1 0.0001
307210 15345.2 0.0001
307312 15350.3 0.0001
307414 15355.4 0.0001
307516 15360.5 0.0001
307619 15365.6 0.0001
307721 15370.7 0.0001
307823 15375.8 0.0001
307925 15380.9 0.0001
308027 15386 0.0001
308129 15391.1 0.0001
308231 15396.2 0.0001
308333 15401.3 0.0001
308435 15406.4 0.0001
308537 15411.5 0.0001
308639 15416.6 0.0001
308741 15421.7 0.0001
308843 15426.8 0.0001
308945 15431.8 0.0001
309047 15436.9 0.0001
309149 15442 0.0001
309251 15447.1 0.0001
309353 15452.2 0.0001
309455 15457.3 0.0001
309557 15462.4 0.0001
309659 15467.5 0.0001
309761 15472.6 0.0001
309863 15477.7 0.0001
309965 15482.8 0.0001
310067 15487.9 0.0001
310169 15493 0.0001
310271 15498.1 0.0001
310373 15503.2 0.0001
310475 15508.3 0.0001
310577 15513.4 0.0001
310679 15518.5 0.0001
310781 15523.6 0.0001
310883 15528.7 0.0001
310985 15533.8 0.0001
311088 15538.9 0.0001
311190 15544 0.0001
311292 15549.1 0.0001
311394 15554.2 0.0001
311496 15559.3 0.0001
311598 15564.4 0.0001
311700 15569.4 0.0001
311802 15574.5 0.0001
311904 15579.6 0.0001
312006 15584.7 0.0001
312108 15589.8 0.0001
312210 15594.9 0.0001
312312 15600 0.0001
312414 15605.1 0.0001
312516 15610.2 0.0001
312618 15615.3 0.0001
312720 15620.4 0.0001
312822 15625.5 0.0001
312924 15630.6 0.0001
313026 15635.7 0.0001
313128 15640.8 0.0001
313230 15645.9 0.0001
313332 15651 0.0001
313434 15656.1 0.0001
313536 15661.2 0.0001
313638 15666.3 0.0001
313740 15671.4 0.0001
313842 15676.5 0.0001
313944 15681.6 0.0001
314046 15686.7 0.0001
314148 15691.8 0.0001
314250 15696.9 0.0001
314352 15702 0.0001
314454 15707.1 0.0001
314557 15712.1 0.0001
314659 15717.2 0.0001
314761 15722.3 0.0001
314863 15727.4 0.0001
314965 15732.5 0.0001
315067 15737.6 0.0001
315169 15742.7 0.0001
315271 15747.8 0.0001
315373 15752.9 0.0001
315475 15758 0.0001
315577 15763.1 0.0001
315679 15768.2 0.0001
315781 15773.3 0.0001
315883 15778.4 0.0001
315985 15783.5 0.0001
316087 15788.6 0.0001
316189 15793.7 0.0001
316291 15798.8 0.0001
316393 15803.9 0.0001
316495 15809 0.0001
316597 15814.1 0.0001
316699 15819.2 0.0001
316801 15824.3 0.0001
316903 15829.4 0.0001
317005 15834.5 0.0001
317107 15839.6 0.0001
317209 15844.7 0.0001
317311 15849.7 0.0001
317413 15854.8 0.0001
317515 15859.9 0.0001
317617 15865 0.0001
317719 15870.1 0.0001
317821 15875.2 0.0001
317923 15880.3 0.0001
318026 15885.4 0.0001
318128 15890.5 0.0001
318230 15895.6 0.0001
318332 15900.7 0.0001
318434 15905.8 0.0001
318536 15910.9 0.0001
318638 15916 0.0001
318740 15921.1 0.0001
318842 15926.2 0.0001
318944 15931.3 0.0001
319046 15936.4 0.0001
319148 15941.5 0.0001
319250 15946.6 0.0001
319352 15951.7 0.0001
319454 15956.8 0.0001
319556 15961.9 0.0001
319658 15967 0.0001
319760 15972.1 0.0001
319862 15977.2 0.0001
319964 15982.3 0.0001
320066 15987.4 0.0001
320168 15992.4 0.0001
320270 15997.5 0.0001
320372 16002.6 0.0001
320474 16007.7 0.0001
320576 16012.8 0.0001
320678 16017.9 0.0001
320780 16023 0.0001
320882 16028.1 0.0001
320984 16033.2 0.0001
321086 16038.3 0.0001
321188 16043.4 0.0001
321290 16048.5 0.0001
321392 16053.6 0.0001
321495 16058.7 0.0001
321597 16063.8 0.0001
321699 16068.9 0.0001
321801 16074 0.0001
321903 16079.1 0.0001
322005 16084.2 0.0001
322107 16089.3 0.0001
322209 16094.4 0.0001
322311 16099.5 0.0001
322413 16104.6 0.0001
322515 16109.7 0.0001
322617 16114.8 0.0001
322719 16119.9 0.0001
322821 16125 0.0001
322923 16130 0.0001
323025 16135.1 0.0001
323127 16140.2 0.0001
323229 16145.3 0.0001
323331 16150.4 0.0001
323433 16155.5 0.0001
323535 16160.6 0.0001
323637 16165.7 0.0001
323739 16170.8 0.0001
323841 16175.9 0.0001
323943 16181 0.0001
324045 16186.1 0.0001
324147 16191.2 0.0001
324249 16196.3 0.0001
324351 16201.4 0.0001
324453 16206.5 0.0001
324555 16211.6 0.0001
324657 16216.7 0.0001
324759 16221.8 0.0001
324861 16226.9 0.0001
324964 16232 0.0001
325066 16237.1 0.0001
325168 16242.2 0.0001
325270 16247.3 0.0001
325372 16252.4 0.0001
325474 16257.5 0.0001
325576 16262.6 0.0001
325678 16267.7 0.0001
325780 16272.7 0.0001
325882 16277.8 0.0001
325984 16282.9 0.0001
326086 16288 0.0001
326188 16293.1 0.0001
326290 16298.2 0.0001
326392 16303.3 0.0001
326494 16308.4 0.0001
326596 16313.5 0.0001
326698 16318.6 0.0001
326800 16323.7 0.0001
326902 16328.8 0.0001
327004 16333.9 0.0001
327106 16339 0.0001
327208 16344.1 0.0001
327310 16349.2 0.0001
327412 16354.3 0.0001
327514 16359.4 0.0001
327616 16364.5 0.0001
327718 16369.6 0.0001
327820 16374.7 0.0001
327922 16379.8 0.0001
328024 16384.9 0.0001
328126 16390 0.0001
328228 16395.1 0.0001
328330 16400.2 0.0001
328433 16405.3 0.0001
328535 16410.3 0.0001
328637 16415.4 0.0001
328739 16420.5 0.0001
328841 16425.6 0.0001
328943 16430.7 0.0001
329045 16435.8 0.0001
329147 16440.9 0.0001
329249 16446 0.0001
329351 16451.1 0.0001
329453 16456.2 0.0001
329555 16461.3 0.0001
329657 16466.4 0.0001
329759 16471.5 0.0001
329861 16476.6 0.0001
329963 16481.7 0.0001
330065 16486.8 0.0001
330167 16491.9 0.0001
330269 16497 0.0001
330371 16502.1 0.0001
330473 16507.2 0.0001
330575 16512.3 0.0001
330677 16517.4 0.0001
330779 16522.5 0.0001
330881 16527.6 0.0001
330983 16532.7 0.0001
331085 16537.8 0.0001
331187 16542.9 0.0001
331289 16548 0.0001
331391 16553 0.0001
331493 16558.1 0.0001
331595 16563.2 0.0001
331697 16568.3 0.0001
331799 16573.4 0.0001
331902 16578.5 0.0001
332004 16583.6 0.0001
332106 16588.7 0.0001
332208 16593.8 0.0001
332310 16598.9 0.0001
332412 16604 0.0001
332514 16609.1 0.0001
332616 16614.2 0.0001
332718 16619.3 0.0001
332820 16624.4 0.0001
332922 16629.5 0.0001
333024 16634.6 0.0001
333126 16639.7 0.0001
333228 16644.8 0.0001
333330 16649.9 0.0001
333432 16655 0.0001
333534 16660.1 0.0001
333636 16665.2 0.0001
333738 16670.3 0.0001
333840 16675.4 0.0001
333942 16680.5 0.0001
334044 16685.6 0.0001
334146 16690.7 0.0001
334248 16695.7 0.0001
334350 16700.8 0.0001
334452 16705.9 0.0001
334554 16711 0.0001
334656 16716.1 0.0001
334758 16721.2 0.0001
334860 16726.3 0.0001
334962 16731.4 0.0001
335064 16736.5 0.0001
335166 16741.6 0.0001
335268 16746.7 0.0001
335370 16751.8 0.0001
335473 16756.9 0.0001
335575 16762 0.0001
335677 16767.1 0.0001
335779 16772.2 0.0001
335881 16777.3 0.0001
335983 16782.4 0.0001
336085 16787.5 0.0001
336187 16792.6 0.0001
336289 16797.7 0.0001
336391 16802.8 0.0001
336493 16807.9 0.0001
336595 16813 0.0001
336697 16818.1 0.0001
336799 16823.2 0.0001
336901 16828.3 0.0001
337003 16833.3 0.0001
337105 16838.4 0.0001
337207 16843.5 0.0001
337309 16848.6 0.0001
337411 16853.7 0.0001
337513 16858.8 0.0001
337615 16863.9 0.0001
337717 16869 0.0001
337819 16874.1 0.0001
337921 16879.2 0.0001
338023 16884.3 0.0001
338125 16889.4 0.0001
338227 16894.5 0.0001
338329 16899.6 0.0001
338431 16904.7 0.0001
338533 16909.8 0.0001
338635 16914.9 0.0001
338737 16920 0.0001
338839 16925.1 0.0001
338942 16930.2 0.0001
339044 16935.3 0.0001
339146 16940.4 0.0001
339248 16945.5 0.0001
339350 16950.6 0.0001
339452 16955.7 0.0001
339554 16960.8 0.0001
339656 16965.9 0.0001
339758 16971 0.0001
339860 16976 0.0001
339962 16981.1 0.0001
340064 16986.2 0.0001
340166 16991.3 0.0001
340268 16996.4 0.0001
340370 17001.5 0.0001
340472 17006.6 0.0001
340574 17011.7 0.0001
340676 17016.8 0.0001
340778 17021.9 0.0001
340880 17027 0.0001
340982 17032.1 0.0001
341084 17037.2 0.0001
341186 17042.3 0.0001
341288 17047.4 0.0001
341390 17052.5 0.0001
341492 17057.6 0.0001
341594 17062.7 0.0001
341696 17067.8 0.0001
341798 17072.9 0.0001
341900 17078 0.0001
342002 17083.1 0.0001
342104 17088.2 0.0001
342206 17093.3 0.0001
342308 17098.4 0.0001
342411 17103.5 0.0001
342513 17108.6 0.0001
342615 17113.6 0.0001
342717 17118.7 0.0001
342819 17123.8 0.0001
342921 17128.9 0.0001
343023 17134 0.0001
343125 17139.1 0.0001
343227 17144.2 0.0001
343329 17149.3 0.0001
343431 17154.4 0.0001
343533 17159.5 0.0001
343635 17164.6 0.0001
343737 17169.7 0.0001
343839 17174.8 0.0001
343941 17179.9 0.0001
344043 17185 0.0001
344145 17190.1 0.0001
344247 17195.2 0.0001
344349 17200.3 0.0001
344451 17205.4 0.0001
344553 17210.5 0.0001
344655 17215.6 0.0001
344757 17220.7 0.0001
344859 17225.8 0.0001
344961 17230.9 0.0001
345063 17236 0.0001
345165 17241.1 0.0001
345267 17246.2 0.0001
345369 17251.3 0.0001
345471 17256.3 0.0001
345573 17261.4 0.0001
345675 17266.5 0.0001
345777 17271.6 0.0001
345880 17276.7 0.0001
345982 17281.8 0.0001
346084 17286.9 0.0001
346186 17292 0.0001
346288 17297.1 0.0001
346390 17302.2 0.0001
346492 17307.3 0.0001
346594 17312.4 0.0001
346696 17317.5 0.0001
346798 17322.6 0.0001
346900 17327.7 0.0001
347002 17332.8 0.0001
347104 17337.9 0.0001
347206 17343 0.0001
347308 17348.1 0.0001
347410 17353.2 0.0001
347512 17358.3 0.0001
347614 17363.4 0.0001
347716 17368.5 0.0001
347818 17373.6 0.0001
347920 17378.7 0.0001
348022 17383.8 0.0001
348124 17388.9 0.0001
348226 17393.9 0.0001
348328 17399 0.0001
348430 17404.1 0.0001
348532 17409.2 0.0001
348634 17414.3 0.0001
348736 17419.4 0.0001
348838 17424.5 0.0001
348940 17429.6 0.0001
349042 17434.7 0.0001
349144 17439.8 0.0001
349246 17444.9 0.0001
349349 17450 0.0001
349451 17455.1 0.0001
349553 17460.2 0.0001
349655 17465.3 0.0001
349757 17470.4 0.0001
349859 17475.5 0.0001
349961 17480.6 0.0001
350063 17485.7 0.0001
350165 17490.8 0.0001
350267 17495.9 0.0001
350369 17501 0.0001
350471 17506.1 0.0001
350573 17511.2 0.0001
350675 17516.3 0.0001
350777 17521.4 0.0001
350879 17526.5 0.0001
350981 17531.6 0.0001
351083 17536.6 0.0001
351185 17541.7 0.0001
351287 17546.8 0.0001
351389 17551.9 0.0001
351491 17557 0.0001
351593 17562.1 0.0001
351695 17567.2 0.0001
351797 17572.3 0.0001
351899 17577.4 0.0001
352001 17582.5 0.0001
352103 17587.6 0.0001
352205 17592.7 0.0001
352307 17597.8 0.0001
352409 17602.9 0.0001
352511 17608 0.0001
352613 17613.1 0.0001
352715 17618.2 0.0001
352818 17623.3 0.0001
352920 17628.4 0.0001
353022 17633.5 0.0001
353124 17638.6 0.0001
353226 17643.7 0.0001
353328 17648.8 0.0001
353430 17653.9 0.0001
353532 17659 0.0001
353634 17664.1 0.0001
353736 17669.2 0.0001
353838 17674.2 0.0001
353940 17679.3 0.0001
354042 17684.4 0.0001
354144 17689.5 0.0001
354246 17694.6 0.0001
354348 17699.7 0.0001
354450 17704.8 0.0001
354552 17709.9 0.0001
354654 17715 0.0001
354756 17720.1 0.0001
354858 17725.2 0.0001
354960 17730.3 0.0001
355062 17735.4 0.0001
355164 17740.5 0.0001
355266 17745.6 0.0001
355368 17750.7 0.0001
355470 17755.8 0.0001
355572 17760.9 0.0001
355674 17766 0.0001
355776 17771.1 0.0001
355878 17776.2 0.0001
355980 17781.3 0.0001
356082 17786.4 0.0001
356184 17791.5 0.0001
356287 17796.6 0.0001
356389 17801.7 0.0001
356491 17806.8 0.0001
356593 17811.9 0.0001
356695 17816.9 0.0001
356797 17822 0.0001
356899 17827.1 0.0001
357001 17832.2 0.0001
357103 17837.3 0.0001
357205 17842.4 0.0001
357307 17847.5 0.0001
357409 17852.6 0.0001
357511 17857.7 0.0001
357613 17862.8 0.0001
357715 17867.9 0.0001
357817 17873 0.0001
357919 17878.1 0.0001
358021 17883.2 0.0001
358123 17888.3 0.0001
358225 17893.4 0.0001
358327 17898.5 0.0001
358429 17903.6 0.0001
358531 17908.7 0.0001
358633 17913.8 0.0001
358735 17918.9 0.0001
358837 17924 0.0001
358939 17929.1 0.0001
359041 17934.2 0.0001
359143 17939.3 0.0001
359245 17944.4 0.0001
359347 17949.5 0.0001
359449 17954.5 0.0001
359551 17959.6 0.0001
359653 17964.7 0.0001
359756 17969.8 0.0001
359858 17974.9 0.0001
359960 17980 0.0001
360062 17985.1 0.0001
360164 17990.2 0.0001
360266 17995.3 0.0001
360368 18000.4 0.0001
360470 18005.5 0.0001
360572 18010.6 0.0001
360674 18015.7 0.0001
360776 18020.8 0.0001
360878 18025.9 0.0001
360980 18031 0.0001
361082 18036.1 0.0001
361184 18041.2 0.0001
361286 18046.3 0.0001
361388 18051.4 0.0001
361490 18056.5 0.0001
361592 18061.6 0.0001
361694 18066.7 0.0001
361796 18071.8 0.0001
361898 18076.9 0.0001
362000 18082 0.0001
362102 18087.1 0.0001
362204 18092.2 0.0001
362306 18097.2 0.0001
362408 18102.3 0.0001
362510 18107.4 0.0001
362612 18112.5 0.0001
362714 18117.6 0.0001
362816 18122.7 0.0001
362918 18127.8 0.0001
363020 18132.9 0.0001
363122 18138 0.0001
363225 18143.1 0.0001
363327 18148.2 0.0001
363429 18153.3 0.0001
363531 18158.4 0.0001
363633 18163.5 0.0001
363735 18168.6 0.0001
363837 18173.7 0.0001
363939 18178.8 0.0001
364041 18183.9 0.0001
364143 18189 0.0001
364245 18194.1 0.0001
364347 18199.2 0.0001
364449 18204.3 0.0001
364551 18209.4 0.0001
364653 18214.5 0.0001
364755 18219.6 0.0001
364857 18224.7 0.0001
364959 18229.8 0.0001
365061 18234.8 0.0001
365163 18239.9 0.0001
365265 18245 0.0001
365367 18250.1 0.0001
365469 18255.2 0.0001
365571 18260.3 0.0001
365673 18265.4 0.0001
365775 18270.5 0.0001
365877 18275.6 0.0001
365979 18280.7 0.0001
366081 18285.8 0.0001
366183 18290.9 0.0001
366285 18296 0.0001
366387 18301.1 0.0001
366489 18306.2 0.0001
366591 18311.3 0.0001
366694 18316.4 0.0001
366796 18321.5 0.0001
366898 18326.6 0.0001
367000 18331.7 0.0001
367102 18336.8 0.0001
367204 18341.9 0.0001
367306 18347 0.0001
367408 18352.1 0.0001
367510 18357.2 0.0001
367612 18362.3 0.0001
367714 18367.4 0.0001
367816 18372.5 0.0001
367918 18377.5 0.0001
368020 18382.6 0.0001
368122 18387.7 0.0001
368224 18392.8 0.0001
368326 18397.9 0.0001
368428 18403 0.0001
368530 18408.1 0.0001
368632 18413.2 0.0001
368734 18418.3 0.0001
368836 18423.4 0.0001
368938 18428.5 0.0001
369040 18433.6 0.0001
369142 18438.7 0.0001
369244 18443.8 0.0001
369346 18448.9 0.0001
369448 18454 0.0001
369550 18459.1 0.0001
369652 18464.2 0.0001
369754 18469.3 0.0001
369856 18474.4 0.0001
369958 18479.5 0.0001
370060 18484.6 0.0001
370163 18489.7 0.0001
370265 18494.8 0.0001
370367 18499.9 0.0001
370469 18505 0.0001
370571 18510.1 0.0001
370673 18515.1 0.0001
370775 18520.2 0.0001
370877 18525.3 0.0001
370979 18530.4 0.0001
371081 18535.5 0.0001
371183 18540.6 0.0001
371285 18545.7 0.0001
371387 18550.8 0.0001
371489 18555.9 0.0001
371591 18561 0.0001
371693 18566.1 0.0001
371795 18571.2 0.0001
371897 18576.3 0.0001
371999 18581.4 0.0001
372101 18586.5 0.0001
372203 18591.6 0.0001
372305 18596.7 0.0001
372407 18601.8 0.0001
372509 18606.9 0.0001
372611 18612 0.0001
372713 18617.1 0.0001
372815 18622.2 0.0001
372917 18627.3 0.0001
373019 18632.4 0.0001
373121 18637.5 0.0001
373223 18642.6 0.0001
373325 18647.7 0.0001
373427 18652.8 0.0001
373529 18657.8 0.0001
373632 18662.9 0.0001
373734 18668 0.0001
373836 18673.1 0.0001
373938 18678.2 0.0001
374040 18683.3 0.0001
374142 18688.4 0.0001
374244 18693.5 0.0001
374346 18698.6 0.0001
374448 18703.7 0.0001
374550 18708.8 0.0001
374652 18713.9 0.0001
374754 18719 0.0001
374856 18724.1 0.0001
374958 18729.2 0.0001
375060 18734.3 0.0001
375162 18739.4 0.0001
375264 18744.5 0.0001
375366 18749.6 0.0001
375468 18754.7 0.0001
375570 18759.8 0.0001
375672 18764.9 0.0001
375774 18770 0.0001
375876 18775.1 0.0001
375978 18780.2 0.0001
376080 18785.3 0.0001
376182 18790.4 0.0001
376284 18795.4 0.0001
376386 18800.5 0.0001
376488 18805.6 0.0001
376590 18810.7 0.0001
376692 18815.8 0.0001
376794 18820.9 0.0001
376896 18826 0.0001
376998 18831.1 0.0001
377101 18836.2 0.0001
377203 18841.3 0.0001
377305 18846.4 0.0001
377407 18851.5 0.0001
377509 18856.6 0.0001
377611 18861.7 0.0001
377713 18866.8 0.0001
377815 18871.9 0.0001
377917 18877 0.0001
378019 18882.1 0.0001
378121 18887.2 0.0001
378223 18892.3 0.0001
378325 18897.4 0.0001
378427 18902.5 0.0001
378529 18907.6 0.0001
378631 18912.7 0.0001
378733 18917.8 0.0001
378835 18922.9 0.0001
378937 18928 0.0001
379039 18933.1 0.0001
379141 18938.1 0.0001
379243 18943.2 0.0001
379345 18948.3 0.0001
379447 18953.4 0.0001
379549 18958.5 0.0001
379651 18963.6 0.0001
379753 18968.7 0.0001
379855 18973.8 0.0001
379957 18978.9 0.0001
380059 18984 0.0001
380161 18989.1 0.0001
380263 18994.2 0.0001
380365 18999.3 0.0001
380467 19004.4 0.0001
380570 19009.5 0.0001
380672 19014.6 0.0001
380774 19019.7 0.0001
380876 19024.8 0.0001
380978 19029.9 0.0001
381080 19035 0.0001
381182 19040.1 0.0001
381284 19045.2 0.0001
381386 19050.3 0.0001
381488 19055.4 0.0001
381590 19060.5 0.0001
381692 19065.6 0.0001
381794 19070.7 0.0001
381896 19075.7 0.0001
381998 19080.8 0.0001
382100 19085.9 0.0001
382202 19091 0.0001
382304 19096.1 0.0001
382406 19101.2 0.0001
382508 19106.3 0.0001
382610 19111.4 0.0001
382712 19116.5 0.0001
382814 19121.6 0.0001
382916 19126.7 0.0001
383018 19131.8 0.0001
383120 19136.9 0.0001
383222 19142 0.0001
383324 19147.1 0.0001
383426 19152.2 0.0001
383528 19157.3 0.0001
383630 19162.4 0.0001
383732 19167.5 0.0001
383834 19172.6 0.0001
383936 19177.7 0.0001
384039 19182.8 0.0001
384141 19187.9 0.0001
384243 19193 0.0001
384345 19198.1 0.0001
384447 19203.2 0.0001
384549 19208.3 0.0001
384651 19213.4 0.0001
384753 19218.4 0.0001
384855 19223.5 0.0001
384957 19228.6 0.0001
385059 19233.7 0.0001
385161 19238.8 0.0001
385263 19243.9 0.0001
385365 19249 0.0001
385467 19254.1 0.0001
385569 19259.2 0.0001
385671 19264.3 0.0001
385773 19269.4 0.0001
385875 19274.5 0.0001
385977 19279.6 0.0001
386079 19284.7 0.0001
386181 19289.8 0.0001
386283 19294.9 0.0001
386385 19300 0.0001
386487 19305.1 0.0001
386589 19310.2 0.0001
386691 19315.3 0.0001
386793 19320.4 0.0001
386895 19325.5 0.0001
386997 19330.6 0.0001
387099 19335.7 0.0001
387201 19340.8 0.0001
387303 19345.9 0.0001
387405 19351 0.0001
387508 19356 0.0001
387610 19361.1 0.0001
387712 19366.2 0.0001
387814 19371.3 0.0001
387916 19376.4 0.0001
388018 19381.5 0.0001
388120 19386.6 0.0001
388222 19391.7 0.0001
388324 19396.8 0.0001
388426 19401.9 0.0001
388528 19407 0.0001
388630 19412.1 0.0001
388732 19417.2 0.0001
388834 19422.3 0.0001
388936 19427.4 0.0001
389038 19432.5 0.0001
389140 19437.6 0.0001
389242 19442.7 0.0001
389344 19447.8 0.0001
389446 19452.9 0.0001
389548 19458 0.0001
389650 19463.1 0.0001
389752 19468.2 0.0001
389854 19473.3 0.0001
389956 19478.4 0.0001
390058 19483.5 0.0001
390160 19488.6 0.0001
390262 19493.7 0.0001
390364 19498.7 0.0001
390466 19503.8 0.0001
390568 19508.9 0.0001
390670 19514 0.0001
390772 19519.1 0.0001
390874 19524.2 0.0001
390976 19529.3 0.0001
391079 19534.4 0.0001
391181 19539.5 0.0001
391283 19544.6 0.0001
391385 19549.7 0.0001
391487 19554.8 0.0001
391589 19559.9 0.0001
391691 19565 0.0001
391793 19570.1 0.0001
391895 19575.2 0.0001
391997 19580.3 0.0001
392099 19585.4 0.0001
392201 19590.5 0.0001
392303 19595.6 0.0001
392405 19600.7 0.0001
392507 19605.8 0.0001
392609 19610.9 0.0001
392711 19616 0.0001
392813 19621.1 0.0001
392915 19626.2 0.0001
393017 19631.3 0.0001
393119 19636.3 0.0001
393221 19641.4 0.0001
393323 19646.5 0.0001
393425 19651.6 0.0001
393527 19656.7 0.0001
393629 19661.8 0.0001
393731 19666.9 0.0001
393833 19672 0.0001
393935 19677.1 0.0001
394037 19682.2 0.0001
394139 19687.3 0.0001
394241 19692.4 0.0001
394343 19697.5 0.0001
394445 19702.6 0.0001
394548 19707.7 0.0001
394650 19712.8 0.0001
394752 19717.9 0.0001
394854 19723 0.0001
394956 19728.1 0.0001
395058 19733.2 0.0001
395160 19738.3 0.0001
395262 19743.4 0.0001
395364 19748.5 0.0001
395466 19753.6 0.0001
395568 19758.7 0.0001
395670 19763.8 0.0001
395772 19768.9 0.0001
395874 19774 0.0001
395976 19779 0.0001
396078 19784.1 0.0001
396180 19789.2 0.0001
396282 19794.3 0.0001
396384 19799.4 0.0001
396486 19804.5 0.0001
396588 19809.6 0.0001
396690 19814.7 0.0001
396792 19819.8 0.0001
396894 19824.9 0.0001
396996 19830 0.0001
397098 19835.1 0.0001
397200 19840.2 0.0001
397302 19845.3 0.0001
397404 19850.4 0.0001
397506 19855.5 0.0001
397608 19860.6 0.0001
397710 19865.7 0.0001
397812 19870.8 0.0001
397914 19875.9 0.0001
398017 19881 0.0001
398119 19886.1 0.0001
398221 19891.2 0.0001
398323 19896.3 0.0001
398425 19901.4 0.0001
398527 19906.5 0.0001
398629 19911.6 0.0001
398731 19916.7 0.0001
398833 19921.7 0.0001
398935 19926.8 0.0001
399037 19931.9 0.0001
399139 19937 0.0001
399241 19942.1 0.0001
399343 19947.2 0.0001
399445 19952.3 0.0001
399547 19957.4 0.0001
399649 19962.5 0.0001
399751 19967.6 0.0001
399853 19972.7 0.0001
399955 19977.8 0.0001
400057 19982.9 0.0001
400159 19988 0.0001
400261 19993.1 0.0001
400363 19998.2 0.0001
400465 20003.3 0.0001
400567 20008.4 0.0001
400669 20013.5 0.0001
400771 20018.6 0.0001
400873 20023.7 0.0001
400975 20028.8 0.0001
401077 20033.9 0.0001
401179 20039 0.0001
401281 20044.1 0.0001
401383 20049.2 0.0001
401486 20054.3 0.0001
401588 20059.3 0.0001
401690 20064.4 0.0001
401792 20069.5 0.0001
401894 20074.6 0.0001
401996 20079.7 0.0001
402098 20084.8 0.0001
402200 20089.9 0.0001
402302 20095 0.0001
402404 20100.1 0.0001
402506 20105.2 0.0001
402608 20110.3 0.0001
402710 20115.4 0.0001
402812 20120.5 0.0001
402914 20125.6 0.0001
403016 20130.7 0.0001
403118 20135.8 0.0001
403220 20140.9 0.0001
403322 20146 0.0001
403424 20151.1 0.0001
403526 20156.2 0.0001
403628 20161.3 0.0001
403730 20166.4 0.0001
403832 20171.5 0.0001
403934 20176.6 0.0001
404036 20181.7 0.0001
404138 20186.8 0.0001
404240 20191.9 0.0001
404342 20197 0.0001
404444 20202 0.0001
404546 20207.1 0.0001
404648 20212.2 0.0001
404750 20217.3 0.0001
404852 20222.4 0.0001
404955 20227.5 0.0001
405057 20232.6 0.0001
405159 20237.7 0.0001
405261 20242.8 0.0001
405363 20247.9 0.0001
405465 20253 0.0001
405567 20258.1 0.0001
405669 20263.2 0.0001
405771 20268.3 0.0001
405873 20273.4 0.0001
405975 20278.5 0.0001
406077 20283.6 0.0001
406179 20288.7 0.0001
406281 20293.8 0.0001
406383 20298.9 0.0001
406485 20304 0.0001
406587 20309.1 0.0001
406689 20314.2 0.0001
406791 20319.3 0.0001
406893 20324.4 0.0001
406995 20329.5 0.0001
407097 20334.6 0.0001
407199 20339.6 0.0001
407301 20344.7 0.0001
407403 20349.8 0.0001
407505 20354.9 0.0001
407607 20360 0.0001
407709 20365.1 0.0001
407811 20370.2 0.0001
407913 20375.3 0.0001
408015 20380.4 0.0001
408117 20385.5 0.0001
408219 20390.6 0.0001
408321 20395.7 0.0001
408424 20400.8 0.0001
408526 20405.9 0.0001
408628 20411 0.0001
408730 20416.1 0.0001
408832 20421.2 0.0001
408934 20426.3 0.0001
409036 20431.4 0.0001
409138 20436.5 0.0001
409240 20441.6 0.0001
409342 20446.7 0.0001
409444 20451.8 0.0001
409546 20456.9 0.0001
409648 20462 0.0001
409750 20467.1 0.0001
409852 20472.2 0.0001
409954 20477.3 0.0001
410056 20482.3 0.0001
410158 20487.4 0.0001
410260 20492.5 0.0001
410362 20497.6 0.0001
410464 20502.7 0.0001
410566 20507.8 0.0001
410668 20512.9 0.0001
410770 20518 0.0001
410872 20523.1 0.0001
410974 20528.2 0.0001
411076 20533.3 0.0001
411178 20538.4 0.0001
411280 20543.5 0.0001
411382 20548.6 0.0001
411484 20553.7 0.0001
411586 20558.8 0.0001
411688 20563.9 0.0001
411790 20569 0.0001
411893 20574.1 0.0001
411995 20579.2 0.0001
412097 20584.3 0.0001
412199 20589.4 0.0001
412301 20594.5 0.0001
412403 20599.6 0.0001
412505 20604.7 0.0001
412607 20609.8 0.0001
412709 20614.9 0.0001
412811 20619.9 0.0001
412913 20625 0.0001
413015 20630.1 0.0001
413117 20635.2 0.0001
413219 20640.3 0.0001
413321 20645.4 0.0001
413423 20650.5 0.0001
413525 20655.6 0.0001
413627 20660.7 0.0001
413729 20665.8 0.0001
413831 20670.9 0.0001
413933 20676 0.0001
414035 20681.1 0.0001
414137 20686.2 0.0001
414239 20691.3 0.0001
414341 20696.4 0.0001
414443 20701.5 0.0001
414545 20706.6 0.0001
414647 20711.7 0.0001
414749 20716.8 0.0001
414851 20721.9 0.0001
414953 20727 0.0001
415055 20732.1 0.0001
415157 20737.2 0.0001
415259 20742.3 0.0001
415362 20747.4 0.0001
415464 20752.5 0.0001
415566 20757.6 0.0001
415668 20762.6 0.0001
415770 20767.7 0.0001
415872 20772.8 0.0001
415974 20777.9 0.0001
416076 20783 0.0001
416178 20788.1 0.0001
416280 20793.2 0.0001
416382 20798.3 0.0001
416484 20803.4 0.0001
416586 20808.5 0.0001
416688 20813.6 0.0001
416790 20818.7 0.0001
416892 20823.8 0.0001
416994 20828.9 0.0001
417096 20834 0.0001
417198 20839.1 0.0001
417300 20844.2 0.0001
417402 20849.3 0.0001
417504 20854.4 0.0001
417606 20859.5 0.0001
417708 20864.6 0.0001
417810 20869.7 0.0001
417912 20874.8 0.0001
418014 20879.9 0.0001
418116 20885 0.0001
418218 20890.1 0.0001
418320 20895.2 0.0001
418422 20900.2 0.0001
418524 20905.3 0.0001
418626 20910.4 0.0001
418728 20915.5 0.0001
418831 20920.6 0.0001
418933 20925.7 0.0001
419035 20930.8 0.0001
419137 20935.9 0.0001
419239 20941 0.0001
419341 20946.1 0.0001
419443 20951.2 0.0001
419545 20956.3 0.0001
419647 20961.4 0.0001
419749 20966.5 0.0001
419851 20971.6 0.0001
419953 20976.7 0.0001
420055 20981.8 0.0001
420157 20986.9 0.0001
420259 20992 0.0001
420361 20997.1 0.0001
420463 21002.2 0.0001
420565 21007.3 0.0001
420667 21012.4 0.0001
420769 21017.5 0.0001
420871 21022.6 0.0001
420973 21027.7 0.0001
421075 21032.8 0.0001
421177 21037.9 0.0001
421279 21042.9 0.0001
421381 21048 0.0001
421483 21053.1 0.0001
421585 21058.2 0.0001
421687 21063.3 0.0001
421789 21068.4 0.0001
421891 21073.5 0.0001
421993 21078.6 0.0001
422095 21083.7 0.0001
422197 21088.8 0.0001
422300 21093.9 0.0001
422402 21099 0.0001
422504 21104.1 0.0001
422606 21109.2 0.0001
422708 21114.3 0.0001
422810 21119.4 0.0001
422912 21124.5 0.0001
423014 21129.6 0.0001
423116 21134.7 0.0001
423218 21139.8 0.0001
423320 21144.9 0.0001
423422 21150 0.0001
423524 21155.1 0.0001
423626 21160.2 0.0001
423728 21165.3 0.0001
423830 21170.4 0.0001
423932 21175.5 0.0001
424034 21180.5 0.0001
424136 21185.6 0.0001
424238 21190.7 0.0001
424340 21195.8 0.0001
424442 21200.9 0.0001
424544 21206 0.0001
424646 21211.1 0.0001
424748 21216.2 0.0001
424850 21221.3 0.0001
424952 21226.4 0.0001
425054 21231.5 0.0001
425156 21236.6 0.0001
425258 21241.7 0.0001
425360 21246.8 0.0001
425462 21251.9 0.0001
425564 21257 0.0001
425666 21262.1 0.0001
425769 21267.2 0.0001
425871 21272.3 0.0001
425973 21277.4 0.0001
426075 21282.5 0.0001
426177 21287.6 0.0001
426279 21292.7 0.0001
426381 21297.8 0.0001
426483 21302.9 0.0001
426585 21308 0.0001
426687 21313.1 0.0001
426789 21318.2 0.0001
426891 21323.2 0.0001
426993 21328.3 0.0001
427095 21333.4 0.0001
427197 21338.5 0.0001
427299 21343.6 0.0001
427401 21348.7 0.0001
427503 21353.8 0.0001
427605 21358.9 0.0001
427707 21364 0.0001
427809 21369.1 0.0001
427911 21374.2 0.0001
428013 21379.3 0.0001
428115 21384.4 0.0001
428217 21389.5 0.0001
428319 21394.6 0.0001
428421 21399.7 0.0001
428523 21404.8 0.0001
428625 21409.9 0.0001
428727 21415 0.0001
428829 21420.1 0.0001
428931 21425.2 0.0001
429033 21430.3 0.0001
429135 21435.4 0.0001
429238 21440.5 0.0001
429340 21445.6 0.0001
429442 21450.7 0.0001
429544 21455.8 0.0001
429646 21460.8 0.0001
429748 21465.9 0.0001
429850 21471 0.0001
429952 21476.1 0.0001
430054 21481.2 0.0001
430156 21486.3 0.0001
430258 21491.4 0.0001
430360 21496.5 0.0001
430462 21501.6 0.0001
430564 21506.7 0.0001
430666 21511.8 0.0001
430768 21516.9 0.0001
430870 21522 0.0001
430972 21527.1 0.0001
431074 21532.2 0.0001
431176 21537.3 0.0001
431278 21542.4 0.0001
431380 21547.5 0.0001
431482 21552.6 0.0001
431584 21557.7 0.0001
431686 21562.8 0.0001
431788 21567.9 0.0001
431890 21573 0.0001
431992 21578.1 0.0001
432094 21583.2 0.0001
432196 21588.3 0.0001
432298 21593.4 0.0001
432400 21598.5 0.0001
432502 21603.5 0.0001
432604 21608.6 0.0001
432707 21613.7 0.0001
432809 21618.8 0.0001
432911 21623.9 0.0001
433013 21629 0.0001
433115 21634.1 0.0001
433217 21639.2 0.0001
433319 21644.3 0.0001
433421 21649.4 0.0001
433523 21654.5 0.0001
433625 21659.6 0.0001
433727 21664.7 0.0001
433829 21669.8 0.0001
433931 21674.9 0.0001
434033 21680 0.0001
434135 21685.1 0.0001
434237 21690.2 0.0001
434339 21695.3 0.0001
434441 21700.4 0.0001
434543 21705.5 0.0001
434645 21710.6 0.0001
434747 21715.7 0.0001
434849 21720.8 0.0001
434951 21725.9 0.0001
435053 21731 0.0001
435155 21736.1 0.0001
435257 21741.1 0.0001
435359 21746.2 0.0001
435461 21751.3 0.0001
435563 21756.4 0.0001
435665 21761.5 0.0001
435767 21766.6 0.0001
435869 21771.7 0.0001
435971 21776.8 0.0001
436073 21781.9 0.0001
436176 21787 0.0001
436278 21792.1 0.0001
436380 21797.2 0.0001
436482 21802.3 0.0001
436584 21807.4 0.0001
436686 21812.5 0.0001
436788 21817.6 0.0001
436890 21822.7 0.0001
436992 21827.8 0.0001
437094 21832.9 0.0001
437196 21838 0.0001
437298 21843.1 0.0001
437400 21848.2 0.0001
437502 21853.3 0.0001
437604 21858.4 0.0001
437706 21863.5 0.0001
437808 21868.6 0.0001
437910 21873.7 0.0001
438012 21878.8 0.0001
438114 21883.8 0.0001
438216 21888.9 0.0001
438318 21894 0.0001
438420 21899.1 0.0001
438522 21904.2 0.0001
438624 21909.3 0.0001
438726 21914.4 0.0001
438828 21919.5 0.0001
438930 21924.6 0.0001
439032 21929.7 0.0001
439134 21934.8 0.0001
439236 21939.9 0.0001
439338 21945 0.0001
439440 21950.1 0.0001
439542 21955.2 0.0001
439645 21960.3 0.0001
439747 21965.4 0.0001
439849 21970.5 0.0001
439951 21975.6 0.0001
440053 21980.7 0.0001
440155 21985.8 0.0001
440257 21990.9 0.0001
440359 21996 0.0001
440461 22001.1 0.0001
440563 22006.2 0.0001
440665 22011.3 0.0001
440767 22016.4 0.0001
440869 22021.4 0.0001
440971 22026.5 0.0001
441073 22031.6 0.0001
441175 22036.7 0.0001
441277 22041.8 0.0001
441379 22046.9 0.0001
441481 22052 0.0001
441583 22057.1 0.0001
441685 22062.2 0.0001
441787 22067.3 0.0001
441889 22072.4 0.0001
441991 22077.5 0.0001
442093 22082.6 0.0001
442195 22087.7 0.0001
442297 22092.8 0.0001
442399 22097.9 0.0001
442501 22103 0.0001
442603 22108.1 0.0001
442705 22113.2 0.0001
442807 22118.3 0.0001
442909 22123.4 0.0001
443011 22128.5 0.0001
443114 22133.6 0.0001
443216 22138.7 0.0001
443318 22143.8 0.0001
443420 22148.9 0.0001
443522 22154 0.0001
443624 22159.1 0.0001
443726 22164.1 0.0001
443828 22169.2 0.0001
443930 22174.3 0.0001
444032 22179.4 0.0001
444134 22184.5 0.0001
444236 22189.6 0.0001
444338 22194.7 0.0001
444440 22199.8 0.0001
444542 22204.9 0.0001
444644 22210 0.0001
444746 22215.1 0.0001
444848 22220.2 0.0001
444950 22225.3 0.0001
445052 22230.4 0.0001
445154 22235.5 0.0001
445256 22240.6 0.0001
445358 22245.7 0.0001
445460 22250.8 0.0001
445562 22255.9 0.0001
445664 22261 0.0001
445766 22266.1 0.0001
445868 22271.2 0.0001
445970 22276.3 0.0001
446072 22281.4 0.0001
446174 22286.5 0.0001
446276 22291.6 0.0001
446378 22296.7 0.0001
446480 22301.7 0.0001
446582 22306.8 0.0001
446685 22311.9 0.0001
446787 22317 0.0001
446889 22322.1 0.0001
446991 22327.2 0.0001
447093 22332.3 0.0001
447195 22337.4 0.0001
447297 22342.5 0.0001
447399 22347.6 0.0001
447501 22352.7 0.0001
447603 22357.8 0.0001
447705 22362.9 0.0001
447807 22368 0.0001
447909 22373.1 0.0001
448011 22378.2 0.0001
448113 22383.3 0.0001
448215 22388.4 0.0001
448317 22393.5 0.0001
448419 22398.6 0.0001
448521 22403.7 0.0001
448623 22408.8 0.0001
448725 22413.9 0.0001
448827 22419 0.0001
448929 22424.1 0.0001
449031 22429.2 0.0001
449133 22434.3 0.0001
449235 22439.4 0.0001
449337 22444.4 0.0001
449439 22449.5 0.0001
449541 22454.6 0.0001
449643 22459.7 0.0001
449745 22464.8 0.0001
449847 22469.9 0.0001
449949 22475 0.0001
450051 22480.1 0.0001
450154 22485.2 0.0001
450256 22490.3 0.0001
450358 22495.4 0.0001
450460 22500.5 0.0001
450562 22505.6 0.0001
450664 22510.7 0.0001
450766 22515.8 0.0001
450868 22520.9 0.0001
450970 22526 0.0001
451072 22531.1 0.0001
451174 22536.2 0.0001
451276 22541.3 0.0001
451378 22546.4 0.0001
451480 22551.5 0.0001
451582 22556.6 0.0001
451684 22561.7 0.0001
451786 22566.8 0.0001
451888 22571.9 0.0001
451990 22577 0.0001
452092 22582 0.0001
452194 22587.1 0.0001
452296 22592.2 0.0001
452398 22597.3 0.0001
452500 22602.4 0.0001
452602 22607.5 0.0001
452704 22612.6 0.0001
452806 22617.7 0.0001
452908 22622.8 0.0001
453010 22627.9 0.0001
453112 22633 0.0001
453214 22638.1 0.0001
453316 22643.2 0.0001
453418 22648.3 0.0001
453520 22653.4 0.0001
453623 22658.5 0.0001
453725 22663.6 0.0001
453827 22668.7 0.0001
453929 22673.8 0.0001
454031 22678.9 0.0001
454133 22684 0.0001
454235 22689.1 0.0001
454337 22694.2 0.0001
454439 22699.3 0.0001
454541 22704.4 0.0001
454643 22709.5 0.0001
454745 22714.6 0.0001
454847 22719.7 0.0001
454949 22724.7 0.0001
455051 22729.8 0.0001
455153 22734.9 0.0001
455255 22740 0.0001
455357 22745.1 0.0001
455459 22750.2 0.0001
455561 22755.3 0.0001
455663 22760.4 0.0001
455765 22765.5 0.0001
455867 22770.6 0.0001
455969 22775.7 0.0001
456071 22780.8 0.0001
456173 22785.9 0.0001
456275 22791 0.0001
456377 22796.1 0.0001
456479 22801.2 0.0001
456581 22806.3 0.0001
456683 22811.4 0.0001
456785 22816.5 0.0001
456887 22821.6 0.0001
456989 22826.7 0.0001
457092 22831.8 0.0001
457194 22836.9 0.0001
457296 22842 0.0001
457398 22847.1 0.0001
457500 22852.2 0.0001
457602 22857.3 0.0001
457704 22862.3 0.0001
457806 22867.4 0.0001
457908 22872.5 0.0001
458010 22877.6 0.0001
458112 22882.7 0.0001
458214 22887.8 0.0001
458316 22892.9 0.0001
458418 22898 0.0001
458520 22903.1 0.0001
458622 22908.2 0.0001
458724 22913.3 0.0001
458826 22918.4 0.0001
458928 22923.5 0.0001
459030 22928.6 0.0001
459132 22933.7 0.0001
459234 22938.8 0.0001
459336 22943.9 0.0001
459438 22949 0.0001
459540 22954.1 0.0001
459642 22959.2 0.0001
459744 22964.3 0.0001
459846 22969.4 0.0001
459948 22974.5 0.0001
460050 22979.6 0.0001
460152 22984.7 0.0001
460254 22989.8 0.0001
460356 22994.9 0.0001
460458 23000 0.0001
460561 23005 0.0001
460663 23010.1 0.0001
460765 23015.2 0.0001
460867 23020.3 0.0001
460969 23025.4 0.0001
461071 23030.5 0.0001
461173 23035.6 0.0001
461275 23040.7 0.0001
461377 23045.8 0.0001
461479 23050.9 0.0001
461581 23056 0.0001
461683 23061.1 0.0001
461785 23066.2 0.0001
461887 23071.3 0.0001
461989 23076.4 0.0001
462091 23081.5 0.0001
462193 23086.6 0.0001
462295 23091.7 0.0001
462397 23096.8 0.0001
462499 23101.9 0.0001
462601 23107 0.0001
462703 23112.1 0.0001
462805 23117.2 0.0001
462907 23122.3 0.0001
463009 23127.4 0.0001
463111 23132.5 0.0001
463213 23137.6 0.0001
463315 23142.7 0.0001
463417 23147.7 0.0001
463519 23152.8 0.0001
463621 23157.9 0.0001
463723 23163 0.0001
463825 23168.1 0.0001
463927 23173.2 0.0001
464030 23178.3 0.0001
464132 23183.4 0.0001
464234 23188.5 0.0001
464336 23193.6 0.0001
464438 23198.7 0.0001
464540 23203.8 0.0001
464642 23208.9 0.0001
464744 23214 0.0001
464846 23219.1 0.0001
464948 23224.2 0.0001
465050 23229.3 0.0001
465152 23234.4 0.0001
465254 23239.5 0.0001
465356 23244.6 0.0001
465458 23249.7 0.0001
465560 23254.8 0.0001
465662 23259.9 0.0001
465764 23265 0.0001
465866 23270.1 0.0001
465968 23275.2 0.0001
466070 23280.3 0.0001
466172 23285.3 0.0001
466274 23290.4 0.0001
466376 23295.5 0.0001
466478 23300.6 0.0001
466580 23305.7 0.0001
466682 23310.8 0.0001
466784 23315.9 0.0001
466886 23321 0.0001
466988 23326.1 0.0001
467090 23331.2 0.0001
467192 23336.3 0.0001
467294 23341.4 0.0001
467396 23346.5 0.0001
467499 23351.6 0.0001
467601 23356.7 0.0001
467703 23361.8 0.0001
467805 23366.9 0.0001
467907 23372 0.0001
468009 23377.1 0.0001
468111 23382.2 0.0001
468213 23387.3 0.0001
468315 23392.4 0.0001
468417 23397.5 0.0001
468519 23402.6 0.0001
468621 23407.7 0.0001
468723 23412.8 0.0001
468825 23417.9 0.0001
468927 23423 0.0001
469029 23428 0.0001
469131 23433.1 0.0001
469233 23438.2 0.0001
469335 23443.3 0.0001
469437 23448.4 0.0001
469539 23453.5 0.0001
469641 23458.6 0.0001
469743 23463.7 0.0001
469845 23468.8 0.0001
469947 23473.9 0.0001
470049 23479 0.0001
470151 23484.1 0.0001
470253 23489.2 0.0001
470355 23494.3 0.0001
470457 23499.4 0.0001
470559 23504.5 0.0001
470661 23509.6 0.0001
470763 23514.7 0.0001
470865 23519.8 0.0001
470968 23524.9 0.0001
471070 23530 0.0001
471172 23535.1 0.0001
471274 23540.2 0.0001
471376 23545.3 0.0001
471478 23550.4 0.0001
471580 23555.5 0.0001
471682 23560.6 0.0001
471784 23565.6 0.0001
471886 23570.7 0.0001
471988 23575.8 0.0001
472090 23580.9 0.0001
472192 23586 0.0001
472294 23591.1 0.0001
472396 23596.2 0.0001
472498 23601.3 0.0001
472600 23606.4 0.0001
472702 23611.5 0.0001
472804 23616.6 0.0001
472906 23621.7 0.0001
473008 23626.8 0.0001
473110 23631.9 0.0001
473212 23637 0.0001
473314 23642.1 0.0001
473416 23647.2 0.0001
473518 23652.3 0.0001
473620 23657.4 0.0001
473722 23662.5 0.0001
473824 23667.6 0.0001
473926 23672.7 0.0001
474028 23677.8 0.0001
474130 23682.9 0.0001
474232 23688 0.0001
474334 23693.1 0.0001
474437 23698.2 0.0001
474539 23703.3 0.0001
474641 23708.3 0.0001
474743 23713.4 0.0001
474845 23718.5 0.0001
474947 23723.6 0.0001
475049 23728.7 0.0001
475151 23733.8 0.0001
475253 23738.9 0.0001
475355 23744 0.0001
475457 23749.1 0.0001
475559 23754.2 0.0001
475661 23759.3 0.0001
475763 23764.4 0.0001
475865 23769.5 0.0001
475967 23774.6 0.0001
476069 23779.7 0.0001
476171 23784.8 0.0001
476273 23789.9 0.0001
476375 23795 0.0001
476477 23800.1 0.0001
476579 23805.2 0.0001
476681 23810.3 0.0001
476783 23815.4 0.0001
476885 23820.5 0.0001
476987 23825.6 0.0001
477089 23830.7 0.0001
477191 23835.8 0.0001
477293 23840.9 0.0001
477395 23845.9 0.0001
477497 23851 0.0001
477599 23856.1 0.0001
477701 23861.2 0.0001
477803 23866.3 0.0001
477906 23871.4 0.0001
478008 23876.5 0.0001
478110 23881.6 0.0001
478212 23886.7 0.0001
478314 23891.8 0.0001
478416 23896.9 0.0001
478518 23902 0.0001
478620 23907.1 0.0001
478722 23912.2 0.0001
478824 23917.3 0.0001
478926 23922.4 0.0001
479028 23927.5 0.0001
479130 23932.6 0.0001
479232 23937.7 0.0001
479334 23942.8 0.0001
479436 23947.9 0.0001
479538 23953 0.0001
479640 23958.1 0.0001
479742 23963.2 0.0001
479844 23968.3 0.0001
479946 23973.4 0.0001
480048 23978.5 0.0001
480150 23983.6 0.0001
480252 23988.6 0.0001
480354 23993.7 0.0001
480456 23998.8 0.0001
480558 24003.9 0.0001
480660 24009 0.0001
480762 24014.1 0.0001
480864 24019.2 0.0001
480966 24024.3 0.0001
481068 24029.4 0.0001
481170 24034.5 0.0001
481272 24039.6 0.0001
481375 24044.7 0.0001
481477 24049.8 0.0001
481579 24054.9 0.0001
481681 24060 0.0001
481783 24065.1 0.0001
481885 24070.2 0.0001
481987 24075.3 0.0001
482089 24080.4 0.0001
482191 24085.5 0.0001
482293 24090.6 0.0001
482395 24095.7 0.0001
482497 24100.8 0.0001
482599 24105.9 0.0001
482701 24111 0.0001
482803 24116.1 0.0001
482905 24121.2 0.0001
483007 24126.2 0.0001
483109 24131.3 0.0001
483211 24136.4 0.0001
483313 24141.5 0.0001
483415 24146.6 0.0001
483517 24151.7 0.0001
483619 24156.8 0.0001
483721 24161.9 0.0001
483823 24167 0.0001
483925 24172.1 0.0001
484027 24177.2 0.0001
484129 24182.3 0.0001
484231 24187.4 0.0001
484333 24192.5 0.0001
484435 24197.6 0.0001
484537 24202.7 0.0001
484639 24207.8 0.0001
484741 24212.9 0.0001
484844 24218 0.0001
484946 24223.1 0.0001
485048 24228.2 0.0001
485150 24233.3 0.0001
485252 24238.4 0.0001
485354 24243.5 0.0001
485456 24248.6 0.0001
485558 24253.7 0.0001
485660 24258.8 0.0001
485762 24263.9 0.0001
485864 24268.9 0.0001
485966 24274 0.0001
486068 24279.1 0.0001
486170 24284.2 0.0001
486272 24289.3 0.0001
486374 24294.4 0.0001
486476 24299.5 0.0001
486578 24304.6 0.0001
486680 24309.7 0.0001
486782 24314.8 0.0001
486884 24319.9 0.0001
486986 24325 0.0001
487088 24330.1 0.0001
487190 24335.2 0.0001
487292 24340.3 0.0001
487394 24345.4 0.0001
487496 24350.5 0.0001
487598 24355.6 0.0001
487700 24360.7 0.0001
487802 24365.8 0.0001
487904 24370.9 0.0001
488006 24376 0.0001
488108 24381.1 0.0001
488210 24386.2 0.0001
488313 24391.3 0.0001
488415 24396.4 0.0001
488517 24401.5 0.0001
488619 24406.5 0.0001
488721 24411.6 0.0001
488823 24416.7 0.0001
488925 24421.8 0.0001
489027 24426.9 0.0001
489129 24432 0.0001
489231 24437.1 0.0001
489333 24442.2 0.0001
489435 24447.3 0.0001
489537 24452.4 0.0001
489639 24457.5 0.0001
489741 24462.6 0.0001
489843 24467.7 0.0001
489945 24472.8 0.0001
490047 24477.9 0.0001
490149 24483 0.0001
490251 24488.1 0.0001
490353 24493.2 0.0001
490455 24498.3 0.0001
490557 24503.4 0.0001
490659 24508.5 0.0001
490761 24513.6 0.0001
490863 24518.7 0.0001
490965 24523.8 0.0001
491067 24528.9 0.0001
491169 24534 0.0001
491271 24539.1 0.0001
491373 24544.2 0.0001
491475 24549.2 0.0001
491577 24554.3 0.0001
491679 24559.4 0.0001
491782 24564.5 0.0001
491884 24569.6 0.0001
491986 24574.7 0.0001
492088 24579.8 0.0001
492190 24584.9 0.0001
492292 24590 0.0001
492394 24595.1 0.0001
492496 24600.2 0.0001
492598 24605.3 0.0001
492700 24610.4 0.0001
492802 24615.5 0.0001
492904 24620.6 0.0001
493006 24625.7 0.0001
493108 24630.8 0.0001
493210 24635.9 0.0001
493312 24641 0.0001
493414 24646.1 0.0001
493516 24651.2 0.0001
493618 24656.3 0.0001
493720 24661.4 0.0001
493822 24666.5 0.0001
493924 24671.6 0.0001
494026 24676.7 0.0001
494128 24681.8 0.0001
494230 24686.8 0.0001
494332 24691.9 0.0001
494434 24697 0.0001
494536 24702.1 0.0001
494638 24707.2 0.0001
494740 24712.3 0.0001
494842 24717.4 0.0001
494944 24722.5 0.0001
495046 24727.6 0.0001
495148 24732.7 0.0001
495251 24737.8 0.0001
495353 24742.9 0.0001
495455 24748 0.0001
495557 24753.1 0.0001
495659 24758.2 0.0001
495761 24763.3 0.0001
495863 24768.4 0.0001
495965 24773.5 0.0001
496067 24778.6 0.0001
496169 24783.7 0.0001
496271 24788.8 0.0001
496373 24793.9 0.0001
496475 24799 0.0001
496577 24804.1 0.0001
496679 24809.2 0.0001
496781 24814.3 0.0001
496883 24819.4 0.0001
496985 24824.5 0.0001
497087 24829.5 0.0001
497189 24834.6 0.0001
497291 24839.7 0.0001
497393 24844.8 0.0001
497495 24849.9 0.0001
497597 24855 0.0001
497699 24860.1 0.0001
497801 24865.2 0.0001
497903 24870.3 0.0001
498005 24875.4 0.0001
498107 24880.5 0.0001
498209 24885.6 0.0001
498311 24890.7 0.0001
498413 24895.8 0.0001
498515 24900.9 0.0001
498617 24906 0.0001
498720 24911.1 0.0001
498822 24916.2 0.0001
498924 24921.3 0.0001
499026 24926.4 0.0001
499128 24931.5 0.0001
499230 24936.6 0.0001
499332 24941.7 0.0001
499434 24946.8 0.0001
499536 24951.9 0.0001
499638 24957 0.0001
499740 24962.1 0.0001
499842 24967.1 0.0001
499944 24972.2 0.0001
500046 24977.3 0.0001
500148 24982.4 0.0001
500250 24987.5 0.0001
500352 24992.6 0.0001
500454 24997.7 0.0001
500556 25002.8 0.0001
500658 25007.9 0.0001
500760 25013 0.0001
500862 25018.1 0.0001
500964 25023.2 0.0001
501066 25028.3 0.0001
501168 25033.4 0.0001
501270 25038.5 0.0001
501372 25043.6 0.0001
501474 25048.7 0.0001
501576 25053.8 0.0001
501678 25058.9 0.0001
501780 25064 0.0001
501882 25069.1 0.0001
501984 25074.2 0.0001
502086 25079.3 0.0001
502188 25084.4 0.0001
502291 25089.5 0.0001
502393 25094.6 0.0001
502495 25099.7 0.0001
502597 25104.8 0.0001
502699 25109.8 0.0001
502801 25114.9 0.0001
502903 25120 0.0001
503005 25125.1 0.0001
503107 25130.2 0.0001
503209 25135.3 0.0001
503311 25140.4 0.0001
503413 25145.5 0.0001
503515 25150.6 0.0001
503617 25155.7 0.0001
503719 25160.8 0.0001
503821 25165.9 0.0001
503923 25171 0.0001
504025 25176.1 0.0001
504127 25181.2 0.0001
504229 25186.3 0.0001
504331 25191.4 0.0001
504433 25196.5 0.0001
504535 25201.6 0.0001
504637 25206.7 0.0001
504739 25211.8 0.0001
504841 25216.9 0.0001
504943 25222 0.0001
505045 25227.1 0.0001
505147 25232.2 0.0001
505249 25237.3 0.0001
505351 25242.4 0.0001
505453 25247.4 0.0001
505555 25252.5 0.0001
505657 25257.6 0.0001
505760 25262.7 0.0001
505862 25267.8 0.0001
505964 25272.9 0.0001
506066 25278 0.0001
506168 25283.1 0.0001
506270 25288.2 0.0001
506372 25293.3 0.0001
506474 25298.4 0.0001
506576 25303.5 0.0001
506678 25308.6 0.0001
506780 25313.7 0.0001
506882 25318.8 0.0001
506984 25323.9 0.0001
507086 25329 0.0001
507188 25334.1 0.0001
507290 25339.2 0.0001
507392 25344.3 0.0001
507494 25349.4 0.0001
507596 25354.5 0.0001
507698 25359.6 0.0001
507800 25364.7 0.0001
507902 25369.8 0.0001
508004 25374.9 0.0001
508106 25380 0.0001
508208 25385.1 0.0001
508310 25390.1 0.0001
508412 25395.2 0.0001
508514 25400.3 0.0001
508616 25405.4 0.0001
508718 25410.5 0.0001
508820 25415.6 0.0001
508922 25420.7 0.0001
509024 25425.8 0.0001
509126 25430.9 0.0001
509229 25436 0.0001
509331 25441.1 0.0001
509433 25446.2 0.0001
509535 25451.3 0.0001
509637 25456.4 0.0001
509739 25461.5 0.0001
509841 25466.6 0.0001
509943 25471.7 0.0001
510045 25476.8 0.0001
510147 25481.9 0.0001
510249 25487 0.0001
510351 25492.1 0.0001
510453 25497.2 0.0001
510555 25502.3 0.0001
510657 25507.4 0.0001
510759 25512.5 0.0001
510861 25517.6 0.0001
510963 25522.7 0.0001
511065 25527.7 0.0001
511167 25532.8 0.0001
511269 25537.9 0.0001
511371 25543 0.0001
511473 25548.1 0.0001
511575 25553.2 0.0001
511677 25558.3 0.0001
511779 25563.4 0.0001
511881 25568.5 0.0001
511983 25573.6 0.0001
512085 25578.7 0.0001
512187 25583.8 0.0001
512289 25588.9 0.0001
512391 25594 0.0001
512493 25599.1 0.0001
512595 25604.2 0.0001
512698 25609.3 0.0001
512800 25614.4 0.0001
512902 25619.5 0.0001
513004 25624.6 0.0001
513106 25629.7 0.0001
513208 25634.8 0.0001
513310 25639.9 0.0001
513412 25645 0.0001
513514 25650.1 0.0001
513616 25655.2 0.0001
513718 25660.3 0.0001
513820 25665.4 0.0001
513922 25670.4 0.0001
514024 25675.5 0.0001
514126 25680.6 0.0001
514228 25685.7 0.0001
514330 25690.8 0.0001
514432 25695.9 0.0001
514534 25701 0.0001
514636 25706.1 0.0001
514738 25711.2 0.0001
514840 25716.3 0.0001
514942 25721.4 0.0001
515044 25726.5 0.0001
515146 25731.6 0.0001
515248 25736.7 0.0001
515350 25741.8 0.0001
515452 25746.9 0.0001
515554 25752 0.0001
515656 25757.1 0.0001
515758 25762.2 0.0001
515860 25767.3 0.0001
515962 25772.4 0.0001
516064 25777.5 0.0001
516167 25782.6 0.0001
516269 25787.7 0.0001
516371 25792.8 0.0001
516473 25797.9 0.0001
516575 25803 0.0001
516677 25808 0.0001
516779 25813.1 0.0001
516881 25818.2 0.0001
516983 25823.3 0.0001
517085 25828.4 0.0001
517187 25833.5 0.0001
517289 25838.6 0.0001
517391 25843.7 0.0001
517493 25848.8 0.0001
517595 25853.9 0.0001
517697 25859 0.0001
517799 25864.1 0.0001
517901 25869.2 0.0001
518003 25874.3 0.0001
518105 25879.4 0.0001
518207 25884.5 0.0001
518309 25889.6 0.0001
518411 25894.7 0.0001
518513 25899.8 0.0001
518615 25904.9 0.0001
518717 25910 0.0001
518819 25915.1 0.0001
518921 25920.2 0.0001
519023 25925.3 0.0001
519125 25930.4 0.0001
519227 25935.5 0.0001
519329 25940.6 0.0001
519431 25945.7 0.0001
519533 25950.7 0.0001
519636 25955.8 0.0001
519738 25960.9 0.0001
519840 25966 0.0001
519942 25971.1 0.0001
520044 25976.2 0.0001
520146 25981.3 0.0001
520248 25986.4 0.0001
520350 25991.5 0.0001
520452 25996.6 0.0001
520554 26001.7 0.0001
520656 26006.8 0.0001
520758 26011.9 0.0001
520860 26017 0.0001
520962 26022.1 0.0001
521064 26027.2 0.0001
521166 26032.3 0.0001
521268 26037.4 0.0001
521370 26042.5 0.0001
521472 26047.6 0.0001
521574 26052.7 0.0001
521676 26057.8 0.0001
521778 26062.9 0.0001
521880 26068 0.0001
521982 26073.1 0.0001
522084 26078.2 0.0001
522186 26083.3 0.0001
522288 26088.3 0.0001
522390 26093.4 0.0001
522492 26098.5 0.0001
522594 26103.6 0.0001
522696 26108.7 0.0001
522798 26113.8 0.0001
522900 26118.9 0.0001
523002 26124 0.0001
523105 26129.1 0.0001
523207 26134.2 0.0001
523309 26139.3 0.0001
523411 26144.4 0.0001
523513 26149.5 0.0001
523615 26154.6 0.0001
523717 26159.7 0.0001
523819 26164.8 0.0001
523921 26169.9 0.0001
524023 26175 0.0001
524125 26180.1 0.0001
524227 26185.2 0.0001
524329 26190.3 0.0001
524431 26195.4 0.0001
524533 26200.5 0.0001
524635 26205.6 0.0001
524737 26210.7 0.0001
524839 26215.8 0.0001
524941 26220.9 0.0001
525043 26226 0.0001
525145 26231 0.0001
525247 26236.1 0.0001
525349 26241.2 0.0001
525451 26246.3 0.0001
525553 26251.4 0.0001
525655 26256.5 0.0001
525757 26261.6 0.0001
525859 26266.7 0.0001
525961 26271.8 0.0001
526063 26276.9 0.0001
526165 26282 0.0001
526267 26287.1 0.0001
526369 26292.2 0.0001
526471 26297.3 0.0001
526574 26302.4 0.0001
526676 26307.5 0.0001
526778 26312.6 0.0001
526880 26317.7 0.0001
526982 26322.8 0.0001
527084 26327.9 0.0001
527186 26333 0.0001
527288 26338.1 0.0001
527390 26343.2 0.0001
527492 26348.3 0.0001
527594 26353.4 0.0001
527696 26358.5 0.0001
527798 26363.6 0.0001
527900 26368.6 0.0001
528002 26373.7 0.0001
528104 26378.8 0.0001
528206 26383.9 0.0001
528308 26389 0.0001
528410 26394.1 0.0001
528512 26399.2 0.0001
528614 26404.3 0.0001
528716 26409.4 0.0001
528818 26414.5 0.0001
528920 26419.6 0.0001
529022 26424.7 0.0001
529124 26429.8 0.0001
529226 26434.9 0.0001
529328 26440 0.0001
529430 26445.1 0.0001
529532 26450.2 0.0001
529634 26455.3 0.0001
529736 26460.4 0.0001
529838 26465.5 0.0001
529940 26470.6 0.0001
530043 26475.7 0.0001
530145 26480.8 0.0001
530247 26485.9 0.0001
530349 26491 0.0001
530451 26496.1 0.0001
530553 26501.2 0.0001
530655 26506.3 0.0001
530757 26511.3 0.0001
530859 26516.4 0.0001
530961 26521.5 0.0001
531063 26526.6 0.0001
531165 26531.7 0.0001
531267 26536.8 0.0001
531369 26541.9 0.0001
531471 26547 0.0001
531573 26552.1 0.0001
531675 26557.2 0.0001
531777 26562.3 0.0001
531879 26567.4 0.0001
531981 26572.5 0.0001
532083 26577.6 0.0001
532185 26582.7 0.0001
532287 26587.8 0.0001
532389 26592.9 0.0001
532491 26598 0.0001
532593 26603.1 0.0001
532695 26608.2 0.0001
532797 26613.3 0.0001
532899 26618.4 0.0001
533001 26623.5 0.0001
533103 26628.6 0.0001
533205 26633.7 0.0001
533307 26638.8 0.0001
533409 26643.9 0.0001
533512 26649 0.0001
533614 26654 0.0001
533716 26659.1 0.0001
533818 26664.2 0.0001
533920 26669.3 0.0001
534022 26674.4 0.0001
534124 26679.5 0.0001
534226 26684.6 0.0001
534328 26689.7 0.0001
534430 26694.8 0.0001
534532 26699.9 0.0001
534634 26705 0.0001
534736 26710.1 0.0001
534838 26715.2 0.0001
534940 26720.3 0.0001
535042 26725.4 0.0001
535144 26730.5 0.0001
535246 26735.6 0.0001
535348 26740.7 0.0001
535450 26745.8 0.0001
535552 26750.9 0.0001
535654 26756 0.0001
535756 26761.1 0.0001
535858 26766.2 0.0001
535960 26771.3 0.0001
536062 26776.4 0.0001
536164 26781.5 0.0001
536266 26786.6 0.0001
536368 26791.6 0.0001
536470 26796.7 0.0001
536572 26801.8 0.0001
536674 26806.9 0.0001
536776 26812 0.0001
536878 26817.1 0.0001
536981 26822.2 0.0001
537083 26827.3 0.0001
537185 26832.4 0.0001
537287 26837.5 0.0001
537389 26842.6 0.0001
537491 26847.7 0.0001
537593 26852.8 0.0001
537695 26857.9 0.0001
537797 26863 0.0001
537899 26868.1 0.0001
538001 26873.2 0.0001
538103 26878.3 0.0001
538205 26883.4 0.0001
538307 26888.5 0.0001
538409 26893.6 0.0001
538511 26898.7 0.0001
538613 26903.8 0.0001
538715 26908.9 0.0001
538817 26914 0.0001
538919 26919.1 0.0001
539021 26924.2 0.0001
539123 26929.3 0.0001
539225 26934.3 0.0001
539327 26939.4 0.0001
539429 26944.5 0.0001
539531 26949.6 0.0001
539633 26954.7 0.0001
539735 26959.8 0.0001
539837 26964.9 0.0001
539939 26970 0.0001
540041 26975.1 0.0001
540143 26980.2 0.0001
540245 26985.3 0.0001
540347 26990.4 0.0001
540450 26995.5 0.0001
540552 27000.6 0.0001
540654 27005.7 0.0001
540756 27010.8 0.0001
540858 27015.9 0.0001
540960 27021 0.0001
541062 27026.1 0.0001
541164 27031.2 0.0001
541266 27036.3 0.0001
541368 27041.4 0.0001
541470 27046.5 0.0001
541572 27051.6 0.0001
541674 27056.7 0.0001
541776 27061.8 0.0001
541878 27066.9 0.0001
541980 27071.9 0.0001
542082 27077 0.0001
542184 27082.1 0.0001
542286 27087.2 0.0001
542388 27092.3 0.0001
542490 27097.4 0.0001
542592 27102.5 0.0001
542694 27107.6 0.0001
542796 27112.7 0.0001
542898 27117.8 0.0001
543000 27122.9 0.0001
543102 27128 0.0001
543204 27133.1 0.0001
543306 27138.2 0.0001
543408 27143.3 0.0001
543510 27148.4 0.0001
543612 27153.5 0.0001
543714 27158.6 0.0001
543816 27163.7 0.0001
543919 27168.8 0.0001
544021 27173.9 0.0001
544123 27179 0.0001
544225 27184.1 0.0001
544327 27189.2 0.0001
544429 27194.3 0.0001
544531 27199.4 0.0001
544633 27204.5 0.0001
544735 27209.6 0.0001
544837 27214.6 0.0001
544939 27219.7 0.0001
545041 27224.8 0.0001
545143 27229.9 0.0001
545245 27235 0.0001
545347 27240.1 0.0001
545449 27245.2 0.0001
545551 27250.3 0.0001
545653 27255.4 0.0001
545755 27260.5 0.0001
545857 27265.6 0.0001
545959 27270.7 0.0001
546061 27275.8 0.0001
546163 27280.9 0.0001
546265 27286 0.0001
546367 27291.1 0.0001
546469 27296.2 0.0001
546571 27301.3 0.0001
546673 27306.4 0.0001
546775 27311.5 0.0001
546877 27316.6 0.0001
546979 27321.7 0.0001
547081 27326.8 0.0001
547183 27331.9 0.0001
547285 27337 0.0001
547388 27342.1 0.0001
547490 27347.2 0.0001
547592 27352.2 0.0001
547694 27357.3 0.0001
547796 27362.4 0.0001
547898 27367.5 0.0001
548000 27372.6 0.0001
548102 27377.7 0.0001
548204 27382.8 0.0001
548306 27387.9 0.0001
548408 27393 0.0001
548510 27398.1 0.0001
548612 27403.2 0.0001
548714 27408.3 0.0001
548816 27413.4 0.0001
548918 27418.5 0.0001
549020 27423.6 0.0001
549122 27428.7 0.0001
549224 27433.8 0.0001
549326 27438.9 0.0001
549428 27444 0.0001
549530 27449.1 0.0001
549632 27454.2 0.0001
549734 27459.3 0.0001
549836 27464.4 0.0001
549938 27469.5 0.0001
550040 27474.6 0.0001
550142 27479.7 0.0001
550244 27484.8 0.0001
550346 27489.9 0.0001
550448 27494.9 0.0001
550550 27500 0.0001
550652 27505.1 0.0001
550754 27510.2 0.0001
550857 27515.3 0.0001
550959 27520.4 0.0001
551061 27525.5 0.0001
551163 27530.6 0.0001
551265 27535.7 0.0001
551367 27540.8 0.0001
551469 27545.9 0.0001
551571 27551 0.0001
551673 27556.1 0.0001
551775 27561.2 0.0001
551877 27566.3 0.0001
551979 27571.4 0.0001
552081 27576.5 0.0001
552183 27581.6 0.0001
552285 27586.7 0.0001
552387 27591.8 0.0001
552489 27596.9 0.0001
552591 27602 0.0001
552693 27607.1 0.0001
552795 27612.2 0.0001
552897 27617.3 0.0001
552999 27622.4 0.0001
553101 27627.5 0.0001
553203 27632.5 0.0001
553305 27637.6 0.0001
553407 27642.7 0.0001
553509 27647.8 0.0001
553611 27652.9 0.0001
553713 27658 0.0001
553815 27663.1 0.0001
553917 27668.2 0.0001
554019 27673.3 0.0001
554121 27678.4 0.0001
554223 27683.5 0.0001
554326 27688.6 0.0001
554428 27693.7 0.0001
554530 27698.8 0.0001
554632 27703.9 0.0001
554734 27709 0.0001
554836 27714.1 0.0001
554938 27719.2 0.0001
555040 27724.3 0.0001
555142 27729.4 0.0001
555244 27734.5 0.0001
555346 27739.6 0.0001
555448 27744.7 0.0001
555550 27749.8 0.0001
555652 27754.9 0.0001
555754 27760 0.0001
555856 27765.1 0.0001
555958 27770.2 0.0001
556060 27775.2 0.0001
556162 27780.3 0.0001
556264 27785.4 0.0001
556366 27790.5 0.0001
556468 27795.6 0.0001
556570 27800.7 0.0001
556672 27805.8 0.0001
556774 27810.9 0.0001
556876 27816 0.0001
556978 27821.1 0.0001
557080 27826.2 0.0001
557182 27831.3 0.0001
557284 27836.4 0.0001
557386 27841.5 0.0001
557488 27846.6 0.0001
557590 27851.7 0.0001
557692 27856.8 0.0001
557794 27861.9 0.0001
557897 27867 0.0001
557999 27872.1 0.0001
558101 27877.2 0.0001
558203 27882.3 0.0001
558305 27887.4 0.0001
558407 27892.5 0.0001
558509 27897.6 0.0001
558611 27902.7 0.0001
558713 27907.8 0.0001
558815 27912.8 0.0001
558917 27917.9 0.0001
559019 27923 0.0001
559121 27928.1 0.0001
559223 27933.2 0.0001
559325 27938.3 0.0001
559427 27943.4 0.0001
559529 27948.5 0.0001
559631 27953.6 0.0001
559733 27958.7 0.0001
559835 27963.8 0.0001
559937 27968.9 0.0001
560039 27974 0.0001
560141 27979.1 0.0001
560243 27984.2 0.0001
560345 27989.3 0.0001
560447 27994.4 0.0001
560549 27999.5 0.0001
560651 28004.6 0.0001
560753 28009.7 0.0001
560855 28014.8 0.0001
560957 28019.9 0.0001
561059 28025 0.0001
561161 28030.1 0.0001
561263 28035.2 0.0001
561366 28040.3 0.0001
561468 28045.4 0.0001
561570 28050.5 0.0001
561672 28055.5 0.0001
561774 28060.6 0.0001
561876 28065.7 0.0001
561978 28070.8 0.0001
562080 28075.9 0.0001
562182 28081 0.0001
562284 28086.1 0.0001
562386 28091.2 0.0001
562488 28096.3 0.0001
562590 28101.4 0.0001
562692 28106.5 0.0001
562794 28111.6 0.0001
562896 28116.7 0.0001
562998 28121.8 0.0001
563100 28126.9 0.0001
563202 28132 0.0001
563304 28137.1 0.0001
563406 28142.2 0.0001
563508 28147.3 0.0001
563610 28152.4 0.0001
563712 28157.5 0.0001
563814 28162.6 0.0001
563916 28167.7 0.0001
564018 28172.8 0.0001
564120 28177.9 0.0001
564222 28183 0.0001
564324 28188.1 0.0001
564426 28193.1 0.0001
564528 28198.2 0.0001
564630 28203.3 0.0001
564732 28208.4 0.0001
564835 28213.5 0.0001
564937 28218.6 0.0001
565039 28223.7 0.0001
565141 28228.8 0.0001
565243 28233.9 0.0001
565345 28239 0.0001
565447 28244.1 0.0001
565549 28249.2 0.0001
565651 28254.3 0.0001
565753 28259.4 0.0001
565855 28264.5 0.0001
565957 28269.6 0.0001
566059 28274.7 0.0001
566161 28279.8 0.0001
566263 28284.9 0.0001
566365 28290 0.0001
566467 28295.1 0.0001
566569 28300.2 0.0001
566671 28305.3 0.0001
566773 28310.4 0.0001
566875 28315.5 0.0001
566977 28320.6 0.0001
567079 28325.7 0.0001
567181 28330.8 0.0001
567283 28335.8 0.0001
567385 28340.9 0.0001
567487 28346 0.0001
567589 28351.1 0.0001
567691 28356.2 0.0001
567793 28361.3 0.0001
567895 28366.4 0.0001
567997 28371.5 0.0001
568099 28376.6 0.0001
568201 28381.7 0.0001
568304 28386.8 0.0001
568406 28391.9 0.0001
568508 28397 0.0001
568610 28402.1 0.0001
568712 28407.2 0.0001
568814 28412.3 0.0001
568916 28417.4 0.0001
569018 28422.5 0.0001
569120 28427.6 0.0001
569222 28432.7 0.0001
569324 28437.8 0.0001
569426 28442.9 0.0001
569528 28448 0.0001
569630 28453.1 0.0001
569732 28458.2 0.0001
569834 28463.3 0.0001
569936 28468.4 0.0001
570038 28473.4 0.0001
570140 28478.5 0.0001
570242 28483.6 0.0001
570344 28488.7 0.0001
570446 28493.8 0.0001
570548 28498.9 0.0001
570650 28504 0.0001
570752 28509.1 0.0001
570854 28514.2 0.0001
570956 28519.3 0.0001
571058 28524.4 0.0001
571160 28529.5 0.0001
571262 28534.6 0.0001
571364 28539.7 0.0001
571466 28544.8 0.0001
571568 28549.9 0.0001
571670 28555 0.0001
571773 28560.1 0.0001
571875 28565.2 0.0001
571977 28570.3 0.0001
572079 28575.4 0.0001
572181 28580.5 0.0001
572283 28585.6 0.0001
572385 28590.7 0.0001
572487 28595.8 0.0001
572589 28600.9 0.0001
572691 28606 0.0001
572793 28611.1 0.0001
572895 28616.1 0.0001
572997 28621.2 0.0001
573099 28626.3 0.0001
573201 28631.4 0.0001
573303 28636.5 0.0001
573405 28641.6 0.0001
573507 28646.7 0.0001
573609 28651.8 0.0001
573711 28656.9 0.0001
573813 28662 0.0001
573915 28667.1 0.0001
574017 28672.2 0.0001
574119 28677.3 0.0001
574221 28682.4 0.0001
574323 28687.5 0.0001
574425 28692.6 0.0001
574527 28697.7 0.0001
574629 28702.8 0.0001
574731 28707.9 0.0001
574833 28713 0.0001
574935 28718.1 0.0001
575037 28723.2 0.0001
575139 28728.3 0.0001
575242 28733.4 0.0001
575344 28738.5 0.0001
575446 28743.6 0.0001
575548 28748.7 0.0001
575650 28753.7 0.0001
575752 28758.8 0.0001
575854 28763.9 0.0001
575956 28769 0.0001
576058 28774.1 0.0001
576160 28779.2 0.0001
576262 28784.3 0.0001
576364 28789.4 0.0001
576466 28794.5 0.0001
576568 28799.6 0.0001
576670 28804.7 0.0001
576772 28809.8 0.0001
576874 28814.9 0.0001
576976 28820 0.0001
577078 28825.1 0.0001
577180 28830.2 0.0001
577282 28835.3 0.0001
577384 28840.4 0.0001
577486 28845.5 0.0001
577588 28850.6 0.0001
577690 28855.7 0.0001
577792 28860.8 0.0001
577894 28865.9 0.0001
577996 28871 0.0001
578098 28876.1 0.0001
578200 28881.2 0.0001
578302 28886.3 0.0001
578404 28891.4 0.0001
578506 28896.4 0.0001
578608 28901.5 0.0001
578711 28906.6 0.0001
578813 28911.7 0.0001
578915 28916.8 0.0001
579017 28921.9 0.0001
579119 28927 0.0001
579221 28932.1 0.0001
579323 28937.2 0.0001
579425 28942.3 0.0001
579527 28947.4 0.0001
579629 28952.5 0.0001
579731 28957.6 0.0001
579833 28962.7 0.0001
579935 28967.8 0.0001
580037 28972.9 0.0001
580139 28978 0.0001
580241 28983.1 0.0001
580343 28988.2 0.0001
580445 28993.3 0.0001
580547 28998.4 0.0001
580649 29003.5 0.0001
580751 29008.6 0.0001
580853 29013.7 0.0001
580955 29018.8 0.0001
581057 29023.9 0.0001
581159 29029 0.0001
581261 29034 0.0001
581363 29039.1 0.0001
581465 29044.2 0.0001
581567 29049.3 0.0001
581669 29054.4 0.0001
581771 29059.5 0.0001
581873 29064.6 0.0001
581975 29069.7 0.0001
582077 29074.8 0.0001
582180 29079.9 0.0001
582282 29085 0.0001
582384 29090.1 0.0001
582486 29095.2 0.0001
582588 29100.3 0.0001
582690 29105.4 0.0001
582792 29110.5 0.0001
582894 29115.6 0.0001
582996 29120.7 0.0001
583098 29125.8 0.0001
583200 29130.9 0.0001
583302 29136 0.0001
583404 29141.1 0.0001
583506 29146.2 0.0001
583608 29151.3 0.0001
583710 29156.4 0.0001
583812 29161.5 0.0001
583914 29166.6 0.0001
584016 29171.7 0.0001
584118 29176.7 0.0001
584220 29181.8 0.0001
584322 29186.9 0.0001
584424 29192 0.0001
584526 29197.1 0.0001
584628 29202.2 0.0001
584730 29207.3 0.0001
584832 29212.4 0.0001
584934 29217.5 0.0001
585036 29222.6 0.0001
585138 29227.7 0.0001
585240 29232.8 0.0001
585342 29237.9 0.0001
585444 29243 0.0001
585546 29248.1 0.0001
585649 29253.2 0.0001
585751 29258.3 0.0001
585853 29263.4 0.0001
585955 29268.5 0.0001
586057 29273.6 0.0001
586159 29278.7 0.0001
586261 29283.8 0.0001
586363 29288.9 0.0001
586465 29294 0.0001
586567 29299.1 0.1
586669 29304.2 0.1
586771 29309.3 0.1
586873 29314.3 0.1
586975 29319.4 0.1
587077 29324.5 0.1
587179 29329.6 0.1
587281 29334.7 0.1
587383 29339.8 0.1
587485 29344.9 0.1
587587 29350 0.1
587689 29355.1 0.1
587791 29360.2 0.1
587893 29365.3 0.1
587995 29370.4 0.1
588097 29375.5 0.1
588199 29380.6 0.1
588301 29385.7 0.1
588403 29390.8 0.1
588505 29395.9 0.1
588607 29401 0.1
588709 29406.1 0.1
588811 29411.2 0.1
588913 29416.3 0.1
589015 29421.4 0.1
589118 29426.5 0.1
589220 29431.6 0.1
589322 29436.7 0.1
589424 29441.8 0.1
589526 29446.9 0.1
589628 29452 0.1
589730 29457 0.1
589832 29462.1 0.1
589934 29467.2 0.1
590036 29472.3 0.1
590138 29477.4 0.1
590240 29482.5 0.1
590342 29487.6 0.1
590444 29492.7 0.1
590546 29497.8 0.1
590648 29502.9 0.1
590750 29508 0.1
590852 29513.1 0.1
590954 29518.2 0.1
591056 29523.3 0.1
591158 29528.4 0.1
591260 29533.5 0.1
591362 29538.6 0.1
591464 29543.7 0.1
591566 29548.8 0.1
591668 29553.9 0.1
591770 29559 0.1
591872 29564.1 0.1
591974 29569.2 0.1
592076 29574.3 0.1
592178 29579.4 0.1
592280 29584.5 0.1
592382 29589.6 0.1
592484 29594.6 0.1
592587 29599.7 0.1
592689 29604.8 0.1
592791 29609.9 0.1
592893 29615 0.1
592995 29620.1 0.1
593097 29625.2 0.1
593199 29630.3 0.1
593301 29635.4 0.1
593403 29640.5 0.1
593505 29645.6 0.1
593607 29650.7 0.1
593709 29655.8 0.1
593811 29660.9 0.1
593913 29666 0.1
594015 29671.1 0.1
594117 29676.2 0.1
594219 29681.3 0.1
594321 29686.4 0.1
594423 29691.5 0.1
594525 29696.6 0.1
594627 29701.7 0.1
594729 29706.8 0.1
594831 29711.9 0.1
594933 29717 0.1
595035 29722.1 0.1
595137 29727.2 0.1
595239 29732.3 0.1
595341 29737.3 0.1
595443 29742.4 0.1
595545 29747.5 0.1
595647 29752.6 0.1
595749 29757.7 0.1
595851 29762.8 0.1
595953 29767.9 0.1
596056 29773 0.1
596158 29778.1 0.1
596260 29783.2 0.1
596362 29788.3 0.1
596464 29793.4 0.1
596566 29798.5 0.1
596668 29803.6 0.1
596770 29808.7 0.1
596872 29813.8 0.1
596974 29818.9 0.1
597076 29824 0.1
597178 29829.1 0.1
597280 29834.2 0.1
597382 29839.3 0.1
597484 29844.4 0.1
597586 29849.5 0.1
597688 29854.6 0.1
597790 29859.7 0.1
597892 29864.8 0.1
597994 29869.9 0.1
598096 29875 0.1
598198 29880 0.1
598300 29885.1 0.1
598402 29890.2 0.1
598504 29895.3 0.1
598606 29900.4 0.1
598708 29905.5 0.1
598810 29910.6 0.1
598912 29915.7 0.1
599014 29920.8 0.1
599116 29925.9 0.1
599218 29931 0.1
599320 29936.1 0.1
599422 29941.2 0.1
599525 29946.3 0.1
599627 29951.4 0.1
599729 29956.5 0.1
599831 29961.6 0.1
599933 29966.7 0.1
600035 29971.8 0.1
600137 29976.9 0.1
600239 29982 0.1
600341 29987.1 0.1
600443 29992.2 0.1
600545 29997.3 0.1
600647 30002.4 0.1
600749 30007.5 0.1
600851 30012.6 0.1
600953 30017.6 0.1
601055 30022.7 0.1
601157 30027.8 0.1
601259 30032.9 0.1
601361 30038 0.1
601463 30043.1 0.1
601565 30048.2 0.1
601667 30053.3 0.1
601769 30058.4 0.1
601871 30063.5 0.1
601973 30068.6 0.1
602075 30073.7 0.1
602177 30078.8 0.1
602279 30083.9 0.1
602381 30089 0.1
602483 30094.1 0.1
602585 30099.2 0.1
602687 30104.3 0.1
602789 30109.4 0.1
602891 30114.5 0.1
602994 30119.6 0.1
603096 30124.7 0.1
603198 30129.8 0.1
603300 30134.9 0.1
603402 30140 0.1
603504 30145.1 0.1
603606 30150.2 0.1
603708 30155.3 0.1
603810 30160.3 0.1
603912 30165.4 0.1
604014 30170.5 0.1
604116 30175.6 0.1
604218 30180.7 0.1
604320 30185.8 0.1
604422 30190.9 0.1
604524 30196 0.1
604626 30201.1 0.1
604728 30206.2 0.1
604830 30211.3 0.1
604932 30216.4 0.1
605034 30221.5 0.1
605136 30226.6 0.1
605238 30231.7 0.1
605340 30236.8 0.1
605442 30241.9 0.1
605544 30247 0.1
605646 30252.1 0.1
605748 30257.2 0.1
605850 30262.3 0.1
605952 30267.4 0.1
606054 30272.5 0.1
606156 30277.6 0.1
606258 30282.7 0.1
606360 30287.8 0.1
606463 30292.9 0.1
606565 30297.9 0.1
606667 30303 0.1
606769 30308.1 0.1
606871 30313.2 0.1
606973 30318.3 0.1
607075 30323.4 0.1
607177 30328.5 0.1
607279 30333.6 0.1
607381 30338.7 0.1
607483 30343.8 0.1
607585 30348.9 0.1
607687 30354 0.1
607789 30359.1 0.1
607891 30364.2 0.1
607993 30369.3 0.1
608095 30374.4 0.1
608197 30379.5 0.1
608299 30384.6 0.1
608401 30389.7 0.1
608503 30394.8 0.1
608605 30399.9 0.1
608707 30405 0.1
608809 30410.1 0.1
608911 30415.2 0.1
609013 30420.3 0.1
609115 30425.4 0.1
609217 30430.5 0.1
609319 30435.6 0.1
609421 30440.6 0.1
609523 30445.7 0.1
609625 30450.8 0.1
609727 30455.9 0.1
609829 30461 0.1
609932 30466.1 0.1
610034 30471.2 0.1
610136 30476.3 0.1
610238 30481.4 0.1
610340 30486.5 0.1
610442 30491.6 0.1
610544 30496.7 0.1
610646 30501.8 0.1
610748 30506.9 0.1
610850 30512 0.1
610952 30517.1 0.1
611054 30522.2 0.1
611156 30527.3 0.1
611258 30532.4 0.1
611360 30537.5 0.1
611462 30542.6 0.1
611564 30547.7 0.1
611666 30552.8 0.1
611768 30557.9 0.1
611870 30563 0.1
611972 30568.1 0.1
612074 30573.2 0.1
612176 30578.2 0.1
612278 30583.3 0.1
612380 30588.4 0.1
612482 30593.5 0.1
612584 30598.6 0.1
612686 30603.7 0.1
612788 30608.8 0.1
612890 30613.9 0.1
612992 30619 0.1
613094 30624.1 0.1
613196 30629.2 0.1
613298 30634.3 0.1
613401 30639.4 0.1
613503 30644.5 0.1
613605 30649.6 0.1
613707 30654.7 0.1
613809 30659.8 0.1
613911 30664.9 0.1
614013 30670 0.1
614115 30675.1 0.1
614217 30680.2 0.1
614319 30685.3 0.1
614421 30690.4 0.1
614523 30695.5 0.1
614625 30700.6 0.1
614727 30705.7 0.1
614829 30710.8 0.1
614931 30715.9 0.1
615033 30720.9 0.1
615135 30726 0.1
615237 30731.1 0.1
615339 30736.2 0.1
615441 30741.3 0.1
615543 30746.4 0.1
615645 30751.5 0.1
615747 30756.6 0.1
615849 30761.7 0.1
615951 30766.8 0.1
616053 30771.9 0.1
616155 30777 0.1
616257 30782.1 0.1
616359 30787.2 0.1
616461 30792.3 0.1
616563 30797.4 0.1
616665 30802.5 0.1
616767 30807.6 0.1
616869 30812.7 0.1
616972 30817.8 0.1
617074 30822.9 0.1
617176 30828 0.1
617278 30833.1 0.1
617380 30838.2 0.1
617482 30843.3 0.1
617584 30848.4 0.1
617686 30853.5 0.1
617788 30858.5 0.1
617890 30863.6 0.1
617992 30868.7 0.1
618094 30873.8 0.1
618196 30878.9 0.1
618298 30884 0.1
618400 30889.1 0.1
618502 30894.2 0.1
618604 30899.3 0.1
618706 30904.4 0.1
618808 30909.5 0.1
618910 30914.6 0.1
619012 30919.7 0.1
619114 30924.8 0.1
619216 30929.9 0.1
619318 30935 0.1
619420 30940.1 0.1
619522 30945.2 0.1
619624 30950.3 0.1
619726 30955.4 0.1
619828 30960.5 0.1
619930 30965.6 0.1
620032 30970.7 0.1
620134 30975.8 0.1
620236 30980.9 0.1
620338 30986 0.1
620441 30991.1 0.1
620543 30996.2 0.1
620645 31001.2 0.1
620747 31006.3 0.1
620849 31011.4 0.1
620951 31016.5 0.1
621053 31021.6 0.1
621155 31026.7 0.1
621257 31031.8 0.1
621359 31036.9 0.1
621461 31042 0.1
621563 31047.1 0.1
621665 31052.2 0.1
621767 31057.3 0.1
621869 31062.4 0.1
621971 31067.5 0.1
622073 31072.6 0.1
622175 31077.7 0.1
622277 31082.8 0.1
622379 31087.9 0.1
622481 31093 0.1
622583 31098.1 0.1
622685 31103.2 0.1
622787 31108.3 0.1
622889 31113.4 0.1
622991 31118.5 0.1
623093 31123.6 0.1
623195 31128.7 0.1
623297 31133.8 0.1
623399 31138.8 0.1
623501 31143.9 0.1
623603 31149 0.1
623705 31154.1 0.1
623807 31159.2 0.1
623910 31164.3 0.1
624012 31169.4 0.1
624114 31174.5 0.1
624216 31179.6 0.1
624318 31184.7 0.1
624420 31189.8 0.1
624522 31194.9 0.1
624624 31200 0.1
624726 31205.1 0.1
624828 31210.2 0.1
624930 31215.3 0.1
625032 31220.4 0.1
625134 31225.5 0.1
625236 31230.6 0.1
625338 31235.7 0.1
625440 31240.8 0.1
625542 31245.9 0.1
625644 31251 0.1
625746 31256.1 0.1
625848 31261.2 0.1
625950 31266.3 0.1
626052 31271.4 0.1
626154 31276.5 0.1
626256 31281.5 0.1
626358 31286.6 0.1
626460 31291.7 0.1
626562 31296.8 0.1
626664 31301.9 0.1
626766 31307 0.1
626868 31312.1 0.1
626970 31317.2 0.1
627072 31322.3 0.1
627174 31327.4 0.1
627276 31332.5 0.1
627379 31337.6 0.1
627481 31342.7 0.1
627583 31347.8 0.1
627685 31352.9 0.1
627787 31358 0.1
627889 31363.1 0.1
627991 31368.2 0.1
628093 31373.3 0.1
628195 31378.4 0.1
628297 31383.5 0.1
628399 31388.6 0.1
628501 31393.7 0.1
628603 31398.8 0.1
628705 31403.9 0.1
628807 31409 0.1
628909 31414.1 0.1
629011 31419.1 0.1
629113 31424.2 0.1
629215 31429.3 0.1
629317 31434.4 0.1
629419 31439.5 0.1
629521 31444.6 0.1
629623 31449.7 0.1
629725 31454.8 0.1
629827 31459.9 0.1
629929 31465 0.1
630031 31470.1 0.1
630133 31475.2 0.1
630235 31480.3 0.1
630337 31485.4 0.1
630439 31490.5 0.1
630541 31495.6 0.1
630643 31500.7 0.1
630745 31505.8 0.1
630848 31510.9 0.1
630950 31516 0.1
631052 31521.1 0.1
631154 31526.2 0.1
631256 31531.3 0.1
631358 31536.4 0.1
631460 31541.5 0.1
631562 31546.6 0.1
631664 31551.7 0.1
631766 31556.8 0.1
631868 31561.8 0.1
631970 31566.9 0.1
632072 31572 0.1
632174 31577.1 0.1
632276 31582.2 0.1
632378 31587.3 0.1
632480 31592.4 0.1
632582 31597.5 0.1
632684 31602.6 0.1
632786 31607.7 0.1
632888 31612.8 0.1
632990 31617.9 0.1
633092 31623 0.1
633194 31628.1 0.1
633296 31633.2 0.1
633398 31638.3 0.1
633500 31643.4 0.1
633602 31648.5 0.1
633704 31653.6 0.1
633806 31658.7 0.1
633908 31663.8 0.1
634010 31668.9 0.1
634112 31674 0.1
634214 31679.1 0.1
634317 31684.2 0.1
634419 31689.3 0.1
634521 31694.4 0.1
634623 31699.4 0.1
634725 31704.5 0.1
634827 31709.6 0.1
634929 31714.7 0.1
635031 31719.8 0.1
635133 31724.9 0.1
635235 31730 0.1
635337 31735.1 0.1
635439 31740.2 0.1
635541 31745.3 0.1
635643 31750.4 0.1
635745 31755.5 0.1
635847 31760.6 0.1
635949 31765.7 0.1
636051 31770.8 0.1
636153 31775.9 0.1
636255 31781 0.1
636357 31786.1 0.1
636459 31791.2 0.1
636561 31796.3 0.1
636663 31801.4 0.1
636765 31806.5 0.1
636867 31811.6 0.1
636969 31816.7 0.1
637071 31821.8 0.1
637173 31826.9 0.1
637275 31832 0.1
637377 31837.1 0.1
637479 31842.1 0.1
637581 31847.2 0.1
637683 31852.3 0.1
637786 31857.4 0.1
637888 31862.5 0.1
637990 31867.6 0.1
638092 31872.7 0.1
638194 31877.8 0.1
638296 31882.9 0.1
638398 31888 0.1
638500 31893.1 0.1
638602 31898.2 0.1
638704 31903.3 0.1
638806 31908.4 0.1
638908 31913.5 0.1
639010 31918.6 0.1
639112 31923.7 0.1
639214 31928.8 0.1
639316 31933.9 0.1
639418 31939 0.1
639520 31944.1 0.1
639622 31949.2 0.1
639724 31954.3 0.1
639826 31959.4 0.1
639928 31964.5 0.1
640030 31969.6 0.1
640132 31974.7 0.1
640234 31979.7 0.1
640336 31984.8 0.1
640438 31989.9 0.1
640540 31995 0.1
640642 32000.1 0.1
640744 32005.2 0.1
640846 32010.3 0.1
640948 32015.4 0.1
641050 32020.5 0.1
641152 32025.6 0.1
641255 32030.7 0.1
641357 32035.8 0.1
641459 32040.9 0.1
641561 32046 0.1
641663 32051.1 0.1
641765 32056.2 0.1
641867 32061.3 0.1
641969 32066.4 0.1
642071 32071.5 0.1
642173 32076.6 0.1
642275 32081.7 0.1
642377 32086.8 0.1
642479 32091.9 0.1
642581 32097 0.1
642683 32102.1 0.1
642785 32107.2 0.1
642887 32112.3 0.1
642989 32117.4 0.1
643091 32122.4 0.1
643193 32127.5 0.1
643295 32132.6 0.1
643397 32137.7 0.1
643499 32142.8 0.1
643601 32147.9 0.1
643703 32153 0.1
643805 32158.1 0.1
643907 32163.2 0.1
644009 32168.3 0.1
644111 32173.4 0.1
644213 32178.5 0.1
644315 32183.6 0.1
644417 32188.7 0.1
644519 32193.8 0.1
644621 32198.9 0.1
644724 32204 0.1
644826 32209.1 0.1
644928 32214.2 0.1
645030 32219.3 0.1
645132 32224.4 0.1
645234 32229.5 0.1
645336 32234.6 0.1
645438 32239.7 0.1
645540 32244.8 0.1
645642 32249.9 0.1
645744 32255 0.1
645846 32260 0.1
645948 32265.1 0.1
646050 32270.2 0.1
646152 32275.3 0.1
646254 32280.4 0.1
646356 32285.5 0.1
646458 32290.6 0.1
646560 32295.7 0.1
646662 32300.8 0.1
646764 32305.9 0.1
646866 32311 0.1
646968 32316.1 0.1
647070 32321.2 0.1
647172 32326.3 0.1
647274 32331.4 0.1
647376 32336.5 0.1
647478 32341.6 0.1
647580 32346.7 0.1
647682 32351.8 0.1
647784 32356.9 0.1
647886 32362 0.1
647988 32367.1 0.1
648090 32372.2 0.1
648193 32377.3 0.1
648295 32382.4 0.1
648397 32387.5 0.1
648499 32392.6 0.1
648601 32397.7 0.1
648703 32402.7 0.1
648805 32407.8 0.1
648907 32412.9 0.1
649009 32418 0.1
649111 32423.1 0.1
649213 32428.2 0.1
649315 32433.3 0.1
649417 32438.4 0.1
649519 32443.5 0.1
649621 32448.6 0.1
649723 32453.7 0.1
649825 32458.8 0.1
649927 32463.9 0.1
650029 32469 0.1
650131 32474.1 0.1
650233 32479.2 0.1
650335 32484.3 0.1
650437 32489.4 0.1
650539 32494.5 0.1
650641 32499.6 0.1
650743 32504.7 0.1
650845 32509.8 0.1
650947 32514.9 0.1
651049 32520 0.1
651151 32525.1 0.1
651253 32530.2 0.1
651355 32535.3 0.1
651457 32540.3 0.1
651559 32545.4 0.1
651662 32550.5 0.1
651764 32555.6 0.1
651866 32560.7 0.1
651968 32565.8 0.1
652070 32570.9 0.1
652172 32576 0.1
652274 32581.1 0.1
652376 32586.2 0.1
652478 32591.3 0.1
652580 32596.4 0.1
652682 32601.5 0.1
652784 32606.6 0.1
652886 32611.7 0.1
652988 32616.8 0.1
653090 32621.9 0.1
653192 32627 0.1
653294 32632.1 0.1
653396 32637.2 0.1
653498 32642.3 0.1
653600 32647.4 0.1
653702 32652.5 0.1
653804 32657.6 0.1
653906 32662.7 0.1
654008 32667.8 0.1
654110 32672.9 0.1
654212 32678 0.1
654314 32683 0.1
654416 32688.1 0.1
654518 32693.2 0.1
654620 32698.3 0.1
654722 32703.4 0.1
654824 32708.5 0.1
654926 32713.6 0.1
655028 32718.7 0.1
655131 32723.8 0.1
655233 32728.9 0.1
655335 32734 0.1
655437 32739.1 0.1
655539 32744.2 0.1
655641 32749.3 0.1
655743 32754.4 0.1
655845 32759.5 0.1
655947 32764.6 0.1
656049 32769.7 0.1
656151 32774.8 0.1
656253 32779.9 0.1
656355 32785 0.1
656457 32790.1 0.1
656559 32795.2 0.1
656661 32800.3 0.1
656763 32805.4 0.1
656865 32810.5 0.1
656967 32815.6 0.1
657069 32820.6 0.1
657171 32825.7 0.1
657273 32830.8 0.1
657375 32835.9 0.1
657477 32841 0.1
657579 32846.1 0.1
657681 32851.2 0.1
657783 32856.3 0.1
657885 32861.4 0.1
657987 32866.5 0.1
658089 32871.6 0.1
658191 32876.7 0.1
658293 32881.8 0.1
658395 32886.9 0.1
658497 32892 0.1
658600 32897.1 0.1
658702 32902.2 0.1
658804 32907.3 0.1
658906 32912.4 0.1
659008 32917.5 0.1
659110 32922.6 0.1
659212 32927.7 0.1
659314 32932.8 0.1
659416 32937.9 0.1
659518 32943 0.1
659620 32948.1 0.1
659722 32953.2 0.1
659824 32958.3 0.1
659926 32963.3 0.1
660028 32968.4 0.1
660130 32973.5 0.1
660232 32978.6 0.1
660334 32983.7 0.1
660436 32988.8 0.1
660538 32993.9 0.1
660640 32999 0.1
660742 33004.1 0.1
660844 33009.2 0.1
660946 33014.3 0.1
661048 33019.4 0.1
661150 33024.5 0.1
661252 33029.6 0.1
661354 33034.7 0.1
661456 33039.8 0.1
661558 33044.9 0.1
661660 33050 0.1
661762 33055.1 0.1
661864 33060.2 0.1
661966 33065.3 0.1
662069 33070.4 0.1
662171 33075.5 0.1
662273 33080.6 0.1
662375 33085.7 0.1
662477 33090.8 0.1
662579 33095.9 0.1
662681 33101 0.1
662783 33106 0.1
662885 33111.1 0.1
662987 33116.2 0.1
663089 33121.3 0.1
663191 33126.4 0.1
663293 33131.5 0.1
663395 33136.6 0.1
663497 33141.7 0.1
663599 33146.8 0.1
663701 33151.9 0.1
663803 33157 0.1
663905 33162.1 0.1
664007 33167.2 0.1
664109 33172.3 0.1
664211 33177.4 0.1
664313 33182.5 0.1
664415 33187.6 0.1
664517 33192.7 0.1
664619 33197.8 0.1
664721 33202.9 0.1
664823 33208 0.1
664925 33213.1 0.1
665027 33218.2 0.1
665129 33223.3 0.1
665231 33228.4 0.1
665333 33233.5 0.1
665435 33238.6 0.1
665538 33243.6 0.1
665640 33248.7 0.1
665742 33253.8 0.1
665844 33258.9 0.1
665946 33264 0.1
666048 33269.1 0.1
666150 33274.2 0.1
666252 33279.3 0.1
666354 33284.4 0.1
666456 33289.5 0.1
666558 33294.6 0.1
666660 33299.7 0.1
666762 33304.8 0.1
666864 33309.9 0.1
666966 33315 0.1
667068 33320.1 0.1
667170 33325.2 0.1
667272 33330.3 0.1
667374 33335.4 0.1
667476 33340.5 0.1
667578 33345.6 0.1
667680 33350.7 0.1
667782 33355.8 0.1
667884 33360.9 0.1
667986 33366 0.1
668088 33371.1 0.1
668190 33376.2 0.1
668292 33381.3 0.1
668394 33386.3 0.1
668496 33391.4 0.1
668598 33396.5 0.1
668700 33401.6 0.1
668802 33406.7 0.1
668904 33411.8 0.1
669007 33416.9 0.1
669109 33422 0.1
669211 33427.1 0.1
669313 33432.2 0.1
669415 33437.3 0.1
669517 33442.4 0.1
669619 33447.5 0.1
669721 33452.6 0.1
669823 33457.7 0.1
669925 33462.8 0.1
670027 33467.9 0.1
670129 33473 0.1
670231 33478.1 0.1
670333 33483.2 0.1
670435 33488.3 0.1
670537 33493.4 0.1
670639 33498.5 0.1
670741 33503.6 0.1
670843 33508.7 0.1
670945 33513.8 0.1
671047 33518.9 0.1
671149 33523.9 0.1
671251 33529 0.1
671353 33534.1 0.1
671455 33539.2 0.1
671557 33544.3 0.1
671659 33549.4 0.1
671761 33554.5 0.1
671863 33559.6 0.1
671965 33564.7 0.1
672067 33569.8 0.1
672169 33574.9 0.1
672271 33580 0.1
672373 33585.1 0.1
672475 33590.2 0.1
672578 33595.3 0.1
672680 33600.4 0.1
672782 33605.5 0.1
672884 33610.6 0.1
672986 33615.7 0.1
673088 33620.8 0.1
673190 33625.9 0.1
673292 33631 0.1
673394 33636.1 0.1
673496 33641.2 0.1
673598 33646.3 0.1
673700 33651.4 0.1
673802 33656.5 0.1
673904 33661.6 0.1
674006 33666.6 0.1
674108 33671.7 0.1
674210 33676.8 0.1
674312 33681.9 0.1
674414 33687 0.1
674516 33692.1 0.1
674618 33697.2 0.1
674720 33702.3 0.1
674822 33707.4 0.1
674924 33712.5 0.1
675026 33717.6 0.1
675128 33722.7 0.1
675230 33727.8 0.1
675332 33732.9 0.1
675434 33738 0.1
675536 33743.1 0.1
675638 33748.2 0.1
675740 33753.3 0.1
675842 33758.4 0.1
675944 33763.5 0.1
676047 33768.6 0.1
676149 33773.7 0.1
676251 33778.8 0.1
676353 33783.9 0.1
676455 33789 0.1
676557 33794.1 0.1
676659 33799.2 0.1
676761 33804.2 0.1
676863 33809.3 0.1
676965 33814.4 0.1
677067 33819.5 0.1
677169 33824.6 0.1
677271 33829.7 0.1
677373 33834.8 0.1
677475 33839.9 0.1
677577 33845 0.1
677679 33850.1 0.1
677781 33855.2 0.1
677883 33860.3 0.1
677985 33865.4 0.1
678087 33870.5 0.1
678189 33875.6 0.1
678291 33880.7 0.1
678393 33885.8 0.1
678495 33890.9 0.1
678597 33896 0.1
678699 33901.1 0.1
678801 33906.2 0.1
678903 33911.3 0.1
679005 33916.4 0.1
679107 33921.5 0.1
679209 33926.6 0.1
679311 33931.7 0.1
679413 33936.8 0.1
679516 33941.9 0.1
679618 33946.9 0.1
679720 33952 0.1
679822 33957.1 0.1
679924 33962.2 0.1
680026 33967.3 0.1
680128 33972.4 0.1
680230 33977.5 0.1
680332 33982.6 0.1
680434 33987.7 0.1
680536 33992.8 0.1
680638 33997.9 0.1
680740 34003 0.1
680842 34008.1 0.1
680944 34013.2 0.1
681046 34018.3 0.1
681148 34023.4 0.1
681250 34028.5 0.1
681352 34033.6 0.1
681454 34038.7 0.1
681556 34043.8 0.1
681658 34048.9 0.1
681760 34054 0.1
681862 34059.1 0.1
681964 34064.2 0.1
682066 34069.3 0.1
682168 34074.4 0.1
682270 34079.5 0.1
682372 34084.5 0.1
682474 34089.6 0.1
682576 34094.7 0.1
682678 34099.8 0.1
682780 34104.9 0.1
682882 34110 0.1
682985 34115.1 0.1
683087 34120.2 0.1
683189 34125.3 0.1
683291 34130.4 0.1
683393 34135.5 0.1
683495 34140.6 0.1
683597 34145.7 0.1
683699 34150.8 0.1
683801 34155.9 0.1
683903 34161 0.1
684005 34166.1 0.1
684107 34171.2 0.1
684209 34176.3 0.1
684311 34181.4 0.1
684413 34186.5 0.1
684515 34191.6 0.1
684617 34196.7 0.1
684719 34201.8 0.1
684821 34206.9 0.1
684923 34212 0.1
685025 34217.1 0.1
685127 34222.2 0.1
685229 34227.2 0.1
685331 34232.3 0.1
685433 34237.4 0.1
685535 34242.5 0.1
685637 34247.6 0.1
685739 34252.7 0.1
685841 34257.8 0.1
685943 34262.9 0.1
686045 34268 0.1
686147 34273.1 0.1
686249 34278.2 0.1
686351 34283.3 0.1
686454 34288.4 0.1
686556 34293.5 0.1
686658 34298.6 0.1
686760 34303.7 0.1
686862 34308.8 0.1
686964 34313.9 0.1
687066 34319 0.1
687168 34324.1 0.1
687270 34329.2 0.1
687372 34334.3 0.1
687474 34339.4 0.1
687576 34344.5 0.1
687678 34349.6 0.1
687780 34354.7 0.1
687882 34359.8 0.1
687984 34364.8 0.1
688086 34369.9 0.1
688188 34375 0.1
688290 34380.1 0.1
688392 34385.2 0.1
688494 34390.3 0.1
688596 34395.4 0.1
688698 34400.5 0.1
688800 34405.6 0.1
688902 34410.7 0.1
689004 34415.8 0.1
689106 34420.9 0.1
689208 34426 0.1
689310 34431.1 0.1
689412 34436.2 0.1
689514 34441.3 0.1
689616 34446.4 0.1
689718 34451.5 0.1
689820 34456.6 0.1
689923 34461.7 0.1
690025 34466.8 0.1
690127 34471.9 0.1
690229 34477 0.1
690331 34482.1 0.1
690433 34487.2 0.1
690535 34492.3 0.1
690637 34497.4 0.1
690739 34502.5 0.1
690841 34507.5 0.1
690943 34512.6 0.1
691045 34517.7 0.1
691147 34522.8 0.1
691249 34527.9 0.1
691351 34533 0.1
691453 34538.1 0.1
691555 34543.2 0.1
691657 34548.3 0.1
691759 34553.4 0.1
691861 34558.5 0.1
691963 34563.6 0.1
692065 34568.7 0.1
692167 34573.8 0.1
692269 34578.9 0.1
692371 34584 0.1
692473 34589.1 0.1
692575 34594.2 0.1
692677 34599.3 0.1
692779 34604.4 0.1
692881 34609.5 0.1
692983 34614.6 0.1
693085 34619.7 0.1
693187 34624.8 0.1
693289 34629.9 0.1
693392 34635 0.1
693494 34640.1 0.1
693596 34645.1 0.1
693698 34650.2 0.1
693800 34655.3 0.1
693902 34660.4 0.1
694004 34665.5 0.1
694106 34670.6 0.1
694208 34675.7 0.1
694310 34680.8 0.1
694412 34685.9 0.1
694514 34691 0.1
694616 34696.1 0.1
694718 34701.2 0.1
694820 34706.3 0.1
694922 34711.4 0.1
695024 34716.5 0.1
695126 34721.6 0.1
695228 34726.7 0.1
695330 34731.8 0.1
695432 34736.9 0.1
695534 34742 0.1
695636 34747.1 0.1
695738 34752.2 0.1
695840 34757.3 0.1
695942 34762.4 0.1
696044 34767.5 0.1
696146 34772.6 0.1
696248 34777.7 0.1
696350 34782.8 0.1
696452 34787.8 0.1
696554 34792.9 0.1
696656 34798 0.1
696758 34803.1 0.1
696861 34808.2 0.1
696963 34813.3 0.1
697065 34818.4 0.1
697167 34823.5 0.1
697269 34828.6 0.1
697371 34833.7 0.1
697473 34838.8 0.1
697575 34843.9 0.1
697677 34849 0.1
697779 34854.1 0.1
697881 34859.2 0.1
697983 34864.3 0.1
698085 34869.4 0.1
698187 34874.5 0.1
698289 34879.6 0.1
698391 34884.7 0.1
698493 34889.8 0.1
698595 34894.9 0.1
698697 34900 0.1
698799 34905.1 0.1
698901 34910.2 0.1
699003 34915.3 0.1
699105 34920.4 0.1
699207 34925.4 0.1
699309 34930.5 0.1
699411 34935.6 0.1
699513 34940.7 0.1
699615 34945.8 0.1
699717 34950.9 0.1
699819 34956 0.1
699921 34961.1 0.1
700023 34966.2 0.1
700125 34971.3 0.1
700227 34976.4 0.1
700330 34981.5 0.1
700432 34986.6 0.1
700534 34991.7 0.1
700636 34996.8 0.1
700738 35001.9 0.1
700840 35007 0.1
700942 35012.1 0.1
701044 35017.2 0.1
701146 35022.3 0.1
701248 35027.4 0.1
701350 35032.5 0.1
701452 35037.6 0.1
701554 35042.7 0.1
701656 35047.8 0.1
701758 35052.9 0.1
701860 35058 0.1
701962 35063.1 0.1
702064 35068.1 0.1
702166 35073.2 0.1
702268 35078.3 0.1
702370 35083.4 0.1
702472 35088.5 0.1
702574 35093.6 0.1
702676 35098.7 0.1
702778 35103.8 0.1
702880 35108.9 0.1
702982 35114 0.1
703084 35119.1 0.1
703186 35124.2 0.1
703288 35129.3 0.1
703390 35134.4 0.1
703492 35139.5 0.1
703594 35144.6 0.1
703696 35149.7 0.1
703799 35154.8 0.1
703901 35159.9 0.1
704003 35165 0.1
704105 35170.1 0.1
704207 35175.2 0.1
704309 35180.3 0.1
704411 35185.4 0.1
704513 35190.5 0.1
704615 35195.6 0.1
704717 35200.7 0.1
704819 35205.7 0.1
704921 35210.8 0.1
705023 35215.9 0.1
705125 35221 0.1
705227 35226.1 0.1
705329 35231.2 0.1
705431 35236.3 0.1
705533 35241.4 0.1
705635 35246.5 0.1
705737 35251.6 0.1
705839 35256.7 0.1
705941 35261.8 0.1
706043 35266.9 0.1
706145 35272 0.1
706247 35277.1 0.1
706349 35282.2 0.1
706451 35287.3 0.1
706553 35292.4 0.1
706655 35297.5 0.1
706757 35302.6 0.1
706859 35307.7 0.1
706961 35312.8 0.1
707063 35317.9 0.1
707165 35323 0.1
707268 35328.1 0.1
707370 35333.2 0.1
707472 35338.3 0.1
707574 35343.4 0.1
707676 35348.4 0.1
707778 35353.5 0.1
707880 35358.6 0.1
707982 35363.7 0.1
708084 35368.8 0.1
708186 35373.9 0.1
708288 35379 0.1
708390 35384.1 0.1
708492 35389.2 0.1
708594 35394.3 0.1
708696 35399.4 0.1
708798 35404.5 0.1
708900 35409.6 0.1
709002 35414.7 0.1
709104 35419.8 0.1
709206 35424.9 0.1
709308 35430 0.1
709410 35435.1 0.1
709512 35440.2 0.1
709614 35445.3 0.1
709716 35450.4 0.1
709818 35455.5 0.1
709920 35460.6 0.1
710022 35465.7 0.1
710124 35470.8 0.1
710226 35475.9 0.1
710328 35481 0.1
710430 35486 0.1
710532 35491.1 0.1
710634 35496.2 0.1
710737 35501.3 0.1
710839 35506.4 0.1
710941 35511.5 0.1
711043 35516.6 0.1
711145 35521.7 0.1
711247 35526.8 0.1
711349 35531.9 0.1
711451 35537 0.1
711553 35542.1 0.1
711655 35547.2 0.1
711757 35552.3 0.1
711859 35557.4 0.1
711961 35562.5 0.1
712063 35567.6 0.1
712165 35572.7 0.1
712267 35577.8 0.1
712369 35582.9 0.1
712471 35588 0.1
712573 35593.1 0.1
712675 35598.2 0.1
712777 35603.3 0.1
712879 35608.4 0.1
712981 35613.5 0.1
713083 35618.6 0.1
713185 35623.7 0.1
713287 35628.7 0.1
713389 35633.8 0.1
713491 35638.9 0.1
713593 35644 0.1
713695 35649.1 0.1
713797 35654.2 0.1
713899 35659.3 0.1
714001 35664.4 0.1
714103 35669.5 0.1
714206 35674.6 0.1
714308 35679.7 0.1
714410 35684.8 0.1
714512 35689.9 0.1
714614 35695 0.1
714716 35700.1 0.1
714818 35705.2 0.1
714920 35710.3 0.1
715022 35715.4 0.1
715124 35720.5 0.1
715226 35725.6 0.1
715328 35730.7 0.1
715430 35735.8 0.1
715532 35740.9 0.1
715634 35746 0.1
715736 35751.1 0.1
715838 35756.2 0.1
715940 35761.3 0.1
716042 35766.3 0.1
716144 35771.4 0.1
716246 35776.5 0.1
716348 35781.6 0.1
716450 35786.7 0.1
716552 35791.8 0.1
716654 35796.9 0.1
716756 35802 0.1
716858 35807.1 0.1
716960 35812.2 0.1
717062 35817.3 0.1
717164 35822.4 0.1
717266 35827.5 0.1
717368 35832.6 0.1
717470 35837.7 0.1
717572 35842.8 0.1
717675 35847.9 0.1
717777 35853 0.1
717879 35858.1 0.1
717981 35863.2 0.1
718083 35868.3 0.1
718185 35873.4 0.1
718287 35878.5 0.1
718389 35883.6 0.1
718491 35888.7 0.1
718593 35893.8 0.1
718695 35898.9 0.1
718797 35904 0.1
718899 35909 0.1
719001 35914.1 0.1
719103 35919.2 0.1
719205 35924.3 0.1
719307 35929.4 0.1
719409 35934.5 0.1
719511 35939.6 0.1
719613 35944.7 0.1
719715 35949.8 0.1
719817 35954.9 0.1
719919 35960 0.1
720021 35965.1 0.1
720123 35970.2 0.1
720225 35975.3 0.1
720327 35980.4 0.1
720429 35985.5 0.1
720531 35990.6 0.1
720633 35995.7 0.1
720735 36000.8 0.1
720837 36005.9 0.1
720939 36011 0.1
721041 36016.1 0.1
721144 36021.2 0.1
721246 36026.3 0.1
721348 36031.4 0.1
721450 36036.5 0.1
721552 36041.6 0.1
721654 36046.6 0.1
721756 36051.7 0.1
721858 36056.8 0.1
721960 36061.9 0.1
722062 36067 0.1
722164 36072.1 0.1
722266 36077.2 0.1
722368 36082.3 0.1
722470 36087.4 0.1
722572 36092.5 0.1
722674 36097.6 0.1
722776 36102.7 0.1
722878 36107.8 0.1
722980 36112.9 0.1
723082 36118 0.1
723184 36123.1 0.1
723286 36128.2 0.1
723388 36133.3 0.1
723490 36138.4 0.1
723592 36143.5 0.1
723694 36148.6 0.1
723796 36153.7 0.1
723898 36158.8 0.1
724000 36163.9 0.1
724102 36169 0.1
724204 36174.1 0.1
724306 36179.2 0.1
724408 36184.3 0.1
724510 36189.3 0.1
724613 36194.4 0.1
724715 36199.5 0.1
724817 36204.6 0.1
724919 36209.7 0.1
725021 36214.8 0.1
725123 36219.9 0.1
725225 36225 0.1
725327 36230.1 0.1
725429 36235.2 0.1
725531 36240.3 0.1
725633 36245.4 0.1
725735 36250.5 0.1
725837 36255.6 0.1
725939 36260.7 0.1
726041 36265.8 0.1
726143 36270.9 0.1
726245 36276 0.1
726347 36281.1 0.1
726449 36286.2 0.1
726551 36291.3 0.1
726653 36296.4 0.1
726755 36301.5 0.1
726857 36306.6 0.1
726959 36311.7 0.1
727061 36316.8 0.1
727163 36321.9 0.1
727265 36326.9 0.1
727367 36332 0.1
727469 36337.1 0.1
727571 36342.2 0.1
727673 36347.3 0.1
727775 36352.4 0.1
727877 36357.5 0.1
727979 36362.6 0.1
728081 36367.7 0.1
728184 36372.8 0.1
728286 36377.9 0.1
728388 36383 0.1
728490 36388.1 0.1
728592 36393.2 0.1
728694 36398.3 0.1
728796 36403.4 0.1
728898 36408.5 0.1
729000 36413.6 0.1
729102 36418.7 0.1
729204 36423.8 0.1
729306 36428.9 0.1
729408 36434 0.1
729510 36439.1 0.1
729612 36444.2 0.1
729714 36449.3 0.1
729816 36454.4 0.1
729918 36459.5 0.1
730020 36464.6 0.1
730122 36469.6 0.1
730224 36474.7 0.1
730326 36479.8 0.1
730428 36484.9 0.1
730530 36490 0.1
730632 36495.1 0.1
730734 36500.2 0.1
730836 36505.3 0.1
730938 36510.4 0.1
731040 36515.5 0.1
731142 36520.6 0.1
731244 36525.7 0.1
731346 36530.8 0.1
731448 36535.9 0.1
731550 36541 0.1
731653 36546.1 0.1
731755 36551.2 0.1
731857 36556.3 0.1
731959 36561.4 0.1
732061 36566.5 0.1
732163 36571.6 0.1
732265 36576.7 0.1
732367 36581.8 0.1
732469 36586.9 0.1
732571 36592 0.1
732673 36597.1 0.1
732775 36602.2 0.1
732877 36607.3 0.1
732979 36612.3 0.1
733081 36617.4 0.1
733183 36622.5 0.1
733285 36627.6 0.1
733387 36632.7 0.1
733489 36637.8 0.1
733591 36642.9 0.1
733693 36648 0.1
733795 36653.1 0.1
733897 36658.2 0.1
733999 36663.3 0.1
734101 36668.4 0.1
734203 36673.5 0.1
734305 36678.6 0.1
734407 36683.7 0.1
734509 36688.8 0.1
734611 36693.9 0.1
734713 36699 0.1
734815 36704.1 0.1
734917 36709.2 0.1
735019 36714.3 0.1
735122 36719.4 0.1
735224 36724.5 0.1
735326 36729.6 0.1
735428 36734.7 0.1
735530 36739.8 0.1
735632 36744.9 0.1
735734 36749.9 0.1
735836 36755 0.1
735938 36760.1 0.1
736040 36765.2 0.1
736142 36770.3 0.1
736244 36775.4 0.1
736346 36780.5 0.1
736448 36785.6 0.1
736550 36790.7 0.1
736652 36795.8 0.1
736754 36800.9 0.1
736856 36806 0.1
736958 36811.1 0.1
737060 36816.2 0.1
737162 36821.3 0.1
737264 36826.4 0.1
737366 36831.5 0.1
737468 36836.6 0.1
737570 36841.7 0.1
737672 36846.8 0.1
737774 36851.9 0.1
737876 36857 0.1
737978 36862.1 0.1
738080 36867.2 0.1
738182 36872.3 0.1
738284 36877.4 0.1
738386 36882.5 0.1
738488 36887.6 0.1
738591 36892.6 0.1
738693 36897.7 0.1
738795 36902.8 0.1
738897 36907.9 0.1
738999 36913 0.1
739101 36918.1 0.1
739203 36923.2 0.1
739305 36928.3 0.1
739407 36933.4 0.1
739509 36938.5 0.1
739611 36943.6 0.1
739713 36948.7 0.1
739815 36953.8 0.1
739917 36958.9 0.1
740019 36964 0.1
740121 36969.1 0.1
740223 36974.2 0.1
740325 36979.3 0.1
740427 36984.4 0.1
740529 36989.5 0.1
740631 36994.6 0.1
740733 36999.7 0.1
740835 37004.8 0.1
740937 37009.9 0.1
741039 37015 0.1
741141 37020.1 0.1
741243 37025.2 0.1
741345 37030.2 0.1
741447 37035.3 0.1
741549 37040.4 0.1
741651 37045.5 0.1
741753 37050.6 0.1
741855 37055.7 0.1
741957 37060.8 0.1
742060 37065.9 0.1
742162 37071 0.1
742264 37076.1 0.1
742366 37081.2 0.1
742468 37086.3 0.1
742570 37091.4 0.1
742672 37096.5 0.1
742774 37101.6 0.1
742876 37106.7 0.1
742978 37111.8 0.1
743080 37116.9 0.1
743182 37122 0.1
743284 37127.1 0.1
743386 37132.2 0.1
743488 37137.3 0.1
743590 37142.4 0.1
743692 37147.5 0.1
743794 37152.6 0.1
743896 37157.7 0.1
743998 37162.8 0.1
744100 37167.9 0.1
744202 37172.9 0.1
744304 37178 0.1
744406 37183.1 0.1
744508 37188.2 0.1
744610 37193.3 0.1
744712 37198.4 0.1
744814 37203.5 0.1
744916 37208.6 0.1
745018 37213.7 0.1
745120 37218.8 0.1
745222 37223.9 0.1
745324 37229 0.1
745426 37234.1 0.1
745529 37239.2 0.1
745631 37244.3 0.1
745733 37249.4 0.1
745835 37254.5 0.1
745937 37259.6 0.1
746039 37264.7 0.1
746141 37269.8 0.1
746243 37274.9 0.1
746345 37280 0.1
746447 37285.1 0.1
746549 37290.2 0.1
746651 37295.3 0.1
746753 37300.4 0.1
746855 37305.5 0.1
746957 37310.5 0.1
747059 37315.6 0.1
747161 37320.7 0.1
747263 37325.8 0.1
747365 37330.9 0.1
747467 37336 0.1
747569 37341.1 0.1
747671 37346.2 0.1
747773 37351.3 0.1
747875 37356.4 0.1
747977 37361.5 0.1
748079 37366.6 0.1
748181 37371.7 0.1
748283 37376.8 0.1
748385 37381.9 0.1
748487 37387 0.1
748589 37392.1 0.1
748691 37397.2 0.1
748793 37402.3 0.1
748895 37407.4 0.1
748998 37412.5 0.1
749100 37417.6 0.1
749202 37422.7 0.1
749304 37427.8 0.1
749406 37432.9 0.1
749508 37438 0.1
749610 37443.1 0.1
749712 37448.2 0.1
749814 37453.2 0.1
749916 37458.3 0.1
750018 37463.4 0.1
750120 37468.5 0.1
750222 37473.6 0.1
750324 37478.7 0.1
750426 37483.8 0.1
750528 37488.9 0.1
750630 37494 0.1
750732 37499.1 0.1
750834 37504.2 0.1
750936 37509.3 0.1
751038 37514.4 0.1
751140 37519.5 0.1
751242 37524.6 0.1
751344 37529.7 0.1
751446 37534.8 0.1
751548 37539.9 0.1
751650 37545 0.1
751752 37550.1 0.1
751854 37555.2 0.1
751956 37560.3 0.1
752058 37565.4 0.1
752160 37570.5 0.1
752262 37575.6 0.1
752364 37580.7 0.1
752467 37585.8 0.1
752569 37590.8 0.1
752671 37595.9 0.1
752773 37601 0.1
752875 37606.1 0.1
752977 37611.2 0.1
753079 37616.3 0.1
753181 37621.4 0.1
753283 37626.5 0.1
753385 37631.6 0.1
753487 37636.7 0.1
753589 37641.8 0.1
753691 37646.9 0.1
753793 37652 0.1
753895 37657.1 0.1
753997 37662.2 0.1
754099 37667.3 0.1
754201 37672.4 0.1
754303 37677.5 0.1
754405 37682.6 0.1
754507 37687.7 0.1
754609 37692.8 0.1
754711 37697.9 0.1
754813 37703 0.1
754915 37708.1 0.1
755017 37713.2 0.1
755119 37718.3 0.1
755221 37723.4 0.1
755323 37728.5 0.1
755425 37733.5 0.1
755527 37738.6 0.1
755629 37743.7 0.1
755731 37748.8 0.1
755833 37753.9 0.1
755936 37759 0.1
756038 37764.1 0.1
756140 37769.2 0.1
756242 37774.3 0.1
756344 37779.4 0.1
756446 37784.5 0.1
756548 37789.6 0.1
756650 37794.7 0.1
756752 37799.8 0.1
756854 37804.9 0.1
756956 37810 0.1
757058 37815.1 0.1
757160 37820.2 0.1
757262 37825.3 0.1
757364 37830.4 0.1
757466 37835.5 0.1
757568 37840.6 0.1
757670 37845.7 0.1
757772 37850.8 0.1
757874 37855.9 0.1
757976 37861 0.1
758078 37866.1 0.1
758180 37871.1 0.1
758282 37876.2 0.1
758384 37881.3 0.1
758486 37886.4 0.1
758588 37891.5 0.1
758690 37896.6 0.1
758792 37901.7 0.1
758894 37906.8 0.1
758996 37911.9 0.1
759098 37917 0.1
759200 37922.1 0.1
759302 37927.2 0.1
759405 37932.3 0.1
759507 37937.4 0.1
759609 37942.5 0.1
759711 37947.6 0.1
759813 37952.7 0.1
759915 37957.8 0.1
760017 37962.9 0.1
760119 37968 0.1
760221 37973.1 0.1
760323 37978.2 0.1
760425 37983.3 0.1
760527 37988.4 0.1
760629 37993.5 0.1
760731 37998.6 0.1
760833 38003.7 0.1
760935 38008.8 0.1
761037 38013.8 0.1
761139 38018.9 0.1
761241 38024 0.1
761343 38029.1 0.1
761445 38034.2 0.1
761547 38039.3 0.1
761649 38044.4 0.1
761751 38049.5 0.1
761853 38054.6 0.1
761955 38059.7 0.1
762057 38064.8 0.1
762159 38069.9 0.1
762261 38075 0.1
762363 38080.1 0.1
762465 38085.2 0.1
762567 38090.3 0.1
762669 38095.4 0.1
762771 38100.5 0.1
762874 38105.6 0.1
762976 38110.7 0.1
763078 38115.8 0.1
763180 38120.9 0.1
763282 38126 0.1
763384 38131.1 0.1
763486 38136.2 0.1
763588 38141.3 0.1
763690 38146.4 0.1
763792 38151.4 0.1
763894 38156.5 0.1
763996 38161.6 0.1
764098 38166.7 0.1
764200 38171.8 0.1
764302 38176.9 0.1
764404 38182 0.1
764506 38187.1 0.1
764608 38192.2 0.1
764710 38197.3 0.1
764812 38202.4 0.1
764914 38207.5 0.1
765016 38212.6 0.1
765118 38217.7 0.1
765220 38222.8 0.1
765322 38227.9 0.1
765424 38233 0.1
765526 38238.1 0.1
765628 38243.2 0.1
765730 38248.3 0.1
765832 38253.4 0.1
765934 38258.5 0.1
766036 38263.6 0.1
766138 38268.7 0.1
766240 38273.8 0.1
766343 38278.9 0.1
766445 38284 0.1
766547 38289.1 0.1
766649 38294.1 0.1
766751 38299.2 0.1
766853 38304.3 0.1
766955 38309.4 0.1
767057 38314.5 0.1
767159 38319.6 0.1
767261 38324.7 0.1
767363 38329.8 0.1
767465 38334.9 0.1
767567 38340 0.1
767669 38345.1 0.1
767771 38350.2 0.1
767873 38355.3 0.1
767975 38360.4 0.1
768077 38365.5 0.1
768179 38370.6 0.1
768281 38375.7 0.1
768383 38380.8 0.1
768485 38385.9 0.1
768587 38391 0.1
768689 38396.1 0.1
768791 38401.2 0.1
768893 38406.3 0.1
768995 38411.4 0.1
769097 38416.5 0.1
769199 38421.6 0.1
769301 38426.7 0.1
769403 38431.7 0.1
769505 38436.8 0.1
769607 38441.9 0.1
769709 38447 0.1
769812 38452.1 0.1
769914 38457.2 0.1
770016 38462.3 0.1
770118 38467.4 0.1
770220 38472.5 0.1
770322 38477.6 0.1
770424 38482.7 0.1
770526 38487.8 0.1
770628 38492.9 0.1
770730 38498 0.1
770832 38503.1 0.1
770934 38508.2 0.1
771036 38513.3 0.1
771138 38518.4 0.1
771240 38523.5 0.1
771342 38528.6 0.1
771444 38533.7 0.1
771546 38538.8 0.1
771648 38543.9 0.1
771750 38549 0.1
771852 38554.1 0.1
771954 38559.2 0.1
772056 38564.3 0.1
772158 38569.4 0.1
772260 38574.4 0.1
772362 38579.5 0.1
772464 38584.6 0.1
772566 38589.7 0.1
772668 38594.8 0.1
772770 38599.9 0.1
772872 38605 0.1
772974 38610.1 0.1
773076 38615.2 0.1
773178 38620.3 0.1
773281 38625.4 0.1
773383 38630.5 0.1
773485 38635.6 0.1
773587 38640.7 0.1
773689 38645.8 0.1
773791 38650.9 0.1
773893 38656 0.1
773995 38661.1 0.1
774097 38666.2 0.1
774199 38671.3 0.1
774301 38676.4 0.1
774403 38681.5 0.1
774505 38686.6 0.1
774607 38691.7 0.1
774709 38696.8 0.1
774811 38701.9 0.1
774913 38707 0.1
775015 38712 0.1
775117 38717.1 0.1
775219 38722.2 0.1
775321 38727.3 0.1
775423 38732.4 0.1
775525 38737.5 0.1
775627 38742.6 0.1
775729 38747.7 0.1
775831 38752.8 0.1
775933 38757.9 0.1
776035 38763 0.1
776137 38768.1 0.1
776239 38773.2 0.1
776341 38778.3 0.1
776443 38783.4 0.1
776545 38788.5 0.1
776647 38793.6 0.1
776750 38798.7 0.1
776852 38803.8 0.1
776954 38808.9 0.1
777056 38814 0.1
777158 38819.1 0.1
777260 38824.2 0.1
777362 38829.3 0.1
777464 38834.4 0.1
777566 38839.5 0.1
777668 38844.6 0.1
777770 38849.7 0.1
777872 38854.7 0.1
777974 38859.8 0.1
778076 38864.9 0.1
778178 38870 0.1
778280 38875.1 0.1
778382 38880.2 0.1
778484 38885.3 0.1
778586 38890.4 0.1
778688 38895.5 0.1
778790 38900.6 0.1
778892 38905.7 0.1
778994 38910.8 0.1
779096 38915.9 0.1
779198 38921 0.1
779300 38926.1 0.1
779402 38931.2 0.1
779504 38936.3 0.1
779606 38941.4 0.1
779708 38946.5 0.1
779810 38951.6 0.1
779912 38956.7 0.1
780014 38961.8 0.1
780116 38966.9 0.1
780219 38972 0.1
780321 38977.1 0.1
780423 38982.2 0.1
780525 38987.3 0.1
780627 38992.3 0.1
780729 38997.4 0.1
780831 39002.5 0.1
780933 39007.6 0.1
781035 39012.7 0.1
781137 39017.8 0.1
781239 39022.9 0.1
781341 39028 0.1
781443 39033.1 0.1
781545 39038.2 0.1
781647 39043.3 0.1
781749 39048.4 0.1
781851 39053.5 0.1
781953 39058.6 0.1
782055 39063.7 0.1
782157 39068.8 0.1
782259 39073.9 0.1
782361 39079 0.1
782463 39084.1 0.1
782565 39089.2 0.1
782667 39094.3 0.1
782769 39099.4 0.1
782871 39104.5 0.1
782973 39109.6 0.1
783075 39114.7 0.1
783177 39119.8 0.1
783279 39124.9 0.1
783381 39130 0.1
783483 39135 0.1
783585 39140.1 0.1
783687 39145.2 0.1
783790 39150.3 0.1
783892 39155.4 0.1
783994 39160.5 0.1
784096 39165.6 0.1
784198 39170.7 0.1
784300 39175.8 0.1
784402 39180.9 0.1
784504 39186 0.1
784606 39191.1 0.1
784708 39196.2 0.1
784810 39201.3 0.1
784912 39206.4 0.1
785014 39211.5 0.1
785116 39216.6 0.1
785218 39221.7 0.1
785320 39226.8 0.1
785422 39231.9 0.1
785524 39237 0.1
785626 39242.1 0.1
785728 39247.2 0.1
785830 39252.3 0.1
785932 39257.4 0.1
786034 39262.5 0.1
786136 39267.6 0.1
786238 39272.6 0.1
786340 39277.7 0.1
786442 39282.8 0.1
786544 39287.9 0.1
786646 39293 0.1
786748 39298.1 0.1
786850 39303.2 0.1
786952 39308.3 0.1
787054 39313.4 0.1
787156 39318.5 0.1
787259 39323.6 0.1
787361 39328.7 0.1
787463 39333.8 0.1
787565 39338.9 0.1
787667 39344 0.1
787769 39349.1 0.1
787871 39354.2 0.1
787973 39359.3 0.1
788075 39364.4 0.1
788177 39369.5 0.1
788279 39374.6 0.1
788381 39379.7 0.1
788483 39384.8 0.1
788585 39389.9 0.1
788687 39395 0.1
788789 39400.1 0.1
788891 39405.2 0.1
788993 39410.3 0.1
789095 39415.3 0.1
789197 39420.4 0.1
789299 39425.5 0.1
789401 39430.6 0.1
789503 39435.7 0.1
789605 39440.8 0.1
789707 39445.9 0.1
789809 39451 0.1
789911 39456.1 0.1
790013 39461.2 0.1
790115 39466.3 0.1
790217 39471.4 0.1
790319 39476.5 0.1
790421 39481.6 0.1
790523 39486.7 0.1
790625 39491.8 0.1
790728 39496.9 0.1
790830 39502 0.1
790932 39507.1 0.1
791034 39512.2 0.1
791136 39517.3 0.1
791238 39522.4 0.1
791340 39527.5 0.1
791442 39532.6 0.1
791544 39537.7 0.1
791646 39542.8 0.1
791748 39547.9 0.1
791850 39552.9 0.1
791952 39558 0.1
792054 39563.1 0.1
792156 39568.2 0.1
792258 39573.3 0.1
792360 39578.4 0.1
792462 39583.5 0.1
792564 39588.6 0.1
792666 39593.7 0.1
792768 39598.8 0.1
792870 39603.9 0.1
792972 39609 0.1
793074 39614.1 0.1
793176 39619.2 0.1
793278 39624.3 0.1
793380 39629.4 0.1
793482 39634.5 0.1
793584 39639.6 0.1
793686 39644.7 0.1
793788 39649.8 0.1
793890 39654.9 0.1
793992 39660 0.1
794094 39665.1 0.1
794197 39670.2 0.1
794299 39675.3 0.1
794401 39680.4 0.1
794503 39685.5 0.1
794605 39690.6 0.1
794707 39695.6 0.1
794809 39700.7 0.1
794911 39705.8 0.1
795013 39710.9 0.1
795115 39716 0.1
795217 39721.1 0.1
795319 39726.2 0.1
795421 39731.3 0.1
795523 39736.4 0.1
795625 39741.5 0.1
795727 39746.6 0.1
795829 39751.7 0.1
795931 39756.8 0.1
796033 39761.9 0.1
796135 39767 0.1
796237 39772.1 0.1
796339 39777.2 0.1
796441 39782.3 0.1
796543 39787.4 0.1
796645 39792.5 0.1
796747 39797.6 0.1
796849 39802.7 0.1
796951 39807.8 0.1
797053 39812.9 0.1
797155 39818 0.1
797257 39823.1 0.1
797359 39828.2 0.1
797461 39833.3 0.1
797563 39838.3 0.1
797666 39843.4 0.1
797768 39848.5 0.1
797870 39853.6 0.1
797972 39858.7 0.1
798074 39863.8 0.1
798176 39868.9 0.1
798278 39874 0.1
798380 39879.1 0.1
798482 39884.2 0.1
798584 39889.3 0.1
798686 39894.4 0.1
798788 39899.5 0.1
798890 39904.6 0.1
798992 39909.7 0.1
799094 39914.8 0.1
799196 39919.9 0.1
799298 39925 0.1
799400 39930.1 0.1
799502 39935.2 0.1
799604 39940.3 0.1
799706 39945.4 0.1
799808 39950.5 0.1
799910 39955.6 0.1
800012 39960.7 0.1
800114 39965.8 0.1
800216 39970.9 0.1
800318 39975.9 0.1
800420 39981 0.1
800522 39986.1 0.1
800624 39991.2 0.1
800726 39996.3 0.1
800828 40001.4 0.1
800930 40006.5 0.1
801032 40011.6 0.1
801135 40016.7 0.1
801237 40021.8 0.1
801339 40026.9 0.1
801441 40032 0.1
801543 40037.1 0.1
801645 40042.2 0.1
801747 40047.3 0.1
801849 40052.4 0.1
801951 40057.5 0.1
802053 40062.6 0.1
802155 40067.7 0.1
802257 40072.8 0.1
802359 40077.9 0.1
802461 40083 0.1
802563 40088.1 0.1
802665 40093.2 0.1
802767 40098.3 0.1
802869 40103.4 0.1
802971 40108.5 0.1
803073 40113.6 0.1
803175 40118.6 0.1
803277 40123.7 0.1
803379 40128.8 0.1
803481 40133.9 0.1
803583 40139 0.1
803685 40144.1 0.1
803787 40149.2 0.1
803889 40154.3 0.1
803991 40159.4 0.1
804093 40164.5 0.1
804195 40169.6 0.1
804297 40174.7 0.1
804399 40179.8 0.1
804501 40184.9 0.1
804604 40190 0.1
804706 40195.1 0.1
804808 40200.2 0.1
804910 40205.3 0.1
805012 40210.4 0.1
805114 40215.5 0.1
805216 40220.6 0.1
805318 40225.7 0.1
805420 40230.8 0.1
805522 40235.9 0.1
805624 40241 0.1
805726 40246.1 0.1
805828 40251.2 0.1
805930 40256.2 0.1
806032 40261.3 0.1
806134 40266.4 0.1
806236 40271.5 0.1
806338 40276.6 0.1
806440 40281.7 0.1
806542 40286.8 0.1
806644 40291.9 0.1
806746 40297 0.1
806848 40302.1 0.1
806950 40307.2 0.1
807052 40312.3 0.1
807154 40317.4 0.1
807256 40322.5 0.1
807358 40327.6 0.1
807460 40332.7 0.1
807562 40337.8 0.1
807664 40342.9 0.1
807766 40348 0.1
807868 40353.1 0.1
807970 40358.2 0.1
808073 40363.3 0.1
808175 40368.4 0.1
808277 40373.5 0.1
808379 40378.6 0.1
808481 40383.7 0.1
808583 40388.8 0.1
808685 40393.9 0.1
808787 40398.9 0.1
808889 40404 0.1
808991 40409.1 0.1
809093 40414.2 0.1
809195 40419.3 0.1
809297 40424.4 0.1
809399 40429.5 0.1
809501 40434.6 0.1
809603 40439.7 0.1
809705 40444.8 0.1
809807 40449.9 0.1
809909 40455 0.1
810011 40460.1 0.1
810113 40465.2 0.1
810215 40470.3 0.1
810317 40475.4 0.1
810419 40480.5 0.1
810521 40485.6 0.1
810623 40490.7 0.1
810725 40495.8 0.1
810827 40500.9 0.1
810929 40506 0.1
811031 40511.1 0.1
811133 40516.2 0.1
811235 40521.3 0.1
811337 40526.4 0.1
811439 40531.5 0.1
811542 40536.5 0.1
811644 40541.6 0.1
811746 40546.7 0.1
811848 40551.8 0.1
811950 40556.9 0.1
812052 40562 0.1
812154 40567.1 0.1
812256 40572.2 0.1
812358 40577.3 0.1
812460 40582.4 0.1
812562 40587.5 0.1
812664 40592.6 0.1
812766 40597.7 0.1
812868 40602.8 0.1
812970 40607.9 0.1
813072 40613 0.1
813174 40618.1 0.1
813276 40623.2 0.1
813378 40628.3 0.1
813480 40633.4 0.1
813582 40638.5 0.1
813684 40643.6 0.1
813786 40648.7 0.1
813888 40653.8 0.1
813990 40658.9 0.1
814092 40664 0.1
814194 40669.1 0.1
814296 40674.2 0.1
814398 40679.2 0.1
814500 40684.3 0.1
814602 40689.4 0.1
814704 40694.5 0.1
814806 40699.6 0.1
814908 40704.7 0.1
815011 40709.8 0.1
815113 40714.9 0.1
815215 40720 0.1
815317 40725.1 0.1
815419 40730.2 0.1
815521 40735.3 0.1
815623 40740.4 0.1
815725 40745.5 0.1
815827 40750.6 0.1
815929 40755.7 0.1
816031 40760.8 0.1
816133 40765.9 0.1
816235 40771 0.1
816337 40776.1 0.1
816439 40781.2 0.1
816541 40786.3 0.1
816643 40791.4 0.1
816745 40796.5 0.1
816847 40801.6 0.1
816949 40806.7 0.1
817051 40811.8 0.1
817153 40816.8 0.1
817255 40821.9 0.1
817357 40827 0.1
817459 40832.1 0.1
817561 40837.2 0.1
817663 40842.3 0.1
817765 40847.4 0.1
817867 40852.5 0.1
817969 40857.6 0.1
818071 40862.7 0.1
818173 40867.8 0.1
818275 40872.9 0.1
818377 40878 0.1
818480 40883.1 0.1
818582 40888.2 0.1
818684 40893.3 0.1
818786 40898.4 0.1
818888 40903.5 0.1
818990 40908.6 0.1
819092 40913.7 0.1
819194 40918.8 0.1
819296 40923.9 0.1
819398 40929 0.1
819500 40934.1 0.1
819602 40939.2 0.1
819704 40944.3 0.1
819806 40949.4 0.1
819908 40954.5 0.1
820010 40959.5 0.1
820112 40964.6 0.1
820214 40969.7 0.1
820316 40974.8 0.1
820418 40979.9 0.1
820520 40985 0.1
820622 40990.1 0.1
820724 40995.2 0.1
820826 41000.3 0.1
820928 41005.4 0.1
821030 41010.5 0.1
821132 41015.6 0.1
821234 41020.7 0.1
821336 41025.8 0.1
821438 41030.9 0.1
821540 41036 0.1
821642 41041.1 0.1
821744 41046.2 0.1
821846 41051.3 0.1
821949 41056.4 0.1
822051 41061.5 0.1
822153 41066.6 0.1
822255 41071.7 0.1
822357 41076.8 0.1
822459 41081.9 0.1
822561 41087 0.1
822663 41092.1 0.1
822765 41097.1 0.1
822867 41102.2 0.1
822969 41107.3 0.1
823071 41112.4 0.1
823173 41117.5 0.1
823275 41122.6 0.1
823377 41127.7 0.1
823479 41132.8 0.1
823581 41137.9 0.1
823683 41143 0.1
823785 41148.1 0.1
823887 41153.2 0.1
823989 41158.3 0.1
824091 41163.4 0.1
824193 41168.5 0.1
824295 41173.6 0.1
824397 41178.7 0.1
824499 41183.8 0.1
824601 41188.9 0.1
824703 41194 0.1
824805 41199.1 0.1
824907 41204.2 0.1
825009 41209.3 0.1
825111 41214.4 0.1
825213 41219.5 0.1
825315 41224.6 0.1
825418 41229.7 0.1
825520 41234.8 0.1
825622 41239.8 0.1
825724 41244.9 0.1
825826 41250 0.1
825928 41255.1 0.1
826030 41260.2 0.1
826132 41265.3 0.1
826234 41270.4 0.1
826336 41275.5 0.1
826438 41280.6 0.1
826540 41285.7 0.1
826642 41290.8 0.1
826744 41295.9 0.1
826846 41301 0.1
826948 41306.1 0.1
827050 41311.2 0.1
827152 41316.3 0.1
827254 41321.4 0.1
827356 41326.5 0.1
827458 41331.6 0.1
827560 41336.7 0.1
827662 41341.8 0.1
827764 41346.9 0.1
827866 41352 0.1
827968 41357.1 0.1
828070 41362.2 0.1
828172 41367.3 0.1
828274 41372.4 0.1
828376 41377.4 0.1
828478 41382.5 0.1
828580 41387.6 0.1
828682 41392.7 0.1
828784 41397.8 0.1
828887 41402.9 0.1
828989 41408 0.1
829091 41413.1 0.1
829193 41418.2 0.1
829295 41423.3 0.1
829397 41428.4 0.1
829499 41433.5 0.1
829601 41438.6 0.1
829703 41443.7 0.1
829805 41448.8 0.1
829907 41453.9 0.1
830009 41459 0.1
830111 41464.1 0.1
830213 41469.2 0.1
830315 41474.3 0.1
830417 41479.4 0.1
830519 41484.5 0.1
830621 41489.6 0.1
830723 41494.7 0.1
830825 41499.8 0.1
830927 41504.9 0.1
831029 41510 0.1
831131 41515.1 0.1
831233 41520.1 0.1
831335 41525.2 0.1
831437 41530.3 0.1
831539 41535.4 0.1
831641 41540.5 0.1
831743 41545.6 0.1
831845 41550.7 0.1
831947 41555.8 0.1
832049 41560.9 0.1
832151 41566 0.1
832253 41571.1 0.1
832356 41576.2 0.1
832458 41581.3 0.1
832560 41586.4 0.1
832662 41591.5 0.1
832764 41596.6 0.1
832866 41601.7 0.1
832968 41606.8 0.1
833070 41611.9 0.1
833172 41617 0.1
833274 41622.1 0.1
833376 41627.2 0.1
833478 41632.3 0.1
833580 41637.4 0.1
833682 41642.5 0.1
833784 41647.6 0.1
833886 41652.7 0.1
833988 41657.7 0.1
834090 41662.8 0.1
834192 41667.9 0.1
834294 41673 0.1
834396 41678.1 0.1
834498 41683.2 0.1
834600 41688.3 0.1
834702 41693.4 0.1
834804 41698.5 0.1
834906 41703.6 0.1
835008 41708.7 0.1
835110 41713.8 0.1
835212 41718.9 0.1
835314 41724 0.1
835416 41729.1 0.1
835518 41734.2 0.1
835620 41739.3 0.1
835722 41744.4 0.1
835825 41749.5 0.1
835927 41754.6 0.1
836029 41759.7 0.1
836131 41764.8 0.1
836233 41769.9 0.1
836335 41775 0.1
836437 41780.1 0.1
836539 41785.2 0.1
836641 41790.3 0.1
836743 41795.4 0.1
836845 41800.4 0.1
836947 41805.5 0.1
837049 41810.6 0.1
837151 41815.7 0.1
837253 41820.8 0.1
837355 41825.9 0.1
837457 41831 0.1
837559 41836.1 0.1
837661 41841.2 0.1
837763 41846.3 0.1
837865 41851.4 0.1
837967 41856.5 0.1
838069 41861.6 0.1
838171 41866.7 0.1
838273 41871.8 0.1
838375 41876.9 0.1
838477 41882 0.1
838579 41887.1 0.1
838681 41892.2 0.1
838783 41897.3 0.1
838885 41902.4 0.1
838987 41907.5 0.1
839089 41912.6 0.1
839191 41917.7 0.1
839293 41922.8 0.1
839396 41927.9 0.1
839498 41933 0.1
839600 41938 0.1
839702 41943.1 0.1
839804 41948.2 0.1
839906 41953.3 0.1
840008 41958.4 0.1
840110 41963.5 0.1
840212 41968.6 0.1
840314 41973.7 0.1
840416 41978.8 0.1
840518 41983.9 0.1
840620 41989 0.1
840722 41994.1 0.1
840824 41999.2 0.1
840926 42004.3 0.1
841028 42009.4 0.1
841130 42014.5 0.1
841232 42019.6 0.1
841334 42024.7 0.1
841436 42029.8 0.1
841538 42034.9 0.1
841640 42040 0.1
841742 42045.1 0.1
841844 42050.2 0.1
841946 42055.3 0.1
842048 42060.4 0.1
842150 42065.5 0.1
842252 42070.6 0.1
842354 42075.7 0.1
842456 42080.7 0.1
842558 42085.8 0.1
842660 42090.9 0.1
842762 42096 0.1
842865 42101.1 0.1
842967 42106.2 0.1
843069 42111.3 0.1
843171 42116.4 0.1
843273 42121.5 0.1
843375 42126.6 0.1
843477 42131.7 0.1
843579 42136.8 0.1
843681 42141.9 0.1
843783 42147 0.1
843885 42152.1 0.1
843987 42157.2 0.1
844089 42162.3 0.1
844191 42167.4 0.1
844293 42172.5 0.1
844395 42177.6 0.1
844497 42182.7 0.1
844599 42187.8 0.1
844701 42192.9 0.1
844803 42198 0.1
844905 42203.1 0.1
845007 42208.2 0.1
845109 42213.3 0.1
845211 42218.3 0.1
845313 42223.4 0.1
845415 42228.5 0.1
845517 42233.6 0.1
845619 42238.7 0.1
845721 42243.8 0.1
845823 42248.9 0.1
845925 42254 0.1
846027 42259.1 0.1
846129 42264.2 0.1
846231 42269.3 0.1
846334 42274.4 0.1
846436 42279.5 0.1
846538 42284.6 0.1
846640 42289.7 0.1
846742 42294.8 0.1
846844 42299.9 0.1
846946 42305 0.1
847048 42310.1 0.1
847150 42315.2 0.1
847252 42320.3 0.1
847354 42325.4 0.1
847456 42330.5 0.1
847558 42335.6 0.1
847660 42340.7 0.1
847762 42345.8 0.1
847864 42350.9 0.1
847966 42356 0.1
848068 42361 0.1
848170 42366.1 0.1
848272 42371.2 0.1
848374 42376.3 0.1
848476 42381.4 0.1
848578 42386.5 0.1
848680 42391.6 0.1
848782 42396.7 0.1
848884 42401.8 0.1
848986 42406.9 0.1
849088 42412 0.1
849190 42417.1 0.1
849292 42422.2 0.1
849394 42427.3 0.1
849496 42432.4 0.1
849598 42437.5 0.1
849700 42442.6 0.1
849803 42447.7 0.1
849905 42452.8 0.1
850007 42457.9 0.1
850109 42463 0.1
850211 42468.1 0.1
850313 42473.2 0.1
850415 42478.3 0.1
850517 42483.4 0.1
850619 42488.5 0.1
850721 42493.6 0.1
850823 42498.6 0.1
850925 42503.7 0.1
851027 42508.8 0.1
851129 42513.9 0.1
851231 42519 0.1
851333 42524.1 0.1
851435 42529.2 0.1
851537 42534.3 0.1
851639 42539.4 0.1
851741 42544.5 0.1
851843 42549.6 0.1
851945 42554.7 0.1
852047 42559.8 0.1
852149 42564.9 0.1
852251 42570 0.1
852353 42575.1 0.1
852455 42580.2 0.1
852557 42585.3 0.1
852659 42590.4 0.1
852761 42595.5 0.1
852863 42600.6 0.1
852965 42605.7 0.1
853067 42610.8 0.1
853169 42615.9 0.1
853272 42621 0.1
853374 42626.1 0.1
853476 42631.2 0.1
853578 42636.3 0.1
853680 42641.3 0.1
853782 42646.4 0.1
853884 42651.5 0.1
853986 42656.6 0.1
854088 42661.7 0.1
854190 42666.8 0.1
854292 42671.9 0.1
854394 42677 0.1
854496 42682.1 0.1
854598 42687.2 0.1
854700 42692.3 0.1
854802 42697.4 0.1
854904 42702.5 0.1
855006 42707.6 0.1
855108 42712.7 0.1
855210 42717.8 0.1
855312 42722.9 0.1
855414 42728 0.1
855516 42733.1 0.1
855618 42738.2 0.1
855720 42743.3 0.1
855822 42748.4 0.1
855924 42753.5 0.1
856026 42758.6 0.1
856128 42763.7 0.1
856230 42768.8 0.1
856332 42773.9 0.1
856434 42778.9 0.1
856536 42784 0.1
856638 42789.1 0.1
856741 42794.2 0.1
856843 42799.3 0.1
856945 42804.4 0.1
857047 42809.5 0.1
857149 42814.6 0.1
857251 42819.7 0.1
857353 42824.8 0.1
857455 42829.9 0.1
857557 42835 0.1
857659 42840.1 0.1
857761 42845.2 0.1
857863 42850.3 0.1
857965 42855.4 0.1
858067 42860.5 0.1
858169 42865.6 0.1
858271 42870.7 0.1
858373 42875.8 0.1
858475 42880.9 0.1
858577 42886 0.1
858679 42891.1 0.1
858781 42896.2 0.1
858883 42901.3 0.1
858985 42906.4 0.1
859087 42911.5 0.1
859189 42916.6 0.1
859291 42921.6 0.1
859393 42926.7 0.1
859495 42931.8 0.1
859597 42936.9 0.1
859699 42942 0.1
859801 42947.1 0.1
859903 42952.2 0.1
860005 42957.3 0.1
860107 42962.4 0.1
860210 42967.5 0.1
860312 42972.6 0.1
860414 42977.7 0.1
860516 42982.8 0.1
860618 42987.9 0.1
860720 42993 0.1
860822 42998.1 0.1
860924 43003.2 0.1
861026 43008.3 0.1
861128 43013.4 0.1
861230 43018.5 0.1
861332 43023.6 0.1
861434 43028.7 0.1
861536 43033.8 0.1
861638 43038.9 0.1
861740 43044 0.1
861842 43049.1 0.1
861944 43054.2 0.1
862046 43059.3 0.1
862148 43064.3 0.1
862250 43069.4 0.1
862352 43074.5 0.1
862454 43079.6 0.1
862556 43084.7 0.1
862658 43089.8 0.1
862760 43094.9 0.1
862862 43100 0.1
862964 43105.1 0.1
863066 43110.2 0.1
863168 43115.3 0.1
863270 43120.4 0.1
863372 43125.5 0.1
863474 43130.6 0.1
863576 43135.7 0.1
863679 43140.8 0.1
863781 43145.9 0.1
863883 43151 0.1
863985 43156.1 0.1
864087 43161.2 0.1
864189 43166.3 0.1
864291 43171.4 0.1
864393 43176.5 0.1
864495 43181.6 0.1
864597 43186.7 0.1
864699 43191.8 0.1
864801 43196.9 0.1
864903 43201.9 0.1
865005 43207 0.1
865107 43212.1 0.1
865209 43217.2 0.1
865311 43222.3 0.1
865413 43227.4 0.1
865515 43232.5 0.1
865617 43237.6 0.1
865719 43242.7 0.1
865821 43247.8 0.1
865923 43252.9 0.1
866025 43258 0.1
866127 43263.1 0.1
866229 43268.2 0.1
866331 43273.3 0.1
866433 43278.4 0.1
866535 43283.5 0.1
866637 43288.6 0.1
866739 43293.7 0.1
866841 43298.8 0.1
866943 43303.9 0.1
867045 43309 0.1
867148 43314.1 0.1
867250 43319.2 0.1
867352 43324.3 0.1
867454 43329.4 0.1
867556 43334.5 0.1
867658 43339.6 0.1
867760 43344.6 0.1
867862 43349.7 0.1
867964 43354.8 0.1
868066 43359.9 0.1
868168 43365 0.1
868270 43370.1 0.1
868372 43375.2 0.1
868474 43380.3 0.1
868576 43385.4 0.1
868678 43390.5 0.1
868780 43395.6 0.1
868882 43400.7 0.1
868984 43405.8 0.1
869086 43410.9 0.1
869188 43416 0.1
869290 43421.1 0.1
869392 43426.2 0.1
869494 43431.3 0.1
869596 43436.4 0.1
869698 43441.5 0.1
869800 43446.6 0.1
869902 43451.7 0.1
870004 43456.8 0.1
870106 43461.9 0.1
870208 43467 0.1
870310 43472.1 0.1
870412 43477.2 0.1
870514 43482.2 0.1
870617 43487.3 0.1
870719 43492.4 0.1
870821 43497.5 0.1
870923 43502.6 0.1
871025 43507.7 0.1
871127 43512.8 0.1
871229 43517.9 0.1
871331 43523 0.1
871433 43528.1 0.1
871535 43533.2 0.1
871637 43538.3 0.1
871739 43543.4 0.1
871841 43548.5 0.1
871943 43553.6 0.1
872045 43558.7 0.1
872147 43563.8 0.1
872249 43568.9 0.1
872351 43574 0.1
872453 43579.1 0.1
872555 43584.2 0.1
872657 43589.3 0.1
872759 43594.4 0.1
872861 43599.5 0.1
872963 43604.6 0.1
873065 43609.7 0.1
873167 43614.8 0.1
873269 43619.9 0.1
873371 43624.9 0.1
873473 43630 0.1
873575 43635.1 0.1
873677 43640.2 0.1
873779 43645.3 0.1
873881 43650.4 0.1
873983 43655.5 0.1
874086 43660.6 0.1
874188 43665.7 0.1
874290 43670.8 0.1
874392 43675.9 0.1
874494 43681 0.1
874596 43686.1 0.1
874698 43691.2 0.1
874800 43696.3 0.1
874902 43701.4 0.1
875004 43706.5 0.1
875106 43711.6 0.1
875208 43716.7 0.1
875310 43721.8 0.1
875412 43726.9 0.1
875514 43732 0.1
875616 43737.1 0.1
875718 43742.2 0.1
875820 43747.3 0.1
875922 43752.4 0.1
876024 43757.5 0.1
876126 43762.5 0.1
876228 43767.6 0.1
876330 43772.7 0.1
876432 43777.8 0.1
876534 43782.9 0.1
876636 43788 0.1
876738 43793.1 0.1
876840 43798.2 0.1
876942 43803.3 0.1
877044 43808.4 0.1
877146 43813.5 0.1
877248 43818.6 0.1
877350 43823.7 0.1
877452 43828.8 0.1
877555 43833.9 0.1
877657 43839 0.1
877759 43844.1 0.1
877861 43849.2 0.1
877963 43854.3 0.1
878065 43859.4 0.1
878167 43864.5 0.1
878269 43869.6 0.1
878371 43874.7 0.1
878473 43879.8 0.1
878575 43884.9 0.1
878677 43890 0.1
878779 43895.1 0.1
878881 43900.2 0.1
878983 43905.2 0.1
879085 43910.3 0.1
879187 43915.4 0.1
879289 43920.5 0.1
879391 43925.6 0.1
879493 43930.7 0.1
879595 43935.8 0.1
879697 43940.9 0.1
879799 43946 0.1
879901 43951.1 0.1
880003 43956.2 0.1
880105 43961.3 0.1
880207 43966.4 0.1
880309 43971.5 0.1
880411 43976.6 0.1
880513 43981.7 0.1
880615 43986.8 0.1
880717 43991.9 0.1
880819 43997 0.1
880921 44002.1 0.1
881024 44007.2 0.1
881126 44012.3 0.1
881228 44017.4 0.1
881330 44022.5 0.1
881432 44027.6 0.1
881534 44032.7 0.1
881636 44037.8 0.1
881738 44042.8 0.1
881840 44047.9 0.1
881942 44053 0.1
882044 44058.1 0.1
882146 44063.2 0.1
882248 44068.3 0.1
882350 44073.4 0.1
882452 44078.5 0.1
882554 44083.6 0.1
882656 44088.7 0.1
882758 44093.8 0.1
882860 44098.9 0.1
882962 44104 0.1
883064 44109.1 0.1
883166 44114.2 0.1
883268 44119.3 0.1
883370 44124.4 0.1
883472 44129.5 0.1
883574 44134.6 0.1
883676 44139.7 0.1
883778 44144.8 0.1
883880 44149.9 0.1
883982 44155 0.1
884084 44160.1 0.1
884186 44165.2 0.1
884288 44170.3 0.1
884390 44175.4 0.1
884493 44180.5 0.1
884595 44185.5 0.1
884697 44190.6 0.1
884799 44195.7 0.1
884901 44200.8 0.1
885003 44205.9 0.1
885105 44211 0.1
885207 44216.1 0.1
885309 44221.2 0.1
885411 44226.3 0.1
885513 44231.4 0.1
885615 44236.5 0.1
885717 44241.6 0.1
885819 44246.7 0.1
885921 44251.8 0.1
886023 44256.9 0.1
886125 44262 0.1
886227 44267.1 0.1
886329 44272.2 0.1
886431 44277.3 0.1
886533 44282.4 0.1
886635 44287.5 0.1
886737 44292.6 0.1
886839 44297.7 0.1
886941 44302.8 0.1
887043 44307.9 0.1
887145 44313 0.1
887247 44318.1 0.1
887349 44323.1 0.1
887451 44328.2 0.1
887553 44333.3 0.1
887655 44338.4 0.1
887757 44343.5 0.1
887859 44348.6 0.1
887962 44353.7 0.1
888064 44358.8 0.1
888166 44363.9 0.1
888268 44369 0.1
888370 44374.1 0.1
888472 44379.2 0.1
888574 44384.3 0.1
888676 44389.4 0.1
888778 44394.5 0.1
888880 44399.6 0.1
888982 44404.7 0.1
889084 44409.8 0.1
889186 44414.9 0.1
889288 44420 0.1
889390 44425.1 0.1
889492 44430.2 0.1
889594 44435.3 0.1
889696 44440.4 0.1
889798 44445.5 0.1
889900 44450.6 0.1
890002 44455.7 0.1
890104 44460.8 0.1
890206 44465.8 0.1
890308 44470.9 0.1
890410 44476 0.1
890512 44481.1 0.1
890614 44486.2 0.1
890716 44491.3 0.1
890818 44496.4 0.1
890920 44501.5 0.1
891022 44506.6 0.1
891124 44511.7 0.1
891226 44516.8 0.1
891328 44521.9 0.1
891431 44527 0.1
891533 44532.1 0.1
891635 44537.2 0.1
891737 44542.3 0.1
891839 44547.4 0.1
891941 44552.5 0.1
892043 44557.6 0.1
892145 44562.7 0.1
892247 44567.8 0.1
892349 44572.9 0.1
892451 44578 0.1
892553 44583.1 0.1
892655 44588.2 0.1
892757 44593.3 0.1
892859 44598.4 0.1
892961 44603.4 0.1
893063 44608.5 0.1
893165 44613.6 0.1
893267 44618.7 0.1
893369 44623.8 0.1
893471 44628.9 0.1
893573 44634 0.1
893675 44639.1 0.1
893777 44644.2 0.1
893879 44649.3 0.1
893981 44654.4 0.1
894083 44659.5 0.1
894185 44664.6 0.1
894287 44669.7 0.1
894389 44674.8 0.1
894491 44679.9 0.1
894593 44685 0.1
894695 44690.1 0.1
894797 44695.2 0.1
894899 44700.3 0.1
895002 44705.4 0.1
895104 44710.5 0.1
895206 44715.6 0.1
895308 44720.7 0.1
895410 44725.8 0.1
895512 44730.9 0.1
895614 44736 0.1
895716 44741.1 0.1
895818 44746.1 0.1
895920 44751.2 0.1
896022 44756.3 0.1
896124 44761.4 0.1
896226 44766.5 0.1
896328 44771.6 0.1
896430 44776.7 0.1
896532 44781.8 0.1
896634 44786.9 0.1
896736 44792 0.1
896838 44797.1 0.1
896940 44802.2 0.1
897042 44807.3 0.1
897144 44812.4 0.1
897246 44817.5 0.1
897348 44822.6 0.1
897450 44827.7 0.1
897552 44832.8 0.1
897654 44837.9 0.1
897756 44843 0.1
897858 44848.1 0.1
897960 44853.2 0.1
898062 44858.3 0.1
898164 44863.4 0.1
898266 44868.5 0.1
898368 44873.6 0.1
898471 44878.7 0.1
898573 44883.7 0.1
898675 44888.8 0.1
898777 44893.9 0.1
898879 44899 0.1
898981 44904.1 0.1
899083 44909.2 0.1
899185 44914.3 0.1
899287 44919.4 0.1
899389 44924.5 0.1
899491 44929.6 0.1
899593 44934.7 0.1
899695 44939.8 0.1
899797 44944.9 0.1
899899 44950 0.1
900001 44955.1 0.1
900103 44960.2 0.1
900205 44965.3 0.1
900307 44970.4 0.1
900409 44975.5 0.1
900511 44980.6 0.1
900613 44985.7 0.1
900715 44990.8 0.1
900817 44995.9 0.1
900919 45001 0.1
901021 45006.1 0.1
901123 45011.2 0.1
901225 45016.3 0.1
901327 45021.4 0.1
901429 45026.4 0.1
901531 45031.5 0.1
901633 45036.6 0.1
901735 45041.7 0.1
901837 45046.8 0.1
901940 45051.9 0.1
902042 45057 0.1
902144 45062.1 0.1
902246 45067.2 0.1
902348 45072.3 0.1
902450 45077.4 0.1
902552 45082.5 0.1
902654 45087.6 0.1
902756 45092.7 0.1
902858 45097.8 0.1
902960 45102.9 0.1
903062 45108 0.1
903164 45113.1 0.1
903266 45118.2 0.1
903368 45123.3 0.1
903470 45128.4 0.1
903572 45133.5 0.1
903674 45138.6 0.1
903776 45143.7 0.1
903878 45148.8 0.1
903980 45153.9 0.1
904082 45159 0.1
904184 45164 0.1
904286 45169.1 0.1
904388 45174.2 0.1
904490 45179.3 0.1
904592 45184.4 0.1
904694 45189.5 0.1
904796 45194.6 0.1
904898 45199.7 0.1
905000 45204.8 0.1
905102 45209.9 0.1
905204 45215 0.1
905306 45220.1 0.1
905409 45225.2 0.1
905511 45230.3 0.1
905613 45235.4 0.1
905715 45240.5 0.1
905817 45245.6 0.1
905919 45250.7 0.1
906021 45255.8 0.1
906123 45260.9 0.1
906225 45266 0.1
906327 45271.1 0.1
906429 45276.2 0.1
906531 45281.3 0.1
906633 45286.4 0.1
906735 45291.5 0.1
906837 45296.6 0.1
906939 45301.7 0.1
907041 45306.7 0.1
907143 45311.8 0.1
907245 45316.9 0.1
907347 45322 0.1
907449 45327.1 0.1
907551 45332.2 0.1
907653 45337.3 0.1
907755 45342.4 0.1
907857 45347.5 0.1
907959 45352.6 0.1
908061 45357.7 0.1
908163 45362.8 0.1
908265 45367.9 0.1
908367 45373 0.1
908469 45378.1 0.1
908571 45383.2 0.1
908673 45388.3 0.1
908775 45393.4 0.1
908878 45398.5 0.1
908980 45403.6 0.1
909082 45408.7 0.1
909184 45413.8 0.1
909286 45418.9 0.1
909388 45424 0.1
909490 45429.1 0.1
909592 45434.2 0.1
909694 45439.3 0.1
909796 45444.3 0.1
909898 45449.4 0.1
910000 45454.5 0.1
910102 45459.6 0.1
910204 45464.7 0.1
910306 45469.8 0.1
910408 45474.9 0.1
910510 45480 0.1
910612 45485.1 0.1
910714 45490.2 0.1
910816 45495.3 0.1
910918 45500.4 0.1
911020 45505.5 0.1
911122 45510.6 0.1
911224 45515.7 0.1
911326 45520.8 0.1
911428 45525.9 0.1
911530 45531 0.1
911632 45536.1 0.1
911734 45541.2 0.1
911836 45546.3 0.1
911938 45551.4 0.1
912040 45556.5 0.1
912142 45561.6 0.1
912244 45566.7 0.1
912347 45571.8 0.1
912449 45576.9 0.1
912551 45582 0.1
912653 45587 0.1
912755 45592.1 0.1
912857 45597.2 0.1
912959 45602.3 0.1
913061 45607.4 0.1
913163 45612.5 0.1
913265 45617.6 0.1
913367 45622.7 0.1
913469 45627.8 0.1
913571 45632.9 0.1
913673 45638 0.1
913775 45643.1 0.1
913877 45648.2 0.1
913979 45653.3 0.1
914081 45658.4 0.1
914183 45663.5 0.1
914285 45668.6 0.1
914387 45673.7 0.1
914489 45678.8 0.1
914591 45683.9 0.1
914693 45689 0.1
914795 45694.1 0.1
914897 45699.2 0.1
914999 45704.3 0.1
915101 45709.4 0.1
915203 45714.5 0.1
915305 45719.6 0.1
915407 45724.6 0.1
915509 45729.7 0.1
915611 45734.8 0.1
915713 45739.9 0.1
915816 45745 0.1
915918 45750.1 0.1
916020 45755.2 0.1
916122 45760.3 0.1
916224 45765.4 0.1
916326 45770.5 0.1
916428 45775.6 0.1
916530 45780.7 0.1
916632 45785.8 0.1
916734 45790.9 0.1
916836 45796 0.1
916938 45801.1 0.1
917040 45806.2 0.1
917142 45811.3 0.1
917244 45816.4 0.1
917346 45821.5 0.1
917448 45826.6 0.1
917550 45831.7 0.1
917652 45836.8 0.1
917754 45841.9 0.1
917856 45847 0.1
917958 45852.1 0.1
918060 45857.2 0.1
918162 45862.3 0.1
918264 45867.3 0.1
918366 45872.4 0.1
918468 45877.5 0.1
918570 45882.6 0.1
918672 45887.7 0.1
918774 45892.8 0.1
918876 45897.9 0.1
918978 45903 0.1
919080 45908.1 0.1
919182 45913.2 0.1
919285 45918.3 0.1
919387 45923.4 0.1
919489 45928.5 0.1
919591 45933.6 0.1
919693 45938.7 0.1
919795 45943.8 0.1
919897 45948.9 0.1
919999 45954 0.1
920101 45959.1 0.1
920203 45964.2 0.1
920305 45969.3 0.1
920407 45974.4 0.1
920509 45979.5 0.1
920611 45984.6 0.1
920713 45989.7 0.1
920815 45994.8 0.1
920917 45999.9 0.1
921019 46004.9 0.1
921121 46010 0.1
921223 46015.1 0.1
921325 46020.2 0.1
921427 46025.3 0.1
921529 46030.4 0.1
921631 46035.5 0.1
921733 46040.6 0.1
921835 46045.7 0.1
921937 46050.8 0.1
922039 46055.9 0.1
922141 46061 0.1
922243 46066.1 0.1
922345 46071.2 0.1
922447 46076.3 0.1
922549 46081.4 0.1
922651 46086.5 0.1
922754 46091.6 0.1
922856 46096.7 0.1
922958 46101.8 0.1
923060 46106.9 0.1
923162 46112 0.1
923264 46117.1 0.1
923366 46122.2 0.1
923468 46127.3 0.1
923570 46132.4 0.1
923672 46137.5 0.1
923774 46142.6 0.1
923876 46147.6 0.1
923978 46152.7 0.1
924080 46157.8 0.1
924182 46162.9 0.1
924284 46168 0.1
924386 46173.1 0.1
924488 46178.2 0.1
924590 46183.3 0.1
924692 46188.4 0.1
924794 46193.5 0.1
924896 46198.6 0.1
924998 46203.7 0.1
925100 46208.8 0.1
925202 46213.9 0.1
925304 46219 0.1
925406 46224.1 0.1
925508 46229.2 0.1
925610 46234.3 0.1
925712 46239.4 0.1
925814 46244.5 0.1
925916 46249.6 0.1
926018 46254.7 0.1
926120 46259.8 0.1
926223 46264.9 0.1
926325 46270 0.1
926427 46275.1 0.1
926529 46280.2 0.1
926631 46285.2 0.1
926733 46290.3 0.1
926835 46295.4 0.1
926937 46300.5 0.1
927039 46305.6 0.1
927141 46310.7 0.1
927243 46315.8 0.1
927345 46320.9 0.1
927447 46326 0.1
927549 46331.1 0.1
927651 46336.2 0.1
927753 46341.3 0.1
927855 46346.4 0.1
927957 46351.5 0.1
928059 46356.6 0.1
928161 46361.7 0.1
928263 46366.8 0.1
928365 46371.9 0.1
928467 46377 0.1
928569 46382.1 0.1
928671 46387.2 0.1
928773 46392.3 0.1
928875 46397.4 0.1
928977 46402.5 0.1
929079 46407.6 0.1
929181 46412.7 0.1
929283 46417.8 0.1
929385 46422.9 0.1
929487 46427.9 0.1
929589 46433 0.1
929692 46438.1 0.1
929794 46443.2 0.1
929896 46448.3 0.1
929998 46453.4 0.1
930100 46458.5 0.1
930202 46463.6 0.1
930304 46468.7 0.1
930406 46473.8 0.1
930508 46478.9 0.1
930610 46484 0.1
930712 46489.1 0.1
930814 46494.2 0.1
930916 46499.3 0.1
931018 46504.4 0.1
931120 46509.5 0.1
931222 46514.6 0.1
931324 46519.7 0.1
931426 46524.8 0.1
931528 46529.9 0.1
931630 46535 0.1
931732 46540.1 0.1
931834 46545.2 0.1
931936 46550.3 0.1
932038 46555.4 0.1
932140 46560.5 0.1
932242 46565.6 0.1
932344 46570.6 0.1
932446 46575.7 0.1
932548 46580.8 0.1
932650 46585.9 0.1
932752 46591 0.1
932854 46596.1 0.1
932956 46601.2 0.1
933058 46606.3 0.1
933161 46611.4 0.1
933263 46616.5 0.1
933365 46621.6 0.1
933467 46626.7 0.1
933569 46631.8 0.1
933671 46636.9 0.1
933773 46642 0.1
933875 46647.1 0.1
933977 46652.2 0.1
934079 46657.3 0.1
934181 46662.4 0.1
934283 46667.5 0.1
934385 46672.6 0.1
934487 46677.7 0.1
934589 46682.8 0.1
934691 46687.9 0.1
934793 46693 0.1
934895 46698.1 0.1
934997 46703.2 0.1
935099 46708.2 0.1
935201 46713.3 0.1
935303 46718.4 0.1
935405 46723.5 0.1
935507 46728.6 0.1
935609 46733.7 0.1
935711 46738.8 0.1
935813 46743.9 0.1
935915 46749 0.1
936017 46754.1 0.1
936119 46759.2 0.1
936221 46764.3 0.1
936323 46769.4 0.1
936425 46774.5 0.1
936527 46779.6 0.1
936630 46784.7 0.1
936732 46789.8 0.1
936834 46794.9 0.1
936936 46800 0.1
937038 46805.1 0.1
937140 46810.2 0.1
937242 46815.3 0.1
937344 46820.4 0.1
937446 46825.5 0.1
937548 46830.6 0.1
937650 46835.7 0.1
937752 46840.8 0.1
937854 46845.9 0.1
937956 46850.9 0.1
938058 46856 0.1
938160 46861.1 0.1
938262 46866.2 0.1
938364 46871.3 0.1
938466 46876.4 0.1
938568 46881.5 0.1
938670 46886.6 0.1
938772 46891.7 0.1
938874 46896.8 0.1
938976 46901.9 0.1
939078 46907 0.1
939180 46912.1 0.1
939282 46917.2 0.1
939384 46922.3 0.1
939486 46927.4 0.1
939588 46932.5 0.1
939690 46937.6 0.1
939792 46942.7 0.1
939894 46947.8 0.1
939996 46952.9 0.1
940099 46958 0.1
940201 46963.1 0.1
940303 46968.2 0.1
940405 46973.3 0.1
940507 46978.4 0.1
940609 46983.5 0.1
940711 46988.5 0.1
940813 46993.6 0.1
940915 46998.7 0.1
941017 47003.8 0.1
941119 47008.9 0.1
941221 47014 0.1
941323 47019.1 0.1
941425 47024.2 0.1
941527 47029.3 0.1
941629 47034.4 0.1
941731 47039.5 0.1
941833 47044.6 0.1
941935 47049.7 0.1
942037 47054.8 0.1
942139 47059.9 0.1
942241 47065 0.1
942343 47070.1 0.1
942445 47075.2 0.1
942547 47080.3 0.1
942649 47085.4 0.1
942751 47090.5 0.1
942853 47095.6 0.1
942955 47100.7 0.1
943057 47105.8 0.1
943159 47110.9 0.1
943261 47116 0.1
943363 47121.1 0.1
943465 47126.2 0.1
943568 47131.2 0.1
943670 47136.3 0.1
943772 47141.4 0.1
943874 47146.5 0.1
943976 47151.6 0.1
944078 47156.7 0.1
944180 47161.8 0.1
944282 47166.9 0.1
944384 47172 0.1
944486 47177.1 0.1
944588 47182.2 0.1
944690 47187.3 0.1
944792 47192.4 0.1
944894 47197.5 0.1
944996 47202.6 0.1
945098 47207.7 0.1
945200 47212.8 0.1
945302 47217.9 0.1
945404 47223 0.1
945506 47228.1 0.1
945608 47233.2 0.1
945710 47238.3 0.1
945812 47243.4 0.1
945914 47248.5 0.1
946016 47253.6 0.1
946118 47258.7 0.1
946220 47263.8 0.1
946322 47268.8 0.1
946424 47273.9 0.1
946526 47279 0.1
946628 47284.1 0.1
946730 47289.2 0.1
946832 47294.3 0.1
946934 47299.4 0.1
947037 47304.5 0.1
947139 47309.6 0.1
947241 47314.7 0.1
947343 47319.8 0.1
947445 47324.9 0.1
947547 47330 0.1
947649 47335.1 0.1
947751 47340.2 0.1
947853 47345.3 0.1
947955 47350.4 0.1
948057 47355.5 0.1
948159 47360.6 0.1
948261 47365.7 0.1
948363 47370.8 0.1
948465 47375.9 0.1
948567 47381 0.1
948669 47386.1 0.1
948771 47391.2 0.1
948873 47396.3 0.1
948975 47401.4 0.1
949077 47406.5 0.1
949179 47411.5 0.1
949281 47416.6 0.1
949383 47421.7 0.1
949485 47426.8 0.1
949587 47431.9 0.1
949689 47437 0.1
949791 47442.1 0.1
949893 47447.2 0.1
949995 47452.3 0.1
950097 47457.4 0.1
950199 47462.5 0.1
950301 47467.6 0.1
950403 47472.7 0.1
950505 47477.8 0.1
950608 47482.9 0.1
950710 47488 0.1
950812 47493.1 0.1
950914 47498.2 0.1
951016 47503.3 0.1
951118 47508.4 0.1
951220 47513.5 0.1
951322 47518.6 0.1
951424 47523.7 0.1
951526 47528.8 0.1
951628 47533.9 0.1
951730 47539 0.1
951832 47544.1 0.1
951934 47549.1 0.1
952036 47554.2 0.1
952138 47559.3 0.1
952240 47564.4 0.1
952342 47569.5 0.1
952444 47574.6 0.1
952546 47579.7 0.1
952648 47584.8 0.1
952750 47589.9 0.1
952852 47595 0.1
952954 47600.1 0.1
953056 47605.2 0.1
953158 47610.3 0.1
953260 47615.4 0.1
953362 47620.5 0.1
953464 47625.6 0.1
953566 47630.7 0.1
953668 47635.8 0.1
953770 47640.9 0.1
953872 47646 0.1
953974 47651.1 0.1
954077 47656.2 0.1
954179 47661.3 0.1
954281 47666.4 0.1
954383 47671.5 0.1
954485 47676.6 0.1
954587 47681.7 0.1
954689 47686.8 0.1
954791 47691.8 0.1
954893 47696.9 0.1
954995 47702 0.1
955097 47707.1 0.1
955199 47712.2 0.1
955301 47717.3 0.1
955403 47722.4 0.1
955505 47727.5 0.1
955607 47732.6 0.1
955709 47737.7 0.1
955811 47742.8 0.1
955913 47747.9 0.1
956015 47753 0.1
956117 47758.1 0.1
956219 47763.2 0.1
956321 47768.3 0.1
956423 47773.4 0.1
956525 47778.5 0.1
956627 47783.6 0.1
956729 47788.7 0.1
956831 47793.8 0.1
956933 47798.9 0.1
957035 47804 0.1
957137 47809.1 0.1
957239 47814.2 0.1
957341 47819.3 0.1
957443 47824.4 0.1
957546 47829.4 0.1
957648 47834.5 0.1
957750 47839.6 0.1
957852 47844.7 0.1
957954 47849.8 0.1
958056 47854.9 0.1
958158 47860 0.1
958260 47865.1 0.1
958362 47870.2 0.1
958464 47875.3 0.1
958566 47880.4 0.1
958668 47885.5 0.1
958770 47890.6 0.1
958872 47895.7 0.1
958974 47900.8 0.1
959076 47905.9 0.1
959178 47911 0.1
959280 47916.1 0.1
959382 47921.2 0.1
959484 47926.3 0.1
959586 47931.4 0.1
959688 47936.5 0.1
959790 47941.6 0.1
959892 47946.7 0.1
959994 47951.8 0.1
960096 47956.9 0.1
960198 47962 0.1
960300 47967.1 0.1
960402 47972.1 0.1
960504 47977.2 0.1
960606 47982.3 0.1
960708 47987.4 0.1
960810 47992.5 0.1
960912 47997.6 0.1
961015 48002.7 0.1
961117 48007.8 0.1
961219 48012.9 0.1
961321 48018 0.1
961423 48023.1 0.1
961525 48028.2 0.1
961627 48033.3 0.1
961729 48038.4 0.1
961831 48043.5 0.1
961933 48048.6 0.1
962035 48053.7 0.1
962137 48058.8 0.1
962239 48063.9 0.1
962341 48069 0.1
962443 48074.1 0.1
962545 48079.2 0.1
962647 48084.3 0.1
962749 48089.4 0.1
962851 48094.5 0.1
962953 48099.6 0.1
963055 48104.7 0.1
963157 48109.7 0.1
963259 48114.8 0.1
963361 48119.9 0.1
963463 48125 0.1
963565 48130.1 0.1
963667 48135.2 0.1
963769 48140.3 0.1
963871 48145.4 0.1
963973 48150.5 0.1
964075 48155.6 0.1
964177 48160.7 0.1
964279 48165.8 0.1
964381 48170.9 0.1
964484 48176 0.1
964586 48181.1 0.1
964688 48186.2 0.1
964790 48191.3 0.1
964892 48196.4 0.1
964994 48201.5 0.1
965096 48206.6 0.1
965198 48211.7 0.1
965300 48216.8 0.1
965402 48221.9 0.1
965504 48227 0.1
965606 48232.1 0.1
965708 48237.2 0.1
965810 48242.3 0.1
965912 48247.4 0.1
966014 48252.4 0.1
966116 48257.5 0.1
966218 48262.6 0.1
966320 48267.7 0.1
966422 48272.8 0.1
966524 48277.9 0.1
966626 48283 0.1
966728 48288.1 0.1
966830 48293.2 0.1
966932 48298.3 0.1
967034 48303.4 0.1
967136 48308.5 0.1
967238 48313.6 0.1
967340 48318.7 0.1
967442 48323.8 0.1
967544 48328.9 0.1
967646 48334 0.1
967748 48339.1 0.1
967850 48344.2 0.1
967953 48349.3 0.1
968055 48354.4 0.1
968157 48359.5 0.1
968259 48364.6 0.1
968361 48369.7 0.1
968463 48374.8 0.1
968565 48379.9 0.1
968667 48385 0.1
968769 48390 0.1
968871 48395.1 0.1
968973 48400.2 0.1
969075 48405.3 0.1
969177 48410.4 0.1
969279 48415.5 0.1
969381 48420.6 0.1
969483 48425.7 0.1
969585 48430.8 0.1
969687 48435.9 0.1
969789 48441 0.1
969891 48446.1 0.1
969993 48451.2 0.1
970095 48456.3 0.1
970197 48461.4 0.1
970299 48466.5 0.1
970401 48471.6 0.1
970503 48476.7 0.1
970605 48481.8 0.1
970707 48486.9 0.1
970809 48492 0.1
970911 48497.1 0.1
971013 48502.2 0.1
971115 48507.3 0.1
971217 48512.4 0.1
971319 48517.5 0.1
971422 48522.6 0.1
971524 48527.7 0.1
971626 48532.7 0.1
971728 48537.8 0.1
971830 48542.9 0.1
971932 48548 0.1
972034 48553.1 0.1
972136 48558.2 0.1
972238 48563.3 0.1
972340 48568.4 0.1
972442 48573.5 0.1
972544 48578.6 0.1
972646 48583.7 0.1
972748 48588.8 0.1
972850 48593.9 0.1
972952 48599 0.1
973054 48604.1 0.1
973156 48609.2 0.1
973258 48614.3 0.1
973360 48619.4 0.1
973462 48624.5 0.1
973564 48629.6 0.1
973666 48634.7 0.1
973768 48639.8 0.1
973870 48644.9 0.1
973972 48650 0.1
974074 48655.1 0.1
974176 48660.2 0.1
974278 48665.3 0.1
974380 48670.3 0.1
974482 48675.4 0.1
974584 48680.5 0.1
974686 48685.6 0.1
974788 48690.7 0.1
974891 48695.8 0.1
974993 48700.9 0.1
975095 48706 0.1
975197 48711.1 0.1
975299 48716.2 0.1
975401 48721.3 0.1
975503 48726.4 0.1
975605 48731.5 0.1
975707 48736.6 0.1
975809 48741.7 0.1
975911 48746.8 0.1
976013 48751.9 0.1
976115 48757 0.1
976217 48762.1 0.1
976319 48767.2 0.1
976421 48772.3 0.1
976523 48777.4 0.1
976625 48782.5 0.1
976727 48787.6 0.1
976829 48792.7 0.1
976931 48797.8 0.1
977033 48802.9 0.1
977135 48808 0.1
977237 48813 0.1
977339 48818.1 0.1
977441 48823.2 0.1
977543 48828.3 0.1
977645 48833.4 0.1
977747 48838.5 0.1
977849 48843.6 0.1
977951 48848.7 0.1
978053 48853.8 0.1
978155 48858.9 0.1
978257 48864 0.1
978360 48869.1 0.1
978462 48874.2 0.1
978564 48879.3 0.1
978666 48884.4 0.1
978768 48889.5 0.1
978870 48894.6 0.1
978972 48899.7 0.1
979074 48904.8 0.1
979176 48909.9 0.1
979278 48915 0.1
979380 48920.1 0.1
979482 48925.2 0.1
979584 48930.3 0.1
979686 48935.4 0.1
979788 48940.5 0.1
979890 48945.6 0.1
979992 48950.6 0.1
980094 48955.7 0.1
980196 48960.8 0.1
980298 48965.9 0.1
980400 48971 0.1
980502 48976.1 0.1
980604 48981.2 0.1
980706 48986.3 0.1
980808 48991.4 0.1
980910 48996.5 0.1
981012 49001.6 0.1
981114 49006.7 0.1
981216 49011.8 0.1
981318 49016.9 0.1
981420 49022 0.1
981522 49027.1 0.1
981624 49032.2 0.1
981726 49037.3 0.1
981829 49042.4 0.1
981931 49047.5 0.1
982033 49052.6 0.1
982135 49057.7 0.1
982237 49062.8 0.1
982339 49067.9 0.1
982441 49073 0.1
982543 49078.1 0.1
982645 49083.2 0.1
982747 49088.3 0.1
982849 49093.3 0.1
982951 49098.4 0.1
983053 49103.5 0.1
983155 49108.6 0.1
983257 49113.7 0.1
983359 49118.8 0.1
983461 49123.9 0.1
983563 49129 0.1
983665 49134.1 0.1
983767 49139.2 0.1
983869 49144.3 0.1
983971 49149.4 0.1
984073 49154.5 0.1
984175 49159.6 0.1
984277 49164.7 0.1
984379 49169.8 0.1
984481 49174.9 0.1
984583 49180 0.1
984685 49185.1 0.1
984787 49190.2 0.1
984889 49195.3 0.1
984991 49200.4 0.1
985093 49205.5 0.1
985195 49210.6 0.1
985298 49215.7 0.1
985400 49220.8 0.1
985502 49225.9 0.1
985604 49230.9 0.1
985706 49236 0.1
985808 49241.1 0.1
985910 49246.2 0.1
986012 49251.3 0.1
986114 49256.4 0.1
986216 49261.5 0.1
986318 49266.6 0.1
986420 49271.7 0.1
986522 49276.8 0.1
986624 49281.9 0.1
986726 49287 0.1
986828 49292.1 0.1
986930 49297.2 0.1
987032 49302.3 0.1
987134 49307.4 0.1
987236 49312.5 0.1
987338 49317.6 0.1
987440 49322.7 0.1
987542 49327.8 0.1
987644 49332.9 0.1
987746 49338 0.1
987848 49343.1 0.1
987950 49348.2 0.1
988052 49353.3 0.1
988154 49358.4 0.1
988256 49363.5 0.1
988358 49368.6 0.1
988460 49373.6 0.1
988562 49378.7 0.1
988664 49383.8 0.1
988767 49388.9 0.1
988869 49394 0.1
988971 49399.1 0.1
989073 49404.2 0.1
989175 49409.3 0.1
989277 49414.4 0.1
989379 49419.5 0.1
989481 49424.6 0.1
989583 49429.7 0.1
989685 49434.8 0.1
989787 49439.9 0.1
989889 49445 0.1
989991 49450.1 0.1
990093 49455.2 0.1
990195 49460.3 0.1
990297 49465.4 0.1
990399 49470.5 0.1
990501 49475.6 0.1
990603 49480.7 0.1
990705 49485.8 0.1
990807 49490.9 0.1
990909 49496 0.1
991011 49501.1 0.1
991113 49506.2 0.1
991215 49511.2 0.1
991317 49516.3 0.1
991419 49521.4 0.1
991521 49526.5 0.1
991623 49531.6 0.1
991725 49536.7 0.1
991827 49541.8 0.1
991929 49546.9 0.1
992031 49552 0.1
992133 49557.1 0.1
992236 49562.2 0.1
992338 49567.3 0.1
992440 49572.4 0.1
992542 49577.5 0.1
992644 49582.6 0.1
992746 49587.7 0.1
992848 49592.8 0.1
992950 49597.9 0.1
993052 49603 0.1
993154 49608.1 0.1
993256 49613.2 0.1
993358 49618.3 0.1
993460 49623.4 0.1
993562 49628.5 0.1
993664 49633.6 0.1
993766 49638.7 0.1
993868 49643.8 0.1
993970 49648.9 0.1
994072 49653.9 0.1
994174 49659 0.1
994276 49664.1 0.1
994378 49669.2 0.1
994480 49674.3 0.1
994582 49679.4 0.1
994684 49684.5 0.1
994786 49689.6 0.1
994888 49694.7 0.1
994990 49699.8 0.1
995092 49704.9 0.1
995194 49710 0.1
995296 49715.1 0.1
995398 49720.2 0.1
995500 49725.3 0.1
995602 49730.4 0.1
995705 49735.5 0.1
995807 49740.6 0.1
995909 49745.7 0.1
996011 49750.8 0.1
996113 49755.9 0.1
996215 49761 0.1
996317 49766.1 0.1
996419 49771.2 0.1
996521 49776.3 0.1
996623 49781.4 0.1
996725 49786.5 0.1
996827 49791.6 0.1
996929 49796.6 0.1
997031 49801.7 0.1
997133 49806.8 0.1
997235 49811.9 0.1
997337 49817 0.1
997439 49822.1 0.1
997541 49827.2 0.1
997643 49832.3 0.1
997745 49837.4 0.1
997847 49842.5 0.1
997949 49847.6 0.1
998051 49852.7 0.1
998153 49857.8 0.1
998255 49862.9 0.1
998357 49868 0.1
998459 49873.1 0.1
998561 49878.2 0.1
998663 49883.3 0.1
998765 49888.4 0.1
998867 49893.5 0.1
998969 49898.6 0.1
999071 49903.7 0.1
999174 49908.8 0.1
999276 49913.9 0.1
999378 49919 0.1
999480 49924.1 0.1
999582 49929.2 0.1
999684 49934.2 0.1
999786 49939.3 0.1
999888 49944.4 0.1
999990 49949.5 0.1
1.00009e+06 49954.6 0.1
1.00019e+06 49959.7 0.1
1.0003e+06 49964.8 0.1
1.0004e+06 49969.9 0.1
1.0005e+06 49975 0.1
1.0006e+06 49980.1 0.1
1.0007e+06 49985.2 0.1
1.00081e+06 49990.3 0.1
1.00091e+06 49995.4 0.1
1.00101e+06 50000.5 0.1
1.00111e+06 50005.6 0.1
1.00121e+06 50010.7 0.1
1.00132e+06 50015.8 0.1
1.00142e+06 50020.9 0.1
1.00152e+06 50026 0.1
1.00162e+06 50031.1 0.1
1.00172e+06 50036.2 0.1
1.00183e+06 50041.3 0.1
1.00193e+06 50046.4 0.1
1.00203e+06 50051.5 0.1
1.00213e+06 50056.6 0.1
1.00223e+06 50061.7 0.1
1.00234e+06 50066.8 0.1
1.00244e+06 50071.9 0.1
1.00254e+06 50076.9 0.1
1.00264e+06 50082 0.1
1.00274e+06 50087.1 0.1
1.00285e+06 50092.2 0.1
1.00295e+06 50097.3 0.1
1.00305e+06 50102.4 0.1
1.00315e+06 50107.5 0.1
1.00325e+06 50112.6 0.1
1.00336e+06 50117.7 0.1
1.00346e+06 50122.8 0.1
1.00356e+06 50127.9 0.1
1.00366e+06 50133 0.1
1.00376e+06 50138.1 0.1
1.00387e+06 50143.2 0.1
1.00397e+06 50148.3 0.1
1.00407e+06 50153.4 0.1
1.00417e+06 50158.5 0.1
1.00427e+06 50163.6 0.1
1.00438e+06 50168.7 0.1
1.00448e+06 50173.8 0.1
1.00458e+06 50178.9 0.1
1.00468e+06 50184 0.1
1.00479e+06 50189.1 0.1
1.00489e+06 50194.2 0.1
1.00499e+06 50199.3 0.1
1.00509e+06 50204.4 0.1
1.00519e+06 50209.5 0.1
1.0053e+06 50214.5 0.1
1.0054e+06 50219.6 0.1
1.0055e+06 50224.7 0.1
1.0056e+06 50229.8 0.1
1.0057e+06 50234.9 0.1
1.00581e+06 50240 0.1
1.00591e+06 50245.1 0.1
1.00601e+06 50250.2 0.1
1.00611e+06 50255.3 0.1
1.00621e+06 50260.4 0.1
1.00632e+06 50265.5 0.1
1.00642e+06 50270.6 0.1
1.00652e+06 50275.7 0.1
1.00662e+06 50280.8 0.1
1.00672e+06 50285.9 0.1
1.00683e+06 50291 0.1
1.00693e+06 50296.1 0.1
1.00703e+06 50301.2 0.1
1.00713e+06 50306.3 0.1
1.00723e+06 50311.4 0.1
1.00734e+06 50316.5 0.1
1.00744e+06 50321.6 0.1
1.00754e+06 50326.7 0.1
1.00764e+06 50331.8 0.1
1.00774e+06 50336.9 0.1
1.00785e+06 50342 0.1
1.00795e+06 50347.1 0.1
1.00805e+06 50352.2 0.1
1.00815e+06 50357.2 0.1
1.00825e+06 50362.3 0.1
1.00836e+06 50367.4 0.1
1.00846e+06 50372.5 0.1
1.00856e+06 50377.6 0.1
1.00866e+06 50382.7 0.1
1.00876e+06 50387.8 0.1
1.00887e+06 50392.9 0.1
1.00897e+06 50398 0.1
1.00907e+06 50403.1 0.1
1.00917e+06 50408.2 0.1
1.00927e+06 50413.3 0.1
1.00938e+06 50418.4 0.1
1.00948e+06 50423.5 0.1
1.00958e+06 50428.6 0.1
1.00968e+06 50433.7 0.1
1.00978e+06 50438.8 0.1
1.00989e+06 50443.9 0.1
1.00999e+06 50449 0.1
1.01009e+06 50454.1 0.1
1.01019e+06 50459.2 0.1
1.01029e+06 50464.3 0.1
1.0104e+06 50469.4 0.1
1.0105e+06 50474.5 0.1
1.0106e+06 50479.6 0.1
1.0107e+06 50484.7 0.1
1.0108e+06 50489.8 0.1
1.01091e+06 50494.8 0.1
1.01101e+06 50499.9 0.1
1.01111e+06 50505 0.1
1.01121e+06 50510.1 0.1
1.01131e+06 50515.2 0.1
1.01142e+06 50520.3 0.1
1.01152e+06 50525.4 0.1
1.01162e+06 50530.5 0.1
1.01172e+06 50535.6 0.1
1.01183e+06 50540.7 0.1
1.01193e+06 50545.8 0.1
1.01203e+06 50550.9 0.1
1.01213e+06 50556 0.1
1.01223e+06 50561.1 0.1
1.01234e+06 50566.2 0.1
1.01244e+06 50571.3 0.1
1.01254e+06 50576.4 0.1
1.01264e+06 50581.5 0.1
1.01274e+06 50586.6 0.1
1.01285e+06 50591.7 0.1
1.01295e+06 50596.8 0.1
1.01305e+06 50601.9 0.1
1.01315e+06 50607 0.1
1.01325e+06 50612.1 0.1
1.01336e+06 50617.2 0.1
1.01346e+06 50622.3 0.1
1.01356e+06 50627.4 0.1
1.01366e+06 50632.5 0.1
1.01376e+06 50637.5 0.1
1.01387e+06 50642.6 0.1
1.01397e+06 50647.7 0.1
1.01407e+06 50652.8 0.1
1.01417e+06 50657.9 0.1
1.01427e+06 50663 0.1
1.01438e+06 50668.1 0.1
1.01448e+06 50673.2 0.1
1.01458e+06 50678.3 0.1
1.01468e+06 50683.4 0.1
1.01478e+06 50688.5 0.1
1.01489e+06 50693.6 0.1
1.01499e+06 50698.7 0.1
1.01509e+06 50703.8 0.1
1.01519e+06 50708.9 0.1
1.01529e+06 50714 0.1
1.0154e+06 50719.1 0.1
1.0155e+06 50724.2 0.1
1.0156e+06 50729.3 0.1
1.0157e+06 50734.4 0.1
1.0158e+06 50739.5 0.1
1.01591e+06 50744.6 0.1
1.01601e+06 50749.7 0.1
1.01611e+06 50754.8 0.1
1.01621e+06 50759.9 0.1
1.01631e+06 50765 0.1
1.01642e+06 50770.1 0.1
1.01652e+06 50775.1 0.1
1.01662e+06 50780.2 0.1
1.01672e+06 50785.3 0.1
1.01682e+06 50790.4 0.1
1.01693e+06 50795.5 0.1
1.01703e+06 50800.6 0.1
1.01713e+06 50805.7 0.1
1.01723e+06 50810.8 0.1
1.01733e+06 50815.9 0.1
1.01744e+06 50821 0.1
1.01754e+06 50826.1 0.1
1.01764e+06 50831.2 0.1
1.01774e+06 50836.3 0.1
1.01784e+06 50841.4 0.1
1.01795e+06 50846.5 0.1
1.01805e+06 50851.6 0.1
1.01815e+06 50856.7 0.1
1.01825e+06 50861.8 0.1
1.01836e+06 50866.9 0.1
1.01846e+06 50872 0.1
1.01856e+06 50877.1 0.1
1.01866e+06 50882.2 0.1
1.01876e+06 50887.3 0.1
1.01887e+06 50892.4 0.1
1.01897e+06 50897.5 0.1
1.01907e+06 50902.6 0.1
1.01917e+06 50907.7 0.1
1.01927e+06 50912.8 0.1
1.01938e+06 50917.8 0.1
1.01948e+06 50922.9 0.1
1.01958e+06 50928 0.1
1.01968e+06 50933.1 0.1
1.01978e+06 50938.2 0.1
1.01989e+06 50943.3 0.1
1.01999e+06 50948.4 0.1
1.02009e+06 50953.5 0.1
1.02019e+06 50958.6 0.1
