0 271.418
102.029 271.418
204.059 271.418
306.088 271.418
408.117 271.418
510.147 271.418
612.176 271.418
714.206 271.418
816.235 271.419
918.264 271.419
1020.29 271.419
1122.32 271.419
1224.35 271.419
1326.38 271.419
1428.41 271.419
1530.44 271.419
1632.47 271.419
1734.5 271.419
1836.53 271.419
1938.56 271.419
2040.59 271.419
2142.62 271.419
2244.65 271.419
2346.68 271.419
2448.7 271.419
2550.73 271.419
2652.76 271.419
2754.79 271.419
2856.82 271.419
2958.85 271.419
3060.88 271.419
3162.91 271.419
3264.94 271.419
3366.97 271.419
3469 271.419
3571.03 271.419
3673.06 271.419
3775.09 271.419
3877.12 271.42
3979.14 271.42
4081.17 271.42
4183.2 271.42
4285.23 271.42
4387.26 271.42
4489.29 271.42
4591.32 271.42
4693.35 271.42
4795.38 271.42
4897.41 271.42
4999.44 271.42
5101.47 271.42
5203.5 271.42
5305.53 271.42
5407.56 271.42
5509.59 271.42
5611.61 271.42
5713.64 271.42
5815.67 271.42
5917.7 271.42
6019.73 271.42
6121.76 271.42
6223.79 271.42
6325.82 271.421
6427.85 271.421
6529.88 271.421
6631.91 271.421
6733.94 271.421
6835.97 271.421
6938 271.421
7040.03 271.421
7142.06 271.421
7244.08 271.421
7346.11 271.421
7448.14 271.421
7550.17 271.421
7652.2 271.421
7754.23 271.421
7856.26 271.421
7958.29 271.421
8060.32 271.421
8162.35 271.421
8264.38 271.422
8366.41 271.422
8468.44 271.422
8570.47 271.422
8672.5 271.422
8774.52 271.422
8876.55 271.422
8978.58 271.422
9080.61 271.422
9182.64 271.422
9284.67 271.422
9386.7 271.422
9488.73 271.422
9590.76 271.422
9692.79 271.422
9794.82 271.422
9896.85 271.422
9998.88 271.422
10100.9 271.423
10202.9 271.423
10305 271.423
10407 271.423
10509 271.423
10611.1 271.423
10713.1 271.423
10815.1 271.423
10917.1 271.423
11019.2 271.423
11121.2 271.423
11223.2 271.423
11325.3 271.423
11427.3 271.423
11529.3 271.423
11631.3 271.424
11733.4 271.424
11835.4 271.424
11937.4 271.424
12039.5 271.424
12141.5 271.424
12243.5 271.424
12345.6 271.424
12447.6 271.424
12549.6 271.424
12651.6 271.424
12753.7 271.424
12855.7 271.424
12957.7 271.424
13059.8 271.424
13161.8 271.425
13263.8 271.425
13365.8 271.425
13467.9 271.425
13569.9 271.425
13671.9 271.425
13774 271.425
13876 271.425
13978 271.425
14080.1 271.425
14182.1 271.425
14284.1 271.425
14386.1 271.425
14488.2 271.426
14590.2 271.426
14692.2 271.426
14794.3 271.426
14896.3 271.426
14998.3 271.426
15100.3 271.426
15202.4 271.426
15304.4 271.426
15406.4 271.426
15508.5 271.426
15610.5 271.426
15712.5 271.427
15814.6 271.427
15916.6 271.427
16018.6 271.427
16120.6 271.427
16222.7 271.427
16324.7 271.427
16426.7 271.427
16528.8 271.427
16630.8 271.427
16732.8 271.427
16834.8 271.427
16936.9 271.428
17038.9 271.428
17140.9 271.428
17243 271.428
17345 271.428
17447 271.428
17549 271.428
17651.1 271.428
17753.1 271.428
17855.1 271.428
17957.2 271.428
18059.2 271.429
18161.2 271.429
18263.3 271.429
18365.3 271.429
18467.3 271.429
18569.3 271.429
18671.4 271.429
18773.4 271.429
18875.4 271.429
18977.5 271.429
19079.5 271.429
19181.5 271.43
19283.5 271.43
19385.6 271.43
19487.6 271.43
19589.6 271.43
19691.7 271.43
19793.7 271.43
19895.7 271.43
19997.8 271.43
20099.8 271.43
20201.8 271.431
20303.8 271.431
20405.9 271.431
20507.9 271.431
20609.9 271.431
20712 271.431
20814 271.431
20916 271.431
21018 271.431
21120.1 271.431
21222.1 271.432
21324.1 271.432
21426.2 271.432
21528.2 271.432
21630.2 271.432
21732.3 271.432
21834.3 271.432
21936.3 271.432
22038.3 271.432
22140.4 271.432
22242.4 271.433
22344.4 271.433
22446.5 271.433
22548.5 271.433
22650.5 271.433
22752.5 271.433
22854.6 271.433
22956.6 271.433
23058.6 271.433
23160.7 271.434
23262.7 271.434
23364.7 271.434
23466.8 271.434
23568.8 271.434
23670.8 271.434
23772.8 271.434
23874.9 271.434
23976.9 271.434
24078.9 271.435
24181 271.435
24283 271.435
24385 271.435
24487 271.435
24589.1 271.435
24691.1 271.435
24793.1 271.435
24895.2 271.436
24997.2 271.436
25099.2 271.436
25201.3 271.436
25303.3 271.436
25405.3 271.436
25507.3 271.436
25609.4 271.436
25711.4 271.436
25813.4 271.437
25915.5 271.437
26017.5 271.437
26119.5 271.437
26221.5 271.437
26323.6 271.437
26425.6 271.437
26527.6 271.437
26629.7 271.438
26731.7 271.438
26833.7 271.438
26935.8 271.438
27037.8 271.438
27139.8 271.438
27241.8 271.438
27343.9 271.438
27445.9 271.439
27547.9 271.439
27650 271.439
27752 271.439
27854 271.439
27956 271.439
28058.1 271.439
28160.1 271.439
28262.1 271.44
28364.2 271.44
28466.2 271.44
28568.2 271.44
28670.2 271.44
28772.3 271.44
28874.3 271.44
28976.3 271.44
29078.4 271.441
29180.4 271.441
29282.4 271.441
29384.5 271.441
29486.5 271.441
29588.5 271.441
29690.5 271.441
29792.6 271.442
29894.6 271.442
29996.6 271.442
30098.7 271.442
30200.7 271.442
30302.7 271.442
30404.7 271.442
30506.8 271.443
30608.8 271.443
30710.8 271.443
30812.9 271.443
30914.9 271.443
31016.9 271.443
31119 271.443
31221 271.444
31323 271.444
31425 271.444
31527.1 271.444
31629.1 271.444
31731.1 271.444
31833.2 271.444
31935.2 271.445
32037.2 271.445
32139.2 271.445
32241.3 271.445
32343.3 271.445
32445.3 271.445
32547.4 271.445
32649.4 271.446
32751.4 271.446
32853.5 271.446
32955.5 271.446
33057.5 271.446
33159.5 271.446
33261.6 271.446
33363.6 271.447
33465.6 271.447
33567.7 271.447
33669.7 271.447
33771.7 271.447
33873.7 271.447
33975.8 271.447
34077.8 271.448
34179.8 271.448
34281.9 271.448
34383.9 271.448
34485.9 271.448
34588 271.448
34690 271.449
34792 271.449
34894 271.449
34996.1 271.449
35098.1 271.449
35200.1 271.449
35302.2 271.449
35404.2 271.45
35506.2 271.45
35608.2 271.45
35710.3 271.45
35812.3 271.45
35914.3 271.45
36016.4 271.451
36118.4 271.451
36220.4 271.451
36322.5 271.451
36424.5 271.451
36526.5 271.451
36628.5 271.452
36730.6 271.452
36832.6 271.452
36934.6 271.452
37036.7 271.452
37138.7 271.452
37240.7 271.453
37342.7 271.453
37444.8 271.453
37546.8 271.453
37648.8 271.453
37750.9 271.453
37852.9 271.453
37954.9 271.454
38057 271.454
38159 271.454
38261 271.454
38363 271.454
38465.1 271.454
38567.1 271.455
38669.1 271.455
38771.2 271.455
38873.2 271.455
38975.2 271.455
39077.2 271.456
39179.3 271.456
39281.3 271.456
39383.3 271.456
39485.4 271.456
39587.4 271.456
39689.4 271.457
39791.4 271.457
39893.5 271.457
39995.5 271.457
40097.5 271.457
40199.6 271.457
40301.6 271.458
40403.6 271.458
40505.7 271.458
40607.7 271.458
40709.7 271.458
40811.7 271.458
40913.8 271.459
41015.8 271.459
41117.8 271.459
41219.9 271.459
41321.9 271.459
41423.9 271.46
41525.9 271.46
41628 271.46
41730 271.46
41832 271.46
41934.1 271.46
42036.1 271.461
42138.1 271.461
42240.2 271.461
42342.2 271.461
42444.2 271.461
42546.2 271.462
42648.3 271.462
42750.3 271.462
42852.3 271.462
42954.4 271.462
43056.4 271.462
43158.4 271.463
43260.4 271.463
43362.5 271.463
43464.5 271.463
43566.5 271.463
43668.6 271.464
43770.6 271.464
43872.6 271.464
43974.7 271.464
44076.7 271.464
44178.7 271.465
44280.7 271.465
44382.8 271.465
44484.8 271.465
44586.8 271.465
44688.9 271.466
44790.9 271.466
44892.9 271.466
44994.9 271.466
45097 271.466
45199 271.466
45301 271.467
45403.1 271.467
45505.1 271.467
45607.1 271.467
45709.2 271.467
45811.2 271.468
45913.2 271.468
46015.2 271.468
46117.3 271.468
46219.3 271.468
46321.3 271.469
46423.4 271.469
46525.4 271.469
46627.4 271.469
46729.4 271.469
46831.5 271.47
46933.5 271.47
47035.5 271.47
47137.6 271.47
47239.6 271.47
47341.6 271.471
47443.7 271.471
47545.7 271.471
47647.7 271.471
47749.7 271.471
47851.8 271.472
47953.8 271.472
48055.8 271.472
48157.9 271.472
48259.9 271.472
48361.9 271.473
48463.9 271.473
48566 271.473
48668 271.473
48770 271.474
48872.1 271.474
48974.1 271.474
49076.1 271.474
49178.2 271.474
49280.2 271.475
49382.2 271.475
49484.2 271.475
49586.3 271.475
49688.3 271.475
49790.3 271.476
49892.4 271.476
49994.4 271.476
50096.4 271.476
50198.4 271.476
50300.5 271.477
50402.5 271.477
50504.5 271.477
50606.6 271.477
50708.6 271.478
50810.6 271.478
50912.6 271.478
51014.7 271.478
51116.7 271.478
51218.7 271.479
51320.8 271.479
51422.8 271.479
51524.8 271.479
51626.9 271.48
51728.9 271.48
51830.9 271.48
51932.9 271.48
52035 271.48
52137 271.481
52239 271.481
52341.1 271.481
52443.1 271.481
52545.1 271.482
52647.1 271.482
52749.2 271.482
52851.2 271.482
52953.2 271.482
53055.3 271.483
53157.3 271.483
53259.3 271.483
53361.4 271.483
53463.4 271.484
53565.4 271.484
53667.4 271.484
53769.5 271.484
53871.5 271.484
53973.5 271.485
54075.6 271.485
54177.6 271.485
54279.6 271.485
54381.6 271.486
54483.7 271.486
54585.7 271.486
54687.7 271.486
54789.8 271.487
54891.8 271.487
54993.8 271.487
55095.9 271.487
55197.9 271.487
55299.9 271.488
55401.9 271.488
55504 271.488
55606 271.488
55708 271.489
55810.1 271.489
55912.1 271.489
56014.1 271.489
56116.1 271.49
56218.2 271.49
56320.2 271.49
56422.2 271.49
56524.3 271.491
56626.3 271.491
56728.3 271.491
56830.4 271.491
56932.4 271.492
57034.4 271.492
57136.4 271.492
57238.5 271.492
57340.5 271.492
57442.5 271.493
57544.6 271.493
57646.6 271.493
57748.6 271.493
57850.6 271.494
57952.7 271.494
58054.7 271.494
58156.7 271.494
58258.8 271.495
58360.8 271.495
58462.8 271.495
58564.9 271.495
58666.9 271.496
58768.9 271.496
58870.9 271.496
58973 271.496
59075 271.497
59177 271.497
59279.1 271.497
59381.1 271.497
59483.1 271.498
59585.1 271.498
59687.2 271.498
59789.2 271.498
59891.2 271.499
59993.3 271.499
60095.3 271.499
60197.3 271.499
60299.4 271.5
60401.4 271.5
60503.4 271.5
60605.4 271.5
60707.5 271.501
60809.5 271.501
60911.5 271.501
61013.6 271.501
61115.6 271.502
61217.6 271.502
61319.6 271.502
61421.7 271.502
61523.7 271.503
61625.7 271.503
61727.8 271.503
61829.8 271.504
61931.8 271.504
62033.8 271.504
62135.9 271.504
62237.9 271.505
62339.9 271.505
62442 271.505
62544 271.505
62646 271.506
62748.1 271.506
62850.1 271.506
62952.1 271.506
63054.1 271.507
63156.2 271.507
63258.2 271.507
63360.2 271.507
63462.3 271.508
63564.3 271.508
63666.3 271.508
63768.3 271.509
63870.4 271.509
63972.4 271.509
64074.4 271.509
64176.5 271.51
64278.5 271.51
64380.5 271.51
64482.6 271.51
64584.6 271.511
64686.6 271.511
64788.6 271.511
64890.7 271.512
64992.7 271.512
65094.7 271.512
65196.8 271.512
65298.8 271.513
65400.8 271.513
65502.8 271.513
65604.9 271.513
65706.9 271.514
65808.9 271.514
65911 271.514
66013 271.515
66115 271.515
66217.1 271.515
66319.1 271.515
66421.1 271.516
66523.1 271.516
66625.2 271.516
66727.2 271.517
66829.2 271.517
66931.3 271.517
67033.3 271.517
67135.3 271.518
67237.3 271.518
67339.4 271.518
67441.4 271.518
67543.4 271.519
67645.5 271.519
67747.5 271.519
67849.5 271.52
67951.6 271.52
68053.6 271.52
68155.6 271.52
68257.6 271.521
68359.7 271.521
68461.7 271.521
68563.7 271.522
68665.8 271.522
68767.8 271.522
68869.8 271.522
68971.8 271.523
69073.9 271.523
69175.9 271.523
69277.9 271.524
69380 271.524
69482 271.524
69584 271.525
69686.1 271.525
69788.1 271.525
69890.1 271.525
69992.1 271.526
70094.2 271.526
70196.2 271.526
70298.2 271.527
70400.3 271.527
70502.3 271.527
70604.3 271.527
70706.3 271.528
70808.4 271.528
70910.4 271.528
71012.4 271.529
71114.5 271.529
71216.5 271.529
71318.5 271.53
71420.6 271.53
71522.6 271.53
71624.6 271.53
71726.6 271.531
71828.7 271.531
71930.7 271.531
72032.7 271.532
72134.8 271.532
72236.8 271.532
72338.8 271.533
72440.8 271.533
72542.9 271.533
72644.9 271.533
72746.9 271.534
72849 271.534
72951 271.534
73053 271.535
73155 271.535
73257.1 271.535
73359.1 271.536
73461.1 271.536
73563.2 271.536
73665.2 271.537
73767.2 271.537
73869.3 271.537
73971.3 271.537
74073.3 271.538
74175.3 271.538
74277.4 271.538
74379.4 271.539
74481.4 271.539
74583.5 271.539
74685.5 271.54
74787.5 271.54
74889.5 271.54
74991.6 271.541
75093.6 271.541
75195.6 271.541
75297.7 271.542
75399.7 271.542
75501.7 271.542
75603.8 271.543
75705.8 271.543
75807.8 271.543
75909.8 271.543
76011.9 271.544
76113.9 271.544
76215.9 271.544
76318 271.545
76420 271.545
76522 271.545
76624 271.546
76726.1 271.546
76828.1 271.546
76930.1 271.547
77032.2 271.547
77134.2 271.547
77236.2 271.548
77338.3 271.548
77440.3 271.548
77542.3 271.549
77644.3 271.549
77746.4 271.549
77848.4 271.55
77950.4 271.55
78052.5 271.55
78154.5 271.551
78256.5 271.551
78358.5 271.551
78460.6 271.552
78562.6 271.552
78664.6 271.552
78766.7 271.553
78868.7 271.553
78970.7 271.553
79072.8 271.554
79174.8 271.554
79276.8 271.554
79378.8 271.555
79480.9 271.555
79582.9 271.555
79684.9 271.556
79787 271.556
79889 271.556
79991 271.557
80093 271.557
80195.1 271.557
80297.1 271.558
80399.1 271.558
80501.2 271.558
80603.2 271.559
80705.2 271.559
80807.3 271.559
80909.3 271.56
81011.3 271.56
81113.3 271.56
81215.4 271.561
81317.4 271.561
81419.4 271.561
81521.5 271.562
81623.5 271.562
81725.5 271.562
81827.5 271.563
81929.6 271.563
82031.6 271.563
82133.6 271.564
82235.7 271.564
82337.7 271.564
82439.7 271.565
82541.8 271.565
82643.8 271.565
82745.8 271.566
82847.8 271.566
82949.9 271.567
83051.9 271.567
83153.9 271.567
83256 271.568
83358 271.568
83460 271.568
83562 271.569
83664.1 271.569
83766.1 271.569
83868.1 271.57
83970.2 271.57
84072.2 271.57
84174.2 271.571
84276.2 271.571
84378.3 271.571
84480.3 271.572
84582.3 271.572
84684.4 271.573
84786.4 271.573
84888.4 271.573
84990.5 271.574
85092.5 271.574
85194.5 271.574
85296.5 271.575
85398.6 271.575
85500.6 271.575
85602.6 271.576
85704.7 271.576
85806.7 271.576
85908.7 271.577
86010.7 271.577
86112.8 271.578
86214.8 271.578
86316.8 271.578
86418.9 271.579
86520.9 271.579
86622.9 271.579
86725 271.58
86827 271.58
86929 271.58
87031 271.581
87133.1 271.581
87235.1 271.582
87337.1 271.582
87439.2 271.582
87541.2 271.583
87643.2 271.583
87745.2 271.583
87847.3 271.584
87949.3 271.584
88051.3 271.585
88153.4 271.585
88255.4 271.585
88357.4 271.586
88459.5 271.586
88561.5 271.586
88663.5 271.587
88765.5 271.587
88867.6 271.588
88969.6 271.588
89071.6 271.588
89173.7 271.589
89275.7 271.589
89377.7 271.589
89479.7 271.59
89581.8 271.59
89683.8 271.591
89785.8 271.591
89887.9 271.591
89989.9 271.592
90091.9 271.592
90194 271.592
90296 271.593
90398 271.593
90500 271.594
90602.1 271.594
90704.1 271.594
90806.1 271.595
90908.2 271.595
91010.2 271.596
91112.2 271.596
91214.2 271.596
91316.3 271.597
91418.3 271.597
91520.3 271.597
91622.4 271.598
91724.4 271.598
91826.4 271.599
91928.5 271.599
92030.5 271.599
92132.5 271.6
92234.5 271.6
92336.6 271.601
92438.6 271.601
92540.6 271.601
92642.7 271.602
92744.7 271.602
92846.7 271.603
92948.7 271.603
93050.8 271.603
93152.8 271.604
93254.8 271.604
93356.9 271.605
93458.9 271.605
93560.9 271.605
93663 271.606
93765 271.606
93867 271.606
93969 271.607
94071.1 271.607
94173.1 271.608
94275.1 271.608
94377.2 271.608
94479.2 271.609
94581.2 271.609
94683.2 271.61
94785.3 271.61
94887.3 271.61
94989.3 271.611
95091.4 271.611
95193.4 271.612
95295.4 271.612
95397.4 271.613
95499.5 271.613
95601.5 271.613
95703.5 271.614
95805.6 271.614
95907.6 271.615
96009.6 271.615
96111.7 271.615
96213.7 271.616
96315.7 271.616
96417.7 271.617
96519.8 271.617
96621.8 271.617
96723.8 271.618
96825.9 271.618
96927.9 271.619
97029.9 271.619
97131.9 271.619
97234 271.62
97336 271.62
97438 271.621
97540.1 271.621
97642.1 271.622
97744.1 271.622
97846.2 271.622
97948.2 271.623
98050.2 271.623
98152.2 271.624
98254.3 271.624
98356.3 271.624
98458.3 271.625
98560.4 271.625
98662.4 271.626
98764.4 271.626
98866.4 271.627
98968.5 271.627
99070.5 271.627
99172.5 271.628
99274.6 271.628
99376.6 271.629
99478.6 271.629
99580.7 271.63
99682.7 271.63
99784.7 271.63
99886.7 271.631
99988.8 271.631
100091 271.632
100193 271.632
100295 271.633
100397 271.633
100499 271.633
100601 271.634
100703 271.634
100805 271.635
100907 271.635
101009 271.636
101111 271.636
101213 271.636
101315 271.637
101417 271.637
101519 271.638
101621 271.638
101723 271.639
101825 271.639
101927 271.639
102029 271.64
102131 271.64
102233 271.641
102335 271.641
102437 271.642
102540 271.642
102642 271.643
102744 271.643
102846 271.643
102948 271.644
103050 271.644
103152 271.645
103254 271.645
103356 271.646
103458 271.646
103560 271.646
103662 271.647
103764 271.647
103866 271.648
103968 271.648
104070 271.649
104172 271.649
104274 271.649
104376 271.65
104478 271.65
104580 271.65
104682 271.65
104784 271.651
104886 271.652
104988 271.653
105090 271.653
105192 271.654
105294 271.654
105396 271.655
105498 271.655
105600 271.655
105702 271.656
105804 271.656
105906 271.657
106009 271.657
106111 271.658
106213 271.658
106315 271.659
106417 271.659
106519 271.66
106621 271.66
106723 271.66
106825 271.661
106927 271.661
107029 271.662
107131 271.662
107233 271.663
107335 271.663
107437 271.664
107539 271.664
107641 271.665
107743 271.665
107845 271.666
107947 271.666
108049 271.666
108151 271.667
108253 271.667
108355 271.668
108457 271.668
108559 271.669
108661 271.669
108763 271.67
108865 271.67
108967 271.671
109069 271.671
109171 271.672
109273 271.672
109375 271.673
109478 271.673
109580 271.673
109682 271.674
109784 271.674
109886 271.675
109988 271.675
110090 271.676
110192 271.676
110294 271.677
110396 271.677
110498 271.678
110600 271.678
110702 271.679
110804 271.679
110906 271.68
111008 271.68
111110 271.681
111212 271.681
111314 271.682
111416 271.682
111518 271.682
111620 271.683
111722 271.683
111824 271.684
111926 271.684
112028 271.685
112130 271.685
112232 271.686
112334 271.686
112436 271.687
112538 271.687
112640 271.688
112742 271.688
112844 271.689
112946 271.689
113049 271.69
113151 271.69
113253 271.691
113355 271.691
113457 271.692
113559 271.692
113661 271.693
113763 271.693
113865 271.694
113967 271.694
114069 271.695
114171 271.695
114273 271.696
114375 271.696
114477 271.697
114579 271.697
114681 271.698
114783 271.698
114885 271.699
114987 271.699
115089 271.7
115191 271.7
115293 271.701
115395 271.701
115497 271.702
115599 271.702
115701 271.703
115803 271.703
115905 271.704
116007 271.704
116109 271.705
116211 271.705
116313 271.706
116415 271.706
116518 271.707
116620 271.707
116722 271.708
116824 271.708
116926 271.709
117028 271.709
117130 271.71
117232 271.71
117334 271.711
117436 271.711
117538 271.712
117640 271.712
117742 271.713
117844 271.713
117946 271.714
118048 271.714
118150 271.715
118252 271.715
118354 271.716
118456 271.716
118558 271.717
118660 271.717
118762 271.718
118864 271.718
118966 271.719
119068 271.719
119170 271.72
119272 271.72
119374 271.721
119476 271.722
119578 271.722
119680 271.723
119782 271.723
119884 271.724
119987 271.724
120089 271.725
120191 271.725
120293 271.726
120395 271.726
120497 271.727
120599 271.727
120701 271.728
120803 271.728
120905 271.729
121007 271.729
121109 271.73
121211 271.73
121313 271.731
121415 271.732
121517 271.732
121619 271.733
121721 271.733
121823 271.734
121925 271.734
122027 271.735
122129 271.735
122231 271.736
122333 271.736
122435 271.737
122537 271.737
122639 271.738
122741 271.738
122843 271.739
122945 271.74
123047 271.74
123149 271.741
123251 271.741
123353 271.742
123456 271.742
123558 271.743
123660 271.743
123762 271.744
123864 271.744
123966 271.745
124068 271.746
124170 271.746
124272 271.747
124374 271.747
124476 271.748
124578 271.748
124680 271.749
124782 271.749
124884 271.75
124986 271.75
125088 271.751
125190 271.752
125292 271.752
125394 271.753
125496 271.753
125598 271.754
125700 271.754
125802 271.755
125904 271.755
126006 271.756
126108 271.757
126210 271.757
126312 271.758
126414 271.758
126516 271.759
126618 271.759
126720 271.76
126822 271.76
126925 271.761
127027 271.762
127129 271.762
127231 271.763
127333 271.763
127435 271.764
127537 271.764
127639 271.765
127741 271.766
127843 271.766
127945 271.767
128047 271.767
128149 271.768
128251 271.768
128353 271.769
128455 271.769
128557 271.77
128659 271.771
128761 271.771
128863 271.772
128965 271.772
129067 271.773
129169 271.773
129271 271.774
129373 271.775
129475 271.775
129577 271.776
129679 271.776
129781 271.777
129883 271.777
129985 271.778
130087 271.779
130189 271.779
130291 271.78
130394 271.78
130496 271.781
130598 271.782
130700 271.782
130802 271.783
130904 271.783
131006 271.784
131108 271.784
131210 271.785
131312 271.786
131414 271.786
131516 271.787
131618 271.787
131720 271.788
131822 271.789
131924 271.789
132026 271.79
132128 271.79
132230 271.791
132332 271.791
132434 271.792
132536 271.793
132638 271.793
132740 271.794
132842 271.794
132944 271.795
133046 271.796
133148 271.796
133250 271.797
133352 271.797
133454 271.798
133556 271.799
133658 271.799
133760 271.8
133863 271.8
133965 271.801
134067 271.802
134169 271.802
134271 271.803
134373 271.803
134475 271.804
134577 271.805
134679 271.805
134781 271.806
134883 271.806
134985 271.807
135087 271.808
135189 271.808
135291 271.809
135393 271.809
135495 271.81
135597 271.811
135699 271.811
135801 271.812
135903 271.812
136005 271.813
136107 271.814
136209 271.814
136311 271.815
136413 271.816
136515 271.816
136617 271.817
136719 271.817
136821 271.818
136923 271.819
137025 271.819
137127 271.82
137229 271.82
137332 271.821
137434 271.822
137536 271.822
137638 271.823
137740 271.824
137842 271.824
137944 271.825
138046 271.825
138148 271.826
138250 271.827
138352 271.827
138454 271.828
138556 271.828
138658 271.829
138760 271.83
138862 271.83
138964 271.831
139066 271.832
139168 271.832
139270 271.833
139372 271.833
139474 271.834
139576 271.835
139678 271.835
139780 271.836
139882 271.837
139984 271.837
140086 271.838
140188 271.839
140290 271.839
140392 271.84
140494 271.84
140596 271.841
140698 271.842
140801 271.842
140903 271.843
141005 271.844
141107 271.844
141209 271.845
141311 271.846
141413 271.846
141515 271.847
141617 271.847
141719 271.848
141821 271.849
141923 271.849
142025 271.85
142127 271.851
142229 271.851
142331 271.852
142433 271.853
142535 271.853
142637 271.854
142739 271.855
142841 271.855
142943 271.856
143045 271.856
143147 271.857
143249 271.858
143351 271.858
143453 271.859
143555 271.86
143657 271.86
143759 271.861
143861 271.862
143963 271.862
144065 271.863
144167 271.864
144270 271.864
144372 271.865
144474 271.866
144576 271.866
144678 271.867
144780 271.868
144882 271.868
144984 271.869
145086 271.87
145188 271.87
145290 271.871
145392 271.872
145494 271.872
145596 271.873
145698 271.874
145800 271.874
145902 271.875
146004 271.876
146106 271.876
146208 271.877
146310 271.878
146412 271.878
146514 271.879
146616 271.88
146718 271.88
146820 271.881
146922 271.882
147024 271.882
147126 271.883
147228 271.884
147330 271.884
147432 271.885
147534 271.886
147636 271.886
147739 271.887
147841 271.888
147943 271.888
148045 271.889
148147 271.89
148249 271.89
148351 271.891
148453 271.892
148555 271.892
148657 271.893
148759 271.894
148861 271.894
148963 271.895
149065 271.896
149167 271.896
149269 271.897
149371 271.898
149473 271.899
149575 271.899
149677 271.9
149779 271.901
149881 271.901
149983 271.902
150085 271.903
150187 271.903
150289 271.904
150391 271.905
150493 271.905
150595 271.906
150697 271.907
150799 271.907
150901 271.908
151003 271.909
151105 271.91
151208 271.91
151310 271.911
151412 271.912
151514 271.912
151616 271.913
151718 271.914
151820 271.914
151922 271.915
152024 271.916
152126 271.917
152228 271.917
152330 271.918
152432 271.919
152534 271.919
152636 271.92
152738 271.921
152840 271.921
152942 271.922
153044 271.923
153146 271.924
153248 271.924
153350 271.925
153452 271.926
153554 271.926
153656 271.927
153758 271.928
153860 271.929
153962 271.929
154064 271.93
154166 271.931
154268 271.931
154370 271.932
154472 271.933
154574 271.934
154677 271.934
154779 271.935
154881 271.936
154983 271.936
155085 271.937
155187 271.938
155289 271.939
155391 271.939
155493 271.94
155595 271.941
155697 271.941
155799 271.942
155901 271.943
156003 271.944
156105 271.944
156207 271.945
156309 271.946
156411 271.946
156513 271.947
156615 271.948
156717 271.949
156819 271.949
156921 271.95
157023 271.951
157125 271.952
157227 271.952
157329 271.953
157431 271.954
157533 271.954
157635 271.955
157737 271.956
157839 271.957
157941 271.957
158043 271.958
158146 271.959
158248 271.96
158350 271.96
158452 271.961
158554 271.962
158656 271.963
158758 271.963
158860 271.964
158962 271.965
159064 271.965
159166 271.966
159268 271.967
159370 271.968
159472 271.968
159574 271.969
159676 271.97
159778 271.971
159880 271.971
159982 271.972
160084 271.973
160186 271.974
160288 271.974
160390 271.975
160492 271.976
160594 271.977
160696 271.977
160798 271.978
160900 271.979
161002 271.98
161104 271.98
161206 271.981
161308 271.982
161410 271.983
161512 271.983
161615 271.984
161717 271.985
161819 271.986
161921 271.986
162023 271.987
162125 271.988
162227 271.989
162329 271.989
162431 271.99
162533 271.991
162635 271.992
162737 271.992
162839 271.993
162941 271.994
163043 271.995
163145 271.995
163247 271.996
163349 271.997
163451 271.998
163553 271.998
163655 271.999
163757 272
163859 272.001
163961 272.001
164063 272.002
164165 272.003
164267 272.004
164369 272.005
164471 272.005
164573 272.006
164675 272.007
164777 272.008
164879 272.008
164981 272.009
165084 272.01
165186 272.011
165288 272.011
165390 272.012
165492 272.013
165594 272.014
165696 272.015
165798 272.015
165900 272.016
166002 272.017
166104 272.018
166206 272.018
166308 272.019
166410 272.02
166512 272.021
166614 272.021
166716 272.022
166818 272.023
166920 272.024
167022 272.025
167124 272.025
167226 272.026
167328 272.027
167430 272.028
167532 272.028
167634 272.029
167736 272.03
167838 272.031
167940 272.032
168042 272.032
168144 272.033
168246 272.034
168348 272.035
168450 272.036
168552 272.036
168655 272.037
168757 272.038
168859 272.039
168961 272.039
169063 272.04
169165 272.041
169267 272.042
169369 272.043
169471 272.043
169573 272.044
169675 272.045
169777 272.046
169879 272.047
169981 272.047
170083 272.048
170185 272.049
170287 272.05
170389 272.05
170491 272.051
170593 272.052
170695 272.053
170797 272.054
170899 272.054
171001 272.055
171103 272.056
171205 272.057
171307 272.058
171409 272.058
171511 272.059
171613 272.06
171715 272.061
171817 272.062
171919 272.062
172021 272.063
172124 272.064
172226 272.065
172328 272.066
172430 272.066
172532 272.067
172634 272.068
172736 272.069
172838 272.07
172940 272.07
173042 272.071
173144 272.072
173246 272.073
173348 272.074
173450 272.074
173552 272.075
173654 272.076
173756 272.077
173858 272.078
173960 272.078
174062 272.079
174164 272.08
174266 272.081
174368 272.082
174470 272.082
174572 272.083
174674 272.084
174776 272.085
174878 272.086
174980 272.086
175082 272.087
175184 272.088
175286 272.089
175388 272.09
175490 272.091
175593 272.091
175695 272.092
175797 272.093
175899 272.094
176001 272.095
176103 272.095
176205 272.096
176307 272.097
176409 272.098
176511 272.099
176613 272.099
176715 272.1
176817 272.101
176919 272.102
177021 272.103
177123 272.104
177225 272.104
177327 272.105
177429 272.106
177531 272.107
177633 272.108
177735 272.108
177837 272.109
177939 272.11
178041 272.111
178143 272.112
178245 272.112
178347 272.113
178449 272.114
178551 272.115
178653 272.116
178755 272.117
178857 272.117
178959 272.118
179062 272.119
179164 272.12
179266 272.121
179368 272.121
179470 272.122
179572 272.123
179674 272.124
179776 272.125
179878 272.126
179980 272.126
180082 272.127
180184 272.128
180286 272.129
180388 272.13
180490 272.131
180592 272.131
180694 272.132
180796 272.133
180898 272.134
181000 272.135
181102 272.135
181204 272.136
181306 272.137
181408 272.138
181510 272.139
181612 272.14
181714 272.14
181816 272.141
181918 272.142
182020 272.143
182122 272.144
182224 272.145
182326 272.145
182428 272.146
182531 272.147
182633 272.148
182735 272.149
182837 272.149
182939 272.15
183041 272.151
183143 272.152
183245 272.153
183347 272.154
183449 272.154
183551 272.155
183653 272.156
183755 272.157
183857 272.158
183959 272.159
184061 272.159
184163 272.16
184265 272.161
184367 272.162
184469 272.163
184571 272.163
184673 272.164
184775 272.165
184877 272.166
184979 272.167
185081 272.168
185183 272.168
185285 272.169
185387 272.17
185489 272.171
185591 272.172
185693 272.173
185795 272.173
185897 272.174
186000 272.175
186102 272.176
186204 272.177
186306 272.178
186408 272.178
186510 272.179
186612 272.18
186714 272.181
186816 272.182
186918 272.182
187020 272.183
187122 272.184
187224 272.185
187326 272.186
187428 272.187
187530 272.187
187632 272.188
187734 272.189
187836 272.19
187938 272.191
188040 272.192
188142 272.192
188244 272.193
188346 272.194
188448 272.195
188550 272.196
188652 272.197
188754 272.197
188856 272.198
188958 272.199
189060 272.2
189162 272.201
189264 272.201
189366 272.202
189469 272.203
189571 272.204
189673 272.205
189775 272.206
189877 272.206
189979 272.207
190081 272.208
190183 272.209
190285 272.21
190387 272.211
190489 272.211
190591 272.212
190693 272.213
190795 272.214
190897 272.215
190999 272.215
191101 272.216
191203 272.217
191305 272.218
191407 272.219
191509 272.22
191611 272.22
191713 272.221
191815 272.222
191917 272.223
192019 272.224
192121 272.224
192223 272.225
192325 272.226
192427 272.227
192529 272.228
192631 272.229
192733 272.229
192835 272.23
192938 272.231
193040 272.232
193142 272.233
193244 272.234
193346 272.234
193448 272.235
193550 272.236
193652 272.237
193754 272.238
193856 272.238
193958 272.239
194060 272.24
194162 272.241
194264 272.242
194366 272.242
194468 272.243
194570 272.244
194672 272.245
194774 272.246
194876 272.247
194978 272.247
195080 272.248
195182 272.249
195284 272.25
195386 272.251
195488 272.251
195590 272.252
195692 272.253
195794 272.254
195896 272.255
195998 272.255
196100 272.256
196202 272.257
196304 272.258
196407 272.259
196509 272.259
196611 272.26
196713 272.261
196815 272.262
196917 272.263
197019 272.264
197121 272.264
197223 272.265
197325 272.266
197427 272.267
197529 272.268
197631 272.268
197733 272.269
197835 272.27
197937 272.271
198039 272.272
198141 272.272
198243 272.273
198345 272.274
198447 272.275
198549 272.276
198651 272.276
198753 272.277
198855 272.278
198957 272.279
199059 272.28
199161 272.28
199263 272.281
199365 272.282
199467 272.283
199569 272.283
199671 272.284
199773 272.285
199876 272.286
199978 272.287
200080 272.287
200182 272.288
200284 272.289
200386 272.29
200488 272.291
200590 272.291
200692 272.292
200794 272.293
200896 272.294
200998 272.295
201100 272.295
201202 272.296
201304 272.297
201406 272.298
201508 272.298
201610 272.299
201712 272.3
201814 272.301
201916 272.302
202018 272.302
202120 272.303
202222 272.304
202324 272.305
202426 272.305
202528 272.306
202630 272.307
202732 272.308
202834 272.309
202936 272.309
203038 272.31
203140 272.311
203242 272.312
203345 272.312
203447 272.313
203549 272.314
203651 272.315
203753 272.316
203855 272.316
203957 272.317
204059 272.318
204161 272.319
204263 272.319
204365 272.32
204467 272.321
204569 272.322
204671 272.322
204773 272.323
204875 272.324
204977 272.325
205079 272.325
205181 272.326
205283 272.327
205385 272.328
205487 272.329
205589 272.329
205691 272.33
205793 272.331
205895 272.332
205997 272.332
206099 272.333
206201 272.334
206303 272.335
206405 272.335
206507 272.336
206609 272.337
206711 272.338
206814 272.338
206916 272.339
207018 272.34
207120 272.341
207222 272.341
207324 272.342
207426 272.343
207528 272.344
207630 272.344
207732 272.345
207834 272.346
207936 272.347
208038 272.347
208140 272.348
208242 272.349
208344 272.35
208446 272.35
208548 272.351
208650 272.352
208752 272.352
208854 272.353
208956 272.354
209058 272.355
209160 272.355
209262 272.356
209364 272.357
209466 272.358
209568 272.358
209670 272.359
209772 272.36
209874 272.361
209976 272.361
210078 272.362
210180 272.363
210283 272.363
210385 272.364
210487 272.365
210589 272.366
210691 272.366
210793 272.367
210895 272.368
210997 272.368
211099 272.369
211201 272.37
211303 272.371
211405 272.371
211507 272.372
211609 272.373
211711 272.374
211813 272.374
211915 272.375
212017 272.376
212119 272.376
212221 272.377
212323 272.378
212425 272.378
212527 272.379
212629 272.38
212731 272.381
212833 272.381
212935 272.382
213037 272.383
213139 272.383
213241 272.384
213343 272.385
213445 272.386
213547 272.386
213649 272.387
213752 272.388
213854 272.388
213956 272.389
214058 272.39
214160 272.39
214262 272.391
214364 272.392
214466 272.392
214568 272.393
214670 272.394
214772 272.395
214874 272.395
214976 272.396
215078 272.397
215180 272.397
215282 272.398
215384 272.399
215486 272.399
215588 272.4
215690 272.401
215792 272.401
215894 272.402
215996 272.403
216098 272.403
216200 272.404
216302 272.405
216404 272.405
216506 272.406
216608 272.407
216710 272.408
216812 272.408
216914 272.409
217016 272.41
217118 272.41
217221 272.411
217323 272.412
217425 272.412
217527 272.413
217629 272.414
217731 272.414
217833 272.415
217935 272.416
218037 272.416
218139 272.417
218241 272.418
218343 272.418
218445 272.419
218547 272.42
218649 272.42
218751 272.421
218853 272.421
218955 272.422
219057 272.423
219159 272.423
219261 272.424
219363 272.425
219465 272.425
219567 272.426
219669 272.427
219771 272.427
219873 272.428
219975 272.429
220077 272.429
220179 272.43
220281 272.431
220383 272.431
220485 272.432
220587 272.433
220690 272.433
220792 272.434
220894 272.434
220996 272.435
221098 272.436
221200 272.436
221302 272.437
221404 272.438
221506 272.438
221608 272.439
221710 272.44
221812 272.44
221914 272.441
222016 272.441
222118 272.442
222220 272.443
222322 272.443
222424 272.444
222526 272.445
222628 272.445
222730 272.446
222832 272.446
222934 272.447
223036 272.448
223138 272.448
223240 272.449
223342 272.449
223444 272.45
223546 272.451
223648 272.451
223750 272.452
223852 272.453
223954 272.453
224056 272.454
224158 272.454
224261 272.455
224363 272.456
224465 272.456
224567 272.457
224669 272.457
224771 272.458
224873 272.459
224975 272.459
225077 272.46
225179 272.46
225281 272.461
225383 272.462
225485 272.462
225587 272.463
225689 272.463
225791 272.464
225893 272.465
225995 272.465
226097 272.466
226199 272.466
226301 272.467
226403 272.468
226505 272.468
226607 272.469
226709 272.469
226811 272.47
226913 272.471
227015 272.471
227117 272.472
227219 272.472
227321 272.473
227423 272.473
227525 272.474
227627 272.475
227730 272.475
227832 272.476
227934 272.476
228036 272.477
228138 272.478
228240 272.478
228342 272.479
228444 272.479
228546 272.48
228648 272.48
228750 272.481
228852 272.482
228954 272.482
229056 272.483
229158 272.483
229260 272.484
229362 272.484
229464 272.485
229566 272.486
229668 272.486
229770 272.487
229872 272.487
229974 272.488
230076 272.488
230178 272.489
230280 272.489
230382 272.49
230484 272.491
230586 272.491
230688 272.492
230790 272.492
230892 272.493
230994 272.493
231096 272.494
231199 272.494
231301 272.495
231403 272.496
231505 272.496
231607 272.497
231709 272.497
231811 272.498
231913 272.498
232015 272.499
232117 272.499
232219 272.5
232321 272.5
232423 272.501
232525 272.502
232627 272.502
232729 272.503
232831 272.503
232933 272.504
233035 272.504
233137 272.505
233239 272.505
233341 272.506
233443 272.506
233545 272.507
233647 272.507
233749 272.508
233851 272.509
233953 272.509
234055 272.51
234157 272.51
234259 272.511
234361 272.511
234463 272.512
234565 272.512
234668 272.513
234770 272.513
234872 272.514
234974 272.514
235076 272.515
235178 272.515
235280 272.516
235382 272.516
235484 272.517
235586 272.517
235688 272.518
235790 272.518
235892 272.519
235994 272.519
236096 272.52
236198 272.521
236300 272.521
236402 272.522
236504 272.522
236606 272.523
236708 272.523
236810 272.524
236912 272.524
237014 272.525
237116 272.525
237218 272.526
237320 272.526
237422 272.527
237524 272.527
237626 272.528
237728 272.528
237830 272.529
237932 272.529
238034 272.53
238137 272.53
238239 272.531
238341 272.531
238443 272.532
238545 272.532
238647 272.533
238749 272.533
238851 272.534
238953 272.534
239055 272.535
239157 272.535
239259 272.536
239361 272.536
239463 272.536
239565 272.537
239667 272.537
239769 272.538
239871 272.538
239973 272.539
240075 272.539
240177 272.54
240279 272.54
240381 272.541
240483 272.541
240585 272.542
240687 272.542
240789 272.543
240891 272.543
240993 272.544
241095 272.544
241197 272.545
241299 272.545
241401 272.546
241503 272.546
241606 272.547
241708 272.547
241810 272.547
241912 272.548
242014 272.548
242116 272.549
242218 272.549
242320 272.55
242422 272.55
242524 272.551
242626 272.551
242728 272.552
242830 272.552
242932 272.553
243034 272.553
243136 272.554
243238 272.554
243340 272.554
243442 272.555
243544 272.555
243646 272.556
243748 272.556
243850 272.557
243952 272.557
244054 272.558
244156 272.558
244258 272.559
244360 272.559
244462 272.559
244564 272.56
244666 272.56
244768 272.561
244870 272.561
244972 272.562
245075 272.562
245177 272.563
245279 272.563
245381 272.563
245483 272.564
245585 272.564
245687 272.565
245789 272.565
245891 272.566
245993 272.566
246095 272.567
246197 272.567
246299 272.567
246401 272.568
246503 272.568
246605 272.569
246707 272.569
246809 272.57
246911 272.57
247013 272.57
247115 272.571
247217 272.571
247319 272.572
247421 272.572
247523 272.573
247625 272.573
247727 272.574
247829 272.574
247931 272.574
248033 272.575
248135 272.575
248237 272.576
248339 272.576
248441 272.576
248544 272.577
248646 272.577
248748 272.578
248850 272.578
248952 272.579
249054 272.579
249156 272.579
249258 272.58
249360 272.58
249462 272.581
249564 272.581
249666 272.582
249768 272.582
249870 272.582
249972 272.583
250074 272.583
250176 272.584
250278 272.584
250380 272.584
250482 272.585
250584 272.585
250686 272.586
250788 272.586
250890 272.586
250992 272.587
251094 272.587
251196 272.588
251298 272.588
251400 272.589
251502 272.589
251604 272.589
251706 272.59
251808 272.59
251910 272.591
252013 272.591
252115 272.591
252217 272.592
252319 272.592
252421 272.593
252523 272.593
252625 272.593
252727 272.594
252829 272.594
252931 272.595
253033 272.595
253135 272.595
253237 272.596
253339 272.596
253441 272.597
253543 272.597
253645 272.597
253747 272.598
253849 272.598
253951 272.598
254053 272.599
254155 272.599
254257 272.6
254359 272.6
254461 272.6
254563 272.601
254665 272.601
254767 272.602
254869 272.602
254971 272.602
255073 272.603
255175 272.603
255277 272.604
255379 272.604
255482 272.604
255584 272.605
255686 272.605
255788 272.605
255890 272.606
255992 272.606
256094 272.607
256196 272.607
256298 272.607
256400 272.608
256502 272.608
256604 272.608
256706 272.609
256808 272.609
256910 272.61
257012 272.61
257114 272.61
257216 272.611
257318 272.611
257420 272.611
257522 272.612
257624 272.612
257726 272.613
257828 272.613
257930 272.613
258032 272.614
258134 272.614
258236 272.614
258338 272.615
258440 272.615
258542 272.615
258644 272.616
258746 272.616
258848 272.617
258951 272.617
259053 272.617
259155 272.618
259257 272.618
259359 272.618
259461 272.619
259563 272.619
259665 272.619
259767 272.62
259869 272.62
259971 272.621
260073 272.621
260175 272.621
260277 272.622
260379 272.622
260481 272.622
260583 272.623
260685 272.623
260787 272.623
260889 272.624
260991 272.624
261093 272.624
261195 272.625
261297 272.625
261399 272.625
261501 272.626
261603 272.626
261705 272.627
261807 272.627
261909 272.627
262011 272.628
262113 272.628
262215 272.628
262317 272.629
262420 272.629
262522 272.629
262624 272.63
262726 272.63
262828 272.63
262930 272.631
263032 272.631
263134 272.631
263236 272.632
263338 272.632
263440 272.632
263542 272.633
263644 272.633
263746 272.633
263848 272.634
263950 272.634
264052 272.634
264154 272.635
264256 272.635
264358 272.635
264460 272.636
264562 272.636
264664 272.636
264766 272.637
264868 272.637
264970 272.637
265072 272.638
265174 272.638
265276 272.638
265378 272.639
265480 272.639
265582 272.639
265684 272.64
265786 272.64
265889 272.64
265991 272.641
266093 272.641
266195 272.641
266297 272.642
266399 272.642
266501 272.642
266603 272.643
266705 272.643
266807 272.643
266909 272.644
267011 272.644
267113 272.644
267215 272.645
267317 272.645
267419 272.645
267521 272.646
267623 272.646
267725 272.646
267827 272.647
267929 272.647
268031 272.647
268133 272.648
268235 272.648
268337 272.648
268439 272.649
268541 272.649
268643 272.65
268745 272.651
268847 272.652
268949 272.652
269051 272.653
269153 272.653
269255 272.654
269358 272.654
269460 272.654
269562 272.655
269664 272.655
269766 272.656
269868 272.656
269970 272.656
270072 272.657
270174 272.657
270276 272.657
270378 272.658
270480 272.658
270582 272.658
270684 272.659
270786 272.659
270888 272.659
270990 272.66
271092 272.66
271194 272.66
271296 272.661
271398 272.661
271500 272.661
271602 272.662
271704 272.662
271806 272.662
271908 272.663
272010 272.663
272112 272.663
272214 272.664
272316 272.664
272418 272.664
272520 272.665
272622 272.665
272724 272.665
272827 272.666
272929 272.666
273031 272.666
273133 272.667
273235 272.667
273337 272.667
273439 272.668
273541 272.668
273643 272.668
273745 272.669
273847 272.669
273949 272.669
274051 272.669
274153 272.67
274255 272.67
274357 272.67
274459 272.671
274561 272.671
274663 272.671
274765 272.672
274867 272.672
274969 272.672
275071 272.673
275173 272.673
275275 272.673
275377 272.673
275479 272.674
275581 272.674
275683 272.674
275785 272.675
275887 272.675
275989 272.675
276091 272.676
276193 272.676
276296 272.676
276398 272.677
276500 272.677
276602 272.677
276704 272.677
276806 272.678
276908 272.678
277010 272.678
277112 272.679
277214 272.679
277316 272.679
277418 272.68
277520 272.68
277622 272.68
277724 272.68
277826 272.681
277928 272.681
278030 272.681
278132 272.682
278234 272.682
278336 272.682
278438 272.682
278540 272.683
278642 272.683
278744 272.683
278846 272.684
278948 272.684
279050 272.684
279152 272.685
279254 272.685
279356 272.685
279458 272.685
279560 272.686
279662 272.686
279764 272.686
279867 272.687
279969 272.687
280071 272.687
280173 272.687
280275 272.688
280377 272.688
280479 272.688
280581 272.689
280683 272.689
280785 272.689
280887 272.689
280989 272.69
281091 272.69
281193 272.69
281295 272.691
281397 272.691
281499 272.691
281601 272.691
281703 272.692
281805 272.692
281907 272.692
282009 272.693
282111 272.693
282213 272.693
282315 272.693
282417 272.694
282519 272.694
282621 272.694
282723 272.695
282825 272.695
282927 272.695
283029 272.695
283131 272.696
283233 272.696
283336 272.696
283438 272.696
283540 272.697
283642 272.697
283744 272.697
283846 272.698
283948 272.698
284050 272.698
284152 272.698
284254 272.699
284356 272.699
284458 272.699
284560 272.699
284662 272.7
284764 272.7
284866 272.7
284968 272.701
285070 272.701
285172 272.701
285274 272.701
285376 272.702
285478 272.702
285580 272.702
285682 272.702
285784 272.703
285886 272.703
285988 272.703
286090 272.704
286192 272.704
286294 272.704
286396 272.704
286498 272.705
286600 272.705
286702 272.705
286805 272.705
286907 272.706
287009 272.706
287111 272.706
287213 272.706
287315 272.707
287417 272.707
287519 272.707
287621 272.708
287723 272.708
287825 272.708
287927 272.708
288029 272.709
288131 272.709
288233 272.709
288335 272.709
288437 272.71
288539 272.71
288641 272.71
288743 272.71
288845 272.711
288947 272.711
289049 272.711
289151 272.711
289253 272.712
289355 272.712
289457 272.712
289559 272.712
289661 272.713
289763 272.713
289865 272.713
289967 272.714
290069 272.714
290171 272.714
290274 272.714
290376 272.715
290478 272.715
290580 272.715
290682 272.715
290784 272.716
290886 272.716
290988 272.716
291090 272.716
291192 272.717
291294 272.717
291396 272.717
291498 272.717
291600 272.718
291702 272.718
291804 272.718
291906 272.718
292008 272.719
292110 272.719
292212 272.719
292314 272.719
292416 272.72
292518 272.72
292620 272.72
292722 272.72
292824 272.721
292926 272.721
293028 272.721
293130 272.721
293232 272.722
293334 272.722
293436 272.722
293538 272.722
293640 272.723
293743 272.723
293845 272.723
293947 272.723
294049 272.724
294151 272.724
294253 272.724
294355 272.724
294457 272.725
294559 272.725
294661 272.725
294763 272.725
294865 272.726
294967 272.726
295069 272.726
295171 272.726
295273 272.727
295375 272.727
295477 272.727
295579 272.727
295681 272.728
295783 272.728
295885 272.728
295987 272.728
296089 272.729
296191 272.729
296293 272.729
296395 272.729
296497 272.729
296599 272.73
296701 272.73
296803 272.73
296905 272.73
297007 272.731
297109 272.731
297212 272.731
297314 272.731
297416 272.732
297518 272.732
297620 272.732
297722 272.732
297824 272.733
297926 272.733
298028 272.733
298130 272.733
298232 272.734
298334 272.734
298436 272.734
298538 272.734
298640 272.735
298742 272.735
298844 272.735
298946 272.735
299048 272.735
299150 272.736
299252 272.736
299354 272.736
299456 272.736
299558 272.737
299660 272.737
299762 272.737
299864 272.737
299966 272.738
300068 272.738
300170 272.738
300272 272.738
300374 272.738
300476 272.739
300578 272.739
300681 272.739
300783 272.739
300885 272.74
300987 272.74
301089 272.74
301191 272.74
301293 272.741
301395 272.741
301497 272.741
301599 272.741
301701 272.741
301803 272.742
301905 272.742
302007 272.742
302109 272.742
302211 272.743
302313 272.743
302415 272.743
302517 272.743
302619 272.744
302721 272.744
302823 272.744
302925 272.744
303027 272.744
303129 272.745
303231 272.745
303333 272.745
303435 272.745
303537 272.746
303639 272.746
303741 272.746
303843 272.746
303945 272.747
304047 272.747
304150 272.747
304252 272.747
304354 272.747
304456 272.748
304558 272.748
304660 272.748
304762 272.748
304864 272.749
304966 272.749
305068 272.749
305170 272.749
305272 272.749
305374 272.75
305476 272.75
305578 272.75
305680 272.75
305782 272.751
305884 272.751
305986 272.751
306088 272.751
306190 272.751
306292 272.752
306394 272.752
306496 272.752
306598 272.752
306700 272.753
306802 272.753
306904 272.753
307006 272.753
307108 272.753
307210 272.754
307312 272.754
307414 272.754
307516 272.754
307619 272.754
307721 272.755
307823 272.755
307925 272.755
308027 272.755
308129 272.756
308231 272.756
308333 272.756
308435 272.756
308537 272.756
308639 272.757
308741 272.757
308843 272.757
308945 272.757
309047 272.758
309149 272.758
309251 272.758
309353 272.758
309455 272.758
309557 272.759
309659 272.759
309761 272.759
309863 272.759
309965 272.759
310067 272.76
310169 272.76
310271 272.76
310373 272.76
310475 272.761
310577 272.761
310679 272.761
310781 272.761
310883 272.761
310985 272.762
311088 272.762
311190 272.762
311292 272.762
311394 272.762
311496 272.763
311598 272.763
311700 272.763
311802 272.763
311904 272.764
312006 272.764
312108 272.764
312210 272.764
312312 272.764
312414 272.765
312516 272.765
312618 272.765
312720 272.765
312822 272.765
312924 272.766
313026 272.766
313128 272.766
313230 272.766
313332 272.766
313434 272.767
313536 272.767
313638 272.767
313740 272.767
313842 272.767
313944 272.768
314046 272.768
314148 272.768
314250 272.768
314352 272.769
314454 272.769
314557 272.769
314659 272.769
314761 272.769
314863 272.77
314965 272.77
315067 272.77
315169 272.77
315271 272.77
315373 272.771
315475 272.771
315577 272.771
315679 272.771
315781 272.771
315883 272.772
315985 272.772
316087 272.772
316189 272.772
316291 272.772
316393 272.773
316495 272.773
316597 272.773
316699 272.773
316801 272.773
316903 272.774
317005 272.774
317107 272.774
317209 272.774
317311 272.774
317413 272.775
317515 272.775
317617 272.775
317719 272.775
317821 272.775
317923 272.776
318026 272.776
318128 272.776
318230 272.776
318332 272.776
318434 272.777
318536 272.777
318638 272.777
318740 272.777
318842 272.777
318944 272.778
319046 272.778
319148 272.778
319250 272.778
319352 272.778
319454 272.779
319556 272.779
319658 272.779
319760 272.779
319862 272.779
319964 272.78
320066 272.78
320168 272.78
320270 272.78
320372 272.78
320474 272.781
320576 272.781
320678 272.781
320780 272.781
320882 272.781
320984 272.782
321086 272.782
321188 272.782
321290 272.782
321392 272.782
321495 272.783
321597 272.783
321699 272.783
321801 272.783
321903 272.783
322005 272.784
322107 272.784
322209 272.784
322311 272.784
322413 272.784
322515 272.785
322617 272.785
322719 272.785
322821 272.785
322923 272.785
323025 272.786
323127 272.786
323229 272.786
323331 272.786
323433 272.786
323535 272.787
323637 272.787
323739 272.787
323841 272.787
323943 272.787
324045 272.787
324147 272.788
324249 272.788
324351 272.788
324453 272.788
324555 272.788
324657 272.789
324759 272.789
324861 272.789
324964 272.789
325066 272.789
325168 272.79
325270 272.79
325372 272.79
325474 272.79
325576 272.79
325678 272.791
325780 272.791
325882 272.791
325984 272.791
326086 272.791
326188 272.792
326290 272.792
326392 272.792
326494 272.792
326596 272.792
326698 272.792
326800 272.793
326902 272.793
327004 272.793
327106 272.793
327208 272.793
327310 272.794
327412 272.794
327514 272.794
327616 272.794
327718 272.794
327820 272.795
327922 272.795
328024 272.795
328126 272.795
328228 272.795
328330 272.795
328433 272.796
328535 272.796
328637 272.796
328739 272.796
328841 272.796
328943 272.797
329045 272.797
329147 272.797
329249 272.797
329351 272.797
329453 272.798
329555 272.798
329657 272.798
329759 272.798
329861 272.798
329963 272.798
330065 272.799
330167 272.799
330269 272.799
330371 272.799
330473 272.799
330575 272.8
330677 272.8
330779 272.8
330881 272.8
330983 272.8
331085 272.8
331187 272.801
331289 272.801
331391 272.801
331493 272.801
331595 272.801
331697 272.802
331799 272.802
331902 272.802
332004 272.802
332106 272.802
332208 272.802
332310 272.803
332412 272.803
332514 272.803
332616 272.803
332718 272.803
332820 272.804
332922 272.804
333024 272.804
333126 272.804
333228 272.804
333330 272.804
333432 272.805
333534 272.805
333636 272.805
333738 272.805
333840 272.805
333942 272.806
334044 272.806
334146 272.806
334248 272.806
334350 272.806
334452 272.806
334554 272.807
334656 272.807
334758 272.807
334860 272.807
334962 272.807
335064 272.808
335166 272.808
335268 272.808
335370 272.808
335473 272.808
335575 272.808
335677 272.809
335779 272.809
335881 272.809
335983 272.809
336085 272.809
336187 272.81
336289 272.81
336391 272.81
336493 272.81
336595 272.81
336697 272.81
336799 272.811
336901 272.811
337003 272.811
337105 272.811
337207 272.811
337309 272.811
337411 272.812
337513 272.812
337615 272.812
337717 272.812
337819 272.812
337921 272.813
338023 272.813
338125 272.813
338227 272.813
338329 272.813
338431 272.813
338533 272.814
338635 272.814
338737 272.814
338839 272.814
338942 272.814
339044 272.814
339146 272.815
339248 272.815
339350 272.815
339452 272.815
339554 272.815
339656 272.816
339758 272.816
339860 272.816
339962 272.816
340064 272.816
340166 272.816
340268 272.817
340370 272.817
340472 272.817
340574 272.817
340676 272.817
340778 272.817
340880 272.818
340982 272.818
341084 272.818
341186 272.818
341288 272.818
341390 272.818
341492 272.819
341594 272.819
341696 272.819
341798 272.819
341900 272.819
342002 272.82
342104 272.82
342206 272.82
342308 272.82
342411 272.82
342513 272.82
342615 272.821
342717 272.821
342819 272.821
342921 272.821
343023 272.821
343125 272.821
343227 272.822
343329 272.822
343431 272.822
343533 272.822
343635 272.822
343737 272.822
343839 272.823
343941 272.823
344043 272.823
344145 272.823
344247 272.823
344349 272.823
344451 272.824
344553 272.824
344655 272.824
344757 272.824
344859 272.824
344961 272.824
345063 272.825
345165 272.825
345267 272.825
345369 272.825
345471 272.825
345573 272.825
345675 272.826
345777 272.826
345880 272.826
345982 272.826
346084 272.826
346186 272.826
346288 272.827
346390 272.827
346492 272.827
346594 272.827
346696 272.827
346798 272.828
346900 272.828
347002 272.828
347104 272.828
347206 272.828
347308 272.828
347410 272.829
347512 272.829
347614 272.829
347716 272.829
347818 272.829
347920 272.829
348022 272.83
348124 272.83
348226 272.83
348328 272.83
348430 272.83
348532 272.83
348634 272.831
348736 272.831
348838 272.831
348940 272.831
349042 272.831
349144 272.831
349246 272.832
349349 272.832
349451 272.832
349553 272.832
349655 272.832
349757 272.832
349859 272.832
349961 272.833
350063 272.833
350165 272.833
350267 272.833
350369 272.833
350471 272.833
350573 272.834
350675 272.834
350777 272.834
350879 272.834
350981 272.834
351083 272.834
351185 272.835
351287 272.835
351389 272.835
351491 272.835
351593 272.835
351695 272.835
351797 272.836
351899 272.836
352001 272.836
352103 272.836
352205 272.836
352307 272.836
352409 272.837
352511 272.837
352613 272.837
352715 272.837
352818 272.837
352920 272.837
353022 272.838
353124 272.838
353226 272.838
353328 272.838
353430 272.838
353532 272.838
353634 272.839
353736 272.839
353838 272.839
353940 272.839
354042 272.839
354144 272.839
354246 272.84
354348 272.84
354450 272.84
354552 272.84
354654 272.84
354756 272.84
354858 272.84
354960 272.841
355062 272.841
355164 272.841
355266 272.841
355368 272.841
355470 272.841
355572 272.842
355674 272.842
355776 272.842
355878 272.842
355980 272.842
356082 272.842
356184 272.843
356287 272.843
356389 272.843
356491 272.843
356593 272.843
356695 272.843
356797 272.844
356899 272.844
357001 272.844
357103 272.844
357205 272.844
357307 272.844
357409 272.844
357511 272.845
357613 272.845
357715 272.845
357817 272.845
357919 272.845
358021 272.845
358123 272.846
358225 272.846
358327 272.846
358429 272.846
358531 272.846
358633 272.846
358735 272.847
358837 272.847
358939 272.847
359041 272.847
359143 272.847
359245 272.847
359347 272.848
359449 272.848
359551 272.848
359653 272.848
359756 272.848
359858 272.848
359960 272.848
360062 272.849
360164 272.849
360266 272.849
360368 272.849
360470 272.849
360572 272.849
360674 272.85
360776 272.85
360878 272.85
360980 272.85
361082 272.85
361184 272.85
361286 272.85
361388 272.851
361490 272.851
361592 272.851
361694 272.851
361796 272.851
361898 272.851
362000 272.852
362102 272.852
362204 272.852
362306 272.852
362408 272.852
362510 272.852
362612 272.853
362714 272.853
362816 272.853
362918 272.853
363020 272.853
363122 272.853
363225 272.853
363327 272.854
363429 272.854
363531 272.854
363633 272.854
363735 272.854
363837 272.854
363939 272.855
364041 272.855
364143 272.855
364245 272.855
364347 272.855
364449 272.855
364551 272.855
364653 272.856
364755 272.856
364857 272.856
364959 272.856
365061 272.856
365163 272.856
365265 272.857
365367 272.857
365469 272.857
365571 272.857
365673 272.857
365775 272.857
365877 272.857
365979 272.858
366081 272.858
366183 272.858
366285 272.858
366387 272.858
366489 272.858
366591 272.859
366694 272.859
366796 272.859
366898 272.859
367000 272.859
367102 272.859
367204 272.859
367306 272.86
367408 272.86
367510 272.86
367612 272.86
367714 272.86
367816 272.86
367918 272.861
368020 272.861
368122 272.861
368224 272.861
368326 272.861
368428 272.861
368530 272.861
368632 272.862
368734 272.862
368836 272.862
368938 272.862
369040 272.862
369142 272.862
369244 272.862
369346 272.863
369448 272.863
369550 272.863
369652 272.863
369754 272.863
369856 272.863
369958 272.864
370060 272.864
370163 272.864
370265 272.864
370367 272.864
370469 272.864
370571 272.864
370673 272.865
370775 272.865
370877 272.865
370979 272.865
371081 272.865
371183 272.865
371285 272.866
371387 272.866
371489 272.866
371591 272.866
371693 272.866
371795 272.866
371897 272.866
371999 272.867
372101 272.867
372203 272.867
372305 272.867
372407 272.867
372509 272.867
372611 272.867
372713 272.868
372815 272.868
372917 272.868
373019 272.868
373121 272.868
373223 272.868
373325 272.868
373427 272.869
373529 272.869
373632 272.869
373734 272.869
373836 272.869
373938 272.869
374040 272.87
374142 272.87
374244 272.87
374346 272.87
374448 272.87
374550 272.87
374652 272.87
374754 272.871
374856 272.871
374958 272.871
375060 272.871
375162 272.871
375264 272.871
375366 272.871
375468 272.872
375570 272.872
375672 272.872
375774 272.872
375876 272.872
375978 272.872
376080 272.872
376182 272.873
376284 272.873
376386 272.873
376488 272.873
376590 272.873
376692 272.873
376794 272.874
376896 272.874
376998 272.874
377101 272.874
377203 272.874
377305 272.874
377407 272.874
377509 272.875
377611 272.875
377713 272.875
377815 272.875
377917 272.875
378019 272.875
378121 272.875
378223 272.876
378325 272.876
378427 272.876
378529 272.876
378631 272.876
378733 272.876
378835 272.876
378937 272.877
379039 272.877
379141 272.877
379243 272.877
379345 272.877
379447 272.877
379549 272.877
379651 272.878
379753 272.878
379855 272.878
379957 272.878
380059 272.878
380161 272.878
380263 272.878
380365 272.879
380467 272.879
380570 272.879
380672 272.879
380774 272.879
380876 272.879
380978 272.879
381080 272.88
381182 272.88
381284 272.88
381386 272.88
381488 272.88
381590 272.88
381692 272.881
381794 272.881
381896 272.881
381998 272.881
382100 272.881
382202 272.881
382304 272.881
382406 272.882
382508 272.882
382610 272.882
382712 272.882
382814 272.882
382916 272.882
383018 272.882
383120 272.883
383222 272.883
383324 272.883
383426 272.883
383528 272.883
383630 272.883
383732 272.883
383834 272.884
383936 272.884
384039 272.884
384141 272.884
384243 272.884
384345 272.884
384447 272.884
384549 272.885
384651 272.885
384753 272.885
384855 272.885
384957 272.885
385059 272.885
385161 272.885
385263 272.886
385365 272.886
385467 272.886
385569 272.886
385671 272.886
385773 272.886
385875 272.886
385977 272.887
386079 272.887
386181 272.887
386283 272.887
386385 272.887
386487 272.887
386589 272.887
386691 272.888
386793 272.888
386895 272.888
386997 272.888
387099 272.888
387201 272.888
387303 272.888
387405 272.889
387508 272.889
387610 272.889
387712 272.889
387814 272.889
387916 272.889
388018 272.889
388120 272.89
388222 272.89
388324 272.89
388426 272.89
388528 272.89
388630 272.89
388732 272.89
388834 272.891
388936 272.891
389038 272.891
389140 272.891
389242 272.891
389344 272.891
389446 272.891
389548 272.891
389650 272.892
389752 272.892
389854 272.892
389956 272.892
390058 272.892
390160 272.892
390262 272.892
390364 272.893
390466 272.893
390568 272.893
390670 272.893
390772 272.893
390874 272.893
390976 272.893
391079 272.894
391181 272.894
391283 272.894
391385 272.894
391487 272.894
391589 272.894
391691 272.894
391793 272.895
391895 272.895
391997 272.895
392099 272.895
392201 272.895
392303 272.895
392405 272.895
392507 272.896
392609 272.896
392711 272.896
392813 272.896
392915 272.896
393017 272.896
393119 272.896
393221 272.897
393323 272.897
393425 272.897
393527 272.897
393629 272.897
393731 272.897
393833 272.897
393935 272.898
394037 272.898
394139 272.898
394241 272.898
394343 272.898
394445 272.898
394548 272.898
394650 272.898
394752 272.899
394854 272.899
394956 272.899
395058 272.899
395160 272.899
395262 272.899
395364 272.899
395466 272.9
395568 272.9
395670 272.9
395772 272.9
395874 272.9
395976 272.9
396078 272.9
396180 272.901
396282 272.901
396384 272.901
396486 272.901
396588 272.901
396690 272.901
396792 272.901
396894 272.902
396996 272.902
397098 272.902
397200 272.902
397302 272.902
397404 272.902
397506 272.902
397608 272.902
397710 272.903
397812 272.903
397914 272.903
398017 272.903
398119 272.903
398221 272.903
398323 272.903
398425 272.904
398527 272.904
398629 272.904
398731 272.904
398833 272.904
398935 272.904
399037 272.904
399139 272.905
399241 272.905
399343 272.905
399445 272.905
399547 272.905
399649 272.905
399751 272.905
399853 272.905
399955 272.906
400057 272.906
400159 272.906
400261 272.906
400363 272.906
400465 272.906
400567 272.906
400669 272.907
400771 272.907
400873 272.907
400975 272.907
401077 272.907
401179 272.907
401281 272.907
401383 272.908
401486 272.908
401588 272.908
401690 272.908
401792 272.908
401894 272.908
401996 272.908
402098 272.908
402200 272.909
402302 272.909
402404 272.909
402506 272.909
402608 272.909
402710 272.909
402812 272.909
402914 272.91
403016 272.91
403118 272.91
403220 272.91
403322 272.91
403424 272.91
403526 272.91
403628 272.911
403730 272.911
403832 272.911
403934 272.911
404036 272.911
404138 272.911
404240 272.911
404342 272.911
404444 272.912
404546 272.912
404648 272.912
404750 272.912
404852 272.912
404955 272.912
405057 272.912
405159 272.913
405261 272.913
405363 272.913
405465 272.913
405567 272.913
405669 272.913
405771 272.913
405873 272.914
405975 272.914
406077 272.914
406179 272.914
406281 272.914
406383 272.914
406485 272.914
406587 272.914
406689 272.915
406791 272.915
406893 272.915
406995 272.915
407097 272.915
407199 272.915
407301 272.915
407403 272.916
407505 272.916
407607 272.916
407709 272.916
407811 272.916
407913 272.916
408015 272.916
408117 272.916
408219 272.917
408321 272.917
408424 272.917
408526 272.917
408628 272.917
408730 272.917
408832 272.917
408934 272.918
409036 272.918
409138 272.918
409240 272.918
409342 272.918
409444 272.918
409546 272.918
409648 272.918
409750 272.919
409852 272.919
409954 272.919
410056 272.919
410158 272.919
410260 272.919
410362 272.919
410464 272.92
410566 272.92
410668 272.92
410770 272.92
410872 272.92
410974 272.92
411076 272.92
411178 272.92
411280 272.921
411382 272.921
411484 272.921
411586 272.921
411688 272.921
411790 272.921
411893 272.921
411995 272.922
412097 272.922
412199 272.922
412301 272.922
412403 272.922
412505 272.922
412607 272.922
412709 272.922
412811 272.923
412913 272.923
413015 272.923
413117 272.923
413219 272.923
413321 272.923
413423 272.923
413525 272.924
413627 272.924
413729 272.924
413831 272.924
413933 272.924
414035 272.924
414137 272.924
414239 272.924
414341 272.925
414443 272.925
414545 272.925
414647 272.925
414749 272.925
414851 272.925
414953 272.925
415055 272.925
415157 272.926
415259 272.926
415362 272.926
415464 272.926
415566 272.926
415668 272.926
415770 272.926
415872 272.927
415974 272.927
416076 272.927
416178 272.927
416280 272.927
416382 272.927
416484 272.927
416586 272.927
416688 272.928
416790 272.928
416892 272.928
416994 272.928
417096 272.928
417198 272.928
417300 272.928
417402 272.929
417504 272.929
417606 272.929
417708 272.929
417810 272.929
417912 272.929
418014 272.929
418116 272.929
418218 272.93
418320 272.93
418422 272.93
418524 272.93
418626 272.93
418728 272.93
418831 272.93
418933 272.93
419035 272.931
419137 272.931
419239 272.931
419341 272.931
419443 272.931
419545 272.931
419647 272.931
419749 272.932
419851 272.932
419953 272.932
420055 272.932
420157 272.932
420259 272.932
420361 272.932
420463 272.932
420565 272.933
420667 272.933
420769 272.933
420871 272.933
420973 272.933
421075 272.933
421177 272.933
421279 272.934
421381 272.934
421483 272.934
421585 272.934
421687 272.934
421789 272.934
421891 272.934
421993 272.934
422095 272.935
422197 272.935
422300 272.935
422402 272.935
422504 272.935
422606 272.935
422708 272.935
422810 272.935
422912 272.936
423014 272.936
423116 272.936
423218 272.936
423320 272.936
423422 272.936
423524 272.936
423626 272.936
423728 272.937
423830 272.937
423932 272.937
424034 272.937
424136 272.937
424238 272.937
424340 272.937
424442 272.938
424544 272.938
424646 272.938
424748 272.938
424850 272.938
424952 272.938
425054 272.938
425156 272.938
425258 272.939
425360 272.939
425462 272.939
425564 272.939
425666 272.939
425769 272.939
425871 272.939
425973 272.939
426075 272.94
426177 272.94
426279 272.94
426381 272.94
426483 272.94
426585 272.94
426687 272.94
426789 272.941
426891 272.941
426993 272.941
427095 272.941
427197 272.941
427299 272.941
427401 272.941
427503 272.941
427605 272.942
427707 272.942
427809 272.942
427911 272.942
428013 272.942
428115 272.942
428217 272.942
428319 272.942
428421 272.943
428523 272.943
428625 272.943
428727 272.943
428829 272.943
428931 272.943
429033 272.943
429135 272.943
429238 272.944
429340 272.944
429442 272.944
429544 272.944
429646 272.944
429748 272.944
429850 272.944
429952 272.945
430054 272.945
430156 272.945
430258 272.945
430360 272.945
430462 272.945
430564 272.945
430666 272.945
430768 272.946
430870 272.946
430972 272.946
431074 272.946
431176 272.946
431278 272.946
431380 272.946
431482 272.946
431584 272.947
431686 272.947
431788 272.947
431890 272.947
431992 272.947
432094 272.947
432196 272.947
432298 272.947
432400 272.948
432502 272.948
432604 272.948
432707 272.948
432809 272.948
432911 272.948
433013 272.948
433115 272.948
433217 272.949
433319 272.949
433421 272.949
433523 272.949
433625 272.949
433727 272.949
433829 272.949
433931 272.95
434033 272.95
434135 272.95
434237 272.95
434339 272.95
434441 272.95
434543 272.95
434645 272.95
434747 272.951
434849 272.951
434951 272.951
435053 272.951
435155 272.951
435257 272.951
435359 272.951
435461 272.951
435563 272.952
435665 272.952
435767 272.952
435869 272.952
435971 272.952
436073 272.952
436176 272.952
436278 272.952
436380 272.953
436482 272.953
436584 272.953
436686 272.953
436788 272.953
436890 272.953
436992 272.953
437094 272.953
437196 272.954
437298 272.954
437400 272.954
437502 272.954
437604 272.954
437706 272.954
437808 272.954
437910 272.954
438012 272.955
438114 272.955
438216 272.955
438318 272.955
438420 272.955
438522 272.955
438624 272.955
438726 272.955
438828 272.956
438930 272.956
439032 272.956
439134 272.956
439236 272.956
439338 272.956
439440 272.956
439542 272.957
439645 272.957
439747 272.957
439849 272.957
439951 272.957
440053 272.957
440155 272.957
440257 272.957
440359 272.958
440461 272.958
440563 272.958
440665 272.958
440767 272.958
440869 272.958
440971 272.958
441073 272.958
441175 272.959
441277 272.959
441379 272.959
441481 272.959
441583 272.959
441685 272.959
441787 272.959
441889 272.959
441991 272.96
442093 272.96
442195 272.96
442297 272.96
442399 272.96
442501 272.96
442603 272.96
442705 272.96
442807 272.961
442909 272.961
443011 272.961
443114 272.961
443216 272.961
443318 272.961
443420 272.961
443522 272.961
443624 272.962
443726 272.962
443828 272.962
443930 272.962
444032 272.962
444134 272.962
444236 272.962
444338 272.962
444440 272.963
444542 272.963
444644 272.963
444746 272.963
444848 272.963
444950 272.963
445052 272.963
445154 272.963
445256 272.964
445358 272.964
445460 272.964
445562 272.964
445664 272.964
445766 272.964
445868 272.964
445970 272.964
446072 272.965
446174 272.965
446276 272.965
446378 272.965
446480 272.965
446582 272.965
446685 272.965
446787 272.965
446889 272.966
446991 272.966
447093 272.966
447195 272.966
447297 272.966
447399 272.966
447501 272.966
447603 272.967
447705 272.967
447807 272.967
447909 272.967
448011 272.967
448113 272.967
448215 272.967
448317 272.967
448419 272.968
448521 272.968
448623 272.968
448725 272.968
448827 272.968
448929 272.968
449031 272.968
449133 272.968
449235 272.969
449337 272.969
449439 272.969
449541 272.969
449643 272.969
449745 272.969
449847 272.969
449949 272.969
450051 272.97
450154 272.97
450256 272.97
450358 272.97
450460 272.97
450562 272.97
450664 272.97
450766 272.97
450868 272.971
450970 272.971
451072 272.971
451174 272.971
451276 272.971
451378 272.971
451480 272.971
451582 272.971
451684 272.972
451786 272.972
451888 272.972
451990 272.972
452092 272.972
452194 272.972
452296 272.972
452398 272.972
452500 272.973
452602 272.973
452704 272.973
452806 272.973
452908 272.973
453010 272.973
453112 272.973
453214 272.973
453316 272.974
453418 272.974
453520 272.974
453623 272.974
453725 272.974
453827 272.974
453929 272.974
454031 272.974
454133 272.975
454235 272.975
454337 272.975
454439 272.975
454541 272.975
454643 272.975
454745 272.975
454847 272.975
454949 272.976
455051 272.976
455153 272.976
455255 272.976
455357 272.976
455459 272.976
455561 272.976
455663 272.976
455765 272.977
455867 272.977
455969 272.977
456071 272.977
456173 272.977
456275 272.977
456377 272.977
456479 272.977
456581 272.978
456683 272.978
456785 272.978
456887 272.978
456989 272.978
457092 272.978
457194 272.978
457296 272.978
457398 272.979
457500 272.979
457602 272.979
457704 272.979
457806 272.979
457908 272.979
458010 272.979
458112 272.979
458214 272.98
458316 272.98
458418 272.98
458520 272.98
458622 272.98
458724 272.98
458826 272.98
458928 272.98
459030 272.981
459132 272.981
459234 272.981
459336 272.981
459438 272.981
459540 272.981
459642 272.981
459744 272.981
459846 272.982
459948 272.982
460050 272.982
460152 272.982
460254 272.982
460356 272.982
460458 272.982
460561 272.982
460663 272.983
460765 272.983
460867 272.983
460969 272.983
461071 272.983
461173 272.983
461275 272.983
461377 272.983
461479 272.984
461581 272.984
461683 272.984
461785 272.984
461887 272.984
461989 272.984
462091 272.984
462193 272.984
462295 272.985
462397 272.985
462499 272.985
462601 272.985
462703 272.985
462805 272.985
462907 272.985
463009 272.985
463111 272.986
463213 272.986
463315 272.986
463417 272.986
463519 272.986
463621 272.986
463723 272.986
463825 272.986
463927 272.987
464030 272.987
464132 272.987
464234 272.987
464336 272.987
464438 272.987
464540 272.987
464642 272.987
464744 272.988
464846 272.988
464948 272.988
465050 272.988
465152 272.988
465254 272.988
465356 272.988
465458 272.988
465560 272.989
465662 272.989
465764 272.989
465866 272.989
465968 272.989
466070 272.989
466172 272.989
466274 272.989
466376 272.99
466478 272.99
466580 272.99
466682 272.99
466784 272.99
466886 272.99
466988 272.99
467090 272.99
467192 272.991
467294 272.991
467396 272.991
467499 272.991
467601 272.991
467703 272.991
467805 272.991
467907 272.991
468009 272.992
468111 272.992
468213 272.992
468315 272.992
468417 272.992
468519 272.992
468621 272.992
468723 272.992
468825 272.993
468927 272.993
469029 272.993
469131 272.993
469233 272.993
469335 272.993
469437 272.993
469539 272.993
469641 272.994
469743 272.994
469845 272.994
469947 272.994
470049 272.994
470151 272.994
470253 272.994
470355 272.994
470457 272.995
470559 272.995
470661 272.995
470763 272.995
470865 272.995
470968 272.995
471070 272.995
471172 272.995
471274 272.996
471376 272.996
471478 272.996
471580 272.996
471682 272.996
471784 272.996
471886 272.996
471988 272.996
472090 272.997
472192 272.997
472294 272.997
472396 272.997
472498 272.997
472600 272.997
472702 272.997
472804 272.997
472906 272.998
473008 272.998
473110 272.998
473212 272.998
473314 272.998
473416 272.998
473518 272.998
473620 272.998
473722 272.999
473824 272.999
473926 272.999
474028 272.999
474130 272.999
474232 272.999
474334 272.999
474437 272.999
474539 273
474641 273
474743 273
474845 273
474947 273
475049 273
475151 273
475253 273
475355 273.001
475457 273.001
475559 273.001
475661 273.001
475763 273.001
475865 273.001
475967 273.001
476069 273.001
476171 273.002
476273 273.002
476375 273.002
476477 273.002
476579 273.002
476681 273.002
476783 273.002
476885 273.002
476987 273.003
477089 273.003
477191 273.003
477293 273.003
477395 273.003
477497 273.003
477599 273.003
477701 273.003
477803 273.004
477906 273.004
478008 273.004
478110 273.004
478212 273.004
478314 273.004
478416 273.004
478518 273.004
478620 273.005
478722 273.005
478824 273.005
478926 273.005
479028 273.005
479130 273.005
479232 273.005
479334 273.005
479436 273.006
479538 273.006
479640 273.006
479742 273.006
479844 273.006
479946 273.006
480048 273.006
480150 273.006
480252 273.006
480354 273.007
480456 273.007
480558 273.007
480660 273.007
480762 273.007
480864 273.007
480966 273.007
481068 273.007
481170 273.008
481272 273.008
481375 273.008
481477 273.008
481579 273.008
481681 273.008
481783 273.008
481885 273.008
481987 273.009
482089 273.009
482191 273.009
482293 273.009
482395 273.009
482497 273.009
482599 273.009
482701 273.009
482803 273.01
482905 273.01
483007 273.01
483109 273.01
483211 273.01
483313 273.01
483415 273.01
483517 273.01
483619 273.011
483721 273.011
483823 273.011
483925 273.011
484027 273.011
484129 273.011
484231 273.011
484333 273.011
484435 273.012
484537 273.012
484639 273.012
484741 273.012
484844 273.012
484946 273.012
485048 273.012
485150 273.012
485252 273.013
485354 273.013
485456 273.013
485558 273.013
485660 273.013
485762 273.013
485864 273.013
485966 273.013
486068 273.014
486170 273.014
486272 273.014
486374 273.014
486476 273.014
486578 273.014
486680 273.014
486782 273.014
486884 273.015
486986 273.015
487088 273.015
487190 273.015
487292 273.015
487394 273.015
487496 273.015
487598 273.015
487700 273.016
487802 273.016
487904 273.016
488006 273.016
488108 273.016
488210 273.016
488313 273.016
488415 273.016
488517 273.017
488619 273.017
488721 273.017
488823 273.017
488925 273.017
489027 273.017
489129 273.017
489231 273.017
489333 273.018
489435 273.018
489537 273.018
489639 273.018
489741 273.018
489843 273.018
489945 273.018
490047 273.018
490149 273.019
490251 273.019
490353 273.019
490455 273.019
490557 273.019
490659 273.019
490761 273.019
490863 273.02
490965 273.02
491067 273.02
491169 273.02
491271 273.02
491373 273.02
491475 273.02
491577 273.02
491679 273.021
491782 273.021
491884 273.021
491986 273.021
492088 273.021
492190 273.021
492292 273.021
492394 273.021
492496 273.022
492598 273.022
492700 273.022
492802 273.022
492904 273.022
493006 273.022
493108 273.022
493210 273.022
493312 273.023
493414 273.023
493516 273.023
493618 273.023
493720 273.023
493822 273.023
493924 273.023
494026 273.023
494128 273.024
494230 273.024
494332 273.024
494434 273.024
494536 273.024
494638 273.024
494740 273.024
494842 273.024
494944 273.025
495046 273.025
495148 273.025
495251 273.025
495353 273.025
495455 273.025
495557 273.025
495659 273.025
495761 273.026
495863 273.026
495965 273.026
496067 273.026
496169 273.026
496271 273.026
496373 273.026
496475 273.026
496577 273.027
496679 273.027
496781 273.027
496883 273.027
496985 273.027
497087 273.027
497189 273.027
497291 273.027
497393 273.028
497495 273.028
497597 273.028
497699 273.028
497801 273.028
497903 273.028
498005 273.028
498107 273.028
498209 273.029
498311 273.029
498413 273.029
498515 273.029
498617 273.029
498720 273.029
498822 273.029
498924 273.029
499026 273.03
499128 273.03
499230 273.03
499332 273.03
499434 273.03
499536 273.03
499638 273.03
499740 273.03
499842 273.031
499944 273.031
500046 273.031
500148 273.031
500250 273.031
500352 273.031
500454 273.031
500556 273.031
500658 273.032
500760 273.032
500862 273.032
500964 273.032
501066 273.032
501168 273.032
501270 273.032
501372 273.032
501474 273.033
501576 273.033
501678 273.033
501780 273.033
501882 273.033
501984 273.033
502086 273.033
502188 273.033
502291 273.034
502393 273.034
502495 273.034
502597 273.034
502699 273.034
502801 273.034
502903 273.034
503005 273.034
503107 273.035
503209 273.035
503311 273.035
503413 273.035
503515 273.035
503617 273.035
503719 273.035
503821 273.036
503923 273.036
504025 273.036
504127 273.036
504229 273.036
504331 273.036
504433 273.036
504535 273.036
504637 273.037
504739 273.037
504841 273.037
504943 273.037
505045 273.037
505147 273.037
505249 273.037
505351 273.037
505453 273.038
505555 273.038
505657 273.038
505760 273.038
505862 273.038
505964 273.038
506066 273.038
506168 273.038
506270 273.039
506372 273.039
506474 273.039
506576 273.039
506678 273.039
506780 273.039
506882 273.039
506984 273.039
507086 273.04
507188 273.04
507290 273.04
507392 273.04
507494 273.04
507596 273.04
507698 273.04
507800 273.04
507902 273.041
508004 273.041
508106 273.041
508208 273.041
508310 273.041
508412 273.041
508514 273.041
508616 273.041
508718 273.042
508820 273.042
508922 273.042
509024 273.042
509126 273.042
509229 273.042
509331 273.042
509433 273.043
509535 273.043
509637 273.043
509739 273.043
509841 273.043
509943 273.043
510045 273.043
510147 273.043
510249 273.044
510351 273.044
510453 273.044
510555 273.044
510657 273.044
510759 273.044
510861 273.044
510963 273.044
511065 273.045
511167 273.045
511269 273.045
511371 273.045
511473 273.045
511575 273.045
511677 273.045
511779 273.045
511881 273.046
511983 273.046
512085 273.046
512187 273.046
512289 273.046
512391 273.046
512493 273.046
512595 273.046
512698 273.047
512800 273.047
512902 273.047
513004 273.047
513106 273.047
513208 273.047
513310 273.047
513412 273.047
513514 273.048
513616 273.048
513718 273.048
513820 273.048
513922 273.048
514024 273.048
514126 273.048
514228 273.049
514330 273.049
514432 273.049
514534 273.049
514636 273.049
514738 273.049
514840 273.049
514942 273.049
515044 273.05
515146 273.05
515248 273.05
515350 273.05
515452 273.05
515554 273.05
515656 273.05
515758 273.05
515860 273.051
515962 273.051
516064 273.051
516167 273.051
516269 273.051
516371 273.051
516473 273.051
516575 273.051
516677 273.052
516779 273.052
516881 273.052
516983 273.052
517085 273.052
517187 273.052
517289 273.052
517391 273.053
517493 273.053
517595 273.053
517697 273.053
517799 273.053
517901 273.053
518003 273.053
518105 273.053
518207 273.054
518309 273.054
518411 273.054
518513 273.054
518615 273.054
518717 273.054
518819 273.054
518921 273.054
519023 273.055
519125 273.055
519227 273.055
519329 273.055
519431 273.055
519533 273.055
519636 273.055
519738 273.055
519840 273.056
519942 273.056
520044 273.056
520146 273.056
520248 273.056
520350 273.056
520452 273.056
520554 273.057
520656 273.057
520758 273.057
520860 273.057
520962 273.057
521064 273.057
521166 273.057
521268 273.057
521370 273.058
521472 273.058
521574 273.058
521676 273.058
521778 273.058
521880 273.058
521982 273.058
522084 273.058
522186 273.059
522288 273.059
522390 273.059
522492 273.059
522594 273.059
522696 273.059
522798 273.059
522900 273.06
523002 273.06
523105 273.06
523207 273.06
523309 273.06
523411 273.06
523513 273.06
523615 273.06
523717 273.061
523819 273.061
523921 273.061
524023 273.061
524125 273.061
524227 273.061
524329 273.061
524431 273.061
524533 273.062
524635 273.062
524737 273.062
524839 273.062
524941 273.062
525043 273.062
525145 273.062
525247 273.063
525349 273.063
525451 273.063
525553 273.063
525655 273.063
525757 273.063
525859 273.063
525961 273.063
526063 273.064
526165 273.064
526267 273.064
526369 273.064
526471 273.064
526574 273.064
526676 273.064
526778 273.065
526880 273.065
526982 273.065
527084 273.065
527186 273.065
527288 273.065
527390 273.065
527492 273.065
527594 273.066
527696 273.066
527798 273.066
527900 273.066
528002 273.066
528104 273.066
528206 273.066
528308 273.066
528410 273.067
528512 273.067
528614 273.067
528716 273.067
528818 273.067
528920 273.067
529022 273.067
529124 273.068
529226 273.068
529328 273.068
529430 273.068
529532 273.068
529634 273.068
529736 273.068
529838 273.068
529940 273.069
530043 273.069
530145 273.069
530247 273.069
530349 273.069
530451 273.069
530553 273.069
530655 273.07
530757 273.07
530859 273.07
530961 273.07
531063 273.07
531165 273.07
531267 273.07
531369 273.07
531471 273.071
531573 273.071
531675 273.071
531777 273.071
531879 273.071
531981 273.071
532083 273.071
532185 273.072
532287 273.072
532389 273.072
532491 273.072
532593 273.072
532695 273.072
532797 273.072
532899 273.072
533001 273.073
533103 273.073
533205 273.073
533307 273.073
533409 273.073
533512 273.073
533614 273.073
533716 273.074
533818 273.074
533920 273.074
534022 273.074
534124 273.074
534226 273.074
534328 273.074
534430 273.074
534532 273.075
534634 273.075
534736 273.075
534838 273.075
534940 273.075
535042 273.075
535144 273.075
535246 273.076
535348 273.076
535450 273.076
535552 273.076
535654 273.076
535756 273.076
535858 273.076
535960 273.076
536062 273.077
536164 273.077
536266 273.077
536368 273.077
536470 273.077
536572 273.077
536674 273.077
536776 273.078
536878 273.078
536981 273.078
537083 273.078
537185 273.078
537287 273.078
537389 273.078
537491 273.078
537593 273.079
537695 273.079
537797 273.079
537899 273.079
538001 273.079
538103 273.079
538205 273.079
538307 273.08
538409 273.08
538511 273.08
538613 273.08
538715 273.08
538817 273.08
538919 273.08
539021 273.081
539123 273.081
539225 273.081
539327 273.081
539429 273.081
539531 273.081
539633 273.081
539735 273.081
539837 273.082
539939 273.082
540041 273.082
540143 273.082
540245 273.082
540347 273.082
540450 273.082
540552 273.083
540654 273.083
540756 273.083
540858 273.083
540960 273.083
541062 273.083
541164 273.083
541266 273.083
541368 273.084
541470 273.084
541572 273.084
541674 273.084
541776 273.084
541878 273.084
541980 273.084
542082 273.085
542184 273.085
542286 273.085
542388 273.085
542490 273.085
542592 273.085
542694 273.085
542796 273.086
542898 273.086
543000 273.086
543102 273.086
543204 273.086
543306 273.086
543408 273.086
543510 273.086
543612 273.087
543714 273.087
543816 273.087
543919 273.087
544021 273.087
544123 273.087
544225 273.087
544327 273.088
544429 273.088
544531 273.088
544633 273.088
544735 273.088
544837 273.088
544939 273.088
545041 273.089
545143 273.089
545245 273.089
545347 273.089
545449 273.089
545551 273.089
545653 273.089
545755 273.09
545857 273.09
545959 273.09
546061 273.09
546163 273.09
546265 273.09
546367 273.09
546469 273.09
546571 273.091
546673 273.091
546775 273.091
546877 273.091
546979 273.091
547081 273.091
547183 273.091
547285 273.092
547388 273.092
547490 273.092
547592 273.092
547694 273.092
547796 273.092
547898 273.092
548000 273.093
548102 273.093
548204 273.093
548306 273.093
548408 273.093
548510 273.093
548612 273.093
548714 273.094
548816 273.094
548918 273.094
549020 273.094
549122 273.094
549224 273.094
549326 273.094
549428 273.095
549530 273.095
549632 273.095
549734 273.095
549836 273.095
549938 273.095
550040 273.095
550142 273.095
550244 273.096
550346 273.096
550448 273.096
550550 273.096
550652 273.096
550754 273.096
550857 273.096
550959 273.097
551061 273.097
551163 273.097
551265 273.097
551367 273.097
551469 273.097
551571 273.097
551673 273.098
551775 273.098
551877 273.098
551979 273.098
552081 273.098
552183 273.098
552285 273.098
552387 273.099
552489 273.099
552591 273.099
552693 273.099
552795 273.099
552897 273.099
552999 273.099
553101 273.1
553203 273.1
553305 273.1
553407 273.1
553509 273.1
553611 273.1
553713 273.1
553815 273.101
553917 273.101
554019 273.101
554121 273.101
554223 273.101
554326 273.101
554428 273.101
554530 273.102
554632 273.102
554734 273.102
554836 273.102
554938 273.102
555040 273.102
555142 273.102
555244 273.103
555346 273.103
555448 273.103
555550 273.103
555652 273.103
555754 273.103
555856 273.103
555958 273.104
556060 273.104
556162 273.104
556264 273.104
556366 273.104
556468 273.104
556570 273.104
556672 273.105
556774 273.105
556876 273.105
556978 273.105
557080 273.105
557182 273.105
557284 273.105
557386 273.106
557488 273.106
557590 273.106
557692 273.106
557794 273.106
557897 273.106
557999 273.106
558101 273.107
558203 273.107
558305 273.107
558407 273.107
558509 273.107
558611 273.107
558713 273.107
558815 273.108
558917 273.108
559019 273.108
559121 273.108
559223 273.108
559325 273.108
559427 273.108
559529 273.109
559631 273.109
559733 273.109
559835 273.109
559937 273.109
560039 273.109
560141 273.109
560243 273.11
560345 273.11
560447 273.11
560549 273.11
560651 273.11
560753 273.11
560855 273.11
560957 273.111
561059 273.111
561161 273.111
561263 273.111
561366 273.111
561468 273.111
561570 273.111
561672 273.112
561774 273.112
561876 273.112
561978 273.112
562080 273.112
562182 273.112
562284 273.112
562386 273.113
562488 273.113
562590 273.113
562692 273.113
562794 273.113
562896 273.113
562998 273.113
563100 273.114
563202 273.114
563304 273.114
563406 273.114
563508 273.114
563610 273.114
563712 273.115
563814 273.115
563916 273.115
564018 273.115
564120 273.115
564222 273.115
564324 273.115
564426 273.116
564528 273.116
564630 273.116
564732 273.116
564835 273.116
564937 273.116
565039 273.116
565141 273.117
565243 273.117
565345 273.117
565447 273.117
565549 273.117
565651 273.117
565753 273.117
565855 273.118
565957 273.118
566059 273.118
566161 273.118
566263 273.118
566365 273.118
566467 273.119
566569 273.119
566671 273.119
566773 273.119
566875 273.119
566977 273.119
567079 273.119
567181 273.12
567283 273.12
567385 273.12
567487 273.12
567589 273.12
567691 273.12
567793 273.12
567895 273.121
567997 273.121
568099 273.121
568201 273.121
568304 273.121
568406 273.121
568508 273.121
568610 273.122
568712 273.122
568814 273.122
568916 273.122
569018 273.122
569120 273.122
569222 273.123
569324 273.123
569426 273.123
569528 273.123
569630 273.123
569732 273.123
569834 273.123
569936 273.124
570038 273.124
570140 273.124
570242 273.124
570344 273.124
570446 273.124
570548 273.124
570650 273.125
570752 273.125
570854 273.125
570956 273.125
571058 273.125
571160 273.125
571262 273.126
571364 273.126
571466 273.126
571568 273.126
571670 273.126
571773 273.126
571875 273.126
571977 273.127
572079 273.127
572181 273.127
572283 273.127
572385 273.127
572487 273.127
572589 273.128
572691 273.128
572793 273.128
572895 273.128
572997 273.128
573099 273.128
573201 273.128
573303 273.129
573405 273.129
573507 273.129
573609 273.129
573711 273.129
573813 273.129
573915 273.13
574017 273.13
574119 273.13
574221 273.13
574323 273.13
574425 273.13
574527 273.13
574629 273.131
574731 273.131
574833 273.131
574935 273.131
575037 273.131
575139 273.131
575242 273.132
575344 273.132
575446 273.132
575548 273.132
575650 273.132
575752 273.132
575854 273.132
575956 273.133
576058 273.133
576160 273.133
576262 273.133
576364 273.133
576466 273.133
576568 273.134
576670 273.134
576772 273.134
576874 273.134
576976 273.134
577078 273.134
577180 273.134
577282 273.135
577384 273.135
577486 273.135
577588 273.135
577690 273.135
577792 273.135
577894 273.136
577996 273.136
578098 273.136
578200 273.136
578302 273.136
578404 273.136
578506 273.136
578608 273.137
578711 273.137
578813 273.137
578915 273.137
579017 273.137
579119 273.137
579221 273.138
579323 273.138
579425 273.138
579527 273.138
579629 273.138
579731 273.138
579833 273.139
579935 273.139
580037 273.139
580139 273.139
580241 273.139
580343 273.139
580445 273.139
580547 273.14
580649 273.14
580751 273.14
580853 273.14
580955 273.14
581057 273.14
581159 273.141
581261 273.141
581363 273.141
581465 273.141
581567 273.141
581669 273.141
581771 273.142
581873 273.142
581975 273.142
582077 273.142
582180 273.142
582282 273.142
582384 273.143
582486 273.143
582588 273.143
582690 273.143
582792 273.143
582894 273.143
582996 273.143
583098 273.144
583200 273.144
583302 273.144
583404 273.144
583506 273.144
583608 273.144
583710 273.145
583812 273.145
583914 273.145
584016 273.145
584118 273.145
584220 273.145
584322 273.146
584424 273.146
584526 273.146
584628 273.146
584730 273.146
584832 273.146
584934 273.147
585036 273.147
585138 273.147
585240 273.147
585342 273.147
585444 273.147
585546 273.148
585649 273.148
585751 273.148
585853 273.148
585955 273.148
586057 273.148
586159 273.148
586261 273.149
586363 273.149
586465 273.149
586567 273.149
586669 273.149
586771 273.149
586873 273.15
586975 273.15
587077 273.15
587179 273.15
587281 273.15
587383 273.15
587485 273.15
587587 273.15
587689 273.15
587791 273.15
587893 273.15
587995 273.15
588097 273.15
588199 273.15
588301 273.15
588403 273.15
588505 273.15
588607 273.15
588709 273.15
588811 273.15
588913 273.15
589015 273.15
589118 273.15
589220 273.15
589322 273.15
589424 273.15
589526 273.15
589628 273.15
589730 273.15
589832 273.15
589934 273.15
590036 273.15
590138 273.15
590240 273.15
590342 273.15
590444 273.15
590546 273.15
590648 273.15
590750 273.15
590852 273.15
590954 273.15
591056 273.15
591158 273.15
591260 273.15
591362 273.15
591464 273.15
591566 273.15
591668 273.15
591770 273.15
591872 273.15
591974 273.15
592076 273.15
592178 273.15
592280 273.15
592382 273.15
592484 273.15
592587 273.15
592689 273.15
592791 273.15
592893 273.15
592995 273.15
593097 273.15
593199 273.15
593301 273.15
593403 273.15
593505 273.15
593607 273.15
593709 273.15
593811 273.15
593913 273.15
594015 273.15
594117 273.15
594219 273.15
594321 273.15
594423 273.15
594525 273.15
594627 273.15
594729 273.15
594831 273.15
594933 273.15
595035 273.15
595137 273.15
595239 273.15
595341 273.15
595443 273.15
595545 273.15
595647 273.15
595749 273.15
595851 273.15
595953 273.15
596056 273.15
596158 273.15
596260 273.15
596362 273.15
596464 273.15
596566 273.15
596668 273.15
596770 273.15
596872 273.15
596974 273.15
597076 273.15
597178 273.15
597280 273.15
597382 273.15
597484 273.15
597586 273.15
597688 273.15
597790 273.15
597892 273.15
597994 273.15
598096 273.15
598198 273.15
598300 273.15
598402 273.15
598504 273.15
598606 273.15
598708 273.15
598810 273.15
598912 273.15
599014 273.15
599116 273.15
599218 273.15
599320 273.15
599422 273.15
599525 273.15
599627 273.15
599729 273.15
599831 273.15
599933 273.15
600035 273.15
600137 273.15
600239 273.15
600341 273.15
600443 273.15
600545 273.15
600647 273.15
600749 273.15
600851 273.15
600953 273.15
601055 273.15
601157 273.15
601259 273.15
601361 273.15
601463 273.15
601565 273.15
601667 273.15
601769 273.15
601871 273.15
601973 273.15
602075 273.15
602177 273.15
602279 273.15
602381 273.15
602483 273.15
602585 273.15
602687 273.15
602789 273.15
602891 273.15
602994 273.15
603096 273.15
603198 273.15
603300 273.15
603402 273.15
603504 273.15
603606 273.15
603708 273.15
603810 273.15
603912 273.15
604014 273.15
604116 273.15
604218 273.15
604320 273.15
604422 273.15
604524 273.15
604626 273.15
604728 273.15
604830 273.15
604932 273.15
605034 273.15
605136 273.15
605238 273.15
605340 273.15
605442 273.15
605544 273.15
605646 273.15
605748 273.15
605850 273.15
605952 273.15
606054 273.15
606156 273.15
606258 273.15
606360 273.15
606463 273.15
606565 273.15
606667 273.15
606769 273.15
606871 273.15
606973 273.15
607075 273.15
607177 273.15
607279 273.15
607381 273.15
607483 273.15
607585 273.15
607687 273.15
607789 273.15
607891 273.15
607993 273.15
608095 273.15
608197 273.15
608299 273.15
608401 273.15
608503 273.15
608605 273.15
608707 273.15
608809 273.15
608911 273.15
609013 273.15
609115 273.15
609217 273.15
609319 273.15
609421 273.15
609523 273.15
609625 273.15
609727 273.15
609829 273.15
609932 273.15
610034 273.15
610136 273.15
610238 273.15
610340 273.15
610442 273.15
610544 273.15
610646 273.15
610748 273.15
610850 273.15
610952 273.15
611054 273.15
611156 273.15
611258 273.15
611360 273.15
611462 273.15
611564 273.15
611666 273.15
611768 273.15
611870 273.15
611972 273.15
612074 273.15
612176 273.15
612278 273.15
612380 273.15
612482 273.15
612584 273.15
612686 273.15
612788 273.15
612890 273.15
612992 273.15
613094 273.15
613196 273.15
613298 273.15
613401 273.15
613503 273.15
613605 273.15
613707 273.15
613809 273.15
613911 273.15
614013 273.15
614115 273.15
614217 273.15
614319 273.15
614421 273.15
614523 273.15
614625 273.15
614727 273.15
614829 273.15
614931 273.15
615033 273.15
615135 273.15
615237 273.15
615339 273.15
615441 273.15
615543 273.15
615645 273.15
615747 273.15
615849 273.15
615951 273.15
616053 273.15
616155 273.15
616257 273.15
616359 273.15
616461 273.15
616563 273.15
616665 273.15
616767 273.15
616869 273.15
616972 273.15
617074 273.15
617176 273.15
617278 273.15
617380 273.15
617482 273.15
617584 273.15
617686 273.15
617788 273.15
617890 273.15
617992 273.15
618094 273.15
618196 273.15
618298 273.15
618400 273.15
618502 273.15
618604 273.15
618706 273.15
618808 273.15
618910 273.15
619012 273.15
619114 273.15
619216 273.15
619318 273.15
619420 273.15
619522 273.15
619624 273.15
619726 273.15
619828 273.15
619930 273.15
620032 273.15
620134 273.15
620236 273.15
620338 273.15
620441 273.15
620543 273.15
620645 273.15
620747 273.15
620849 273.15
620951 273.15
621053 273.15
621155 273.15
621257 273.15
621359 273.15
621461 273.15
621563 273.15
621665 273.15
621767 273.15
621869 273.15
621971 273.15
622073 273.15
622175 273.15
622277 273.15
622379 273.15
622481 273.15
622583 273.15
622685 273.15
622787 273.15
622889 273.15
622991 273.15
623093 273.15
623195 273.15
623297 273.15
623399 273.15
623501 273.15
623603 273.15
623705 273.15
623807 273.15
623910 273.15
624012 273.15
624114 273.15
624216 273.15
624318 273.15
624420 273.15
624522 273.15
624624 273.15
624726 273.15
624828 273.15
624930 273.15
625032 273.15
625134 273.15
625236 273.15
625338 273.15
625440 273.15
625542 273.15
625644 273.15
625746 273.15
625848 273.15
625950 273.15
626052 273.15
626154 273.15
626256 273.15
626358 273.15
626460 273.15
626562 273.15
626664 273.15
626766 273.15
626868 273.15
626970 273.15
627072 273.15
627174 273.15
627276 273.15
627379 273.15
627481 273.15
627583 273.15
627685 273.15
627787 273.15
627889 273.15
627991 273.15
628093 273.15
628195 273.15
628297 273.15
628399 273.15
628501 273.15
628603 273.15
628705 273.15
628807 273.15
628909 273.15
629011 273.15
629113 273.15
629215 273.15
629317 273.15
629419 273.15
629521 273.15
629623 273.15
629725 273.15
629827 273.15
629929 273.15
630031 273.15
630133 273.15
630235 273.15
630337 273.15
630439 273.15
630541 273.15
630643 273.15
630745 273.15
630848 273.15
630950 273.15
631052 273.15
631154 273.15
631256 273.15
631358 273.15
631460 273.15
631562 273.15
631664 273.15
631766 273.15
631868 273.15
631970 273.15
632072 273.15
632174 273.15
632276 273.15
632378 273.15
632480 273.15
632582 273.15
632684 273.15
632786 273.15
632888 273.15
632990 273.15
633092 273.15
633194 273.15
633296 273.15
633398 273.15
633500 273.15
633602 273.15
633704 273.15
633806 273.15
633908 273.15
634010 273.15
634112 273.15
634214 273.15
634317 273.15
634419 273.15
634521 273.15
634623 273.15
634725 273.15
634827 273.15
634929 273.15
635031 273.15
635133 273.15
635235 273.15
635337 273.15
635439 273.15
635541 273.15
635643 273.15
635745 273.15
635847 273.15
635949 273.15
636051 273.15
636153 273.15
636255 273.15
636357 273.15
636459 273.15
636561 273.15
636663 273.15
636765 273.15
636867 273.15
636969 273.15
637071 273.15
637173 273.15
637275 273.15
637377 273.15
637479 273.15
637581 273.15
637683 273.15
637786 273.15
637888 273.15
637990 273.15
638092 273.15
638194 273.15
638296 273.15
638398 273.15
638500 273.15
638602 273.15
638704 273.15
638806 273.15
638908 273.15
639010 273.15
639112 273.15
639214 273.15
639316 273.15
639418 273.15
639520 273.15
639622 273.15
639724 273.15
639826 273.15
639928 273.15
640030 273.15
640132 273.15
640234 273.15
640336 273.15
640438 273.15
640540 273.15
640642 273.15
640744 273.15
640846 273.15
640948 273.15
641050 273.15
641152 273.15
641255 273.15
641357 273.15
641459 273.15
641561 273.15
641663 273.15
641765 273.15
641867 273.15
641969 273.15
642071 273.15
642173 273.15
642275 273.15
642377 273.15
642479 273.15
642581 273.15
642683 273.15
642785 273.15
642887 273.15
642989 273.15
643091 273.15
643193 273.15
643295 273.15
643397 273.15
643499 273.15
643601 273.15
643703 273.15
643805 273.15
643907 273.15
644009 273.15
644111 273.15
644213 273.15
644315 273.15
644417 273.15
644519 273.15
644621 273.15
644724 273.15
644826 273.15
644928 273.15
645030 273.15
645132 273.15
645234 273.15
645336 273.15
645438 273.15
645540 273.15
645642 273.15
645744 273.15
645846 273.15
645948 273.15
646050 273.15
646152 273.15
646254 273.15
646356 273.15
646458 273.15
646560 273.15
646662 273.15
646764 273.15
646866 273.15
646968 273.15
647070 273.15
647172 273.15
647274 273.15
647376 273.15
647478 273.15
647580 273.15
647682 273.15
647784 273.15
647886 273.15
647988 273.15
648090 273.15
648193 273.15
648295 273.15
648397 273.15
648499 273.15
648601 273.15
648703 273.15
648805 273.15
648907 273.15
649009 273.15
649111 273.15
649213 273.15
649315 273.15
649417 273.15
649519 273.15
649621 273.15
649723 273.15
649825 273.15
649927 273.15
650029 273.15
650131 273.15
650233 273.15
650335 273.15
650437 273.15
650539 273.15
650641 273.15
650743 273.15
650845 273.15
650947 273.15
651049 273.15
651151 273.15
651253 273.15
651355 273.15
651457 273.15
651559 273.15
651662 273.15
651764 273.15
651866 273.15
651968 273.15
652070 273.15
652172 273.15
652274 273.15
652376 273.15
652478 273.15
652580 273.15
652682 273.15
652784 273.15
652886 273.15
652988 273.15
653090 273.15
653192 273.15
653294 273.15
653396 273.15
653498 273.15
653600 273.15
653702 273.15
653804 273.15
653906 273.15
654008 273.15
654110 273.15
654212 273.15
654314 273.15
654416 273.15
654518 273.15
654620 273.15
654722 273.15
654824 273.15
654926 273.15
655028 273.15
655131 273.15
655233 273.15
655335 273.15
655437 273.15
655539 273.15
655641 273.15
655743 273.15
655845 273.15
655947 273.15
656049 273.15
656151 273.15
656253 273.15
656355 273.15
656457 273.15
656559 273.15
656661 273.15
656763 273.15
656865 273.15
656967 273.15
657069 273.15
657171 273.15
657273 273.15
657375 273.15
657477 273.15
657579 273.15
657681 273.15
657783 273.15
657885 273.15
657987 273.15
658089 273.15
658191 273.15
658293 273.15
658395 273.15
658497 273.15
658600 273.15
658702 273.15
658804 273.15
658906 273.15
659008 273.15
659110 273.15
659212 273.15
659314 273.15
659416 273.15
659518 273.15
659620 273.15
659722 273.15
659824 273.15
659926 273.15
660028 273.15
660130 273.15
660232 273.15
660334 273.15
660436 273.15
660538 273.15
660640 273.15
660742 273.15
660844 273.15
660946 273.15
661048 273.15
661150 273.15
661252 273.15
661354 273.15
661456 273.15
661558 273.15
661660 273.15
661762 273.15
661864 273.15
661966 273.15
662069 273.15
662171 273.15
662273 273.15
662375 273.15
662477 273.15
662579 273.15
662681 273.15
662783 273.15
662885 273.15
662987 273.15
663089 273.15
663191 273.15
663293 273.15
663395 273.15
663497 273.15
663599 273.15
663701 273.15
663803 273.15
663905 273.15
664007 273.15
664109 273.15
664211 273.15
664313 273.15
664415 273.15
664517 273.15
664619 273.15
664721 273.15
664823 273.15
664925 273.15
665027 273.15
665129 273.15
665231 273.15
665333 273.15
665435 273.15
665538 273.15
665640 273.15
665742 273.15
665844 273.15
665946 273.15
666048 273.15
666150 273.15
666252 273.15
666354 273.15
666456 273.15
666558 273.15
666660 273.15
666762 273.15
666864 273.15
666966 273.15
667068 273.15
667170 273.15
667272 273.15
667374 273.15
667476 273.15
667578 273.15
667680 273.15
667782 273.15
667884 273.15
667986 273.15
668088 273.15
668190 273.15
668292 273.15
668394 273.15
668496 273.15
668598 273.15
668700 273.15
668802 273.15
668904 273.15
669007 273.15
669109 273.15
669211 273.15
669313 273.15
669415 273.15
669517 273.15
669619 273.15
669721 273.15
669823 273.15
669925 273.15
670027 273.15
670129 273.15
670231 273.15
670333 273.15
670435 273.15
670537 273.15
670639 273.15
670741 273.15
670843 273.15
670945 273.15
671047 273.15
671149 273.15
671251 273.15
671353 273.15
671455 273.15
671557 273.15
671659 273.15
671761 273.15
671863 273.15
671965 273.15
672067 273.15
672169 273.15
672271 273.15
672373 273.15
672475 273.15
672578 273.15
672680 273.15
672782 273.15
672884 273.15
672986 273.15
673088 273.15
673190 273.15
673292 273.15
673394 273.15
673496 273.15
673598 273.15
673700 273.15
673802 273.15
673904 273.15
674006 273.15
674108 273.15
674210 273.15
674312 273.15
674414 273.15
674516 273.15
674618 273.15
674720 273.15
674822 273.15
674924 273.15
675026 273.15
675128 273.15
675230 273.15
675332 273.15
675434 273.15
675536 273.15
675638 273.15
675740 273.15
675842 273.15
675944 273.15
676047 273.15
676149 273.15
676251 273.15
676353 273.15
676455 273.15
676557 273.15
676659 273.15
676761 273.15
676863 273.15
676965 273.15
677067 273.15
677169 273.15
677271 273.15
677373 273.15
677475 273.15
677577 273.15
677679 273.15
677781 273.15
677883 273.15
677985 273.15
678087 273.15
678189 273.15
678291 273.15
678393 273.15
678495 273.15
678597 273.15
678699 273.15
678801 273.15
678903 273.15
679005 273.15
679107 273.15
679209 273.15
679311 273.15
679413 273.15
679516 273.15
679618 273.15
679720 273.15
679822 273.15
679924 273.15
680026 273.15
680128 273.15
680230 273.15
680332 273.15
680434 273.15
680536 273.15
680638 273.15
680740 273.15
680842 273.15
680944 273.15
681046 273.15
681148 273.15
681250 273.15
681352 273.15
681454 273.15
681556 273.15
681658 273.15
681760 273.15
681862 273.15
681964 273.15
682066 273.15
682168 273.15
682270 273.15
682372 273.15
682474 273.15
682576 273.15
682678 273.15
682780 273.15
682882 273.15
682985 273.15
683087 273.15
683189 273.15
683291 273.15
683393 273.15
683495 273.15
683597 273.15
683699 273.15
683801 273.15
683903 273.15
684005 273.15
684107 273.15
684209 273.15
684311 273.15
684413 273.15
684515 273.15
684617 273.15
684719 273.15
684821 273.15
684923 273.15
685025 273.15
685127 273.15
685229 273.15
685331 273.15
685433 273.15
685535 273.15
685637 273.15
685739 273.15
685841 273.15
685943 273.15
686045 273.15
686147 273.15
686249 273.15
686351 273.15
686454 273.15
686556 273.15
686658 273.15
686760 273.15
686862 273.15
686964 273.15
687066 273.15
687168 273.15
687270 273.15
687372 273.15
687474 273.15
687576 273.15
687678 273.15
687780 273.15
687882 273.15
687984 273.15
688086 273.15
688188 273.15
688290 273.15
688392 273.15
688494 273.15
688596 273.15
688698 273.15
688800 273.15
688902 273.15
689004 273.15
689106 273.15
689208 273.15
689310 273.15
689412 273.15
689514 273.15
689616 273.15
689718 273.15
689820 273.15
689923 273.15
690025 273.15
690127 273.15
690229 273.15
690331 273.15
690433 273.15
690535 273.15
690637 273.15
690739 273.15
690841 273.15
690943 273.15
691045 273.15
691147 273.15
691249 273.15
691351 273.15
691453 273.15
691555 273.15
691657 273.15
691759 273.15
691861 273.15
691963 273.15
692065 273.15
692167 273.15
692269 273.15
692371 273.15
692473 273.15
692575 273.15
692677 273.15
692779 273.15
692881 273.15
692983 273.15
693085 273.15
693187 273.15
693289 273.15
693392 273.15
693494 273.15
693596 273.15
693698 273.15
693800 273.15
693902 273.15
694004 273.15
694106 273.15
694208 273.15
694310 273.15
694412 273.15
694514 273.15
694616 273.15
694718 273.15
694820 273.15
694922 273.15
695024 273.15
695126 273.15
695228 273.15
695330 273.15
695432 273.15
695534 273.15
695636 273.15
695738 273.15
695840 273.15
695942 273.15
696044 273.15
696146 273.15
696248 273.15
696350 273.15
696452 273.15
696554 273.15
696656 273.15
696758 273.15
696861 273.15
696963 273.15
697065 273.15
697167 273.15
697269 273.15
697371 273.15
697473 273.15
697575 273.15
697677 273.15
697779 273.15
697881 273.15
697983 273.15
698085 273.15
698187 273.15
698289 273.15
698391 273.15
698493 273.15
698595 273.15
698697 273.15
698799 273.15
698901 273.15
699003 273.15
699105 273.15
699207 273.15
699309 273.15
699411 273.15
699513 273.15
699615 273.15
699717 273.15
699819 273.15
699921 273.15
700023 273.15
700125 273.15
700227 273.15
700330 273.15
700432 273.15
700534 273.15
700636 273.15
700738 273.15
700840 273.15
700942 273.15
701044 273.15
701146 273.15
701248 273.15
701350 273.15
701452 273.15
701554 273.15
701656 273.15
701758 273.15
701860 273.15
701962 273.15
702064 273.15
702166 273.15
702268 273.15
702370 273.15
702472 273.15
702574 273.15
702676 273.15
702778 273.15
702880 273.15
702982 273.15
703084 273.15
703186 273.15
703288 273.15
703390 273.15
703492 273.15
703594 273.15
703696 273.15
703799 273.15
703901 273.15
704003 273.15
704105 273.15
704207 273.15
704309 273.15
704411 273.15
704513 273.15
704615 273.15
704717 273.15
704819 273.15
704921 273.15
705023 273.15
705125 273.15
705227 273.15
705329 273.15
705431 273.15
705533 273.15
705635 273.15
705737 273.15
705839 273.15
705941 273.15
706043 273.15
706145 273.15
706247 273.15
706349 273.15
706451 273.15
706553 273.15
706655 273.15
706757 273.15
706859 273.15
706961 273.15
707063 273.15
707165 273.15
707268 273.15
707370 273.15
707472 273.15
707574 273.15
707676 273.15
707778 273.15
707880 273.15
707982 273.15
708084 273.15
708186 273.15
708288 273.15
708390 273.15
708492 273.15
708594 273.15
708696 273.15
708798 273.15
708900 273.15
709002 273.15
709104 273.15
709206 273.15
709308 273.15
709410 273.15
709512 273.15
709614 273.15
709716 273.15
709818 273.15
709920 273.15
710022 273.15
710124 273.15
710226 273.15
710328 273.15
710430 273.15
710532 273.15
710634 273.15
710737 273.15
710839 273.15
710941 273.15
711043 273.15
711145 273.15
711247 273.15
711349 273.15
711451 273.15
711553 273.15
711655 273.15
711757 273.15
711859 273.15
711961 273.15
712063 273.15
712165 273.15
712267 273.15
712369 273.15
712471 273.15
712573 273.15
712675 273.15
712777 273.15
712879 273.15
712981 273.15
713083 273.15
713185 273.15
713287 273.15
713389 273.15
713491 273.15
713593 273.15
713695 273.15
713797 273.15
713899 273.15
714001 273.15
714103 273.15
714206 273.15
714308 273.15
714410 273.15
714512 273.15
714614 273.15
714716 273.15
714818 273.15
714920 273.15
715022 273.15
715124 273.15
715226 273.15
715328 273.15
715430 273.15
715532 273.15
715634 273.15
715736 273.15
715838 273.15
715940 273.15
716042 273.15
716144 273.15
716246 273.15
716348 273.15
716450 273.15
716552 273.15
716654 273.15
716756 273.15
716858 273.15
716960 273.15
717062 273.15
717164 273.15
717266 273.15
717368 273.15
717470 273.15
717572 273.15
717675 273.15
717777 273.15
717879 273.15
717981 273.15
718083 273.15
718185 273.15
718287 273.15
718389 273.15
718491 273.15
718593 273.15
718695 273.15
718797 273.15
718899 273.15
719001 273.15
719103 273.15
719205 273.15
719307 273.15
719409 273.15
719511 273.15
719613 273.15
719715 273.15
719817 273.15
719919 273.15
720021 273.15
720123 273.15
720225 273.15
720327 273.15
720429 273.15
720531 273.15
720633 273.15
720735 273.15
720837 273.15
720939 273.15
721041 273.15
721144 273.15
721246 273.15
721348 273.15
721450 273.15
721552 273.15
721654 273.15
721756 273.15
721858 273.15
721960 273.15
722062 273.15
722164 273.15
722266 273.15
722368 273.15
722470 273.15
722572 273.15
722674 273.15
722776 273.15
722878 273.15
722980 273.15
723082 273.15
723184 273.15
723286 273.15
723388 273.15
723490 273.15
723592 273.15
723694 273.15
723796 273.15
723898 273.15
724000 273.15
724102 273.15
724204 273.15
724306 273.15
724408 273.15
724510 273.15
724613 273.15
724715 273.15
724817 273.15
724919 273.15
725021 273.15
725123 273.15
725225 273.15
725327 273.15
725429 273.15
725531 273.15
725633 273.15
725735 273.15
725837 273.15
725939 273.15
726041 273.15
726143 273.15
726245 273.15
726347 273.15
726449 273.15
726551 273.15
726653 273.15
726755 273.15
726857 273.15
726959 273.15
727061 273.15
727163 273.15
727265 273.15
727367 273.15
727469 273.15
727571 273.15
727673 273.15
727775 273.15
727877 273.15
727979 273.15
728081 273.15
728184 273.15
728286 273.15
728388 273.15
728490 273.15
728592 273.15
728694 273.15
728796 273.15
728898 273.15
729000 273.15
729102 273.15
729204 273.15
729306 273.15
729408 273.15
729510 273.15
729612 273.15
729714 273.15
729816 273.15
729918 273.15
730020 273.15
730122 273.15
730224 273.15
730326 273.15
730428 273.15
730530 273.15
730632 273.15
730734 273.15
730836 273.15
730938 273.15
731040 273.15
731142 273.15
731244 273.15
731346 273.15
731448 273.15
731550 273.15
731653 273.15
731755 273.15
731857 273.15
731959 273.15
732061 273.15
732163 273.15
732265 273.15
732367 273.15
732469 273.15
732571 273.15
732673 273.15
732775 273.15
732877 273.15
732979 273.15
733081 273.15
733183 273.15
733285 273.15
733387 273.15
733489 273.15
733591 273.15
733693 273.15
733795 273.15
733897 273.15
733999 273.15
734101 273.15
734203 273.15
734305 273.15
734407 273.15
734509 273.15
734611 273.15
734713 273.15
734815 273.15
734917 273.15
735019 273.15
735122 273.15
735224 273.15
735326 273.15
735428 273.15
735530 273.15
735632 273.15
735734 273.15
735836 273.15
735938 273.15
736040 273.15
736142 273.15
736244 273.15
736346 273.15
736448 273.15
736550 273.15
736652 273.15
736754 273.15
736856 273.15
736958 273.15
737060 273.15
737162 273.15
737264 273.15
737366 273.15
737468 273.15
737570 273.15
737672 273.15
737774 273.15
737876 273.15
737978 273.15
738080 273.15
738182 273.15
738284 273.15
738386 273.15
738488 273.15
738591 273.15
738693 273.15
738795 273.15
738897 273.15
738999 273.15
739101 273.15
739203 273.15
739305 273.15
739407 273.15
739509 273.15
739611 273.15
739713 273.15
739815 273.15
739917 273.15
740019 273.15
740121 273.15
740223 273.15
740325 273.15
740427 273.15
740529 273.15
740631 273.15
740733 273.15
740835 273.15
740937 273.15
741039 273.15
741141 273.15
741243 273.15
741345 273.15
741447 273.15
741549 273.15
741651 273.15
741753 273.15
741855 273.15
741957 273.15
742060 273.15
742162 273.15
742264 273.15
742366 273.15
742468 273.15
742570 273.15
742672 273.15
742774 273.15
742876 273.15
742978 273.15
743080 273.15
743182 273.15
743284 273.15
743386 273.15
743488 273.15
743590 273.15
743692 273.15
743794 273.15
743896 273.15
743998 273.15
744100 273.15
744202 273.15
744304 273.15
744406 273.15
744508 273.15
744610 273.15
744712 273.15
744814 273.15
744916 273.15
745018 273.15
745120 273.15
745222 273.15
745324 273.15
745426 273.15
745529 273.15
745631 273.15
745733 273.15
745835 273.15
745937 273.15
746039 273.15
746141 273.15
746243 273.15
746345 273.15
746447 273.15
746549 273.15
746651 273.15
746753 273.15
746855 273.15
746957 273.15
747059 273.15
747161 273.15
747263 273.15
747365 273.15
747467 273.15
747569 273.15
747671 273.15
747773 273.15
747875 273.15
747977 273.15
748079 273.15
748181 273.15
748283 273.15
748385 273.15
748487 273.15
748589 273.15
748691 273.15
748793 273.15
748895 273.15
748998 273.15
749100 273.15
749202 273.15
749304 273.15
749406 273.15
749508 273.15
749610 273.15
749712 273.15
749814 273.15
749916 273.15
750018 273.15
750120 273.15
750222 273.15
750324 273.15
750426 273.15
750528 273.15
750630 273.15
750732 273.15
750834 273.15
750936 273.15
751038 273.15
751140 273.15
751242 273.15
751344 273.15
751446 273.15
751548 273.15
751650 273.15
751752 273.15
751854 273.15
751956 273.15
752058 273.15
752160 273.15
752262 273.15
752364 273.15
752467 273.15
752569 273.15
752671 273.15
752773 273.15
752875 273.15
752977 273.15
753079 273.15
753181 273.15
753283 273.15
753385 273.15
753487 273.15
753589 273.15
753691 273.15
753793 273.15
753895 273.15
753997 273.15
754099 273.15
754201 273.15
754303 273.15
754405 273.15
754507 273.15
754609 273.15
754711 273.15
754813 273.15
754915 273.15
755017 273.15
755119 273.15
755221 273.15
755323 273.15
755425 273.15
755527 273.15
755629 273.15
755731 273.15
755833 273.15
755936 273.15
756038 273.15
756140 273.15
756242 273.15
756344 273.15
756446 273.15
756548 273.15
756650 273.15
756752 273.15
756854 273.15
756956 273.15
757058 273.15
757160 273.15
757262 273.15
757364 273.15
757466 273.15
757568 273.15
757670 273.15
757772 273.15
757874 273.15
757976 273.15
758078 273.15
758180 273.15
758282 273.15
758384 273.15
758486 273.15
758588 273.15
758690 273.15
758792 273.15
758894 273.15
758996 273.15
759098 273.15
759200 273.15
759302 273.15
759405 273.15
759507 273.15
759609 273.15
759711 273.15
759813 273.15
759915 273.15
760017 273.15
760119 273.15
760221 273.15
760323 273.15
760425 273.15
760527 273.15
760629 273.15
760731 273.15
760833 273.15
760935 273.15
761037 273.15
761139 273.15
761241 273.15
761343 273.15
761445 273.15
761547 273.15
761649 273.15
761751 273.15
761853 273.15
761955 273.15
762057 273.15
762159 273.15
762261 273.15
762363 273.15
762465 273.15
762567 273.15
762669 273.15
762771 273.15
762874 273.15
762976 273.15
763078 273.15
763180 273.15
763282 273.15
763384 273.15
763486 273.15
763588 273.15
763690 273.15
763792 273.15
763894 273.15
763996 273.15
764098 273.15
764200 273.15
764302 273.15
764404 273.15
764506 273.15
764608 273.15
764710 273.15
764812 273.15
764914 273.15
765016 273.15
765118 273.15
765220 273.15
765322 273.15
765424 273.15
765526 273.15
765628 273.15
765730 273.15
765832 273.15
765934 273.15
766036 273.15
766138 273.15
766240 273.15
766343 273.15
766445 273.15
766547 273.15
766649 273.15
766751 273.15
766853 273.15
766955 273.15
767057 273.15
767159 273.15
767261 273.15
767363 273.15
767465 273.15
767567 273.15
767669 273.15
767771 273.15
767873 273.15
767975 273.15
768077 273.15
768179 273.15
768281 273.15
768383 273.15
768485 273.15
768587 273.15
768689 273.15
768791 273.15
768893 273.15
768995 273.15
769097 273.15
769199 273.15
769301 273.15
769403 273.15
769505 273.15
769607 273.15
769709 273.15
769812 273.15
769914 273.15
770016 273.15
770118 273.15
770220 273.15
770322 273.15
770424 273.15
770526 273.15
770628 273.15
770730 273.15
770832 273.15
770934 273.15
771036 273.15
771138 273.15
771240 273.15
771342 273.15
771444 273.15
771546 273.15
771648 273.15
771750 273.15
771852 273.15
771954 273.15
772056 273.15
772158 273.15
772260 273.15
772362 273.15
772464 273.15
772566 273.15
772668 273.15
772770 273.15
772872 273.15
772974 273.15
773076 273.15
773178 273.15
773281 273.15
773383 273.15
773485 273.15
773587 273.15
773689 273.15
773791 273.15
773893 273.15
773995 273.15
774097 273.15
774199 273.15
774301 273.15
774403 273.15
774505 273.15
774607 273.15
774709 273.15
774811 273.15
774913 273.15
775015 273.15
775117 273.15
775219 273.15
775321 273.15
775423 273.15
775525 273.15
775627 273.15
775729 273.15
775831 273.15
775933 273.15
776035 273.15
776137 273.15
776239 273.15
776341 273.15
776443 273.15
776545 273.15
776647 273.15
776750 273.15
776852 273.15
776954 273.15
777056 273.15
777158 273.15
777260 273.15
777362 273.15
777464 273.15
777566 273.15
777668 273.15
777770 273.15
777872 273.15
777974 273.15
778076 273.15
778178 273.15
778280 273.15
778382 273.15
778484 273.15
778586 273.15
778688 273.15
778790 273.15
778892 273.15
778994 273.15
779096 273.15
779198 273.15
779300 273.15
779402 273.15
779504 273.15
779606 273.15
779708 273.15
779810 273.15
779912 273.15
780014 273.15
780116 273.15
780219 273.15
780321 273.15
780423 273.15
780525 273.15
780627 273.15
780729 273.15
780831 273.15
780933 273.15
781035 273.15
781137 273.15
781239 273.15
781341 273.15
781443 273.15
781545 273.15
781647 273.15
781749 273.15
781851 273.15
781953 273.15
782055 273.15
782157 273.15
782259 273.15
782361 273.15
782463 273.15
782565 273.15
782667 273.15
782769 273.15
782871 273.15
782973 273.15
783075 273.15
783177 273.15
783279 273.15
783381 273.15
783483 273.15
783585 273.15
783687 273.15
783790 273.15
783892 273.15
783994 273.15
784096 273.15
784198 273.15
784300 273.15
784402 273.15
784504 273.15
784606 273.15
784708 273.15
784810 273.15
784912 273.15
785014 273.15
785116 273.15
785218 273.15
785320 273.15
785422 273.15
785524 273.15
785626 273.15
785728 273.15
785830 273.15
785932 273.15
786034 273.15
786136 273.15
786238 273.15
786340 273.15
786442 273.15
786544 273.15
786646 273.15
786748 273.15
786850 273.15
786952 273.15
787054 273.15
787156 273.15
787259 273.15
787361 273.15
787463 273.15
787565 273.15
787667 273.15
787769 273.15
787871 273.15
787973 273.15
788075 273.15
788177 273.15
788279 273.15
788381 273.15
788483 273.15
788585 273.15
788687 273.15
788789 273.15
788891 273.15
788993 273.15
789095 273.15
789197 273.15
789299 273.15
789401 273.15
789503 273.15
789605 273.15
789707 273.15
789809 273.15
789911 273.15
790013 273.15
790115 273.15
790217 273.15
790319 273.15
790421 273.15
790523 273.15
790625 273.15
790728 273.15
790830 273.15
790932 273.15
791034 273.15
791136 273.15
791238 273.15
791340 273.15
791442 273.15
791544 273.15
791646 273.15
791748 273.15
791850 273.15
791952 273.15
792054 273.15
792156 273.15
792258 273.15
792360 273.15
792462 273.15
792564 273.15
792666 273.15
792768 273.15
792870 273.15
792972 273.15
793074 273.15
793176 273.15
793278 273.15
793380 273.15
793482 273.15
793584 273.15
793686 273.15
793788 273.15
793890 273.15
793992 273.15
794094 273.15
794197 273.15
794299 273.15
794401 273.15
794503 273.15
794605 273.15
794707 273.15
794809 273.15
794911 273.15
795013 273.15
795115 273.15
795217 273.15
795319 273.15
795421 273.15
795523 273.15
795625 273.15
795727 273.15
795829 273.15
795931 273.15
796033 273.15
796135 273.15
796237 273.15
796339 273.15
796441 273.15
796543 273.15
796645 273.15
796747 273.15
796849 273.15
796951 273.15
797053 273.15
797155 273.15
797257 273.15
797359 273.15
797461 273.15
797563 273.15
797666 273.15
797768 273.15
797870 273.15
797972 273.15
798074 273.15
798176 273.15
798278 273.15
798380 273.15
798482 273.15
798584 273.15
798686 273.15
798788 273.15
798890 273.15
798992 273.15
799094 273.15
799196 273.15
799298 273.15
799400 273.15
799502 273.15
799604 273.15
799706 273.15
799808 273.15
799910 273.15
800012 273.15
800114 273.15
800216 273.15
800318 273.15
800420 273.15
800522 273.15
800624 273.15
800726 273.15
800828 273.15
800930 273.15
801032 273.15
801135 273.15
801237 273.15
801339 273.15
801441 273.15
801543 273.15
801645 273.15
801747 273.15
801849 273.15
801951 273.15
802053 273.15
802155 273.15
802257 273.15
802359 273.15
802461 273.15
802563 273.15
802665 273.15
802767 273.15
802869 273.15
802971 273.15
803073 273.15
803175 273.15
803277 273.15
803379 273.15
803481 273.15
803583 273.15
803685 273.15
803787 273.15
803889 273.15
803991 273.15
804093 273.15
804195 273.15
804297 273.15
804399 273.15
804501 273.15
804604 273.15
804706 273.15
804808 273.15
804910 273.15
805012 273.15
805114 273.15
805216 273.15
805318 273.15
805420 273.15
805522 273.15
805624 273.15
805726 273.15
805828 273.15
805930 273.15
806032 273.15
806134 273.15
806236 273.15
806338 273.15
806440 273.15
806542 273.15
806644 273.15
806746 273.15
806848 273.15
806950 273.15
807052 273.15
807154 273.15
807256 273.15
807358 273.15
807460 273.15
807562 273.15
807664 273.15
807766 273.15
807868 273.15
807970 273.15
808073 273.15
808175 273.15
808277 273.15
808379 273.15
808481 273.15
808583 273.15
808685 273.15
808787 273.15
808889 273.15
808991 273.15
809093 273.15
809195 273.15
809297 273.15
809399 273.15
809501 273.15
809603 273.15
809705 273.15
809807 273.15
809909 273.15
810011 273.15
810113 273.15
810215 273.15
810317 273.15
810419 273.15
810521 273.15
810623 273.15
810725 273.15
810827 273.15
810929 273.15
811031 273.15
811133 273.15
811235 273.15
811337 273.15
811439 273.15
811542 273.15
811644 273.15
811746 273.15
811848 273.15
811950 273.15
812052 273.15
812154 273.15
812256 273.15
812358 273.15
812460 273.15
812562 273.15
812664 273.15
812766 273.15
812868 273.15
812970 273.15
813072 273.15
813174 273.15
813276 273.15
813378 273.15
813480 273.15
813582 273.15
813684 273.15
813786 273.15
813888 273.15
813990 273.15
814092 273.15
814194 273.15
814296 273.15
814398 273.15
814500 273.15
814602 273.15
814704 273.15
814806 273.15
814908 273.15
815011 273.15
815113 273.15
815215 273.15
815317 273.15
815419 273.15
815521 273.15
815623 273.15
815725 273.15
815827 273.15
815929 273.15
816031 273.15
816133 273.15
816235 273.15
816337 273.15
816439 273.15
816541 273.15
816643 273.15
816745 273.15
816847 273.15
816949 273.15
817051 273.15
817153 273.15
817255 273.15
817357 273.15
817459 273.15
817561 273.15
817663 273.15
817765 273.15
817867 273.15
817969 273.15
818071 273.15
818173 273.15
818275 273.15
818377 273.15
818480 273.15
818582 273.15
818684 273.15
818786 273.15
818888 273.15
818990 273.15
819092 273.15
819194 273.15
819296 273.15
819398 273.15
819500 273.15
819602 273.15
819704 273.15
819806 273.15
819908 273.15
820010 273.15
820112 273.15
820214 273.15
820316 273.15
820418 273.15
820520 273.15
820622 273.15
820724 273.15
820826 273.15
820928 273.15
821030 273.15
821132 273.15
821234 273.15
821336 273.15
821438 273.15
821540 273.15
821642 273.15
821744 273.15
821846 273.15
821949 273.15
822051 273.15
822153 273.15
822255 273.15
822357 273.15
822459 273.15
822561 273.15
822663 273.15
822765 273.15
822867 273.15
822969 273.15
823071 273.15
823173 273.15
823275 273.15
823377 273.15
823479 273.15
823581 273.15
823683 273.15
823785 273.15
823887 273.15
823989 273.15
824091 273.15
824193 273.15
824295 273.15
824397 273.15
824499 273.15
824601 273.15
824703 273.15
824805 273.15
824907 273.15
825009 273.15
825111 273.15
825213 273.15
825315 273.15
825418 273.15
825520 273.15
825622 273.15
825724 273.15
825826 273.15
825928 273.15
826030 273.15
826132 273.15
826234 273.15
826336 273.15
826438 273.15
826540 273.15
826642 273.15
826744 273.15
826846 273.15
826948 273.15
827050 273.15
827152 273.15
827254 273.15
827356 273.15
827458 273.15
827560 273.15
827662 273.15
827764 273.15
827866 273.15
827968 273.15
828070 273.15
828172 273.15
828274 273.15
828376 273.15
828478 273.15
828580 273.15
828682 273.15
828784 273.15
828887 273.15
828989 273.15
829091 273.15
829193 273.15
829295 273.15
829397 273.15
829499 273.15
829601 273.15
829703 273.15
829805 273.15
829907 273.15
830009 273.15
830111 273.15
830213 273.15
830315 273.15
830417 273.15
830519 273.15
830621 273.15
830723 273.15
830825 273.15
830927 273.15
831029 273.15
831131 273.15
831233 273.15
831335 273.15
831437 273.15
831539 273.15
831641 273.15
831743 273.15
831845 273.15
831947 273.15
832049 273.15
832151 273.15
832253 273.15
832356 273.15
832458 273.15
832560 273.15
832662 273.15
832764 273.15
832866 273.15
832968 273.15
833070 273.15
833172 273.15
833274 273.15
833376 273.15
833478 273.15
833580 273.15
833682 273.15
833784 273.15
833886 273.15
833988 273.15
834090 273.15
834192 273.15
834294 273.15
834396 273.15
834498 273.15
834600 273.15
834702 273.15
834804 273.15
834906 273.15
835008 273.15
835110 273.15
835212 273.15
835314 273.15
835416 273.15
835518 273.15
835620 273.15
835722 273.15
835825 273.15
835927 273.15
836029 273.15
836131 273.15
836233 273.15
836335 273.15
836437 273.15
836539 273.15
836641 273.15
836743 273.15
836845 273.15
836947 273.15
837049 273.15
837151 273.15
837253 273.15
837355 273.15
837457 273.15
837559 273.15
837661 273.15
837763 273.15
837865 273.15
837967 273.15
838069 273.15
838171 273.15
838273 273.15
838375 273.15
838477 273.15
838579 273.15
838681 273.15
838783 273.15
838885 273.15
838987 273.15
839089 273.15
839191 273.15
839293 273.15
839396 273.15
839498 273.15
839600 273.15
839702 273.15
839804 273.15
839906 273.15
840008 273.15
840110 273.15
840212 273.15
840314 273.15
840416 273.15
840518 273.15
840620 273.15
840722 273.15
840824 273.15
840926 273.15
841028 273.15
841130 273.15
841232 273.15
841334 273.15
841436 273.15
841538 273.15
841640 273.15
841742 273.15
841844 273.15
841946 273.15
842048 273.15
842150 273.15
842252 273.15
842354 273.15
842456 273.15
842558 273.15
842660 273.15
842762 273.15
842865 273.15
842967 273.15
843069 273.15
843171 273.15
843273 273.15
843375 273.15
843477 273.15
843579 273.15
843681 273.15
843783 273.15
843885 273.15
843987 273.15
844089 273.15
844191 273.15
844293 273.15
844395 273.15
844497 273.15
844599 273.15
844701 273.15
844803 273.15
844905 273.15
845007 273.15
845109 273.15
845211 273.15
845313 273.15
845415 273.15
845517 273.15
845619 273.15
845721 273.15
845823 273.15
845925 273.15
846027 273.15
846129 273.15
846231 273.15
846334 273.15
846436 273.15
846538 273.15
846640 273.15
846742 273.15
846844 273.15
846946 273.15
847048 273.15
847150 273.15
847252 273.15
847354 273.15
847456 273.15
847558 273.15
847660 273.15
847762 273.15
847864 273.15
847966 273.15
848068 273.15
848170 273.15
848272 273.15
848374 273.15
848476 273.15
848578 273.15
848680 273.15
848782 273.15
848884 273.15
848986 273.15
849088 273.15
849190 273.15
849292 273.15
849394 273.15
849496 273.15
849598 273.15
849700 273.15
849803 273.15
849905 273.15
850007 273.15
850109 273.15
850211 273.15
850313 273.15
850415 273.15
850517 273.15
850619 273.15
850721 273.15
850823 273.15
850925 273.15
851027 273.15
851129 273.15
851231 273.15
851333 273.15
851435 273.15
851537 273.15
851639 273.15
851741 273.15
851843 273.15
851945 273.15
852047 273.15
852149 273.15
852251 273.15
852353 273.15
852455 273.15
852557 273.15
852659 273.15
852761 273.15
852863 273.15
852965 273.15
853067 273.15
853169 273.15
853272 273.15
853374 273.15
853476 273.15
853578 273.15
853680 273.15
853782 273.15
853884 273.15
853986 273.15
854088 273.15
854190 273.15
854292 273.15
854394 273.15
854496 273.15
854598 273.15
854700 273.15
854802 273.15
854904 273.15
855006 273.15
855108 273.15
855210 273.15
855312 273.15
855414 273.15
855516 273.15
855618 273.15
855720 273.15
855822 273.15
855924 273.15
856026 273.15
856128 273.15
856230 273.15
856332 273.15
856434 273.15
856536 273.15
856638 273.15
856741 273.15
856843 273.15
856945 273.15
857047 273.15
857149 273.15
857251 273.15
857353 273.15
857455 273.15
857557 273.15
857659 273.15
857761 273.15
857863 273.15
857965 273.15
858067 273.15
858169 273.15
858271 273.15
858373 273.15
858475 273.15
858577 273.15
858679 273.15
858781 273.15
858883 273.15
858985 273.15
859087 273.15
859189 273.15
859291 273.15
859393 273.15
859495 273.15
859597 273.15
859699 273.15
859801 273.15
859903 273.15
860005 273.15
860107 273.15
860210 273.15
860312 273.15
860414 273.15
860516 273.15
860618 273.15
860720 273.15
860822 273.15
860924 273.15
861026 273.15
861128 273.15
861230 273.15
861332 273.15
861434 273.15
861536 273.15
861638 273.15
861740 273.15
861842 273.15
861944 273.15
862046 273.15
862148 273.15
862250 273.15
862352 273.15
862454 273.15
862556 273.15
862658 273.15
862760 273.15
862862 273.15
862964 273.15
863066 273.15
863168 273.15
863270 273.15
863372 273.15
863474 273.15
863576 273.15
863679 273.15
863781 273.15
863883 273.15
863985 273.15
864087 273.15
864189 273.15
864291 273.15
864393 273.15
864495 273.15
864597 273.15
864699 273.15
864801 273.15
864903 273.15
865005 273.15
865107 273.15
865209 273.15
865311 273.15
865413 273.15
865515 273.15
865617 273.15
865719 273.15
865821 273.15
865923 273.15
866025 273.15
866127 273.15
866229 273.15
866331 273.15
866433 273.15
866535 273.15
866637 273.15
866739 273.15
866841 273.15
866943 273.15
867045 273.15
867148 273.15
867250 273.15
867352 273.15
867454 273.15
867556 273.15
867658 273.15
867760 273.15
867862 273.15
867964 273.15
868066 273.15
868168 273.15
868270 273.15
868372 273.15
868474 273.15
868576 273.15
868678 273.15
868780 273.15
868882 273.15
868984 273.15
869086 273.15
869188 273.15
869290 273.15
869392 273.15
869494 273.15
869596 273.15
869698 273.15
869800 273.15
869902 273.15
870004 273.15
870106 273.15
870208 273.15
870310 273.15
870412 273.15
870514 273.15
870617 273.15
870719 273.15
870821 273.15
870923 273.15
871025 273.15
871127 273.15
871229 273.15
871331 273.15
871433 273.15
871535 273.15
871637 273.15
871739 273.15
871841 273.15
871943 273.15
872045 273.15
872147 273.15
872249 273.15
872351 273.15
872453 273.15
872555 273.15
872657 273.15
872759 273.15
872861 273.15
872963 273.15
873065 273.15
873167 273.15
873269 273.15
873371 273.15
873473 273.15
873575 273.15
873677 273.15
873779 273.15
873881 273.15
873983 273.15
874086 273.15
874188 273.15
874290 273.15
874392 273.15
874494 273.15
874596 273.15
874698 273.15
874800 273.15
874902 273.15
875004 273.15
875106 273.15
875208 273.15
875310 273.15
875412 273.15
875514 273.15
875616 273.15
875718 273.15
875820 273.15
875922 273.15
876024 273.15
876126 273.15
876228 273.15
876330 273.15
876432 273.15
876534 273.15
876636 273.15
876738 273.15
876840 273.15
876942 273.15
877044 273.15
877146 273.15
877248 273.15
877350 273.15
877452 273.15
877555 273.15
877657 273.15
877759 273.15
877861 273.15
877963 273.15
878065 273.15
878167 273.15
878269 273.15
878371 273.15
878473 273.15
878575 273.15
878677 273.15
878779 273.15
878881 273.15
878983 273.15
879085 273.15
879187 273.15
879289 273.15
879391 273.15
879493 273.15
879595 273.15
879697 273.15
879799 273.15
879901 273.15
880003 273.15
880105 273.15
880207 273.15
880309 273.15
880411 273.15
880513 273.15
880615 273.15
880717 273.15
880819 273.15
880921 273.15
881024 273.15
881126 273.15
881228 273.15
881330 273.15
881432 273.15
881534 273.15
881636 273.15
881738 273.15
881840 273.15
881942 273.15
882044 273.15
882146 273.15
882248 273.15
882350 273.15
882452 273.15
882554 273.15
882656 273.15
882758 273.15
882860 273.15
882962 273.15
883064 273.15
883166 273.15
883268 273.15
883370 273.15
883472 273.15
883574 273.15
883676 273.15
883778 273.15
883880 273.15
883982 273.15
884084 273.15
884186 273.15
884288 273.15
884390 273.15
884493 273.15
884595 273.15
884697 273.15
884799 273.15
884901 273.15
885003 273.15
885105 273.15
885207 273.15
885309 273.15
885411 273.15
885513 273.15
885615 273.15
885717 273.15
885819 273.15
885921 273.15
886023 273.15
886125 273.15
886227 273.15
886329 273.15
886431 273.15
886533 273.15
886635 273.15
886737 273.15
886839 273.15
886941 273.15
887043 273.15
887145 273.15
887247 273.15
887349 273.15
887451 273.15
887553 273.15
887655 273.15
887757 273.15
887859 273.15
887962 273.15
888064 273.15
888166 273.15
888268 273.15
888370 273.15
888472 273.15
888574 273.15
888676 273.15
888778 273.15
888880 273.15
888982 273.15
889084 273.15
889186 273.15
889288 273.15
889390 273.15
889492 273.15
889594 273.15
889696 273.15
889798 273.15
889900 273.15
890002 273.15
890104 273.15
890206 273.15
890308 273.15
890410 273.15
890512 273.15
890614 273.15
890716 273.15
890818 273.15
890920 273.15
891022 273.15
891124 273.15
891226 273.15
891328 273.15
891431 273.15
891533 273.15
891635 273.15
891737 273.15
891839 273.15
891941 273.15
892043 273.15
892145 273.15
892247 273.15
892349 273.15
892451 273.15
892553 273.15
892655 273.15
892757 273.15
892859 273.15
892961 273.15
893063 273.15
893165 273.15
893267 273.15
893369 273.15
893471 273.15
893573 273.15
893675 273.15
893777 273.15
893879 273.15
893981 273.15
894083 273.15
894185 273.15
894287 273.15
894389 273.15
894491 273.15
894593 273.15
894695 273.15
894797 273.15
894899 273.15
895002 273.15
895104 273.15
895206 273.15
895308 273.15
895410 273.15
895512 273.15
895614 273.15
895716 273.15
895818 273.15
895920 273.15
896022 273.15
896124 273.15
896226 273.15
896328 273.15
896430 273.15
896532 273.15
896634 273.15
896736 273.15
896838 273.15
896940 273.15
897042 273.15
897144 273.15
897246 273.15
897348 273.15
897450 273.15
897552 273.15
897654 273.15
897756 273.15
897858 273.15
897960 273.15
898062 273.15
898164 273.15
898266 273.15
898368 273.15
898471 273.15
898573 273.15
898675 273.15
898777 273.15
898879 273.15
898981 273.15
899083 273.15
899185 273.15
899287 273.15
899389 273.15
899491 273.15
899593 273.15
899695 273.15
899797 273.15
899899 273.15
900001 273.15
900103 273.15
900205 273.15
900307 273.15
900409 273.15
900511 273.15
900613 273.15
900715 273.15
900817 273.15
900919 273.15
901021 273.15
901123 273.15
901225 273.15
901327 273.15
901429 273.15
901531 273.15
901633 273.15
901735 273.15
901837 273.15
901940 273.15
902042 273.15
902144 273.15
902246 273.15
902348 273.15
902450 273.15
902552 273.15
902654 273.15
902756 273.15
902858 273.15
902960 273.15
903062 273.15
903164 273.15
903266 273.15
903368 273.15
903470 273.15
903572 273.15
903674 273.15
903776 273.15
903878 273.15
903980 273.15
904082 273.15
904184 273.15
904286 273.15
904388 273.15
904490 273.15
904592 273.15
904694 273.15
904796 273.15
904898 273.15
905000 273.15
905102 273.15
905204 273.15
905306 273.15
905409 273.15
905511 273.15
905613 273.15
905715 273.15
905817 273.15
905919 273.15
906021 273.15
906123 273.15
906225 273.15
906327 273.15
906429 273.15
906531 273.15
906633 273.15
906735 273.15
906837 273.15
906939 273.15
907041 273.15
907143 273.15
907245 273.15
907347 273.15
907449 273.15
907551 273.15
907653 273.15
907755 273.15
907857 273.15
907959 273.15
908061 273.15
908163 273.15
908265 273.15
908367 273.15
908469 273.15
908571 273.15
908673 273.15
908775 273.15
908878 273.15
908980 273.15
909082 273.15
909184 273.15
909286 273.15
909388 273.15
909490 273.15
909592 273.15
909694 273.15
909796 273.15
909898 273.15
910000 273.15
910102 273.15
910204 273.15
910306 273.15
910408 273.15
910510 273.15
910612 273.15
910714 273.15
910816 273.15
910918 273.15
911020 273.15
911122 273.15
911224 273.15
911326 273.15
911428 273.15
911530 273.15
911632 273.15
911734 273.15
911836 273.15
911938 273.15
912040 273.15
912142 273.15
912244 273.15
912347 273.15
912449 273.15
912551 273.15
912653 273.15
912755 273.15
912857 273.15
912959 273.15
913061 273.15
913163 273.15
913265 273.15
913367 273.15
913469 273.15
913571 273.15
913673 273.15
913775 273.15
913877 273.15
913979 273.15
914081 273.15
914183 273.15
914285 273.15
914387 273.15
914489 273.15
914591 273.15
914693 273.15
914795 273.15
914897 273.15
914999 273.15
915101 273.15
915203 273.15
915305 273.15
915407 273.15
915509 273.15
915611 273.15
915713 273.15
915816 273.15
915918 273.15
916020 273.15
916122 273.15
916224 273.15
916326 273.15
916428 273.15
916530 273.15
916632 273.15
916734 273.15
916836 273.15
916938 273.15
917040 273.15
917142 273.15
917244 273.15
917346 273.15
917448 273.15
917550 273.15
917652 273.15
917754 273.15
917856 273.15
917958 273.15
918060 273.15
918162 273.15
918264 273.15
918366 273.15
918468 273.15
918570 273.15
918672 273.15
918774 273.15
918876 273.15
918978 273.15
919080 273.15
919182 273.15
919285 273.15
919387 273.15
919489 273.15
919591 273.15
919693 273.15
919795 273.15
919897 273.15
919999 273.15
920101 273.15
920203 273.15
920305 273.15
920407 273.15
920509 273.15
920611 273.15
920713 273.15
920815 273.15
920917 273.15
921019 273.15
921121 273.15
921223 273.15
921325 273.15
921427 273.15
921529 273.15
921631 273.15
921733 273.15
921835 273.15
921937 273.15
922039 273.15
922141 273.15
922243 273.15
922345 273.15
922447 273.15
922549 273.15
922651 273.15
922754 273.15
922856 273.15
922958 273.15
923060 273.15
923162 273.15
923264 273.15
923366 273.15
923468 273.15
923570 273.15
923672 273.15
923774 273.15
923876 273.15
923978 273.15
924080 273.15
924182 273.15
924284 273.15
924386 273.15
924488 273.15
924590 273.15
924692 273.15
924794 273.15
924896 273.15
924998 273.15
925100 273.15
925202 273.15
925304 273.15
925406 273.15
925508 273.15
925610 273.15
925712 273.15
925814 273.15
925916 273.15
926018 273.15
926120 273.15
926223 273.15
926325 273.15
926427 273.15
926529 273.15
926631 273.15
926733 273.15
926835 273.15
926937 273.15
927039 273.15
927141 273.15
927243 273.15
927345 273.15
927447 273.15
927549 273.15
927651 273.15
927753 273.15
927855 273.15
927957 273.15
928059 273.15
928161 273.15
928263 273.15
928365 273.15
928467 273.15
928569 273.15
928671 273.15
928773 273.15
928875 273.15
928977 273.15
929079 273.15
929181 273.15
929283 273.15
929385 273.15
929487 273.15
929589 273.15
929692 273.15
929794 273.15
929896 273.15
929998 273.15
930100 273.15
930202 273.15
930304 273.15
930406 273.15
930508 273.15
930610 273.15
930712 273.15
930814 273.15
930916 273.15
931018 273.15
931120 273.15
931222 273.15
931324 273.15
931426 273.15
931528 273.15
931630 273.15
931732 273.15
931834 273.15
931936 273.15
932038 273.15
932140 273.15
932242 273.15
932344 273.15
932446 273.15
932548 273.15
932650 273.15
932752 273.15
932854 273.15
932956 273.15
933058 273.15
933161 273.15
933263 273.15
933365 273.15
933467 273.15
933569 273.15
933671 273.15
933773 273.15
933875 273.15
933977 273.15
934079 273.15
934181 273.15
934283 273.15
934385 273.15
934487 273.15
934589 273.15
934691 273.15
934793 273.15
934895 273.15
934997 273.15
935099 273.15
935201 273.15
935303 273.15
935405 273.15
935507 273.15
935609 273.15
935711 273.15
935813 273.15
935915 273.15
936017 273.15
936119 273.15
936221 273.15
936323 273.15
936425 273.15
936527 273.15
936630 273.15
936732 273.15
936834 273.15
936936 273.15
937038 273.15
937140 273.15
937242 273.15
937344 273.15
937446 273.15
937548 273.15
937650 273.15
937752 273.15
937854 273.15
937956 273.15
938058 273.15
938160 273.15
938262 273.15
938364 273.15
938466 273.15
938568 273.15
938670 273.15
938772 273.15
938874 273.15
938976 273.15
939078 273.15
939180 273.15
939282 273.15
939384 273.15
939486 273.15
939588 273.15
939690 273.15
939792 273.15
939894 273.15
939996 273.15
940099 273.15
940201 273.15
940303 273.15
940405 273.15
940507 273.15
940609 273.15
940711 273.15
940813 273.15
940915 273.15
941017 273.15
941119 273.15
941221 273.15
941323 273.15
941425 273.15
941527 273.15
941629 273.15
941731 273.15
941833 273.15
941935 273.15
942037 273.15
942139 273.15
942241 273.15
942343 273.15
942445 273.15
942547 273.15
942649 273.15
942751 273.15
942853 273.15
942955 273.15
943057 273.15
943159 273.15
943261 273.15
943363 273.15
943465 273.15
943568 273.15
943670 273.15
943772 273.15
943874 273.15
943976 273.15
944078 273.15
944180 273.15
944282 273.15
944384 273.15
944486 273.15
944588 273.15
944690 273.15
944792 273.15
944894 273.15
944996 273.15
945098 273.15
945200 273.15
945302 273.15
945404 273.15
945506 273.15
945608 273.15
945710 273.15
945812 273.15
945914 273.15
946016 273.15
946118 273.15
946220 273.15
946322 273.15
946424 273.15
946526 273.15
946628 273.15
946730 273.15
946832 273.15
946934 273.15
947037 273.15
947139 273.15
947241 273.15
947343 273.15
947445 273.15
947547 273.15
947649 273.15
947751 273.15
947853 273.15
947955 273.15
948057 273.15
948159 273.15
948261 273.15
948363 273.15
948465 273.15
948567 273.15
948669 273.15
948771 273.15
948873 273.15
948975 273.15
949077 273.15
949179 273.15
949281 273.15
949383 273.15
949485 273.15
949587 273.15
949689 273.15
949791 273.15
949893 273.15
949995 273.15
950097 273.15
950199 273.15
950301 273.15
950403 273.15
950505 273.15
950608 273.15
950710 273.15
950812 273.15
950914 273.15
951016 273.15
951118 273.15
951220 273.15
951322 273.15
951424 273.15
951526 273.15
951628 273.15
951730 273.15
951832 273.15
951934 273.15
952036 273.15
952138 273.15
952240 273.15
952342 273.15
952444 273.15
952546 273.15
952648 273.15
952750 273.15
952852 273.15
952954 273.15
953056 273.15
953158 273.15
953260 273.15
953362 273.15
953464 273.15
953566 273.15
953668 273.15
953770 273.15
953872 273.15
953974 273.15
954077 273.15
954179 273.15
954281 273.15
954383 273.15
954485 273.15
954587 273.15
954689 273.15
954791 273.15
954893 273.15
954995 273.15
955097 273.15
955199 273.15
955301 273.15
955403 273.15
955505 273.15
955607 273.15
955709 273.15
955811 273.15
955913 273.15
956015 273.15
956117 273.15
956219 273.15
956321 273.15
956423 273.15
956525 273.15
956627 273.15
956729 273.15
956831 273.15
956933 273.15
957035 273.15
957137 273.15
957239 273.15
957341 273.15
957443 273.15
957546 273.15
957648 273.15
957750 273.15
957852 273.15
957954 273.15
958056 273.15
958158 273.15
958260 273.15
958362 273.15
958464 273.15
958566 273.15
958668 273.15
958770 273.15
958872 273.15
958974 273.15
959076 273.15
959178 273.15
959280 273.15
959382 273.15
959484 273.15
959586 273.15
959688 273.15
959790 273.15
959892 273.15
959994 273.15
960096 273.15
960198 273.15
960300 273.15
960402 273.15
960504 273.15
960606 273.15
960708 273.15
960810 273.15
960912 273.15
961015 273.15
961117 273.15
961219 273.15
961321 273.15
961423 273.15
961525 273.15
961627 273.15
961729 273.15
961831 273.15
961933 273.15
962035 273.15
962137 273.15
962239 273.15
962341 273.15
962443 273.15
962545 273.15
962647 273.15
962749 273.15
962851 273.15
962953 273.15
963055 273.15
963157 273.15
963259 273.15
963361 273.15
963463 273.15
963565 273.15
963667 273.15
963769 273.15
963871 273.15
963973 273.15
964075 273.15
964177 273.15
964279 273.15
964381 273.15
964484 273.15
964586 273.15
964688 273.15
964790 273.15
964892 273.15
964994 273.15
965096 273.15
965198 273.15
965300 273.15
965402 273.15
965504 273.15
965606 273.15
965708 273.15
965810 273.15
965912 273.15
966014 273.15
966116 273.15
966218 273.15
966320 273.15
966422 273.15
966524 273.15
966626 273.15
966728 273.15
966830 273.15
966932 273.15
967034 273.15
967136 273.15
967238 273.15
967340 273.15
967442 273.15
967544 273.15
967646 273.15
967748 273.15
967850 273.15
967953 273.15
968055 273.15
968157 273.15
968259 273.15
968361 273.15
968463 273.15
968565 273.15
968667 273.15
968769 273.15
968871 273.15
968973 273.15
969075 273.15
969177 273.15
969279 273.15
969381 273.15
969483 273.15
969585 273.15
969687 273.15
969789 273.15
969891 273.15
969993 273.15
970095 273.15
970197 273.15
970299 273.15
970401 273.15
970503 273.15
970605 273.15
970707 273.15
970809 273.15
970911 273.15
971013 273.15
971115 273.15
971217 273.15
971319 273.15
971422 273.15
971524 273.15
971626 273.15
971728 273.15
971830 273.15
971932 273.15
972034 273.15
972136 273.15
972238 273.15
972340 273.15
972442 273.15
972544 273.15
972646 273.15
972748 273.15
972850 273.15
972952 273.15
973054 273.15
973156 273.15
973258 273.15
973360 273.15
973462 273.15
973564 273.15
973666 273.15
973768 273.15
973870 273.15
973972 273.15
974074 273.15
974176 273.15
974278 273.15
974380 273.15
974482 273.15
974584 273.15
974686 273.15
974788 273.15
974891 273.15
974993 273.15
975095 273.15
975197 273.15
975299 273.15
975401 273.15
975503 273.15
975605 273.15
975707 273.15
975809 273.15
975911 273.15
976013 273.15
976115 273.15
976217 273.15
976319 273.15
976421 273.15
976523 273.15
976625 273.15
976727 273.15
976829 273.15
976931 273.15
977033 273.15
977135 273.15
977237 273.15
977339 273.15
977441 273.15
977543 273.15
977645 273.15
977747 273.15
977849 273.15
977951 273.15
978053 273.15
978155 273.15
978257 273.15
978360 273.15
978462 273.15
978564 273.15
978666 273.15
978768 273.15
978870 273.15
978972 273.15
979074 273.15
979176 273.15
979278 273.15
979380 273.15
979482 273.15
979584 273.15
979686 273.15
979788 273.15
979890 273.15
979992 273.15
980094 273.15
980196 273.15
980298 273.15
980400 273.15
980502 273.15
980604 273.15
980706 273.15
980808 273.15
980910 273.15
981012 273.15
981114 273.15
981216 273.15
981318 273.15
981420 273.15
981522 273.15
981624 273.15
981726 273.15
981829 273.15
981931 273.15
982033 273.15
982135 273.15
982237 273.15
982339 273.15
982441 273.15
982543 273.15
982645 273.15
982747 273.15
982849 273.15
982951 273.15
983053 273.15
983155 273.15
983257 273.15
983359 273.15
983461 273.15
983563 273.15
983665 273.15
983767 273.15
983869 273.15
983971 273.15
984073 273.15
984175 273.15
984277 273.15
984379 273.15
984481 273.15
984583 273.15
984685 273.15
984787 273.15
984889 273.15
984991 273.15
985093 273.15
985195 273.15
985298 273.15
985400 273.15
985502 273.15
985604 273.15
985706 273.15
985808 273.15
985910 273.15
986012 273.15
986114 273.15
986216 273.15
986318 273.15
986420 273.15
986522 273.15
986624 273.15
986726 273.15
986828 273.15
986930 273.15
987032 273.15
987134 273.15
987236 273.15
987338 273.15
987440 273.15
987542 273.15
987644 273.15
987746 273.15
987848 273.15
987950 273.15
988052 273.15
988154 273.15
988256 273.15
988358 273.15
988460 273.15
988562 273.15
988664 273.15
988767 273.15
988869 273.15
988971 273.15
989073 273.15
989175 273.15
989277 273.15
989379 273.15
989481 273.15
989583 273.15
989685 273.15
989787 273.15
989889 273.15
989991 273.15
990093 273.15
990195 273.15
990297 273.15
990399 273.15
990501 273.15
990603 273.15
990705 273.15
990807 273.15
990909 273.15
991011 273.15
991113 273.15
991215 273.15
991317 273.15
991419 273.15
991521 273.15
991623 273.15
991725 273.15
991827 273.15
991929 273.15
992031 273.15
992133 273.15
992236 273.15
992338 273.15
992440 273.15
992542 273.15
992644 273.15
992746 273.15
992848 273.15
992950 273.15
993052 273.15
993154 273.15
993256 273.15
993358 273.15
993460 273.15
993562 273.15
993664 273.15
993766 273.15
993868 273.15
993970 273.15
994072 273.15
994174 273.15
994276 273.15
994378 273.15
994480 273.15
994582 273.15
994684 273.15
994786 273.15
994888 273.15
994990 273.15
995092 273.15
995194 273.15
995296 273.15
995398 273.15
995500 273.15
995602 273.15
995705 273.15
995807 273.15
995909 273.15
996011 273.15
996113 273.15
996215 273.15
996317 273.15
996419 273.15
996521 273.15
996623 273.15
996725 273.15
996827 273.15
996929 273.15
997031 273.15
997133 273.15
997235 273.15
997337 273.15
997439 273.15
997541 273.15
997643 273.15
997745 273.15
997847 273.15
997949 273.15
998051 273.15
998153 273.15
998255 273.15
998357 273.15
998459 273.15
998561 273.15
998663 273.15
998765 273.15
998867 273.15
998969 273.15
999071 273.15
999174 273.15
999276 273.15
999378 273.15
999480 273.15
999582 273.15
999684 273.15
999786 273.15
999888 273.15
999990 273.15
1.00009e+06 273.15
1.00019e+06 273.15
1.0003e+06 273.15
1.0004e+06 273.15
1.0005e+06 273.15
1.0006e+06 273.15
1.0007e+06 273.15
1.00081e+06 273.15
1.00091e+06 273.15
1.00101e+06 273.15
1.00111e+06 273.15
1.00121e+06 273.15
1.00132e+06 273.15
1.00142e+06 273.15
1.00152e+06 273.15
1.00162e+06 273.15
1.00172e+06 273.15
1.00183e+06 273.15
1.00193e+06 273.15
1.00203e+06 273.15
1.00213e+06 273.15
1.00223e+06 273.15
1.00234e+06 273.15
1.00244e+06 273.15
1.00254e+06 273.15
1.00264e+06 273.15
1.00274e+06 273.15
1.00285e+06 273.15
1.00295e+06 273.15
1.00305e+06 273.15
1.00315e+06 273.15
1.00325e+06 273.15
1.00336e+06 273.15
1.00346e+06 273.15
1.00356e+06 273.15
1.00366e+06 273.15
1.00376e+06 273.15
1.00387e+06 273.15
1.00397e+06 273.15
1.00407e+06 273.15
1.00417e+06 273.15
1.00427e+06 273.15
1.00438e+06 273.15
1.00448e+06 273.15
1.00458e+06 273.15
1.00468e+06 273.15
1.00479e+06 273.15
1.00489e+06 273.15
1.00499e+06 273.15
1.00509e+06 273.15
1.00519e+06 273.15
1.0053e+06 273.15
1.0054e+06 273.15
1.0055e+06 273.15
1.0056e+06 273.15
1.0057e+06 273.15
1.00581e+06 273.15
1.00591e+06 273.15
1.00601e+06 273.15
1.00611e+06 273.15
1.00621e+06 273.15
1.00632e+06 273.15
1.00642e+06 273.15
1.00652e+06 273.15
1.00662e+06 273.15
1.00672e+06 273.15
1.00683e+06 273.15
1.00693e+06 273.15
1.00703e+06 273.15
1.00713e+06 273.15
1.00723e+06 273.15
1.00734e+06 273.15
1.00744e+06 273.15
1.00754e+06 273.15
1.00764e+06 273.15
1.00774e+06 273.15
1.00785e+06 273.15
1.00795e+06 273.15
1.00805e+06 273.15
1.00815e+06 273.15
1.00825e+06 273.15
1.00836e+06 273.15
1.00846e+06 273.15
1.00856e+06 273.15
1.00866e+06 273.15
1.00876e+06 273.15
1.00887e+06 273.15
1.00897e+06 273.15
1.00907e+06 273.15
1.00917e+06 273.15
1.00927e+06 273.15
1.00938e+06 273.15
1.00948e+06 273.15
1.00958e+06 273.15
1.00968e+06 273.15
1.00978e+06 273.15
1.00989e+06 273.15
1.00999e+06 273.15
1.01009e+06 273.15
1.01019e+06 273.15
1.01029e+06 273.15
1.0104e+06 273.15
1.0105e+06 273.15
1.0106e+06 273.15
1.0107e+06 273.15
1.0108e+06 273.15
1.01091e+06 273.15
1.01101e+06 273.15
1.01111e+06 273.15
1.01121e+06 273.15
1.01131e+06 273.15
1.01142e+06 273.15
1.01152e+06 273.15
1.01162e+06 273.15
1.01172e+06 273.15
1.01183e+06 273.15
1.01193e+06 273.15
1.01203e+06 273.15
1.01213e+06 273.15
1.01223e+06 273.15
1.01234e+06 273.15
1.01244e+06 273.15
1.01254e+06 273.15
1.01264e+06 273.15
1.01274e+06 273.15
1.01285e+06 273.15
1.01295e+06 273.15
1.01305e+06 273.15
1.01315e+06 273.15
1.01325e+06 273.15
1.01336e+06 273.15
1.01346e+06 273.15
1.01356e+06 273.15
1.01366e+06 273.15
1.01376e+06 273.15
1.01387e+06 273.15
1.01397e+06 273.15
1.01407e+06 273.15
1.01417e+06 273.15
1.01427e+06 273.15
1.01438e+06 273.15
1.01448e+06 273.15
1.01458e+06 273.15
1.01468e+06 273.15
1.01478e+06 273.15
1.01489e+06 273.15
1.01499e+06 273.15
1.01509e+06 273.15
1.01519e+06 273.15
1.01529e+06 273.15
1.0154e+06 273.15
1.0155e+06 273.15
1.0156e+06 273.15
1.0157e+06 273.15
1.0158e+06 273.15
1.01591e+06 273.15
1.01601e+06 273.15
1.01611e+06 273.15
1.01621e+06 273.15
1.01631e+06 273.15
1.01642e+06 273.15
1.01652e+06 273.15
1.01662e+06 273.15
1.01672e+06 273.15
1.01682e+06 273.15
1.01693e+06 273.15
1.01703e+06 273.15
1.01713e+06 273.15
1.01723e+06 273.15
1.01733e+06 273.15
1.01744e+06 273.15
1.01754e+06 273.15
1.01764e+06 273.15
1.01774e+06 273.15
1.01784e+06 273.15
1.01795e+06 273.15
1.01805e+06 273.15
1.01815e+06 273.15
1.01825e+06 273.15
1.01836e+06 273.15
1.01846e+06 273.15
1.01856e+06 273.15
1.01866e+06 273.15
1.01876e+06 273.15
1.01887e+06 273.15
1.01897e+06 273.15
1.01907e+06 273.15
1.01917e+06 273.15
1.01927e+06 273.15
1.01938e+06 273.15
1.01948e+06 273.15
1.01958e+06 273.15
1.01968e+06 273.15
1.01978e+06 273.15
1.01989e+06 273.15
1.01999e+06 273.15
1.02009e+06 273.15
1.02019e+06 273.15
