0 1507.36
102.029 1507.36
204.059 1507.36
306.088 1507.36
408.117 1507.36
510.147 1507.36
612.176 1507.36
714.206 1507.36
816.235 1507.36
918.264 1507.36
1020.29 1507.36
1122.32 1507.36
1224.35 1507.36
1326.38 1507.36
1428.41 1507.36
1530.44 1507.36
1632.47 1507.35
1734.5 1507.35
1836.53 1507.35
1938.56 1507.35
2040.59 1507.35
2142.62 1507.35
2244.65 1507.34
2346.68 1507.34
2448.7 1507.34
2550.73 1507.34
2652.76 1507.34
2754.79 1507.33
2856.82 1507.33
2958.85 1507.33
3060.88 1507.33
3162.91 1507.32
3264.94 1507.32
3366.97 1507.32
3469 1507.32
3571.03 1507.31
3673.06 1507.31
3775.09 1507.31
3877.12 1507.3
3979.14 1507.3
4081.17 1507.3
4183.2 1507.29
4285.23 1507.29
4387.26 1507.29
4489.29 1507.28
4591.32 1507.28
4693.35 1507.28
4795.38 1507.27
4897.41 1507.27
4999.44 1507.26
5101.47 1507.26
5203.5 1507.26
5305.53 1507.25
5407.56 1507.25
5509.59 1507.24
5611.61 1507.24
5713.64 1507.23
5815.67 1507.23
5917.7 1507.22
6019.73 1507.22
6121.76 1507.21
6223.79 1507.21
6325.82 1507.2
6427.85 1507.2
6529.88 1507.19
6631.91 1507.19
6733.94 1507.18
6835.97 1507.18
6938 1507.17
7040.03 1507.17
7142.06 1507.16
7244.08 1507.15
7346.11 1507.15
7448.14 1507.14
7550.17 1507.14
7652.2 1507.13
7754.23 1507.12
7856.26 1507.12
7958.29 1507.11
8060.32 1507.1
8162.35 1507.1
8264.38 1507.09
8366.41 1507.08
8468.44 1507.08
8570.47 1507.07
8672.5 1507.06
8774.52 1507.05
8876.55 1507.05
8978.58 1507.04
9080.61 1507.03
9182.64 1507.02
9284.67 1507.02
9386.7 1507.01
9488.73 1507
9590.76 1506.99
9692.79 1506.99
9794.82 1506.98
9896.85 1506.97
9998.88 1506.96
10100.9 1506.95
10202.9 1506.94
10305 1506.94
10407 1506.93
10509 1506.92
10611.1 1506.91
10713.1 1506.9
10815.1 1506.89
10917.1 1506.88
11019.2 1506.87
11121.2 1506.86
11223.2 1506.86
11325.3 1506.85
11427.3 1506.84
11529.3 1506.83
11631.3 1506.82
11733.4 1506.81
11835.4 1506.8
11937.4 1506.79
12039.5 1506.78
12141.5 1506.77
12243.5 1506.76
12345.6 1506.75
12447.6 1506.74
12549.6 1506.73
12651.6 1506.72
12753.7 1506.71
12855.7 1506.7
12957.7 1506.69
13059.8 1506.67
13161.8 1506.66
13263.8 1506.65
13365.8 1506.64
13467.9 1506.63
13569.9 1506.62
13671.9 1506.61
13774 1506.6
13876 1506.59
13978 1506.57
14080.1 1506.56
14182.1 1506.55
14284.1 1506.54
14386.1 1506.53
14488.2 1506.51
14590.2 1506.5
14692.2 1506.49
14794.3 1506.48
14896.3 1506.47
14998.3 1506.45
15100.3 1506.44
15202.4 1506.43
15304.4 1506.42
15406.4 1506.4
15508.5 1506.39
15610.5 1506.38
15712.5 1506.36
15814.6 1506.35
15916.6 1506.34
16018.6 1506.32
16120.6 1506.31
16222.7 1506.3
16324.7 1506.28
16426.7 1506.27
16528.8 1506.26
16630.8 1506.24
16732.8 1506.23
16834.8 1506.22
16936.9 1506.2
17038.9 1506.19
17140.9 1506.17
17243 1506.16
17345 1506.14
17447 1506.13
17549 1506.12
17651.1 1506.1
17753.1 1506.09
17855.1 1506.07
17957.2 1506.06
18059.2 1506.04
18161.2 1506.03
18263.3 1506.01
18365.3 1506
18467.3 1505.98
18569.3 1505.97
18671.4 1505.95
18773.4 1505.93
18875.4 1505.92
18977.5 1505.9
19079.5 1505.89
19181.5 1505.87
19283.5 1505.86
19385.6 1505.84
19487.6 1505.82
19589.6 1505.81
19691.7 1505.79
19793.7 1505.77
19895.7 1505.76
19997.8 1505.74
20099.8 1505.72
20201.8 1505.71
20303.8 1505.69
20405.9 1505.67
20507.9 1505.66
20609.9 1505.64
20712 1505.62
20814 1505.61
20916 1505.59
21018 1505.57
21120.1 1505.55
21222.1 1505.54
21324.1 1505.52
21426.2 1505.5
21528.2 1505.48
21630.2 1505.46
21732.3 1505.45
21834.3 1505.43
21936.3 1505.41
22038.3 1505.39
22140.4 1505.37
22242.4 1505.35
22344.4 1505.34
22446.5 1505.32
22548.5 1505.3
22650.5 1505.28
22752.5 1505.26
22854.6 1505.24
22956.6 1505.22
23058.6 1505.2
23160.7 1505.18
23262.7 1505.17
23364.7 1505.15
23466.8 1505.13
23568.8 1505.11
23670.8 1505.09
23772.8 1505.07
23874.9 1505.05
23976.9 1505.03
24078.9 1505.01
24181 1504.99
24283 1504.97
24385 1504.95
24487 1504.93
24589.1 1504.91
24691.1 1504.89
24793.1 1504.87
24895.2 1504.84
24997.2 1504.82
25099.2 1504.8
25201.3 1504.78
25303.3 1504.76
25405.3 1504.74
25507.3 1504.72
25609.4 1504.7
25711.4 1504.68
25813.4 1504.65
25915.5 1504.63
26017.5 1504.61
26119.5 1504.59
26221.5 1504.57
26323.6 1504.55
26425.6 1504.52
26527.6 1504.5
26629.7 1504.48
26731.7 1504.46
26833.7 1504.44
26935.8 1504.41
27037.8 1504.39
27139.8 1504.37
27241.8 1504.35
27343.9 1504.32
27445.9 1504.3
27547.9 1504.28
27650 1504.25
27752 1504.23
27854 1504.21
27956 1504.18
28058.1 1504.16
28160.1 1504.14
28262.1 1504.11
28364.2 1504.09
28466.2 1504.07
28568.2 1504.04
28670.2 1504.02
28772.3 1504
28874.3 1503.97
28976.3 1503.95
29078.4 1503.92
29180.4 1503.9
29282.4 1503.87
29384.5 1503.85
29486.5 1503.83
29588.5 1503.8
29690.5 1503.78
29792.6 1503.75
29894.6 1503.73
29996.6 1503.7
30098.7 1503.68
30200.7 1503.65
30302.7 1503.63
30404.7 1503.6
30506.8 1503.58
30608.8 1503.55
30710.8 1503.52
30812.9 1503.5
30914.9 1503.47
31016.9 1503.45
31119 1503.42
31221 1503.4
31323 1503.37
31425 1503.34
31527.1 1503.32
31629.1 1503.29
31731.1 1503.26
31833.2 1503.24
31935.2 1503.21
32037.2 1503.18
32139.2 1503.16
32241.3 1503.13
32343.3 1503.1
32445.3 1503.08
32547.4 1503.05
32649.4 1503.02
32751.4 1503
32853.5 1502.97
32955.5 1502.94
33057.5 1502.91
33159.5 1502.89
33261.6 1502.86
33363.6 1502.83
33465.6 1502.8
33567.7 1502.77
33669.7 1502.75
33771.7 1502.72
33873.7 1502.69
33975.8 1502.66
34077.8 1502.63
34179.8 1502.6
34281.9 1502.58
34383.9 1502.55
34485.9 1502.52
34588 1502.49
34690 1502.46
34792 1502.43
34894 1502.4
34996.1 1502.37
35098.1 1502.34
35200.1 1502.32
35302.2 1502.29
35404.2 1502.26
35506.2 1502.23
35608.2 1502.2
35710.3 1502.17
35812.3 1502.14
35914.3 1502.11
36016.4 1502.08
36118.4 1502.05
36220.4 1502.02
36322.5 1501.99
36424.5 1501.96
36526.5 1501.93
36628.5 1501.9
36730.6 1501.86
36832.6 1501.83
36934.6 1501.8
37036.7 1501.77
37138.7 1501.74
37240.7 1501.71
37342.7 1501.68
37444.8 1501.65
37546.8 1501.62
37648.8 1501.59
37750.9 1501.55
37852.9 1501.52
37954.9 1501.49
38057 1501.46
38159 1501.43
38261 1501.4
38363 1501.36
38465.1 1501.33
38567.1 1501.3
38669.1 1501.27
38771.2 1501.23
38873.2 1501.2
38975.2 1501.17
39077.2 1501.14
39179.3 1501.1
39281.3 1501.07
39383.3 1501.04
39485.4 1501.01
39587.4 1500.97
39689.4 1500.94
39791.4 1500.91
39893.5 1500.87
39995.5 1500.84
40097.5 1500.81
40199.6 1500.77
40301.6 1500.74
40403.6 1500.7
40505.7 1500.67
40607.7 1500.64
40709.7 1500.6
40811.7 1500.57
40913.8 1500.53
41015.8 1500.5
41117.8 1500.47
41219.9 1500.43
41321.9 1500.4
41423.9 1500.36
41525.9 1500.33
41628 1500.29
41730 1500.26
41832 1500.22
41934.1 1500.19
42036.1 1500.15
42138.1 1500.12
42240.2 1500.08
42342.2 1500.05
42444.2 1500.01
42546.2 1499.98
42648.3 1499.94
42750.3 1499.9
42852.3 1499.87
42954.4 1499.83
43056.4 1499.8
43158.4 1499.76
43260.4 1499.72
43362.5 1499.69
43464.5 1499.65
43566.5 1499.62
43668.6 1499.58
43770.6 1499.54
43872.6 1499.51
43974.7 1499.47
44076.7 1499.43
44178.7 1499.4
44280.7 1499.36
44382.8 1499.32
44484.8 1499.28
44586.8 1499.25
44688.9 1499.21
44790.9 1499.17
44892.9 1499.13
44994.9 1499.1
45097 1499.06
45199 1499.02
45301 1498.98
45403.1 1498.95
45505.1 1498.91
45607.1 1498.87
45709.2 1498.83
45811.2 1498.79
45913.2 1498.75
46015.2 1498.72
46117.3 1498.68
46219.3 1498.64
46321.3 1498.6
46423.4 1498.56
46525.4 1498.52
46627.4 1498.48
46729.4 1498.44
46831.5 1498.4
46933.5 1498.36
47035.5 1498.33
47137.6 1498.29
47239.6 1498.25
47341.6 1498.21
47443.7 1498.17
47545.7 1498.13
47647.7 1498.09
47749.7 1498.05
47851.8 1498.01
47953.8 1497.97
48055.8 1497.93
48157.9 1497.89
48259.9 1497.85
48361.9 1497.81
48463.9 1497.76
48566 1497.72
48668 1497.68
48770 1497.64
48872.1 1497.6
48974.1 1497.56
49076.1 1497.52
49178.2 1497.48
49280.2 1497.44
49382.2 1497.4
49484.2 1497.35
49586.3 1497.31
49688.3 1497.27
49790.3 1497.23
49892.4 1497.19
49994.4 1497.14
50096.4 1497.1
50198.4 1497.06
50300.5 1497.02
50402.5 1496.98
50504.5 1496.93
50606.6 1496.89
50708.6 1496.85
50810.6 1496.81
50912.6 1496.76
51014.7 1496.72
51116.7 1496.68
51218.7 1496.63
51320.8 1496.59
51422.8 1496.55
51524.8 1496.51
51626.9 1496.46
51728.9 1496.42
51830.9 1496.38
51932.9 1496.33
52035 1496.29
52137 1496.24
52239 1496.2
52341.1 1496.16
52443.1 1496.11
52545.1 1496.07
52647.1 1496.02
52749.2 1495.98
52851.2 1495.94
52953.2 1495.89
53055.3 1495.85
53157.3 1495.8
53259.3 1495.76
53361.4 1495.71
53463.4 1495.67
53565.4 1495.62
53667.4 1495.58
53769.5 1495.53
53871.5 1495.49
53973.5 1495.44
54075.6 1495.4
54177.6 1495.35
54279.6 1495.3
54381.6 1495.26
54483.7 1495.21
54585.7 1495.17
54687.7 1495.12
54789.8 1495.07
54891.8 1495.03
54993.8 1494.98
55095.9 1494.94
55197.9 1494.89
55299.9 1494.84
55401.9 1494.8
55504 1494.75
55606 1494.7
55708 1494.66
55810.1 1494.61
55912.1 1494.56
56014.1 1494.51
56116.1 1494.47
56218.2 1494.42
56320.2 1494.37
56422.2 1494.33
56524.3 1494.28
56626.3 1494.23
56728.3 1494.18
56830.4 1494.13
56932.4 1494.09
57034.4 1494.04
57136.4 1493.99
57238.5 1493.94
57340.5 1493.89
57442.5 1493.85
57544.6 1493.8
57646.6 1493.75
57748.6 1493.7
57850.6 1493.65
57952.7 1493.6
58054.7 1493.55
58156.7 1493.5
58258.8 1493.45
58360.8 1493.41
58462.8 1493.36
58564.9 1493.31
58666.9 1493.26
58768.9 1493.21
58870.9 1493.16
58973 1493.11
59075 1493.06
59177 1493.01
59279.1 1492.96
59381.1 1492.91
59483.1 1492.86
59585.1 1492.81
59687.2 1492.76
59789.2 1492.71
59891.2 1492.66
59993.3 1492.61
60095.3 1492.56
60197.3 1492.5
60299.4 1492.45
60401.4 1492.4
60503.4 1492.35
60605.4 1492.3
60707.5 1492.25
60809.5 1492.2
60911.5 1492.15
61013.6 1492.1
61115.6 1492.04
61217.6 1491.99
61319.6 1491.94
61421.7 1491.89
61523.7 1491.84
61625.7 1491.78
61727.8 1491.73
61829.8 1491.68
61931.8 1491.63
62033.8 1491.58
62135.9 1491.52
62237.9 1491.47
62339.9 1491.42
62442 1491.36
62544 1491.31
62646 1491.26
62748.1 1491.21
62850.1 1491.15
62952.1 1491.1
63054.1 1491.05
63156.2 1490.99
63258.2 1490.94
63360.2 1490.89
63462.3 1490.83
63564.3 1490.78
63666.3 1490.72
63768.3 1490.67
63870.4 1490.62
63972.4 1490.56
64074.4 1490.51
64176.5 1490.45
64278.5 1490.4
64380.5 1490.34
64482.6 1490.29
64584.6 1490.24
64686.6 1490.18
64788.6 1490.13
64890.7 1490.07
64992.7 1490.02
65094.7 1489.96
65196.8 1489.91
65298.8 1489.85
65400.8 1489.79
65502.8 1489.74
65604.9 1489.68
65706.9 1489.63
65808.9 1489.57
65911 1489.52
66013 1489.46
66115 1489.4
66217.1 1489.35
66319.1 1489.29
66421.1 1489.24
66523.1 1489.18
66625.2 1489.12
66727.2 1489.07
66829.2 1489.01
66931.3 1488.95
67033.3 1488.9
67135.3 1488.84
67237.3 1488.78
67339.4 1488.72
67441.4 1488.67
67543.4 1488.61
67645.5 1488.55
67747.5 1488.5
67849.5 1488.44
67951.6 1488.38
68053.6 1488.32
68155.6 1488.26
68257.6 1488.21
68359.7 1488.15
68461.7 1488.09
68563.7 1488.03
68665.8 1487.97
68767.8 1487.92
68869.8 1487.86
68971.8 1487.8
69073.9 1487.74
69175.9 1487.68
69277.9 1487.62
69380 1487.56
69482 1487.5
69584 1487.44
69686.1 1487.39
69788.1 1487.33
69890.1 1487.27
69992.1 1487.21
70094.2 1487.15
70196.2 1487.09
70298.2 1487.03
70400.3 1486.97
70502.3 1486.91
70604.3 1486.85
70706.3 1486.79
70808.4 1486.73
70910.4 1486.67
71012.4 1486.61
71114.5 1486.55
71216.5 1486.49
71318.5 1486.43
71420.6 1486.36
71522.6 1486.3
71624.6 1486.24
71726.6 1486.18
71828.7 1486.12
71930.7 1486.06
72032.7 1486
72134.8 1485.94
72236.8 1485.87
72338.8 1485.81
72440.8 1485.75
72542.9 1485.69
72644.9 1485.63
72746.9 1485.57
72849 1485.5
72951 1485.44
73053 1485.38
73155 1485.32
73257.1 1485.25
73359.1 1485.19
73461.1 1485.13
73563.2 1485.07
73665.2 1485
73767.2 1484.94
73869.3 1484.88
73971.3 1484.81
74073.3 1484.75
74175.3 1484.69
74277.4 1484.62
74379.4 1484.56
74481.4 1484.5
74583.5 1484.43
74685.5 1484.37
74787.5 1484.31
74889.5 1484.24
74991.6 1484.18
75093.6 1484.11
75195.6 1484.05
75297.7 1483.99
75399.7 1483.92
75501.7 1483.86
75603.8 1483.79
75705.8 1483.73
75807.8 1483.66
75909.8 1483.6
76011.9 1483.53
76113.9 1483.47
76215.9 1483.4
76318 1483.34
76420 1483.27
76522 1483.21
76624 1483.14
76726.1 1483.08
76828.1 1483.01
76930.1 1482.94
77032.2 1482.88
77134.2 1482.81
77236.2 1482.75
77338.3 1482.68
77440.3 1482.61
77542.3 1482.55
77644.3 1482.48
77746.4 1482.41
77848.4 1482.35
77950.4 1482.28
78052.5 1482.21
78154.5 1482.15
78256.5 1482.08
78358.5 1482.01
78460.6 1481.95
78562.6 1481.88
78664.6 1481.81
78766.7 1481.74
78868.7 1481.68
78970.7 1481.61
79072.8 1481.54
79174.8 1481.47
79276.8 1481.4
79378.8 1481.34
79480.9 1481.27
79582.9 1481.2
79684.9 1481.13
79787 1481.06
79889 1480.99
79991 1480.93
80093 1480.86
80195.1 1480.79
80297.1 1480.72
80399.1 1480.65
80501.2 1480.58
80603.2 1480.51
80705.2 1480.44
80807.3 1480.37
80909.3 1480.3
81011.3 1480.23
81113.3 1480.16
81215.4 1480.09
81317.4 1480.02
81419.4 1479.96
81521.5 1479.88
81623.5 1479.81
81725.5 1479.74
81827.5 1479.67
81929.6 1479.6
82031.6 1479.53
82133.6 1479.46
82235.7 1479.39
82337.7 1479.32
82439.7 1479.25
82541.8 1479.18
82643.8 1479.11
82745.8 1479.04
82847.8 1478.97
82949.9 1478.89
83051.9 1478.82
83153.9 1478.75
83256 1478.68
83358 1478.61
83460 1478.54
83562 1478.46
83664.1 1478.39
83766.1 1478.32
83868.1 1478.25
83970.2 1478.18
84072.2 1478.1
84174.2 1478.03
84276.2 1477.96
84378.3 1477.88
84480.3 1477.81
84582.3 1477.74
84684.4 1477.67
84786.4 1477.59
84888.4 1477.52
84990.5 1477.45
85092.5 1477.37
85194.5 1477.3
85296.5 1477.23
85398.6 1477.15
85500.6 1477.08
85602.6 1477
85704.7 1476.93
85806.7 1476.86
85908.7 1476.78
86010.7 1476.71
86112.8 1476.63
86214.8 1476.56
86316.8 1476.48
86418.9 1476.41
86520.9 1476.34
86622.9 1476.26
86725 1476.19
86827 1476.11
86929 1476.04
87031 1475.96
87133.1 1475.88
87235.1 1475.81
87337.1 1475.73
87439.2 1475.66
87541.2 1475.58
87643.2 1475.51
87745.2 1475.43
87847.3 1475.35
87949.3 1475.28
88051.3 1475.2
88153.4 1475.13
88255.4 1475.05
88357.4 1474.97
88459.5 1474.9
88561.5 1474.82
88663.5 1474.74
88765.5 1474.67
88867.6 1474.59
88969.6 1474.51
89071.6 1474.44
89173.7 1474.36
89275.7 1474.28
89377.7 1474.2
89479.7 1474.13
89581.8 1474.05
89683.8 1473.97
89785.8 1473.89
89887.9 1473.81
89989.9 1473.74
90091.9 1473.66
90194 1473.58
90296 1473.5
90398 1473.42
90500 1473.34
90602.1 1473.27
90704.1 1473.19
90806.1 1473.11
90908.2 1473.03
91010.2 1472.95
91112.2 1472.87
91214.2 1472.79
91316.3 1472.71
91418.3 1472.63
91520.3 1472.55
91622.4 1472.47
91724.4 1472.39
91826.4 1472.31
91928.5 1472.23
92030.5 1472.15
92132.5 1472.07
92234.5 1471.99
92336.6 1471.91
92438.6 1471.83
92540.6 1471.75
92642.7 1471.67
92744.7 1471.59
92846.7 1471.51
92948.7 1471.43
93050.8 1471.35
93152.8 1471.27
93254.8 1471.19
93356.9 1471.11
93458.9 1471.02
93560.9 1470.94
93663 1470.86
93765 1470.78
93867 1470.7
93969 1470.62
94071.1 1470.53
94173.1 1470.45
94275.1 1470.37
94377.2 1470.29
94479.2 1470.2
94581.2 1470.12
94683.2 1470.04
94785.3 1469.96
94887.3 1469.87
94989.3 1469.79
95091.4 1469.71
95193.4 1469.63
95295.4 1469.54
95397.4 1469.46
95499.5 1469.38
95601.5 1469.29
95703.5 1469.21
95805.6 1469.12
95907.6 1469.04
96009.6 1468.96
96111.7 1468.87
96213.7 1468.79
96315.7 1468.7
96417.7 1468.62
96519.8 1468.54
96621.8 1468.45
96723.8 1468.37
96825.9 1468.28
96927.9 1468.2
97029.9 1468.11
97131.9 1468.03
97234 1467.94
97336 1467.86
97438 1467.77
97540.1 1467.69
97642.1 1467.6
97744.1 1467.52
97846.2 1467.43
97948.2 1467.34
98050.2 1467.26
98152.2 1467.17
98254.3 1467.09
98356.3 1467
98458.3 1466.91
98560.4 1466.83
98662.4 1466.74
98764.4 1466.65
98866.4 1466.57
98968.5 1466.48
99070.5 1466.39
99172.5 1466.31
99274.6 1466.22
99376.6 1466.13
99478.6 1466.04
99580.7 1465.96
99682.7 1465.87
99784.7 1465.78
99886.7 1465.69
99988.8 1465.61
100091 1465.52
100193 1465.43
100295 1465.34
100397 1465.25
100499 1465.17
100601 1465.08
100703 1464.99
100805 1464.9
100907 1464.81
101009 1464.72
101111 1464.63
101213 1464.54
101315 1464.46
101417 1464.37
101519 1464.28
101621 1464.19
101723 1464.1
101825 1464.01
101927 1463.92
102029 1463.83
102131 1463.74
102233 1463.65
102335 1463.56
102437 1463.47
102540 1463.38
102642 1463.29
102744 1463.2
102846 1463.11
102948 1463.02
103050 1462.92
103152 1462.83
103254 1462.74
103356 1462.65
103458 1462.56
103560 1462.47
103662 1462.38
103764 1462.29
103866 1462.19
103968 1462.1
104070 1462.01
104172 1461.92
104274 1461.83
104376 1461.73
104478 1461.64
104580 1461.55
104682 1461.46
104784 1461.36
104886 1461.27
104988 1461.18
105090 1461.09
105192 1460.99
105294 1460.9
105396 1460.81
105498 1460.71
105600 1460.62
105702 1460.53
105804 1460.43
105906 1460.34
106009 1460.24
106111 1460.15
106213 1460.06
106315 1459.96
106417 1459.87
106519 1459.77
106621 1459.68
106723 1459.58
106825 1459.49
106927 1459.39
107029 1459.3
107131 1459.2
107233 1459.11
107335 1459.01
107437 1458.92
107539 1458.82
107641 1458.73
107743 1458.63
107845 1458.54
107947 1458.44
108049 1458.34
108151 1458.25
108253 1458.15
108355 1458.06
108457 1457.96
108559 1457.86
108661 1457.77
108763 1457.67
108865 1457.57
108967 1457.48
109069 1457.38
109171 1457.28
109273 1457.18
109375 1457.09
109478 1456.99
109580 1456.89
109682 1456.79
109784 1456.7
109886 1456.6
109988 1456.5
110090 1456.4
110192 1456.3
110294 1456.21
110396 1456.11
110498 1456.01
110600 1455.91
110702 1455.81
110804 1455.71
110906 1455.61
111008 1455.51
111110 1455.42
111212 1455.32
111314 1455.22
111416 1455.12
111518 1455.02
111620 1454.92
111722 1454.82
111824 1454.72
111926 1454.62
112028 1454.52
112130 1454.42
112232 1454.32
112334 1454.22
112436 1454.12
112538 1454.02
112640 1453.91
112742 1453.81
112844 1453.71
112946 1453.61
113049 1453.51
113151 1453.41
113253 1453.31
113355 1453.21
113457 1453.1
113559 1453
113661 1452.9
113763 1452.8
113865 1452.7
113967 1452.6
114069 1452.49
114171 1452.39
114273 1452.29
114375 1452.19
114477 1452.08
114579 1451.98
114681 1451.88
114783 1451.77
114885 1451.67
114987 1451.57
115089 1451.46
115191 1451.36
115293 1451.26
115395 1451.15
115497 1451.05
115599 1450.95
115701 1450.84
115803 1450.74
115905 1450.63
116007 1450.53
116109 1450.42
116211 1450.32
116313 1450.22
116415 1450.11
116518 1450.01
116620 1449.9
116722 1449.8
116824 1449.69
116926 1449.58
117028 1449.48
117130 1449.37
117232 1449.27
117334 1449.16
117436 1449.06
117538 1448.95
117640 1448.84
117742 1448.74
117844 1448.63
117946 1448.53
118048 1448.42
118150 1448.31
118252 1448.21
118354 1448.1
118456 1447.99
118558 1447.88
118660 1447.78
118762 1447.67
118864 1447.56
118966 1447.46
119068 1447.35
119170 1447.24
119272 1447.13
119374 1447.02
119476 1446.92
119578 1446.81
119680 1446.7
119782 1446.59
119884 1446.48
119987 1446.37
120089 1446.27
120191 1446.16
120293 1446.05
120395 1445.94
120497 1445.83
120599 1445.72
120701 1445.61
120803 1445.5
120905 1445.39
121007 1445.28
121109 1445.17
121211 1445.06
121313 1444.95
121415 1444.84
121517 1444.73
121619 1444.62
121721 1444.51
121823 1444.4
121925 1444.29
122027 1444.18
122129 1444.07
122231 1443.96
122333 1443.84
122435 1443.73
122537 1443.62
122639 1443.51
122741 1443.4
122843 1443.29
122945 1443.17
123047 1443.06
123149 1442.95
123251 1442.84
123353 1442.73
123456 1442.61
123558 1442.5
123660 1442.39
123762 1442.28
123864 1442.16
123966 1442.05
124068 1441.94
124170 1441.82
124272 1441.71
124374 1441.6
124476 1441.48
124578 1441.37
124680 1441.26
124782 1441.14
124884 1441.03
124986 1440.91
125088 1440.8
125190 1440.68
125292 1440.57
125394 1440.46
125496 1440.34
125598 1440.23
125700 1440.11
125802 1440
125904 1439.88
126006 1439.77
126108 1439.65
126210 1439.53
126312 1439.42
126414 1439.3
126516 1439.19
126618 1439.07
126720 1438.96
126822 1438.84
126925 1438.72
127027 1438.61
127129 1438.49
127231 1438.37
127333 1438.26
127435 1438.14
127537 1438.02
127639 1437.91
127741 1437.79
127843 1437.67
127945 1437.55
128047 1437.44
128149 1437.32
128251 1437.2
128353 1437.08
128455 1436.96
128557 1436.85
128659 1436.73
128761 1436.61
128863 1436.49
128965 1436.37
129067 1436.25
129169 1436.13
129271 1436.01
129373 1435.9
129475 1435.78
129577 1435.66
129679 1435.54
129781 1435.42
129883 1435.3
129985 1435.18
130087 1435.06
130189 1434.94
130291 1434.82
130394 1434.7
130496 1434.58
130598 1434.46
130700 1434.34
130802 1434.22
130904 1434.09
131006 1433.97
131108 1433.85
131210 1433.73
131312 1433.61
131414 1433.49
131516 1433.37
131618 1433.25
131720 1433.12
131822 1433
131924 1432.88
132026 1432.76
132128 1432.64
132230 1432.51
132332 1432.39
132434 1432.27
132536 1432.14
132638 1432.02
132740 1431.9
132842 1431.78
132944 1431.65
133046 1431.53
133148 1431.41
133250 1431.28
133352 1431.16
133454 1431.03
133556 1430.91
133658 1430.79
133760 1430.66
133863 1430.54
133965 1430.41
134067 1430.29
134169 1430.16
134271 1430.04
134373 1429.91
134475 1429.79
134577 1429.66
134679 1429.54
134781 1429.41
134883 1429.29
134985 1429.16
135087 1429.04
135189 1428.91
135291 1428.78
135393 1428.66
135495 1428.53
135597 1428.41
135699 1428.28
135801 1428.15
135903 1428.03
136005 1427.9
136107 1427.77
136209 1427.65
136311 1427.52
136413 1427.39
136515 1427.26
136617 1427.14
136719 1427.01
136821 1426.88
136923 1426.75
137025 1426.62
137127 1426.5
137229 1426.37
137332 1426.24
137434 1426.11
137536 1425.98
137638 1425.85
137740 1425.72
137842 1425.6
137944 1425.47
138046 1425.34
138148 1425.21
138250 1425.08
138352 1424.95
138454 1424.82
138556 1424.69
138658 1424.56
138760 1424.43
138862 1424.3
138964 1424.17
139066 1424.04
139168 1423.91
139270 1423.78
139372 1423.65
139474 1423.51
139576 1423.38
139678 1423.25
139780 1423.12
139882 1422.99
139984 1422.86
140086 1422.73
140188 1422.59
140290 1422.46
140392 1422.33
140494 1422.2
140596 1422.06
140698 1421.93
140801 1421.8
140903 1421.67
141005 1421.53
141107 1421.4
141209 1421.27
141311 1421.13
141413 1421
141515 1420.87
141617 1420.73
141719 1420.6
141821 1420.47
141923 1420.33
142025 1420.2
142127 1420.06
142229 1419.93
142331 1419.8
142433 1419.66
142535 1419.53
142637 1419.39
142739 1419.26
142841 1419.12
142943 1418.99
143045 1418.85
143147 1418.71
143249 1418.58
143351 1418.44
143453 1418.31
143555 1418.17
143657 1418.04
143759 1417.9
143861 1417.76
143963 1417.63
144065 1417.49
144167 1417.35
144270 1417.22
144372 1417.08
144474 1416.94
144576 1416.8
144678 1416.67
144780 1416.53
144882 1416.39
144984 1416.25
145086 1416.12
145188 1415.98
145290 1415.84
145392 1415.7
145494 1415.56
145596 1415.43
145698 1415.29
145800 1415.15
145902 1415.01
146004 1414.87
146106 1414.73
146208 1414.59
146310 1414.45
146412 1414.31
146514 1414.17
146616 1414.03
146718 1413.89
146820 1413.75
146922 1413.61
147024 1413.47
147126 1413.33
147228 1413.19
147330 1413.05
147432 1412.91
147534 1412.77
147636 1412.63
147739 1412.49
147841 1412.34
147943 1412.2
148045 1412.06
148147 1411.92
148249 1411.78
148351 1411.64
148453 1411.49
148555 1411.35
148657 1411.21
148759 1411.07
148861 1410.92
148963 1410.78
149065 1410.64
149167 1410.5
149269 1410.35
149371 1410.21
149473 1410.07
149575 1409.92
149677 1409.78
149779 1409.63
149881 1409.49
149983 1409.35
150085 1409.2
150187 1409.06
150289 1408.91
150391 1408.77
150493 1408.62
150595 1408.48
150697 1408.33
150799 1408.19
150901 1408.04
151003 1407.9
151105 1407.75
151208 1407.61
151310 1407.46
151412 1407.31
151514 1407.17
151616 1407.02
151718 1406.88
151820 1406.73
151922 1406.58
152024 1406.44
152126 1406.29
152228 1406.14
152330 1406
152432 1405.85
152534 1405.7
152636 1405.55
152738 1405.41
152840 1405.26
152942 1405.11
153044 1404.96
153146 1404.81
153248 1404.66
153350 1404.52
153452 1404.37
153554 1404.22
153656 1404.07
153758 1403.92
153860 1403.77
153962 1403.62
154064 1403.47
154166 1403.32
154268 1403.17
154370 1403.02
154472 1402.87
154574 1402.72
154677 1402.57
154779 1402.42
154881 1402.27
154983 1402.12
155085 1401.97
155187 1401.82
155289 1401.67
155391 1401.52
155493 1401.37
155595 1401.22
155697 1401.06
155799 1400.91
155901 1400.76
156003 1400.61
156105 1400.46
156207 1400.31
156309 1400.15
156411 1400
156513 1399.85
156615 1399.69
156717 1399.54
156819 1399.39
156921 1399.24
157023 1399.08
157125 1398.93
157227 1398.78
157329 1398.62
157431 1398.47
157533 1398.31
157635 1398.16
157737 1398.01
157839 1397.85
157941 1397.7
158043 1397.54
158146 1397.39
158248 1397.23
158350 1397.08
158452 1396.92
158554 1396.77
158656 1396.61
158758 1396.46
158860 1396.3
158962 1396.14
159064 1395.99
159166 1395.83
159268 1395.67
159370 1395.52
159472 1395.36
159574 1395.21
159676 1395.05
159778 1394.89
159880 1394.73
159982 1394.58
160084 1394.42
160186 1394.26
160288 1394.1
160390 1393.95
160492 1393.79
160594 1393.63
160696 1393.47
160798 1393.31
160900 1393.16
161002 1393
161104 1392.84
161206 1392.68
161308 1392.52
161410 1392.36
161512 1392.2
161615 1392.04
161717 1391.88
161819 1391.72
161921 1391.56
162023 1391.4
162125 1391.24
162227 1391.08
162329 1390.92
162431 1390.76
162533 1390.6
162635 1390.44
162737 1390.28
162839 1390.12
162941 1389.96
163043 1389.79
163145 1389.63
163247 1389.47
163349 1389.31
163451 1389.15
163553 1388.98
163655 1388.82
163757 1388.66
163859 1388.5
163961 1388.33
164063 1388.17
164165 1388.01
164267 1387.85
164369 1387.68
164471 1387.52
164573 1387.36
164675 1387.19
164777 1387.03
164879 1386.86
164981 1386.7
165084 1386.54
165186 1386.37
165288 1386.21
165390 1386.04
165492 1385.88
165594 1385.71
165696 1385.55
165798 1385.38
165900 1385.22
166002 1385.05
166104 1384.89
166206 1384.72
166308 1384.55
166410 1384.39
166512 1384.22
166614 1384.05
166716 1383.89
166818 1383.72
166920 1383.55
167022 1383.39
167124 1383.22
167226 1383.05
167328 1382.89
167430 1382.72
167532 1382.55
167634 1382.38
167736 1382.22
167838 1382.05
167940 1381.88
168042 1381.71
168144 1381.54
168246 1381.37
168348 1381.2
168450 1381.04
168552 1380.87
168655 1380.7
168757 1380.53
168859 1380.36
168961 1380.19
169063 1380.02
169165 1379.85
169267 1379.68
169369 1379.51
169471 1379.34
169573 1379.17
169675 1379
169777 1378.83
169879 1378.66
169981 1378.48
170083 1378.31
170185 1378.14
170287 1377.97
170389 1377.8
170491 1377.63
170593 1377.45
170695 1377.28
170797 1377.11
170899 1376.94
171001 1376.77
171103 1376.59
171205 1376.42
171307 1376.25
171409 1376.07
171511 1375.9
171613 1375.73
171715 1375.55
171817 1375.38
171919 1375.21
172021 1375.03
172124 1374.86
172226 1374.68
172328 1374.51
172430 1374.34
172532 1374.16
172634 1373.99
172736 1373.81
172838 1373.64
172940 1373.46
173042 1373.28
173144 1373.11
173246 1372.93
173348 1372.76
173450 1372.58
173552 1372.41
173654 1372.23
173756 1372.05
173858 1371.88
173960 1371.7
174062 1371.52
174164 1371.35
174266 1371.17
174368 1370.99
174470 1370.81
174572 1370.64
174674 1370.46
174776 1370.28
174878 1370.1
174980 1369.92
175082 1369.75
175184 1369.57
175286 1369.39
175388 1369.21
175490 1369.03
175593 1368.85
175695 1368.67
175797 1368.49
175899 1368.31
176001 1368.14
176103 1367.96
176205 1367.78
176307 1367.6
176409 1367.42
176511 1367.23
176613 1367.05
176715 1366.87
176817 1366.69
176919 1366.51
177021 1366.33
177123 1366.15
177225 1365.97
177327 1365.79
177429 1365.61
177531 1365.42
177633 1365.24
177735 1365.06
177837 1364.88
177939 1364.7
178041 1364.51
178143 1364.33
178245 1364.15
178347 1363.96
178449 1363.78
178551 1363.6
178653 1363.41
178755 1363.23
178857 1363.05
178959 1362.86
179062 1362.68
179164 1362.5
179266 1362.31
179368 1362.13
179470 1361.94
179572 1361.76
179674 1361.57
179776 1361.39
179878 1361.2
179980 1361.02
180082 1360.83
180184 1360.65
180286 1360.46
180388 1360.28
180490 1360.09
180592 1359.9
180694 1359.72
180796 1359.53
180898 1359.34
181000 1359.16
181102 1358.97
181204 1358.78
181306 1358.6
181408 1358.41
181510 1358.22
181612 1358.03
181714 1357.85
181816 1357.66
181918 1357.47
182020 1357.28
182122 1357.09
182224 1356.91
182326 1356.72
182428 1356.53
182531 1356.34
182633 1356.15
182735 1355.96
182837 1355.77
182939 1355.58
183041 1355.39
183143 1355.2
183245 1355.01
183347 1354.82
183449 1354.63
183551 1354.44
183653 1354.25
183755 1354.06
183857 1353.87
183959 1353.68
184061 1353.49
184163 1353.3
184265 1353.11
184367 1352.92
184469 1352.72
184571 1352.53
184673 1352.34
184775 1352.15
184877 1351.96
184979 1351.76
185081 1351.57
185183 1351.38
185285 1351.19
185387 1350.99
185489 1350.8
185591 1350.61
185693 1350.41
185795 1350.22
185897 1350.03
186000 1349.83
186102 1349.64
186204 1349.44
186306 1349.25
186408 1349.06
186510 1348.86
186612 1348.67
186714 1348.47
186816 1348.28
186918 1348.08
187020 1347.89
187122 1347.69
187224 1347.5
187326 1347.3
187428 1347.11
187530 1346.91
187632 1346.71
187734 1346.52
187836 1346.32
187938 1346.13
188040 1345.93
188142 1345.73
188244 1345.53
188346 1345.34
188448 1345.14
188550 1344.94
188652 1344.75
188754 1344.55
188856 1344.35
188958 1344.15
189060 1343.96
189162 1343.76
189264 1343.56
189366 1343.36
189469 1343.16
189571 1342.96
189673 1342.76
189775 1342.57
189877 1342.37
189979 1342.17
190081 1341.97
190183 1341.77
190285 1341.57
190387 1341.37
190489 1341.17
190591 1340.97
190693 1340.77
190795 1340.57
190897 1340.37
190999 1340.17
191101 1339.97
191203 1339.77
191305 1339.57
191407 1339.36
191509 1339.16
191611 1338.96
191713 1338.76
191815 1338.56
191917 1338.36
192019 1338.16
192121 1337.95
192223 1337.75
192325 1337.55
192427 1337.35
192529 1337.14
192631 1336.94
192733 1336.74
192835 1336.53
192938 1336.33
193040 1336.13
193142 1335.93
193244 1335.72
193346 1335.52
193448 1335.31
193550 1335.11
193652 1334.91
193754 1334.7
193856 1334.5
193958 1334.29
194060 1334.09
194162 1333.88
194264 1333.68
194366 1333.47
194468 1333.27
194570 1333.06
194672 1332.86
194774 1332.65
194876 1332.45
194978 1332.24
195080 1332.04
195182 1331.83
195284 1331.62
195386 1331.42
195488 1331.21
195590 1331
195692 1330.8
195794 1330.59
195896 1330.38
195998 1330.18
196100 1329.97
196202 1329.76
196304 1329.55
196407 1329.35
196509 1329.14
196611 1328.93
196713 1328.72
196815 1328.52
196917 1328.31
197019 1328.1
197121 1327.89
197223 1327.68
197325 1327.47
197427 1327.26
197529 1327.06
197631 1326.85
197733 1326.64
197835 1326.43
197937 1326.22
198039 1326.01
198141 1325.8
198243 1325.59
198345 1325.38
198447 1325.17
198549 1324.96
198651 1324.75
198753 1324.54
198855 1324.33
198957 1324.12
199059 1323.91
199161 1323.69
199263 1323.48
199365 1323.27
199467 1323.06
199569 1322.85
199671 1322.64
199773 1322.43
199876 1322.22
199978 1322
200080 1321.79
200182 1321.58
200284 1321.37
200386 1321.15
200488 1320.94
200590 1320.73
200692 1320.52
200794 1320.3
200896 1320.09
200998 1319.88
201100 1319.66
201202 1319.45
201304 1319.24
201406 1319.02
201508 1318.81
201610 1318.6
201712 1318.38
201814 1318.17
201916 1317.95
202018 1317.74
202120 1317.53
202222 1317.31
202324 1317.1
202426 1316.88
202528 1316.67
202630 1316.45
202732 1316.24
202834 1316.02
202936 1315.81
203038 1315.59
203140 1315.38
203242 1315.16
203345 1314.95
203447 1314.73
203549 1314.51
203651 1314.3
203753 1314.08
203855 1313.87
203957 1313.65
204059 1313.43
204161 1313.22
204263 1313
204365 1312.78
204467 1312.57
204569 1312.35
204671 1312.13
204773 1311.91
204875 1311.7
204977 1311.48
205079 1311.26
205181 1311.04
205283 1310.83
205385 1310.61
205487 1310.39
205589 1310.17
205691 1309.96
205793 1309.74
205895 1309.52
205997 1309.3
206099 1309.08
206201 1308.86
206303 1308.64
206405 1308.43
206507 1308.21
206609 1307.99
206711 1307.77
206814 1307.55
206916 1307.33
207018 1307.11
207120 1306.89
207222 1306.67
207324 1306.45
207426 1306.23
207528 1306.01
207630 1305.79
207732 1305.57
207834 1305.35
207936 1305.13
208038 1304.91
208140 1304.69
208242 1304.47
208344 1304.25
208446 1304.03
208548 1303.81
208650 1303.59
208752 1303.36
208854 1303.14
208956 1302.92
209058 1302.7
209160 1302.48
209262 1302.26
209364 1302.04
209466 1301.81
209568 1301.59
209670 1301.37
209772 1301.15
209874 1300.93
209976 1300.71
210078 1300.48
210180 1300.26
210283 1300.04
210385 1299.82
210487 1299.59
210589 1299.37
210691 1299.15
210793 1298.92
210895 1298.7
210997 1298.48
211099 1298.26
211201 1298.03
211303 1297.81
211405 1297.59
211507 1297.36
211609 1297.14
211711 1296.92
211813 1296.69
211915 1296.47
212017 1296.24
212119 1296.02
212221 1295.8
212323 1295.57
212425 1295.35
212527 1295.12
212629 1294.9
212731 1294.67
212833 1294.45
212935 1294.23
213037 1294
213139 1293.78
213241 1293.55
213343 1293.33
213445 1293.1
213547 1292.88
213649 1292.65
213752 1292.43
213854 1292.2
213956 1291.98
214058 1291.75
214160 1291.53
214262 1291.3
214364 1291.07
214466 1290.85
214568 1290.62
214670 1290.4
214772 1290.17
214874 1289.95
214976 1289.72
215078 1289.49
215180 1289.27
215282 1289.04
215384 1288.81
215486 1288.59
215588 1288.36
215690 1288.14
215792 1287.91
215894 1287.68
215996 1287.46
216098 1287.23
216200 1287
216302 1286.77
216404 1286.55
216506 1286.32
216608 1286.09
216710 1285.87
216812 1285.64
216914 1285.41
217016 1285.18
217118 1284.96
217221 1284.73
217323 1284.5
217425 1284.27
217527 1284.05
217629 1283.82
217731 1283.59
217833 1283.36
217935 1283.14
218037 1282.91
218139 1282.68
218241 1282.45
218343 1282.22
218445 1282
218547 1281.77
218649 1281.54
218751 1281.31
218853 1281.08
218955 1280.85
219057 1280.63
219159 1280.4
219261 1280.17
219363 1279.94
219465 1279.71
219567 1279.48
219669 1279.25
219771 1279.02
219873 1278.8
219975 1278.57
220077 1278.34
220179 1278.11
220281 1277.88
220383 1277.65
220485 1277.42
220587 1277.19
220690 1276.96
220792 1276.73
220894 1276.5
220996 1276.27
221098 1276.04
221200 1275.82
221302 1275.59
221404 1275.36
221506 1275.13
221608 1274.9
221710 1274.67
221812 1274.44
221914 1274.21
222016 1273.98
222118 1273.75
222220 1273.52
222322 1273.29
222424 1273.06
222526 1272.83
222628 1272.6
222730 1272.37
222832 1272.14
222934 1271.91
223036 1271.68
223138 1271.45
223240 1271.22
223342 1270.98
223444 1270.75
223546 1270.52
223648 1270.29
223750 1270.06
223852 1269.83
223954 1269.6
224056 1269.37
224158 1269.14
224261 1268.91
224363 1268.68
224465 1268.45
224567 1268.22
224669 1267.99
224771 1267.76
224873 1267.52
224975 1267.29
225077 1267.06
225179 1266.83
225281 1266.6
225383 1266.37
225485 1266.14
225587 1265.91
225689 1265.68
225791 1265.44
225893 1265.21
225995 1264.98
226097 1264.75
226199 1264.52
226301 1264.29
226403 1264.06
226505 1263.83
226607 1263.59
226709 1263.36
226811 1263.13
226913 1262.9
227015 1262.67
227117 1262.44
227219 1262.2
227321 1261.97
227423 1261.74
227525 1261.51
227627 1261.28
227730 1261.05
227832 1260.81
227934 1260.58
228036 1260.35
228138 1260.12
228240 1259.89
228342 1259.66
228444 1259.42
228546 1259.19
228648 1258.96
228750 1258.73
228852 1258.5
228954 1258.26
229056 1258.03
229158 1257.8
229260 1257.57
229362 1257.34
229464 1257.11
229566 1256.87
229668 1256.64
229770 1256.41
229872 1256.18
229974 1255.94
230076 1255.71
230178 1255.48
230280 1255.25
230382 1255.02
230484 1254.78
230586 1254.55
230688 1254.32
230790 1254.09
230892 1253.86
230994 1253.62
231096 1253.39
231199 1253.16
231301 1252.93
231403 1252.69
231505 1252.46
231607 1252.23
231709 1252
231811 1251.77
231913 1251.53
232015 1251.3
232117 1251.07
232219 1250.84
232321 1250.6
232423 1250.37
232525 1250.14
232627 1249.91
232729 1249.68
232831 1249.44
232933 1249.21
233035 1248.98
233137 1248.75
233239 1248.51
233341 1248.28
233443 1248.05
233545 1247.82
233647 1247.58
233749 1247.35
233851 1247.12
233953 1246.89
234055 1246.65
234157 1246.42
234259 1246.19
234361 1245.96
234463 1245.73
234565 1245.49
234668 1245.26
234770 1245.03
234872 1244.8
234974 1244.56
235076 1244.33
235178 1244.1
235280 1243.87
235382 1243.63
235484 1243.4
235586 1243.17
235688 1242.94
235790 1242.7
235892 1242.47
235994 1242.24
236096 1242.01
236198 1241.78
236300 1241.54
236402 1241.31
236504 1241.08
236606 1240.85
236708 1240.61
236810 1240.38
236912 1240.15
237014 1239.92
237116 1239.68
237218 1239.45
237320 1239.22
237422 1238.99
237524 1238.76
237626 1238.52
237728 1238.29
237830 1238.06
237932 1237.83
238034 1237.59
238137 1237.36
238239 1237.13
238341 1236.9
238443 1236.67
238545 1236.43
238647 1236.2
238749 1235.97
238851 1235.74
238953 1235.51
239055 1235.27
239157 1235.04
239259 1234.81
239361 1234.58
239463 1234.35
239565 1234.11
239667 1233.88
239769 1233.65
239871 1233.42
239973 1233.19
240075 1232.95
240177 1232.72
240279 1232.49
240381 1232.26
240483 1232.03
240585 1231.79
240687 1231.56
240789 1231.33
240891 1231.1
240993 1230.87
241095 1230.64
241197 1230.4
241299 1230.17
241401 1229.94
241503 1229.71
241606 1229.48
241708 1229.25
241810 1229.01
241912 1228.78
242014 1228.55
242116 1228.32
242218 1228.09
242320 1227.86
242422 1227.62
242524 1227.39
242626 1227.16
242728 1226.93
242830 1226.7
242932 1226.47
243034 1226.24
243136 1226
243238 1225.77
243340 1225.54
243442 1225.31
243544 1225.08
243646 1224.85
243748 1224.62
243850 1224.39
243952 1224.15
244054 1223.92
244156 1223.69
244258 1223.46
244360 1223.23
244462 1223
244564 1222.77
244666 1222.54
244768 1222.31
244870 1222.07
244972 1221.84
245075 1221.61
245177 1221.38
245279 1221.15
245381 1220.92
245483 1220.69
245585 1220.46
245687 1220.23
245789 1220
245891 1219.77
245993 1219.54
246095 1219.3
246197 1219.07
246299 1218.84
246401 1218.61
246503 1218.38
246605 1218.15
246707 1217.92
246809 1217.69
246911 1217.46
247013 1217.23
247115 1217
247217 1216.77
247319 1216.54
247421 1216.31
247523 1216.08
247625 1215.85
247727 1215.62
247829 1215.39
247931 1215.16
248033 1214.93
248135 1214.7
248237 1214.47
248339 1214.24
248441 1214.01
248544 1213.78
248646 1213.55
248748 1213.32
248850 1213.09
248952 1212.86
249054 1212.63
249156 1212.4
249258 1212.17
249360 1211.94
249462 1211.71
249564 1211.48
249666 1211.25
249768 1211.02
249870 1210.79
249972 1210.56
250074 1210.33
250176 1210.1
250278 1209.87
250380 1209.64
250482 1209.41
250584 1209.18
250686 1208.96
250788 1208.73
250890 1208.5
250992 1208.27
251094 1208.04
251196 1207.81
251298 1207.58
251400 1207.35
251502 1207.12
251604 1206.89
251706 1206.66
251808 1206.44
251910 1206.21
252013 1205.98
252115 1205.75
252217 1205.52
252319 1205.29
252421 1205.06
252523 1204.83
252625 1204.61
252727 1204.38
252829 1204.15
252931 1203.92
253033 1203.69
253135 1203.46
253237 1203.23
253339 1203.01
253441 1202.78
253543 1202.55
253645 1202.32
253747 1202.09
253849 1201.87
253951 1201.64
254053 1201.41
254155 1201.18
254257 1200.95
254359 1200.72
254461 1200.5
254563 1200.27
254665 1200.04
254767 1199.81
254869 1199.59
254971 1199.36
255073 1199.13
255175 1198.9
255277 1198.67
255379 1198.45
255482 1198.22
255584 1197.99
255686 1197.76
255788 1197.54
255890 1197.31
255992 1197.08
256094 1196.86
256196 1196.63
256298 1196.4
256400 1196.17
256502 1195.95
256604 1195.72
256706 1195.49
256808 1195.26
256910 1195.04
257012 1194.81
257114 1194.58
257216 1194.36
257318 1194.13
257420 1193.9
257522 1193.68
257624 1193.45
257726 1193.22
257828 1193
257930 1192.77
258032 1192.54
258134 1192.32
258236 1192.09
258338 1191.86
258440 1191.64
258542 1191.41
258644 1191.19
258746 1190.96
258848 1190.73
258951 1190.51
259053 1190.28
259155 1190.05
259257 1189.83
259359 1189.6
259461 1189.38
259563 1189.15
259665 1188.92
259767 1188.7
259869 1188.47
259971 1188.25
260073 1188.02
260175 1187.8
260277 1187.57
260379 1187.34
260481 1187.12
260583 1186.89
260685 1186.67
260787 1186.44
260889 1186.22
260991 1185.99
261093 1185.77
261195 1185.54
261297 1185.32
261399 1185.09
261501 1184.87
261603 1184.64
261705 1184.42
261807 1184.19
261909 1183.97
262011 1183.74
262113 1183.52
262215 1183.29
262317 1183.07
262420 1182.84
262522 1182.62
262624 1182.39
262726 1182.17
262828 1181.94
262930 1181.72
263032 1181.49
263134 1181.27
263236 1181.05
263338 1180.82
263440 1180.6
263542 1180.37
263644 1180.15
263746 1179.92
263848 1179.7
263950 1179.48
264052 1179.25
264154 1179.03
264256 1178.8
264358 1178.58
264460 1178.36
264562 1178.13
264664 1177.91
264766 1177.69
264868 1177.46
264970 1177.24
265072 1177.01
265174 1176.79
265276 1176.57
265378 1176.34
265480 1176.12
265582 1175.9
265684 1175.67
265786 1175.45
265889 1175.23
265991 1175
266093 1174.78
266195 1174.56
266297 1174.33
266399 1174.11
266501 1173.89
266603 1173.67
266705 1173.44
266807 1173.22
266909 1173
267011 1172.77
267113 1172.55
267215 1172.33
267317 1172.11
267419 1171.88
267521 1171.66
267623 1171.44
267725 1171.22
267827 1170.99
267929 1170.77
268031 1170.55
268133 1170.33
268235 1170.11
268337 1169.88
268439 1169.66
268541 1169.44
268643 1169.22
268745 1168.99
268847 1168.77
268949 1168.54
269051 1168.32
269153 1168.1
269255 1167.87
269358 1167.65
269460 1167.43
269562 1167.2
269664 1166.98
269766 1166.76
269868 1166.53
269970 1166.31
270072 1166.09
270174 1165.86
270276 1165.64
270378 1165.42
270480 1165.19
270582 1164.97
270684 1164.75
270786 1164.53
270888 1164.3
270990 1164.08
271092 1163.86
271194 1163.64
271296 1163.41
271398 1163.19
271500 1162.97
271602 1162.75
271704 1162.53
271806 1162.3
271908 1162.08
272010 1161.86
272112 1161.64
272214 1161.42
272316 1161.19
272418 1160.97
272520 1160.75
272622 1160.53
272724 1160.31
272827 1160.09
272929 1159.86
273031 1159.64
273133 1159.42
273235 1159.2
273337 1158.98
273439 1158.76
273541 1158.54
273643 1158.31
273745 1158.09
273847 1157.87
273949 1157.65
274051 1157.43
274153 1157.21
274255 1156.99
274357 1156.77
274459 1156.55
274561 1156.33
274663 1156.11
274765 1155.88
274867 1155.66
274969 1155.44
275071 1155.22
275173 1155
275275 1154.78
275377 1154.56
275479 1154.34
275581 1154.12
275683 1153.9
275785 1153.68
275887 1153.46
275989 1153.24
276091 1153.02
276193 1152.8
276296 1152.58
276398 1152.36
276500 1152.14
276602 1151.92
276704 1151.7
276806 1151.48
276908 1151.26
277010 1151.04
277112 1150.82
277214 1150.6
277316 1150.38
277418 1150.16
277520 1149.94
277622 1149.73
277724 1149.51
277826 1149.29
277928 1149.07
278030 1148.85
278132 1148.63
278234 1148.41
278336 1148.19
278438 1147.97
278540 1147.75
278642 1147.53
278744 1147.32
278846 1147.1
278948 1146.88
279050 1146.66
279152 1146.44
279254 1146.22
279356 1146
279458 1145.78
279560 1145.57
279662 1145.35
279764 1145.13
279867 1144.91
279969 1144.69
280071 1144.47
280173 1144.26
280275 1144.04
280377 1143.82
280479 1143.6
280581 1143.38
280683 1143.17
280785 1142.95
280887 1142.73
280989 1142.51
281091 1142.29
281193 1142.08
281295 1141.86
281397 1141.64
281499 1141.42
281601 1141.2
281703 1140.99
281805 1140.77
281907 1140.55
282009 1140.33
282111 1140.12
282213 1139.9
282315 1139.68
282417 1139.47
282519 1139.25
282621 1139.03
282723 1138.81
282825 1138.6
282927 1138.38
283029 1138.16
283131 1137.95
283233 1137.73
283336 1137.51
283438 1137.3
283540 1137.08
283642 1136.86
283744 1136.64
283846 1136.43
283948 1136.21
284050 1135.99
284152 1135.78
284254 1135.56
284356 1135.35
284458 1135.13
284560 1134.91
284662 1134.7
284764 1134.48
284866 1134.26
284968 1134.05
285070 1133.83
285172 1133.62
285274 1133.4
285376 1133.18
285478 1132.97
285580 1132.75
285682 1132.54
285784 1132.32
285886 1132.1
285988 1131.89
286090 1131.67
286192 1131.46
286294 1131.24
286396 1131.02
286498 1130.81
286600 1130.59
286702 1130.38
286805 1130.16
286907 1129.95
287009 1129.73
287111 1129.52
287213 1129.3
287315 1129.09
287417 1128.87
287519 1128.66
287621 1128.44
287723 1128.23
287825 1128.01
287927 1127.8
288029 1127.58
288131 1127.37
288233 1127.15
288335 1126.94
288437 1126.72
288539 1126.51
288641 1126.29
288743 1126.08
288845 1125.86
288947 1125.65
289049 1125.43
289151 1125.22
289253 1125
289355 1124.79
289457 1124.58
289559 1124.36
289661 1124.15
289763 1123.93
289865 1123.72
289967 1123.5
290069 1123.29
290171 1123.08
290274 1122.86
290376 1122.65
290478 1122.43
290580 1122.22
290682 1122.01
290784 1121.79
290886 1121.58
290988 1121.37
291090 1121.15
291192 1120.94
291294 1120.72
291396 1120.51
291498 1120.3
291600 1120.08
291702 1119.87
291804 1119.66
291906 1119.44
292008 1119.23
292110 1119.02
292212 1118.8
292314 1118.59
292416 1118.38
292518 1118.16
292620 1117.95
292722 1117.74
292824 1117.52
292926 1117.31
293028 1117.1
293130 1116.89
293232 1116.67
293334 1116.46
293436 1116.25
293538 1116.03
293640 1115.82
293743 1115.61
293845 1115.4
293947 1115.18
294049 1114.97
294151 1114.76
294253 1114.55
294355 1114.33
294457 1114.12
294559 1113.91
294661 1113.7
294763 1113.48
294865 1113.27
294967 1113.06
295069 1112.85
295171 1112.64
295273 1112.42
295375 1112.21
295477 1112
295579 1111.79
295681 1111.58
295783 1111.36
295885 1111.15
295987 1110.94
296089 1110.73
296191 1110.52
296293 1110.3
296395 1110.09
296497 1109.88
296599 1109.67
296701 1109.46
296803 1109.25
296905 1109.04
297007 1108.82
297109 1108.61
297212 1108.4
297314 1108.19
297416 1107.98
297518 1107.77
297620 1107.56
297722 1107.34
297824 1107.13
297926 1106.92
298028 1106.71
298130 1106.5
298232 1106.29
298334 1106.08
298436 1105.87
298538 1105.66
298640 1105.45
298742 1105.24
298844 1105.02
298946 1104.81
299048 1104.6
299150 1104.39
299252 1104.18
299354 1103.97
299456 1103.76
299558 1103.55
299660 1103.34
299762 1103.13
299864 1102.92
299966 1102.71
300068 1102.5
300170 1102.29
300272 1102.08
300374 1101.87
300476 1101.66
300578 1101.45
300681 1101.24
300783 1101.03
300885 1100.82
300987 1100.61
301089 1100.4
301191 1100.19
301293 1099.98
301395 1099.77
301497 1099.56
301599 1099.35
301701 1099.14
301803 1098.93
301905 1098.72
302007 1098.51
302109 1098.3
302211 1098.09
302313 1097.88
302415 1097.67
302517 1097.46
302619 1097.25
302721 1097.04
302823 1096.83
302925 1096.62
303027 1096.41
303129 1096.21
303231 1096
303333 1095.79
303435 1095.58
303537 1095.37
303639 1095.16
303741 1094.95
303843 1094.74
303945 1094.53
304047 1094.32
304150 1094.12
304252 1093.91
304354 1093.7
304456 1093.49
304558 1093.28
304660 1093.07
304762 1092.86
304864 1092.65
304966 1092.45
305068 1092.24
305170 1092.03
305272 1091.82
305374 1091.61
305476 1091.4
305578 1091.19
305680 1090.99
305782 1090.78
305884 1090.57
305986 1090.36
306088 1090.15
306190 1089.95
306292 1089.74
306394 1089.53
306496 1089.32
306598 1089.11
306700 1088.91
306802 1088.7
306904 1088.49
307006 1088.28
307108 1088.07
307210 1087.87
307312 1087.66
307414 1087.45
307516 1087.24
307619 1087.03
307721 1086.83
307823 1086.62
307925 1086.41
308027 1086.2
308129 1086
308231 1085.79
308333 1085.58
308435 1085.37
308537 1085.17
308639 1084.96
308741 1084.75
308843 1084.54
308945 1084.34
309047 1084.13
309149 1083.92
309251 1083.72
309353 1083.51
309455 1083.3
309557 1083.09
309659 1082.89
309761 1082.68
309863 1082.47
309965 1082.27
310067 1082.06
310169 1081.85
310271 1081.65
310373 1081.44
310475 1081.23
310577 1081.03
310679 1080.82
310781 1080.61
310883 1080.41
310985 1080.2
311088 1079.99
311190 1079.79
311292 1079.58
311394 1079.37
311496 1079.17
311598 1078.96
311700 1078.75
311802 1078.55
311904 1078.34
312006 1078.14
312108 1077.93
312210 1077.72
312312 1077.52
312414 1077.31
312516 1077.1
312618 1076.9
312720 1076.69
312822 1076.49
312924 1076.28
313026 1076.07
313128 1075.87
313230 1075.66
313332 1075.46
313434 1075.25
313536 1075.05
313638 1074.84
313740 1074.63
313842 1074.43
313944 1074.22
314046 1074.02
314148 1073.81
314250 1073.61
314352 1073.4
314454 1073.19
314557 1072.99
314659 1072.78
314761 1072.58
314863 1072.37
314965 1072.17
315067 1071.96
315169 1071.76
315271 1071.55
315373 1071.35
315475 1071.14
315577 1070.94
315679 1070.73
315781 1070.53
315883 1070.32
315985 1070.12
316087 1069.91
316189 1069.71
316291 1069.5
316393 1069.3
316495 1069.09
316597 1068.89
316699 1068.68
316801 1068.48
316903 1068.27
317005 1068.07
317107 1067.86
317209 1067.66
317311 1067.45
317413 1067.25
317515 1067.04
317617 1066.84
317719 1066.63
317821 1066.43
317923 1066.23
318026 1066.02
318128 1065.82
318230 1065.61
318332 1065.41
318434 1065.2
318536 1065
318638 1064.79
318740 1064.59
318842 1064.39
318944 1064.18
319046 1063.98
319148 1063.77
319250 1063.57
319352 1063.37
319454 1063.16
319556 1062.96
319658 1062.75
319760 1062.55
319862 1062.35
319964 1062.14
320066 1061.94
320168 1061.73
320270 1061.53
320372 1061.33
320474 1061.12
320576 1060.92
320678 1060.72
320780 1060.51
320882 1060.31
320984 1060.1
321086 1059.9
321188 1059.7
321290 1059.49
321392 1059.29
321495 1059.09
321597 1058.88
321699 1058.68
321801 1058.48
321903 1058.27
322005 1058.07
322107 1057.87
322209 1057.66
322311 1057.46
322413 1057.26
322515 1057.05
322617 1056.85
322719 1056.65
322821 1056.44
322923 1056.24
323025 1056.04
323127 1055.84
323229 1055.63
323331 1055.43
323433 1055.23
323535 1055.02
323637 1054.82
323739 1054.62
323841 1054.41
323943 1054.21
324045 1054.01
324147 1053.81
324249 1053.6
324351 1053.4
324453 1053.2
324555 1053
324657 1052.79
324759 1052.59
324861 1052.39
324964 1052.19
325066 1051.98
325168 1051.78
325270 1051.58
325372 1051.38
325474 1051.17
325576 1050.97
325678 1050.77
325780 1050.57
325882 1050.36
325984 1050.16
326086 1049.96
326188 1049.76
326290 1049.56
326392 1049.35
326494 1049.15
326596 1048.95
326698 1048.75
326800 1048.54
326902 1048.34
327004 1048.14
327106 1047.94
327208 1047.74
327310 1047.53
327412 1047.33
327514 1047.13
327616 1046.93
327718 1046.73
327820 1046.53
327922 1046.32
328024 1046.12
328126 1045.92
328228 1045.72
328330 1045.52
328433 1045.32
328535 1045.11
328637 1044.91
328739 1044.71
328841 1044.51
328943 1044.31
329045 1044.11
329147 1043.9
329249 1043.7
329351 1043.5
329453 1043.3
329555 1043.1
329657 1042.9
329759 1042.7
329861 1042.5
329963 1042.29
330065 1042.09
330167 1041.89
330269 1041.69
330371 1041.49
330473 1041.29
330575 1041.09
330677 1040.89
330779 1040.69
330881 1040.48
330983 1040.28
331085 1040.08
331187 1039.88
331289 1039.68
331391 1039.48
331493 1039.28
331595 1039.08
331697 1038.88
331799 1038.68
331902 1038.48
332004 1038.27
332106 1038.07
332208 1037.87
332310 1037.67
332412 1037.47
332514 1037.27
332616 1037.07
332718 1036.87
332820 1036.67
332922 1036.47
333024 1036.27
333126 1036.07
333228 1035.87
333330 1035.67
333432 1035.47
333534 1035.27
333636 1035.07
333738 1034.87
333840 1034.66
333942 1034.46
334044 1034.26
334146 1034.06
334248 1033.86
334350 1033.66
334452 1033.46
334554 1033.26
334656 1033.06
334758 1032.86
334860 1032.66
334962 1032.46
335064 1032.26
335166 1032.06
335268 1031.86
335370 1031.66
335473 1031.46
335575 1031.26
335677 1031.06
335779 1030.86
335881 1030.66
335983 1030.46
336085 1030.26
336187 1030.06
336289 1029.86
336391 1029.66
336493 1029.46
336595 1029.26
336697 1029.07
336799 1028.87
336901 1028.67
337003 1028.47
337105 1028.27
337207 1028.07
337309 1027.87
337411 1027.67
337513 1027.47
337615 1027.27
337717 1027.07
337819 1026.87
337921 1026.67
338023 1026.47
338125 1026.27
338227 1026.07
338329 1025.87
338431 1025.67
338533 1025.47
338635 1025.28
338737 1025.08
338839 1024.88
338942 1024.68
339044 1024.48
339146 1024.28
339248 1024.08
339350 1023.88
339452 1023.68
339554 1023.48
339656 1023.28
339758 1023.09
339860 1022.89
339962 1022.69
340064 1022.49
340166 1022.29
340268 1022.09
340370 1021.89
340472 1021.69
340574 1021.49
340676 1021.3
340778 1021.1
340880 1020.9
340982 1020.7
341084 1020.5
341186 1020.3
341288 1020.1
341390 1019.9
341492 1019.71
341594 1019.51
341696 1019.31
341798 1019.11
341900 1018.91
342002 1018.71
342104 1018.51
342206 1018.32
342308 1018.12
342411 1017.92
342513 1017.72
342615 1017.52
342717 1017.32
342819 1017.12
342921 1016.93
343023 1016.73
343125 1016.53
343227 1016.33
343329 1016.13
343431 1015.93
343533 1015.74
343635 1015.54
343737 1015.34
343839 1015.14
343941 1014.94
344043 1014.75
344145 1014.55
344247 1014.35
344349 1014.15
344451 1013.95
344553 1013.76
344655 1013.56
344757 1013.36
344859 1013.16
344961 1012.96
345063 1012.77
345165 1012.57
345267 1012.37
345369 1012.17
345471 1011.97
345573 1011.78
345675 1011.58
345777 1011.38
345880 1011.18
345982 1010.98
346084 1010.79
346186 1010.59
346288 1010.39
346390 1010.19
346492 1010
346594 1009.8
346696 1009.6
346798 1009.4
346900 1009.21
347002 1009.01
347104 1008.81
347206 1008.61
347308 1008.42
347410 1008.22
347512 1008.02
347614 1007.82
347716 1007.63
347818 1007.43
347920 1007.23
348022 1007.03
348124 1006.84
348226 1006.64
348328 1006.44
348430 1006.24
348532 1006.05
348634 1005.85
348736 1005.65
348838 1005.45
348940 1005.26
349042 1005.06
349144 1004.86
349246 1004.67
349349 1004.47
349451 1004.27
349553 1004.07
349655 1003.88
349757 1003.68
349859 1003.48
349961 1003.29
350063 1003.09
350165 1002.89
350267 1002.7
350369 1002.5
350471 1002.3
350573 1002.1
350675 1001.91
350777 1001.71
350879 1001.51
350981 1001.32
351083 1001.12
351185 1000.92
351287 1000.73
351389 1000.53
351491 1000.33
351593 1000.14
351695 999.939
351797 999.743
351899 999.546
352001 999.349
352103 999.153
352205 998.956
352307 998.759
352409 998.563
352511 998.366
352613 998.169
352715 997.973
352818 997.776
352920 997.58
353022 997.383
353124 997.187
353226 996.99
353328 996.794
353430 996.597
353532 996.401
353634 996.205
353736 996.008
353838 995.812
353940 995.615
354042 995.419
354144 995.223
354246 995.026
354348 994.83
354450 994.634
354552 994.438
354654 994.241
354756 994.045
354858 993.849
354960 993.653
355062 993.457
355164 993.26
355266 993.064
355368 992.868
355470 992.672
355572 992.476
355674 992.28
355776 992.084
355878 991.888
355980 991.692
356082 991.496
356184 991.3
356287 991.104
356389 990.908
356491 990.712
356593 990.516
356695 990.32
356797 990.124
356899 989.928
357001 989.732
357103 989.536
357205 989.34
357307 989.145
357409 988.949
357511 988.753
357613 988.557
357715 988.361
357817 988.166
357919 987.97
358021 987.774
358123 987.579
358225 987.383
358327 987.187
358429 986.992
358531 986.796
358633 986.6
358735 986.405
358837 986.209
358939 986.013
359041 985.818
359143 985.622
359245 985.427
359347 985.231
359449 985.036
359551 984.84
359653 984.645
359756 984.449
359858 984.254
359960 984.059
360062 983.863
360164 983.668
360266 983.472
360368 983.277
360470 983.082
360572 982.886
360674 982.691
360776 982.496
360878 982.3
360980 982.105
361082 981.91
361184 981.714
361286 981.519
361388 981.324
361490 981.129
361592 980.934
361694 980.738
361796 980.543
361898 980.348
362000 980.153
362102 979.958
362204 979.763
362306 979.568
362408 979.373
362510 979.177
362612 978.982
362714 978.787
362816 978.592
362918 978.397
363020 978.202
363122 978.007
363225 977.812
363327 977.617
363429 977.422
363531 977.228
363633 977.033
363735 976.838
363837 976.643
363939 976.448
364041 976.253
364143 976.058
364245 975.863
364347 975.669
364449 975.474
364551 975.279
364653 975.084
364755 974.889
364857 974.695
364959 974.5
365061 974.305
365163 974.11
365265 973.916
365367 973.721
365469 973.526
365571 973.332
365673 973.137
365775 972.942
365877 972.748
365979 972.553
366081 972.359
366183 972.164
366285 971.969
366387 971.775
366489 971.58
366591 971.386
366694 971.191
366796 970.997
366898 970.802
367000 970.608
367102 970.413
367204 970.219
367306 970.025
367408 969.83
367510 969.636
367612 969.441
367714 969.247
367816 969.052
367918 968.858
368020 968.664
368122 968.469
368224 968.275
368326 968.081
368428 967.886
368530 967.692
368632 967.498
368734 967.304
368836 967.109
368938 966.915
369040 966.721
369142 966.527
369244 966.332
369346 966.138
369448 965.944
369550 965.75
369652 965.556
369754 965.362
369856 965.167
369958 964.973
370060 964.779
370163 964.585
370265 964.391
370367 964.197
370469 964.003
370571 963.809
370673 963.615
370775 963.421
370877 963.227
370979 963.033
371081 962.839
371183 962.645
371285 962.451
371387 962.257
371489 962.063
371591 961.869
371693 961.675
371795 961.481
371897 961.287
371999 961.093
372101 960.9
372203 960.706
372305 960.512
372407 960.318
372509 960.124
372611 959.93
372713 959.736
372815 959.543
372917 959.349
373019 959.155
373121 958.961
373223 958.768
373325 958.574
373427 958.38
373529 958.186
373632 957.993
373734 957.799
373836 957.605
373938 957.412
374040 957.218
374142 957.024
374244 956.831
374346 956.637
374448 956.443
374550 956.25
374652 956.056
374754 955.863
374856 955.669
374958 955.475
375060 955.282
375162 955.088
375264 954.895
375366 954.701
375468 954.508
375570 954.314
375672 954.121
375774 953.927
375876 953.734
375978 953.54
376080 953.347
376182 953.153
376284 952.96
376386 952.766
376488 952.573
376590 952.38
376692 952.186
376794 951.993
376896 951.799
376998 951.606
377101 951.413
377203 951.219
377305 951.026
377407 950.833
377509 950.639
377611 950.446
377713 950.253
377815 950.059
377917 949.866
378019 949.673
378121 949.48
378223 949.286
378325 949.093
378427 948.9
378529 948.707
378631 948.513
378733 948.32
378835 948.127
378937 947.934
379039 947.741
379141 947.548
379243 947.354
379345 947.161
379447 946.968
379549 946.775
379651 946.582
379753 946.389
379855 946.196
379957 946.003
380059 945.809
380161 945.616
380263 945.423
380365 945.23
380467 945.037
380570 944.844
380672 944.651
380774 944.458
380876 944.265
380978 944.072
381080 943.879
381182 943.686
381284 943.493
381386 943.3
381488 943.107
381590 942.914
381692 942.721
381794 942.528
381896 942.335
381998 942.143
382100 941.95
382202 941.757
382304 941.564
382406 941.371
382508 941.178
382610 940.985
382712 940.792
382814 940.6
382916 940.407
383018 940.214
383120 940.021
383222 939.828
383324 939.635
383426 939.443
383528 939.25
383630 939.057
383732 938.864
383834 938.671
383936 938.479
384039 938.286
384141 938.093
384243 937.901
384345 937.708
384447 937.515
384549 937.322
384651 937.13
384753 936.937
384855 936.744
384957 936.552
385059 936.359
385161 936.166
385263 935.974
385365 935.781
385467 935.588
385569 935.396
385671 935.203
385773 935.01
385875 934.818
385977 934.625
386079 934.433
386181 934.24
386283 934.047
386385 933.855
386487 933.662
386589 933.47
386691 933.277
386793 933.085
386895 932.892
386997 932.7
387099 932.507
387201 932.315
387303 932.122
387405 931.93
387508 931.737
387610 931.545
387712 931.352
387814 931.16
387916 930.967
388018 930.775
388120 930.582
388222 930.39
388324 930.197
388426 930.005
388528 929.813
388630 929.62
388732 929.428
388834 929.235
388936 929.043
389038 928.851
389140 928.658
389242 928.466
389344 928.273
389446 928.081
389548 927.889
389650 927.696
389752 927.504
389854 927.312
389956 927.119
390058 926.927
390160 926.735
390262 926.542
390364 926.35
390466 926.158
390568 925.966
390670 925.773
390772 925.581
390874 925.389
390976 925.196
391079 925.004
391181 924.812
391283 924.62
391385 924.427
391487 924.235
391589 924.043
391691 923.851
391793 923.659
391895 923.466
391997 923.274
392099 923.082
392201 922.89
392303 922.698
392405 922.505
392507 922.313
392609 922.121
392711 921.929
392813 921.737
392915 921.545
393017 921.352
393119 921.16
393221 920.968
393323 920.776
393425 920.584
393527 920.392
393629 920.2
393731 920.008
393833 919.815
393935 919.623
394037 919.431
394139 919.239
394241 919.047
394343 918.855
394445 918.663
394548 918.471
394650 918.279
394752 918.087
394854 917.895
394956 917.703
395058 917.511
395160 917.319
395262 917.127
395364 916.935
395466 916.743
395568 916.551
395670 916.359
395772 916.167
395874 915.975
395976 915.783
396078 915.591
396180 915.399
396282 915.207
396384 915.015
396486 914.823
396588 914.631
396690 914.439
396792 914.247
396894 914.055
396996 913.863
397098 913.671
397200 913.479
397302 913.287
397404 913.095
397506 912.903
397608 912.711
397710 912.519
397812 912.328
397914 912.136
398017 911.944
398119 911.752
398221 911.56
398323 911.368
398425 911.176
398527 910.984
398629 910.793
398731 910.601
398833 910.409
398935 910.217
399037 910.025
399139 909.833
399241 909.641
399343 909.45
399445 909.258
399547 909.066
399649 908.874
399751 908.682
399853 908.49
399955 908.299
400057 908.107
400159 907.915
400261 907.723
400363 907.531
400465 907.34
400567 907.148
400669 906.956
400771 906.764
400873 906.572
400975 906.381
401077 906.189
401179 905.997
401281 905.805
401383 905.614
401486 905.422
401588 905.23
401690 905.038
401792 904.847
401894 904.655
401996 904.463
402098 904.271
402200 904.08
402302 903.888
402404 903.696
402506 903.505
402608 903.313
402710 903.121
402812 902.929
402914 902.738
403016 902.546
403118 902.354
403220 902.163
403322 901.971
403424 901.779
403526 901.587
403628 901.396
403730 901.204
403832 901.012
403934 900.821
404036 900.629
404138 900.437
404240 900.246
404342 900.054
404444 899.862
404546 899.671
404648 899.479
404750 899.287
404852 899.096
404955 898.904
405057 898.713
405159 898.521
405261 898.329
405363 898.138
405465 897.946
405567 897.754
405669 897.563
405771 897.371
405873 897.179
405975 896.988
406077 896.796
406179 896.605
406281 896.413
406383 896.221
406485 896.03
406587 895.838
406689 895.647
406791 895.455
406893 895.263
406995 895.072
407097 894.88
407199 894.689
407301 894.497
407403 894.305
407505 894.114
407607 893.922
407709 893.731
407811 893.539
407913 893.348
408015 893.156
408117 892.964
408219 892.773
408321 892.581
408424 892.39
408526 892.198
408628 892.007
408730 891.815
408832 891.623
408934 891.432
409036 891.24
409138 891.049
409240 890.857
409342 890.666
409444 890.474
409546 890.283
409648 890.091
409750 889.9
409852 889.708
409954 889.516
410056 889.325
410158 889.133
410260 888.942
410362 888.75
410464 888.559
410566 888.367
410668 888.176
410770 887.984
410872 887.793
410974 887.601
411076 887.41
411178 887.218
411280 887.027
411382 886.835
411484 886.644
411586 886.452
411688 886.261
411790 886.069
411893 885.877
411995 885.686
412097 885.494
412199 885.303
412301 885.111
412403 884.92
412505 884.728
412607 884.537
412709 884.345
412811 884.154
412913 883.962
413015 883.771
413117 883.579
413219 883.388
413321 883.196
413423 883.005
413525 882.813
413627 882.622
413729 882.43
413831 882.239
413933 882.047
414035 881.856
414137 881.664
414239 881.473
414341 881.282
414443 881.09
414545 880.899
414647 880.707
414749 880.516
414851 880.324
414953 880.133
415055 879.941
415157 879.75
415259 879.558
415362 879.367
415464 879.175
415566 878.984
415668 878.792
415770 878.601
415872 878.409
415974 878.218
416076 878.026
416178 877.835
416280 877.643
416382 877.452
416484 877.26
416586 877.069
416688 876.877
416790 876.686
416892 876.494
416994 876.303
417096 876.111
417198 875.92
417300 875.728
417402 875.537
417504 875.345
417606 875.154
417708 874.963
417810 874.771
417912 874.58
418014 874.388
418116 874.197
418218 874.005
418320 873.814
418422 873.622
418524 873.431
418626 873.239
418728 873.048
418831 872.856
418933 872.665
419035 872.473
419137 872.282
419239 872.09
419341 871.899
419443 871.707
419545 871.516
419647 871.324
419749 871.133
419851 870.941
419953 870.75
420055 870.558
420157 870.367
420259 870.175
420361 869.984
420463 869.792
420565 869.601
420667 869.409
420769 869.218
420871 869.026
420973 868.835
421075 868.643
421177 868.452
421279 868.26
421381 868.069
421483 867.877
421585 867.686
421687 867.494
421789 867.303
421891 867.111
421993 866.92
422095 866.728
422197 866.537
422300 866.345
422402 866.154
422504 865.962
422606 865.771
422708 865.579
422810 865.388
422912 865.196
423014 865.005
423116 864.813
423218 864.622
423320 864.43
423422 864.238
423524 864.047
423626 863.855
423728 863.664
423830 863.472
423932 863.281
424034 863.089
424136 862.898
424238 862.706
424340 862.515
424442 862.323
424544 862.132
424646 861.94
424748 861.748
424850 861.557
424952 861.365
425054 861.174
425156 860.982
425258 860.791
425360 860.599
425462 860.408
425564 860.216
425666 860.024
425769 859.833
425871 859.641
425973 859.45
426075 859.258
426177 859.067
426279 858.875
426381 858.683
426483 858.492
426585 858.3
426687 858.109
426789 857.917
426891 857.725
426993 857.534
427095 857.342
427197 857.151
427299 856.959
427401 856.767
427503 856.576
427605 856.384
427707 856.193
427809 856.001
427911 855.809
428013 855.618
428115 855.426
428217 855.235
428319 855.043
428421 854.851
428523 854.66
428625 854.468
428727 854.276
428829 854.085
428931 853.893
429033 853.701
429135 853.51
429238 853.318
429340 853.126
429442 852.935
429544 852.743
429646 852.551
429748 852.36
429850 852.168
429952 851.976
430054 851.785
430156 851.593
430258 851.401
430360 851.21
430462 851.018
430564 850.826
430666 850.635
430768 850.443
430870 850.251
430972 850.06
431074 849.868
431176 849.676
431278 849.484
431380 849.293
431482 849.101
431584 848.909
431686 848.718
431788 848.526
431890 848.334
431992 848.142
432094 847.951
432196 847.759
432298 847.567
432400 847.375
432502 847.184
432604 846.992
432707 846.8
432809 846.608
432911 846.417
433013 846.225
433115 846.033
433217 845.841
433319 845.65
433421 845.458
433523 845.266
433625 845.074
433727 844.882
433829 844.691
433931 844.499
434033 844.307
434135 844.115
434237 843.923
434339 843.731
434441 843.54
434543 843.348
434645 843.156
434747 842.964
434849 842.772
434951 842.58
435053 842.389
435155 842.197
435257 842.005
435359 841.813
435461 841.621
435563 841.429
435665 841.237
435767 841.046
435869 840.854
435971 840.662
436073 840.47
436176 840.278
436278 840.086
436380 839.894
436482 839.702
436584 839.51
436686 839.318
436788 839.127
436890 838.935
436992 838.743
437094 838.551
437196 838.359
437298 838.167
437400 837.975
437502 837.783
437604 837.591
437706 837.399
437808 837.207
437910 837.015
438012 836.823
438114 836.631
438216 836.439
438318 836.247
438420 836.055
438522 835.863
438624 835.671
438726 835.479
438828 835.287
438930 835.095
439032 834.903
439134 834.711
439236 834.519
439338 834.327
439440 834.135
439542 833.943
439645 833.751
439747 833.559
439849 833.367
439951 833.175
440053 832.983
440155 832.79
440257 832.598
440359 832.406
440461 832.214
440563 832.022
440665 831.83
440767 831.638
440869 831.446
440971 831.254
441073 831.061
441175 830.869
441277 830.677
441379 830.485
441481 830.293
441583 830.101
441685 829.909
441787 829.716
441889 829.524
441991 829.332
442093 829.14
442195 828.948
442297 828.755
442399 828.563
442501 828.371
442603 828.179
442705 827.987
442807 827.794
442909 827.602
443011 827.41
443114 827.218
443216 827.025
443318 826.833
443420 826.641
443522 826.449
443624 826.256
443726 826.064
443828 825.872
443930 825.679
444032 825.487
444134 825.295
444236 825.103
444338 824.91
444440 824.718
444542 824.526
444644 824.333
444746 824.141
444848 823.949
444950 823.756
445052 823.564
445154 823.371
445256 823.179
445358 822.987
445460 822.794
445562 822.602
445664 822.41
445766 822.217
445868 822.025
445970 821.832
446072 821.64
446174 821.447
446276 821.255
446378 821.063
446480 820.87
446582 820.678
446685 820.485
446787 820.293
446889 820.1
446991 819.908
447093 819.715
447195 819.523
447297 819.33
447399 819.138
447501 818.945
447603 818.753
447705 818.56
447807 818.368
447909 818.175
448011 817.982
448113 817.79
448215 817.597
448317 817.405
448419 817.212
448521 817.02
448623 816.827
448725 816.634
448827 816.442
448929 816.249
449031 816.057
449133 815.864
449235 815.671
449337 815.479
449439 815.286
449541 815.093
449643 814.901
449745 814.708
449847 814.515
449949 814.323
450051 814.13
450154 813.937
450256 813.744
450358 813.552
450460 813.359
450562 813.166
450664 812.973
450766 812.781
450868 812.588
450970 812.395
451072 812.202
451174 812.01
451276 811.817
451378 811.624
451480 811.431
451582 811.238
451684 811.046
451786 810.853
451888 810.66
451990 810.467
452092 810.274
452194 810.081
452296 809.888
452398 809.696
452500 809.503
452602 809.31
452704 809.117
452806 808.924
452908 808.731
453010 808.538
453112 808.345
453214 808.152
453316 807.959
453418 807.766
453520 807.573
453623 807.38
453725 807.187
453827 806.994
453929 806.801
454031 806.608
454133 806.415
454235 806.222
454337 806.029
454439 805.836
454541 805.643
454643 805.45
454745 805.257
454847 805.064
454949 804.871
455051 804.678
455153 804.485
455255 804.292
455357 804.099
455459 803.905
455561 803.712
455663 803.519
455765 803.326
455867 803.133
455969 802.94
456071 802.746
456173 802.553
456275 802.36
456377 802.167
456479 801.974
456581 801.78
456683 801.587
456785 801.394
456887 801.201
456989 801.007
457092 800.814
457194 800.621
457296 800.428
457398 800.234
457500 800.041
457602 799.848
457704 799.654
457806 799.461
457908 799.268
458010 799.074
458112 798.881
458214 798.687
458316 798.494
458418 798.301
458520 798.107
458622 797.914
458724 797.72
458826 797.527
458928 797.334
459030 797.14
459132 796.947
459234 796.753
459336 796.56
459438 796.366
459540 796.173
459642 795.979
459744 795.786
459846 795.592
459948 795.399
460050 795.205
460152 795.012
460254 794.818
460356 794.624
460458 794.431
460561 794.237
460663 794.044
460765 793.85
460867 793.656
460969 793.463
461071 793.269
461173 793.075
461275 792.882
461377 792.688
461479 792.494
461581 792.301
461683 792.107
461785 791.913
461887 791.72
461989 791.526
462091 791.332
462193 791.138
462295 790.945
462397 790.751
462499 790.557
462601 790.363
462703 790.169
462805 789.976
462907 789.782
463009 789.588
463111 789.394
463213 789.2
463315 789.006
463417 788.812
463519 788.619
463621 788.425
463723 788.231
463825 788.037
463927 787.843
464030 787.649
464132 787.455
464234 787.261
464336 787.067
464438 786.873
464540 786.679
464642 786.485
464744 786.291
464846 786.097
464948 785.903
465050 785.709
465152 785.515
465254 785.321
465356 785.127
465458 784.933
465560 784.738
465662 784.544
465764 784.35
465866 784.156
465968 783.962
466070 783.768
466172 783.574
466274 783.379
466376 783.185
466478 782.991
466580 782.797
466682 782.603
466784 782.408
466886 782.214
466988 782.02
467090 781.825
467192 781.631
467294 781.437
467396 781.243
467499 781.048
467601 780.854
467703 780.66
467805 780.465
467907 780.271
468009 780.076
468111 779.882
468213 779.688
468315 779.493
468417 779.299
468519 779.104
468621 778.91
468723 778.715
468825 778.521
468927 778.327
469029 778.132
469131 777.938
469233 777.743
469335 777.548
469437 777.354
469539 777.159
469641 776.965
469743 776.77
469845 776.576
469947 776.381
470049 776.186
470151 775.992
470253 775.797
470355 775.602
470457 775.408
470559 775.213
470661 775.018
470763 774.824
470865 774.629
470968 774.434
471070 774.24
471172 774.045
471274 773.85
471376 773.655
471478 773.46
471580 773.266
471682 773.071
471784 772.876
471886 772.681
471988 772.486
472090 772.291
472192 772.097
472294 771.902
472396 771.707
472498 771.512
472600 771.317
472702 771.122
472804 770.927
472906 770.732
473008 770.537
473110 770.342
473212 770.147
473314 769.952
473416 769.757
473518 769.562
473620 769.367
473722 769.172
473824 768.977
473926 768.782
474028 768.587
474130 768.391
474232 768.196
474334 768.001
474437 767.806
474539 767.611
474641 767.416
474743 767.22
474845 767.025
474947 766.83
475049 766.635
475151 766.44
475253 766.244
475355 766.049
475457 765.854
475559 765.658
475661 765.463
475763 765.268
475865 765.072
475967 764.877
476069 764.682
476171 764.486
476273 764.291
476375 764.095
476477 763.9
476579 763.705
476681 763.509
476783 763.314
476885 763.118
476987 762.923
477089 762.727
477191 762.532
477293 762.336
477395 762.14
477497 761.945
477599 761.749
477701 761.554
477803 761.358
477906 761.163
478008 760.967
478110 760.771
478212 760.576
478314 760.38
478416 760.184
478518 759.988
478620 759.793
478722 759.597
478824 759.401
478926 759.206
479028 759.01
479130 758.814
479232 758.618
479334 758.422
479436 758.226
479538 758.031
479640 757.835
479742 757.639
479844 757.443
479946 757.247
480048 757.051
480150 756.855
480252 756.659
480354 756.463
480456 756.267
480558 756.071
480660 755.875
480762 755.679
480864 755.483
480966 755.287
481068 755.091
481170 754.895
481272 754.699
481375 754.503
481477 754.307
481579 754.111
481681 753.914
481783 753.718
481885 753.522
481987 753.326
482089 753.13
482191 752.933
482293 752.737
482395 752.541
482497 752.345
482599 752.148
482701 751.952
482803 751.756
482905 751.559
483007 751.363
483109 751.167
483211 750.97
483313 750.774
483415 750.577
483517 750.381
483619 750.185
483721 749.988
483823 749.792
483925 749.595
484027 749.399
484129 749.202
484231 749.006
484333 748.809
484435 748.612
484537 748.416
484639 748.219
484741 748.023
484844 747.826
484946 747.629
485048 747.433
485150 747.236
485252 747.039
485354 746.843
485456 746.646
485558 746.449
485660 746.252
485762 746.056
485864 745.859
485966 745.662
486068 745.465
486170 745.268
486272 745.071
486374 744.875
486476 744.678
486578 744.481
486680 744.284
486782 744.087
486884 743.89
486986 743.693
487088 743.496
487190 743.299
487292 743.102
487394 742.905
487496 742.708
487598 742.511
487700 742.314
487802 742.117
487904 741.919
488006 741.722
488108 741.525
488210 741.328
488313 741.131
488415 740.934
488517 740.736
488619 740.539
488721 740.342
488823 740.145
488925 739.947
489027 739.75
489129 739.553
489231 739.355
489333 739.158
489435 738.961
489537 738.763
489639 738.566
489741 738.369
489843 738.171
489945 737.974
490047 737.776
490149 737.579
490251 737.381
490353 737.184
490455 736.986
490557 736.789
490659 736.591
490761 736.393
490863 736.196
490965 735.998
491067 735.801
491169 735.603
491271 735.405
491373 735.208
491475 735.01
491577 734.812
491679 734.614
491782 734.417
491884 734.219
491986 734.021
492088 733.823
492190 733.625
492292 733.427
492394 733.23
492496 733.032
492598 732.834
492700 732.636
492802 732.438
492904 732.24
493006 732.042
493108 731.844
493210 731.646
493312 731.448
493414 731.25
493516 731.052
493618 730.854
493720 730.656
493822 730.458
493924 730.259
494026 730.061
494128 729.863
494230 729.665
494332 729.467
494434 729.268
494536 729.07
494638 728.872
494740 728.674
494842 728.475
494944 728.277
495046 728.079
495148 727.88
495251 727.682
495353 727.484
495455 727.285
495557 727.087
495659 726.888
495761 726.69
495863 726.491
495965 726.293
496067 726.094
496169 725.896
496271 725.697
496373 725.499
496475 725.3
496577 725.101
496679 724.903
496781 724.704
496883 724.505
496985 724.307
497087 724.108
497189 723.909
497291 723.711
497393 723.512
497495 723.313
497597 723.114
497699 722.915
497801 722.717
497903 722.518
498005 722.319
498107 722.12
498209 721.921
498311 721.722
498413 721.523
498515 721.324
498617 721.125
498720 720.926
498822 720.727
498924 720.528
499026 720.329
499128 720.13
499230 719.931
499332 719.732
499434 719.532
499536 719.333
499638 719.134
499740 718.935
499842 718.736
499944 718.536
500046 718.337
500148 718.138
500250 717.938
500352 717.739
500454 717.54
500556 717.34
500658 717.141
500760 716.942
500862 716.742
500964 716.543
501066 716.343
501168 716.144
501270 715.944
501372 715.745
501474 715.545
501576 715.346
501678 715.146
501780 714.946
501882 714.747
501984 714.547
502086 714.347
502188 714.148
502291 713.948
502393 713.748
502495 713.549
502597 713.349
502699 713.149
502801 712.949
502903 712.749
503005 712.549
503107 712.35
503209 712.15
503311 711.95
503413 711.75
503515 711.55
503617 711.35
503719 711.15
503821 710.95
503923 710.75
504025 710.55
504127 710.35
504229 710.15
504331 709.949
504433 709.749
504535 709.549
504637 709.349
504739 709.149
504841 708.949
504943 708.748
505045 708.548
505147 708.348
505249 708.147
505351 707.947
505453 707.747
505555 707.546
505657 707.346
505760 707.145
505862 706.945
505964 706.745
506066 706.544
506168 706.344
506270 706.143
506372 705.942
506474 705.742
506576 705.541
506678 705.341
506780 705.14
506882 704.939
506984 704.739
507086 704.538
507188 704.337
507290 704.137
507392 703.936
507494 703.735
507596 703.534
507698 703.333
507800 703.133
507902 702.932
508004 702.731
508106 702.53
508208 702.329
508310 702.128
508412 701.927
508514 701.726
508616 701.525
508718 701.324
508820 701.123
508922 700.922
509024 700.721
509126 700.519
509229 700.318
509331 700.117
509433 699.916
509535 699.715
509637 699.513
509739 699.312
509841 699.111
509943 698.909
510045 698.708
510147 698.507
510249 698.305
510351 698.104
510453 697.902
510555 697.701
510657 697.5
510759 697.298
510861 697.097
510963 696.895
511065 696.693
511167 696.492
511269 696.29
511371 696.089
511473 695.887
511575 695.685
511677 695.483
511779 695.282
511881 695.08
511983 694.878
512085 694.676
512187 694.475
512289 694.273
512391 694.071
512493 693.869
512595 693.667
512698 693.465
512800 693.263
512902 693.061
513004 692.859
513106 692.657
513208 692.455
513310 692.253
513412 692.051
513514 691.849
513616 691.647
513718 691.444
513820 691.242
513922 691.04
514024 690.838
514126 690.635
514228 690.433
514330 690.231
514432 690.028
514534 689.826
514636 689.624
514738 689.421
514840 689.219
514942 689.016
515044 688.814
515146 688.611
515248 688.409
515350 688.206
515452 688.004
515554 687.801
515656 687.598
515758 687.396
515860 687.193
515962 686.99
516064 686.788
516167 686.585
516269 686.382
516371 686.179
516473 685.976
516575 685.774
516677 685.571
516779 685.368
516881 685.165
516983 684.962
517085 684.759
517187 684.556
517289 684.353
517391 684.15
517493 683.947
517595 683.744
517697 683.541
517799 683.337
517901 683.134
518003 682.931
518105 682.728
518207 682.525
518309 682.321
518411 682.118
518513 681.915
518615 681.711
518717 681.508
518819 681.305
518921 681.101
519023 680.898
519125 680.694
519227 680.491
519329 680.287
519431 680.084
519533 679.88
519636 679.676
519738 679.473
519840 679.269
519942 679.065
520044 678.862
520146 678.658
520248 678.454
520350 678.25
520452 678.047
520554 677.843
520656 677.639
520758 677.435
520860 677.231
520962 677.027
521064 676.823
521166 676.619
521268 676.415
521370 676.211
521472 676.007
521574 675.803
521676 675.599
521778 675.395
521880 675.19
521982 674.986
522084 674.782
522186 674.578
522288 674.373
522390 674.169
522492 673.965
522594 673.76
522696 673.556
522798 673.352
522900 673.147
523002 672.943
523105 672.738
523207 672.534
523309 672.329
523411 672.125
523513 671.92
523615 671.715
523717 671.511
523819 671.306
523921 671.101
524023 670.897
524125 670.692
524227 670.487
524329 670.282
524431 670.077
524533 669.873
524635 669.668
524737 669.463
524839 669.258
524941 669.053
525043 668.848
525145 668.643
525247 668.438
525349 668.233
525451 668.027
525553 667.822
525655 667.617
525757 667.412
525859 667.207
525961 667.001
526063 666.796
526165 666.591
526267 666.385
526369 666.18
526471 665.975
526574 665.769
526676 665.564
526778 665.358
526880 665.153
526982 664.947
527084 664.742
527186 664.536
527288 664.331
527390 664.125
527492 663.919
527594 663.714
527696 663.508
527798 663.302
527900 663.096
528002 662.89
528104 662.685
528206 662.479
528308 662.273
528410 662.067
528512 661.861
528614 661.655
528716 661.449
528818 661.243
528920 661.037
529022 660.831
529124 660.625
529226 660.418
529328 660.212
529430 660.006
529532 659.8
529634 659.594
529736 659.387
529838 659.181
529940 658.975
530043 658.768
530145 658.562
530247 658.355
530349 658.149
530451 657.942
530553 657.736
530655 657.529
530757 657.323
530859 657.116
530961 656.909
531063 656.703
531165 656.496
531267 656.289
531369 656.082
531471 655.876
531573 655.669
531675 655.462
531777 655.255
531879 655.048
531981 654.841
532083 654.634
532185 654.427
532287 654.22
532389 654.013
532491 653.806
532593 653.599
532695 653.392
532797 653.184
532899 652.977
533001 652.77
533103 652.563
533205 652.355
533307 652.148
533409 651.941
533512 651.733
533614 651.526
533716 651.318
533818 651.111
533920 650.903
534022 650.696
534124 650.488
534226 650.281
534328 650.073
534430 649.865
534532 649.658
534634 649.45
534736 649.242
534838 649.034
534940 648.827
535042 648.619
535144 648.411
535246 648.203
535348 647.995
535450 647.787
535552 647.579
535654 647.371
535756 647.163
535858 646.955
535960 646.747
536062 646.538
536164 646.33
536266 646.122
536368 645.914
536470 645.705
536572 645.497
536674 645.289
536776 645.08
536878 644.872
536981 644.663
537083 644.455
537185 644.246
537287 644.038
537389 643.829
537491 643.621
537593 643.412
537695 643.203
537797 642.995
537899 642.786
538001 642.577
538103 642.368
538205 642.16
538307 641.951
538409 641.742
538511 641.533
538613 641.324
538715 641.115
538817 640.906
538919 640.697
539021 640.488
539123 640.279
539225 640.069
539327 639.86
539429 639.651
539531 639.442
539633 639.232
539735 639.023
539837 638.814
539939 638.604
540041 638.395
540143 638.186
540245 637.976
540347 637.767
540450 637.557
540552 637.347
540654 637.138
540756 636.928
540858 636.718
540960 636.509
541062 636.299
541164 636.089
541266 635.879
541368 635.67
541470 635.46
541572 635.25
541674 635.04
541776 634.83
541878 634.62
541980 634.41
542082 634.2
542184 633.99
542286 633.779
542388 633.569
542490 633.359
542592 633.149
542694 632.939
542796 632.728
542898 632.518
543000 632.307
543102 632.097
543204 631.887
543306 631.676
543408 631.466
543510 631.255
543612 631.044
543714 630.834
543816 630.623
543919 630.412
544021 630.202
544123 629.991
544225 629.78
544327 629.569
544429 629.358
544531 629.148
544633 628.937
544735 628.726
544837 628.515
544939 628.304
545041 628.093
545143 627.881
545245 627.67
545347 627.459
545449 627.248
545551 627.037
545653 626.825
545755 626.614
545857 626.403
545959 626.191
546061 625.98
546163 625.768
546265 625.557
546367 625.345
546469 625.134
546571 624.922
546673 624.711
546775 624.499
546877 624.287
546979 624.076
547081 623.864
547183 623.652
547285 623.44
547388 623.228
547490 623.016
547592 622.804
547694 622.592
547796 622.38
547898 622.168
548000 621.956
548102 621.744
548204 621.532
548306 621.32
548408 621.107
548510 620.895
548612 620.683
548714 620.47
548816 620.258
548918 620.046
549020 619.833
549122 619.621
549224 619.408
549326 619.196
549428 618.983
549530 618.77
549632 618.558
549734 618.345
549836 618.132
549938 617.919
550040 617.707
550142 617.494
550244 617.281
550346 617.068
550448 616.855
550550 616.642
550652 616.429
550754 616.216
550857 616.003
550959 615.789
551061 615.576
551163 615.363
551265 615.15
551367 614.936
551469 614.723
551571 614.51
551673 614.296
551775 614.083
551877 613.869
551979 613.656
552081 613.442
552183 613.229
552285 613.015
552387 612.801
552489 612.588
552591 612.374
552693 612.16
552795 611.946
552897 611.732
552999 611.518
553101 611.304
553203 611.09
553305 610.876
553407 610.662
553509 610.448
553611 610.234
553713 610.02
553815 609.806
553917 609.591
554019 609.377
554121 609.163
554223 608.948
554326 608.734
554428 608.519
554530 608.305
554632 608.09
554734 607.876
554836 607.661
554938 607.447
555040 607.232
555142 607.017
555244 606.802
555346 606.588
555448 606.373
555550 606.158
555652 605.943
555754 605.728
555856 605.513
555958 605.298
556060 605.083
556162 604.868
556264 604.653
556366 604.437
556468 604.222
556570 604.007
556672 603.791
556774 603.576
556876 603.361
556978 603.145
557080 602.93
557182 602.714
557284 602.499
557386 602.283
557488 602.067
557590 601.852
557692 601.636
557794 601.42
557897 601.204
557999 600.989
558101 600.773
558203 600.557
558305 600.341
558407 600.125
558509 599.909
558611 599.693
558713 599.477
558815 599.26
558917 599.044
559019 598.828
559121 598.612
559223 598.395
559325 598.179
559427 597.962
559529 597.746
559631 597.529
559733 597.313
559835 597.096
559937 596.88
560039 596.663
560141 596.446
560243 596.23
560345 596.013
560447 595.796
560549 595.579
560651 595.362
560753 595.145
560855 594.928
560957 594.711
561059 594.494
561161 594.277
561263 594.06
561366 593.843
561468 593.625
561570 593.408
561672 593.191
561774 592.973
561876 592.756
561978 592.538
562080 592.321
562182 592.103
562284 591.886
562386 591.668
562488 591.45
562590 591.233
562692 591.015
562794 590.797
562896 590.579
562998 590.361
563100 590.143
563202 589.925
563304 589.707
563406 589.489
563508 589.271
563610 589.053
563712 588.835
563814 588.617
563916 588.398
564018 588.18
564120 587.962
564222 587.743
564324 587.525
564426 587.306
564528 587.088
564630 586.869
564732 586.651
564835 586.432
564937 586.213
565039 585.994
565141 585.776
565243 585.557
565345 585.338
565447 585.119
565549 584.9
565651 584.681
565753 584.462
565855 584.243
565957 584.024
566059 583.804
566161 583.585
566263 583.366
566365 583.146
566467 582.927
566569 582.708
566671 582.488
566773 582.269
566875 582.049
566977 581.829
567079 581.61
567181 581.39
567283 581.17
567385 580.95
567487 580.731
567589 580.511
567691 580.291
567793 580.071
567895 579.851
567997 579.631
568099 579.411
568201 579.19
568304 578.97
568406 578.75
568508 578.53
568610 578.309
568712 578.089
568814 577.869
568916 577.648
569018 577.428
569120 577.207
569222 576.986
569324 576.766
569426 576.545
569528 576.324
569630 576.103
569732 575.883
569834 575.662
569936 575.441
570038 575.22
570140 574.999
570242 574.778
570344 574.556
570446 574.335
570548 574.114
570650 573.893
570752 573.671
570854 573.45
570956 573.229
571058 573.007
571160 572.786
571262 572.564
571364 572.343
571466 572.121
571568 571.899
571670 571.677
571773 571.456
571875 571.234
571977 571.012
572079 570.79
572181 570.568
572283 570.346
572385 570.124
572487 569.902
572589 569.679
572691 569.457
572793 569.235
572895 569.013
572997 568.79
573099 568.568
573201 568.345
573303 568.123
573405 567.9
573507 567.678
573609 567.455
573711 567.232
573813 567.01
573915 566.787
574017 566.564
574119 566.341
574221 566.118
574323 565.895
574425 565.672
574527 565.449
574629 565.226
574731 565.002
574833 564.779
574935 564.556
575037 564.332
575139 564.109
575242 563.886
575344 563.662
575446 563.439
575548 563.215
575650 562.991
575752 562.768
575854 562.544
575956 562.32
576058 562.096
576160 561.872
576262 561.648
576364 561.424
576466 561.2
576568 560.976
576670 560.752
576772 560.528
576874 560.303
576976 560.079
577078 559.855
577180 559.63
577282 559.406
577384 559.181
577486 558.957
577588 558.732
577690 558.507
577792 558.283
577894 558.058
577996 557.833
578098 557.608
578200 557.383
578302 557.158
578404 556.933
578506 556.708
578608 556.483
578711 556.258
578813 556.033
578915 555.807
579017 555.582
579119 555.357
579221 555.131
579323 554.906
579425 554.68
579527 554.454
579629 554.229
579731 554.003
579833 553.777
579935 553.551
580037 553.326
580139 553.1
580241 552.874
580343 552.648
580445 552.422
580547 552.195
580649 551.969
580751 551.743
580853 551.517
580955 551.29
581057 551.064
581159 550.837
581261 550.611
581363 550.384
581465 550.158
581567 549.931
581669 549.704
581771 549.478
581873 549.251
581975 549.024
582077 548.797
582180 548.57
582282 548.343
582384 548.116
582486 547.888
582588 547.661
582690 547.434
582792 547.207
582894 546.979
582996 546.752
583098 546.524
583200 546.297
583302 546.069
583404 545.842
583506 545.614
583608 545.386
583710 545.158
583812 544.93
583914 544.702
584016 544.474
584118 544.246
584220 544.018
584322 543.79
584424 543.562
584526 543.334
584628 543.105
584730 542.877
584832 542.648
584934 542.42
585036 542.191
585138 541.963
585240 541.734
585342 541.505
585444 541.277
585546 541.048
585649 540.819
585751 540.59
585853 540.361
585955 540.132
586057 539.903
586159 539.674
586261 539.444
586363 539.215
586465 538.986
586567 538.756
586669 538.527
586771 538.297
586873 538.068
586975 537.838
587077 537.608
587179 537.379
587281 537.149
587383 536.918
587485 536.688
587587 536.458
587689 536.227
587791 535.996
587893 535.765
587995 535.534
588097 535.302
588199 535.071
588301 534.839
588403 534.607
588505 534.375
588607 534.142
588709 533.91
588811 533.677
588913 533.444
589015 533.211
589118 532.978
589220 532.745
589322 532.511
589424 532.277
589526 532.043
589628 531.809
589730 531.575
589832 531.34
589934 531.105
590036 530.87
590138 530.635
590240 530.4
590342 530.165
590444 529.929
590546 529.693
590648 529.457
590750 529.221
590852 528.984
590954 528.748
591056 528.511
591158 528.274
591260 528.037
591362 527.799
591464 527.562
591566 527.324
591668 527.086
591770 526.848
591872 526.61
591974 526.371
592076 526.132
592178 525.893
592280 525.654
592382 525.415
592484 525.176
592587 524.936
592689 524.696
592791 524.456
592893 524.216
592995 523.975
593097 523.735
593199 523.494
593301 523.253
593403 523.011
593505 522.77
593607 522.528
593709 522.286
593811 522.044
593913 521.802
594015 521.56
594117 521.317
594219 521.074
594321 520.831
594423 520.588
594525 520.344
594627 520.101
594729 519.857
594831 519.613
594933 519.369
595035 519.124
595137 518.88
595239 518.635
595341 518.39
595443 518.144
595545 517.899
595647 517.653
595749 517.407
595851 517.161
595953 516.915
596056 516.669
596158 516.422
596260 516.175
596362 515.928
596464 515.68
596566 515.433
596668 515.185
596770 514.937
596872 514.689
596974 514.441
597076 514.192
597178 513.943
597280 513.694
597382 513.445
597484 513.196
597586 512.946
597688 512.696
597790 512.446
597892 512.196
597994 511.945
598096 511.695
598198 511.444
598300 511.193
598402 510.941
598504 510.69
598606 510.438
598708 510.186
598810 509.934
598912 509.681
599014 509.429
599116 509.176
599218 508.923
599320 508.669
599422 508.416
599525 508.162
599627 507.908
599729 507.654
599831 507.4
599933 507.145
600035 506.89
600137 506.635
600239 506.38
600341 506.124
600443 505.869
600545 505.613
600647 505.356
600749 505.1
600851 504.843
600953 504.587
601055 504.329
601157 504.072
601259 503.815
601361 503.557
601463 503.299
601565 503.041
601667 502.782
601769 502.524
601871 502.265
601973 502.006
602075 501.746
602177 501.487
602279 501.227
602381 500.967
602483 500.706
602585 500.446
602687 500.185
602789 499.924
602891 499.663
602994 499.402
603096 499.14
603198 498.878
603300 498.616
603402 498.353
603504 498.091
603606 497.828
603708 497.565
603810 497.302
603912 497.038
604014 496.774
604116 496.51
604218 496.246
604320 495.981
604422 495.717
604524 495.452
604626 495.186
604728 494.921
604830 494.655
604932 494.389
605034 494.123
605136 493.856
605238 493.59
605340 493.323
605442 493.056
605544 492.788
605646 492.52
605748 492.253
605850 491.984
605952 491.716
606054 491.447
606156 491.178
606258 490.909
606360 490.64
606463 490.37
606565 490.1
606667 489.83
606769 489.56
606871 489.289
606973 489.018
607075 488.747
607177 488.475
607279 488.204
607381 487.932
607483 487.66
607585 487.387
607687 487.114
607789 486.841
607891 486.568
607993 486.295
608095 486.021
608197 485.747
608299 485.473
608401 485.198
608503 484.923
608605 484.648
608707 484.373
608809 484.098
608911 483.822
609013 483.546
609115 483.269
609217 482.993
609319 482.716
609421 482.439
609523 482.161
609625 481.884
609727 481.606
609829 481.327
609932 481.049
610034 480.77
610136 480.491
610238 480.212
610340 479.932
610442 479.653
610544 479.372
610646 479.092
610748 478.811
610850 478.531
610952 478.249
611054 477.968
611156 477.686
611258 477.404
611360 477.122
611462 476.839
611564 476.556
611666 476.273
611768 475.99
611870 475.706
611972 475.422
612074 475.138
612176 474.854
612278 474.569
612380 474.284
612482 473.998
612584 473.713
612686 473.427
612788 473.141
612890 472.854
612992 472.567
613094 472.28
613196 471.993
613298 471.705
613401 471.417
613503 471.129
613605 470.841
613707 470.552
613809 470.263
613911 469.973
614013 469.684
614115 469.394
614217 469.103
614319 468.813
614421 468.522
614523 468.231
614625 467.939
614727 467.648
614829 467.356
614931 467.063
615033 466.771
615135 466.478
615237 466.184
615339 465.891
615441 465.597
615543 465.303
615645 465.009
615747 464.714
615849 464.419
615951 464.123
616053 463.828
616155 463.532
616257 463.236
616359 462.939
616461 462.642
616563 462.345
616665 462.047
616767 461.75
616869 461.451
616972 461.153
617074 460.854
617176 460.555
617278 460.256
617380 459.956
617482 459.656
617584 459.356
617686 459.055
617788 458.754
617890 458.453
617992 458.151
618094 457.849
618196 457.547
618298 457.245
618400 456.942
618502 456.639
618604 456.335
618706 456.031
618808 455.727
618910 455.423
619012 455.118
619114 454.813
619216 454.507
619318 454.201
619420 453.895
619522 453.589
619624 453.282
619726 452.975
619828 452.667
619930 452.36
620032 452.051
620134 451.743
620236 451.434
620338 451.125
620441 450.815
620543 450.506
620645 450.195
620747 449.885
620849 449.574
620951 449.263
621053 448.951
621155 448.64
621257 448.327
621359 448.015
621461 447.702
621563 447.389
621665 447.075
621767 446.761
621869 446.447
621971 446.132
622073 445.817
622175 445.502
622277 445.186
622379 444.87
622481 444.554
622583 444.237
622685 443.92
622787 443.602
622889 443.284
622991 442.966
623093 442.648
623195 442.329
623297 442.009
623399 441.69
623501 441.37
623603 441.049
623705 440.729
623807 440.408
623910 440.086
624012 439.764
624114 439.442
624216 439.119
624318 438.796
624420 438.473
624522 438.149
624624 437.825
624726 437.501
624828 437.176
624930 436.851
625032 436.525
625134 436.199
625236 435.873
625338 435.546
625440 435.219
625542 434.892
625644 434.564
625746 434.236
625848 433.907
625950 433.578
626052 433.248
626154 432.919
626256 432.588
626358 432.258
626460 431.927
626562 431.595
626664 431.264
626766 430.931
626868 430.599
626970 430.266
627072 429.933
627174 429.599
627276 429.265
627379 428.93
627481 428.595
627583 428.26
627685 427.924
627787 427.588
627889 427.251
627991 426.914
628093 426.577
628195 426.239
628297 425.901
628399 425.562
628501 425.223
628603 424.884
628705 424.544
628807 424.203
628909 423.863
629011 423.521
629113 423.18
629215 422.838
629317 422.495
629419 422.153
629521 421.809
629623 421.466
629725 421.122
629827 420.777
629929 420.432
630031 420.087
630133 419.741
630235 419.394
630337 419.048
630439 418.701
630541 418.353
630643 418.005
630745 417.656
630848 417.307
630950 416.958
631052 416.608
631154 416.258
631256 415.907
631358 415.556
631460 415.205
631562 414.853
631664 414.5
631766 414.147
631868 413.794
631970 413.44
632072 413.085
632174 412.731
632276 412.375
632378 412.02
632480 411.664
632582 411.307
632684 410.95
632786 410.592
632888 410.234
632990 409.876
633092 409.517
633194 409.157
633296 408.797
633398 408.437
633500 408.076
633602 407.715
633704 407.353
633806 406.991
633908 406.628
634010 406.264
634112 405.901
634214 405.536
634317 405.172
634419 404.806
634521 404.441
634623 404.074
634725 403.708
634827 403.341
634929 402.973
635031 402.605
635133 402.236
635235 401.867
635337 401.497
635439 401.127
635541 400.756
635643 400.385
635745 400.013
635847 399.641
635949 399.268
636051 398.895
636153 398.521
636255 398.147
636357 397.772
636459 397.396
636561 397.02
636663 396.644
636765 396.267
636867 395.89
636969 395.512
637071 395.133
637173 394.754
637275 394.374
637377 393.994
637479 393.613
637581 393.232
637683 392.85
637786 392.468
637888 392.085
637990 391.702
638092 391.318
638194 390.933
638296 390.548
638398 390.163
638500 389.776
638602 389.39
638704 389.002
638806 388.615
638908 388.226
639010 387.837
639112 387.448
639214 387.057
639316 386.667
639418 386.275
639520 385.884
639622 385.491
639724 385.098
639826 384.705
639928 384.31
640030 383.916
640132 383.52
640234 383.124
640336 382.728
640438 382.331
640540 381.933
640642 381.535
640744 381.136
640846 380.736
640948 380.336
641050 379.935
641152 379.534
641255 379.132
641357 378.729
641459 378.326
641561 377.922
641663 377.518
641765 377.113
641867 376.707
641969 376.301
642071 375.894
642173 375.487
642275 375.078
642377 374.67
642479 374.26
642581 373.85
642683 373.439
642785 373.028
642887 372.616
642989 372.203
643091 371.79
643193 371.376
643295 370.961
643397 370.546
643499 370.13
643601 369.713
643703 369.296
643805 368.878
643907 368.459
644009 368.04
644111 367.62
644213 367.199
644315 366.778
644417 366.356
644519 365.933
644621 365.51
644724 365.086
644826 364.661
644928 364.236
645030 363.809
645132 363.383
645234 362.955
645336 362.527
645438 362.098
645540 361.668
645642 361.237
645744 360.806
645846 360.374
645948 359.942
646050 359.508
646152 359.074
646254 358.64
646356 358.204
646458 357.768
646560 357.331
646662 356.893
646764 356.455
646866 356.015
646968 355.575
647070 355.135
647172 354.693
647274 354.251
647376 353.808
647478 353.364
647580 352.919
647682 352.474
647784 352.028
647886 351.581
647988 351.133
648090 350.685
648193 350.235
648295 349.785
648397 349.334
648499 348.883
648601 348.43
648703 347.977
648805 347.523
648907 347.068
649009 346.612
649111 346.156
649213 345.698
649315 345.24
649417 344.781
649519 344.321
649621 343.86
649723 343.399
649825 342.936
649927 342.473
650029 342.009
650131 341.544
650233 341.078
650335 340.612
650437 340.144
650539 339.676
650641 339.206
650743 338.736
650845 338.265
650947 337.793
651049 337.32
651151 336.846
651253 336.372
651355 335.896
651457 335.42
651559 334.942
651662 334.464
651764 333.985
651866 333.505
651968 333.024
652070 332.542
652172 332.059
652274 331.575
652376 331.09
652478 330.604
652580 330.118
652682 329.63
652784 329.141
652886 328.652
652988 328.161
653090 327.67
653192 327.177
653294 326.684
653396 326.189
653498 325.694
653600 325.197
653702 324.7
653804 324.201
653906 323.701
654008 323.201
654110 322.699
654212 322.197
654314 321.693
654416 321.188
654518 320.683
654620 320.176
654722 319.668
654824 319.159
654926 318.649
655028 318.138
655131 317.626
655233 317.113
655335 316.599
655437 316.083
655539 315.567
655641 315.049
655743 314.531
655845 314.011
655947 313.49
656049 312.968
656151 312.445
656253 311.92
656355 311.395
656457 310.868
656559 310.341
656661 309.812
656763 309.282
656865 308.75
656967 308.218
657069 307.684
657171 307.149
657273 306.613
657375 306.076
657477 305.538
657579 304.998
657681 304.457
657783 303.915
657885 303.372
657987 302.827
658089 302.281
658191 301.734
658293 301.186
658395 300.636
658497 300.085
658600 299.533
658702 298.98
658804 298.425
658906 297.869
659008 297.311
659110 296.753
659212 296.193
659314 295.631
659416 295.069
659518 294.504
659620 293.939
659722 293.372
659824 292.804
659926 292.234
660028 291.663
660130 291.091
660232 290.517
660334 289.942
660436 289.365
660538 288.787
660640 288.208
660742 287.627
660844 287.044
660946 286.46
661048 285.875
661150 285.288
661252 284.7
661354 284.11
661456 283.519
661558 282.926
661660 282.331
661762 281.735
661864 281.138
661966 280.539
662069 279.938
662171 279.336
662273 278.732
662375 278.127
662477 277.52
662579 276.911
662681 276.301
662783 275.689
662885 275.075
662987 274.46
663089 273.843
663191 273.224
663293 272.604
663395 271.982
663497 271.358
663599 270.733
663701 270.105
663803 269.476
663905 268.846
664007 268.213
664109 267.579
664211 266.943
664313 266.305
664415 265.665
664517 265.023
664619 264.38
664721 263.735
664823 263.087
664925 262.438
665027 261.787
665129 261.134
665231 260.48
665333 259.823
665435 259.164
665538 258.503
665640 257.84
665742 257.176
665844 256.509
665946 255.84
666048 255.169
666150 254.496
666252 253.822
666354 253.144
666456 252.465
666558 251.784
666660 251.101
666762 250.415
666864 249.727
666966 249.037
667068 248.345
667170 247.651
667272 246.954
667374 246.255
667476 245.554
667578 244.85
667680 244.145
667782 243.436
667884 242.726
667986 242.013
668088 241.298
668190 240.58
668292 239.86
668394 239.138
668496 238.412
668598 237.685
668700 236.955
668802 236.222
668904 235.487
669007 234.75
669109 234.009
669211 233.267
669313 232.521
669415 231.773
669517 231.022
669619 230.268
669721 229.512
669823 228.753
669925 227.991
670027 227.226
670129 226.459
670231 225.688
670333 224.915
670435 224.139
670537 223.36
670639 222.578
670741 221.793
670843 221.005
670945 220.213
671047 219.419
671149 218.622
671251 217.821
671353 217.018
671455 216.211
671557 215.401
671659 214.588
671761 213.771
671863 212.951
671965 212.128
672067 211.301
672169 210.471
672271 209.637
672373 208.8
672475 207.96
672578 207.115
672680 206.268
672782 205.416
672884 204.561
672986 203.702
673088 202.839
673190 201.973
673292 201.103
673394 200.229
673496 199.351
673598 198.468
673700 197.582
673802 196.692
673904 195.798
674006 194.9
674108 193.997
674210 193.09
674312 192.179
674414 191.264
674516 190.344
674618 189.419
674720 188.491
674822 187.557
674924 186.619
675026 185.676
675128 184.729
675230 183.777
675332 182.82
675434 181.858
675536 180.891
675638 179.919
675740 178.942
675842 177.96
675944 176.972
676047 175.98
676149 174.982
676251 173.978
676353 172.969
676455 171.954
676557 170.934
676659 169.908
676761 168.876
676863 167.838
676965 166.795
677067 165.745
677169 164.689
677271 163.627
677373 162.558
677475 161.483
677577 160.402
677679 159.314
677781 158.219
677883 157.117
677985 156.008
678087 154.893
678189 153.77
678291 152.64
678393 151.502
678495 150.357
678597 149.205
678699 148.044
678801 146.876
678903 145.7
679005 144.515
679107 143.323
679209 142.121
679311 140.912
679413 139.693
679516 138.466
679618 137.229
679720 135.984
679822 134.728
679924 133.464
680026 132.189
680128 130.905
680230 129.611
680332 128.306
680434 126.99
680536 125.664
680638 124.327
680740 122.979
680842 121.619
680944 120.248
681046 118.864
681148 117.469
681250 116.061
681352 114.64
681454 113.206
681556 111.759
681658 110.299
681760 108.824
681862 107.335
681964 105.832
682066 104.313
682168 102.779
682270 101.23
682372 99.6637
682474 98.0813
682576 96.4818
682678 94.8649
682780 93.23
682882 91.5766
682985 89.9042
683087 88.2123
683189 86.5002
683291 84.7674
683393 83.0133
683495 81.2371
683597 79.4382
683699 77.6158
683801 75.7693
683903 73.8976
684005 72.0001
684107 70.0758
684209 68.1237
684311 66.1428
684413 64.132
684515 62.0903
684617 60.0163
684719 57.9089
684821 55.7665
684923 53.5878
685025 51.3712
685127 49.1149
685229 46.8173
685331 44.4763
685433 42.0898
685535 39.6557
685637 37.1714
685739 34.6344
685841 32.0416
685943 29.3901
686045 26.6763
686147 23.8966
686249 21.0467
686351 18.763
686454 18.3044
686556 18.1866
686658 18.0712
686760 17.9579
686862 17.8468
686964 17.7378
687066 17.6308
687168 17.5258
687270 17.4226
687372 17.3214
687474 17.2219
687576 17.1241
687678 17.028
687780 16.9336
687882 16.8408
687984 16.7495
688086 16.6597
688188 16.5714
688290 16.4845
688392 16.399
688494 16.3149
688596 16.2321
688698 16.1505
688800 16.0703
688902 15.9912
689004 15.9133
689106 15.8366
689208 15.761
689310 15.6866
689412 15.6132
689514 15.5408
689616 15.4695
689718 15.3992
689820 15.3299
689923 15.2615
690025 15.1941
690127 15.1275
690229 15.0619
690331 14.9972
690433 14.9333
690535 14.8702
690637 14.808
690739 14.7465
690841 14.6859
690943 14.626
691045 14.5669
691147 14.5085
691249 14.4508
691351 14.3938
691453 14.3376
691555 14.282
691657 14.2271
691759 14.1728
691861 14.1192
691963 14.0662
692065 14.0138
692167 13.962
692269 13.9108
692371 13.8602
692473 13.8101
692575 13.7607
692677 13.7117
692779 13.6633
692881 13.6155
692983 13.5681
693085 13.5213
693187 13.475
693289 13.4291
693392 13.3838
693494 13.3389
693596 13.2945
693698 13.2506
693800 13.2071
693902 13.164
694004 13.1214
694106 13.0792
694208 13.0374
694310 12.9961
694412 12.9552
694514 12.9146
694616 12.8745
694718 12.8347
694820 12.7954
694922 12.7564
695024 12.7178
695126 12.6795
695228 12.6416
695330 12.6041
695432 12.5669
695534 12.53
695636 12.4935
695738 12.4574
695840 12.4215
695942 12.386
696044 12.3508
696146 12.3159
696248 12.2813
696350 12.247
696452 12.2131
696554 12.1794
696656 12.146
696758 12.1129
696861 12.0801
696963 12.0475
697065 12.0153
697167 11.9833
697269 11.9515
697371 11.9201
697473 11.8889
697575 11.8579
697677 11.8273
697779 11.7968
697881 11.7666
697983 11.7367
698085 11.707
698187 11.6775
698289 11.6483
698391 11.6193
698493 11.5905
698595 11.5619
698697 11.5336
698799 11.5055
698901 11.4776
699003 11.4499
699105 11.4225
699207 11.3952
699309 11.3682
699411 11.3413
699513 11.3147
699615 11.2882
699717 11.262
699819 11.2359
699921 11.21
700023 11.1844
700125 11.1589
700227 11.1336
700330 11.1084
700432 11.0835
700534 11.0587
700636 11.0341
700738 11.0097
700840 10.9855
700942 10.9614
701044 10.9375
701146 10.9138
701248 10.8902
701350 10.8668
701452 10.8435
701554 10.8204
701656 10.7975
701758 10.7747
701860 10.7521
701962 10.7296
702064 10.7073
702166 10.6851
702268 10.663
702370 10.6412
702472 10.6194
702574 10.5978
702676 10.5764
702778 10.555
702880 10.5338
702982 10.5128
703084 10.4919
703186 10.4711
703288 10.4505
703390 10.4299
703492 10.4096
703594 10.3893
703696 10.3692
703799 10.3492
703901 10.3293
704003 10.3095
704105 10.2899
704207 10.2703
704309 10.2509
704411 10.2317
704513 10.2125
704615 10.1934
704717 10.1745
704819 10.1557
704921 10.137
705023 10.1184
705125 10.0999
705227 10.0815
705329 10.0632
705431 10.0451
705533 10.027
705635 10.0091
705737 9.9912
705839 9.97346
705941 9.95581
706043 9.93826
706145 9.92082
706247 9.90347
706349 9.88622
706451 9.86907
706553 9.85202
706655 9.83506
706757 9.81819
706859 9.80142
706961 9.78474
707063 9.76816
707165 9.75166
707268 9.73526
707370 9.71894
707472 9.70272
707574 9.68658
707676 9.67053
707778 9.65456
707880 9.63868
707982 9.62289
708084 9.60718
708186 9.59155
708288 9.57601
708390 9.56054
708492 9.54516
708594 9.52986
708696 9.51464
708798 9.4995
708900 9.48444
709002 9.46946
709104 9.45455
709206 9.43972
709308 9.42496
709410 9.41028
709512 9.39568
709614 9.38115
709716 9.36669
709818 9.35231
709920 9.33799
710022 9.32375
710124 9.30958
710226 9.29548
710328 9.28145
710430 9.26749
710532 9.2536
710634 9.23978
710737 9.22603
710839 9.21234
710941 9.19872
711043 9.18516
711145 9.17167
711247 9.15825
711349 9.14488
711451 9.13159
711553 9.11836
711655 9.10519
711757 9.09208
711859 9.07903
711961 9.06605
712063 9.05313
712165 9.04026
712267 9.02746
712369 9.01472
712471 9.00204
712573 8.98941
712675 8.97685
712777 8.96434
712879 8.95189
712981 8.9395
713083 8.92716
713185 8.91488
713287 8.90265
713389 8.89048
713491 8.87837
713593 8.86631
713695 8.8543
713797 8.84235
713899 8.83045
714001 8.81861
714103 8.80682
714206 8.79507
714308 8.78339
714410 8.77175
714512 8.76016
714614 8.74863
714716 8.73714
714818 8.72571
714920 8.71432
715022 8.70298
715124 8.6917
715226 8.68046
715328 8.66927
715430 8.65812
715532 8.64703
715634 8.63598
715736 8.62498
715838 8.61403
715940 8.60312
716042 8.59226
716144 8.58144
716246 8.57067
716348 8.55994
716450 8.54926
716552 8.53862
716654 8.52803
716756 8.51748
716858 8.50698
716960 8.49652
717062 8.4861
717164 8.47572
717266 8.46539
717368 8.45509
717470 8.44484
717572 8.43463
717675 8.42447
717777 8.41434
717879 8.40426
717981 8.39421
718083 8.3842
718185 8.37424
718287 8.36431
718389 8.35443
718491 8.34458
718593 8.33477
718695 8.325
718797 8.31527
718899 8.30558
719001 8.29593
719103 8.28631
719205 8.27673
719307 8.26719
719409 8.25768
719511 8.24821
719613 8.23878
719715 8.22938
719817 8.22002
719919 8.2107
720021 8.20141
720123 8.19216
720225 8.18294
720327 8.17376
720429 8.16461
720531 8.15549
720633 8.14642
720735 8.13737
720837 8.12836
720939 8.11938
721041 8.11044
721144 8.10153
721246 8.09265
721348 8.0838
721450 8.07499
721552 8.06621
721654 8.05746
721756 8.04875
721858 8.04006
721960 8.03141
722062 8.02279
722164 8.0142
722266 8.00564
722368 7.99712
722470 7.98862
722572 7.98015
722674 7.97172
722776 7.96331
722878 7.95494
722980 7.94659
723082 7.93828
723184 7.92999
723286 7.92174
723388 7.91351
723490 7.90531
723592 7.89714
723694 7.889
723796 7.88089
723898 7.87281
724000 7.86475
724102 7.85672
724204 7.84872
724306 7.84075
724408 7.83281
724510 7.82489
724613 7.817
724715 7.80914
724817 7.8013
724919 7.7935
725021 7.78571
725123 7.77796
725225 7.77023
725327 7.76253
725429 7.75485
725531 7.7472
725633 7.73958
725735 7.73198
725837 7.7244
725939 7.71686
726041 7.70933
726143 7.70184
726245 7.69436
726347 7.68691
726449 7.67949
726551 7.67209
726653 7.66472
726755 7.65737
726857 7.65004
726959 7.64274
727061 7.63546
727163 7.62821
727265 7.62098
727367 7.61377
727469 7.60659
727571 7.59943
727673 7.59229
727775 7.58518
727877 7.57809
727979 7.57102
728081 7.56398
728184 7.55695
728286 7.54995
728388 7.54297
728490 7.53602
728592 7.52909
728694 7.52217
728796 7.51528
728898 7.50842
729000 7.50157
729102 7.49475
729204 7.48794
729306 7.48116
729408 7.4744
729510 7.46766
729612 7.46094
729714 7.45424
729816 7.44757
729918 7.44091
730020 7.43428
730122 7.42766
730224 7.42107
730326 7.41449
730428 7.40794
730530 7.4014
730632 7.39489
730734 7.3884
730836 7.38192
730938 7.37547
731040 7.36903
731142 7.36262
731244 7.35622
731346 7.34984
731448 7.34349
731550 7.33715
731653 7.33083
731755 7.32453
731857 7.31825
731959 7.31198
732061 7.30574
732163 7.29951
732265 7.29331
732367 7.28712
732469 7.28095
732571 7.27479
732673 7.26866
732775 7.26254
732877 7.25644
732979 7.25036
733081 7.2443
733183 7.23826
733285 7.23223
733387 7.22622
733489 7.22023
733591 7.21425
733693 7.2083
733795 7.20235
733897 7.19643
733999 7.19053
734101 7.18464
734203 7.17876
734305 7.17291
734407 7.16707
734509 7.16125
734611 7.15544
734713 7.14965
734815 7.14388
734917 7.13812
735019 7.13238
735122 7.12666
735224 7.12095
735326 7.11526
735428 7.10959
735530 7.10393
735632 7.09828
735734 7.09265
735836 7.08704
735938 7.08144
736040 7.07586
736142 7.0703
736244 7.06475
736346 7.05921
736448 7.05369
736550 7.04819
736652 7.0427
736754 7.03723
736856 7.03177
736958 7.02632
737060 7.02089
737162 7.01548
737264 7.01008
737366 7.00469
737468 6.99932
737570 6.99397
737672 6.98862
737774 6.9833
737876 6.97799
737978 6.97269
738080 6.9674
738182 6.96213
738284 6.95688
738386 6.95164
738488 6.94641
738591 6.94119
738693 6.93599
738795 6.93081
738897 6.92563
738999 6.92048
739101 6.91533
739203 6.9102
739305 6.90508
739407 6.89998
739509 6.89489
739611 6.88981
739713 6.88474
739815 6.87969
739917 6.87465
740019 6.86963
740121 6.86462
740223 6.85962
740325 6.85463
740427 6.84966
740529 6.8447
740631 6.83975
740733 6.83482
740835 6.8299
740937 6.82499
741039 6.82009
741141 6.81521
741243 6.81034
741345 6.80548
741447 6.80063
741549 6.7958
741651 6.79097
741753 6.78616
741855 6.78137
741957 6.77658
742060 6.77181
742162 6.76705
742264 6.7623
742366 6.75756
742468 6.75283
742570 6.74812
742672 6.74342
742774 6.73873
742876 6.73405
742978 6.72938
743080 6.72473
743182 6.72008
743284 6.71545
743386 6.71083
743488 6.70622
743590 6.70162
743692 6.69704
743794 6.69246
743896 6.6879
743998 6.68334
744100 6.6788
744202 6.67427
744304 6.66975
744406 6.66524
744508 6.66075
744610 6.65626
744712 6.65178
744814 6.64732
744916 6.64286
745018 6.63842
745120 6.63399
745222 6.62957
745324 6.62516
745426 6.62075
745529 6.61636
745631 6.61198
745733 6.60762
745835 6.60326
745937 6.59891
746039 6.59457
746141 6.59024
746243 6.58593
746345 6.58162
746447 6.57732
746549 6.57304
746651 6.56876
746753 6.56449
746855 6.56024
746957 6.55599
747059 6.55175
747161 6.54753
747263 6.54331
747365 6.5391
747467 6.53491
747569 6.53072
747671 6.52654
747773 6.52237
747875 6.51822
747977 6.51407
748079 6.50993
748181 6.5058
748283 6.50168
748385 6.49757
748487 6.49347
748589 6.48938
748691 6.48529
748793 6.48122
748895 6.47716
748998 6.47311
749100 6.46906
749202 6.46502
749304 6.461
749406 6.45698
749508 6.45297
749610 6.44897
749712 6.44498
749814 6.441
749916 6.43703
750018 6.43307
750120 6.42911
750222 6.42517
750324 6.42123
750426 6.41731
750528 6.41339
750630 6.40948
750732 6.40558
750834 6.40168
750936 6.3978
751038 6.39392
751140 6.39006
751242 6.3862
751344 6.38235
751446 6.37851
751548 6.37468
751650 6.37085
751752 6.36704
751854 6.36323
751956 6.35943
752058 6.35564
752160 6.35186
752262 6.34809
752364 6.34432
752467 6.34056
752569 6.33681
752671 6.33307
752773 6.32934
752875 6.32562
752977 6.3219
753079 6.31819
753181 6.31449
753283 6.3108
753385 6.30711
753487 6.30344
753589 6.29977
753691 6.29611
753793 6.29245
753895 6.28881
753997 6.28517
754099 6.28154
754201 6.27792
754303 6.2743
754405 6.2707
754507 6.2671
754609 6.26351
754711 6.25992
754813 6.25635
754915 6.25278
755017 6.24922
755119 6.24567
755221 6.24212
755323 6.23858
755425 6.23505
755527 6.23153
755629 6.22801
755731 6.2245
755833 6.221
755936 6.21751
756038 6.21402
756140 6.21054
756242 6.20707
756344 6.2036
756446 6.20014
756548 6.19669
756650 6.19325
756752 6.18981
756854 6.18638
756956 6.18296
757058 6.17955
757160 6.17614
757262 6.17274
757364 6.16934
757466 6.16596
757568 6.16258
757670 6.1592
757772 6.15584
757874 6.15248
757976 6.14912
758078 6.14578
758180 6.14244
758282 6.13911
758384 6.13578
758486 6.13246
758588 6.12915
758690 6.12584
758792 6.12255
758894 6.11925
758996 6.11597
759098 6.11269
759200 6.10942
759302 6.10615
759405 6.10289
759507 6.09964
759609 6.09639
759711 6.09315
759813 6.08992
759915 6.08669
760017 6.08347
760119 6.08026
760221 6.07705
760323 6.07385
760425 6.07066
760527 6.06747
760629 6.06428
760731 6.06111
760833 6.05794
760935 6.05478
761037 6.05162
761139 6.04847
761241 6.04532
761343 6.04218
761445 6.03905
761547 6.03592
761649 6.0328
761751 6.02969
761853 6.02658
761955 6.02348
762057 6.02038
762159 6.01729
762261 6.01421
762363 6.01113
762465 6.00806
762567 6.00499
762669 6.00193
762771 5.99888
762874 5.99583
762976 5.99279
763078 5.98975
763180 5.98672
763282 5.98369
763384 5.98067
763486 5.97766
763588 5.97465
763690 5.97165
763792 5.96865
763894 5.96566
763996 5.96268
764098 5.9597
764200 5.95672
764302 5.95376
764404 5.95079
764506 5.94784
764608 5.94489
764710 5.94194
764812 5.939
764914 5.93607
765016 5.93314
765118 5.93021
765220 5.92729
765322 5.92438
765424 5.92147
765526 5.91857
765628 5.91568
765730 5.91279
765832 5.9099
765934 5.90702
766036 5.90414
766138 5.90128
766240 5.89841
766343 5.89555
766445 5.8927
766547 5.88985
766649 5.88701
766751 5.88417
766853 5.88134
766955 5.87851
767057 5.87569
767159 5.87287
767261 5.87006
767363 5.86725
767465 5.86445
767567 5.86165
767669 5.85886
767771 5.85608
767873 5.8533
767975 5.85052
768077 5.84775
768179 5.84498
768281 5.84222
768383 5.83947
768485 5.83671
768587 5.83397
768689 5.83123
768791 5.82849
768893 5.82576
768995 5.82303
769097 5.82031
769199 5.8176
769301 5.81489
769403 5.81218
769505 5.80948
769607 5.80678
769709 5.80409
769812 5.8014
769914 5.79872
770016 5.79604
770118 5.79337
770220 5.7907
770322 5.78804
770424 5.78538
770526 5.78272
770628 5.78007
770730 5.77743
770832 5.77479
770934 5.77215
771036 5.76952
771138 5.7669
771240 5.76428
771342 5.76166
771444 5.75905
771546 5.75644
771648 5.75384
771750 5.75124
771852 5.74864
771954 5.74605
772056 5.74347
772158 5.74089
772260 5.73831
772362 5.73574
772464 5.73317
772566 5.73061
772668 5.72805
772770 5.7255
772872 5.72295
772974 5.72041
773076 5.71787
773178 5.71533
773281 5.7128
773383 5.71027
773485 5.70775
773587 5.70523
773689 5.70272
773791 5.70021
773893 5.6977
773995 5.6952
774097 5.6927
774199 5.69021
774301 5.68772
774403 5.68524
774505 5.68276
774607 5.68028
774709 5.67781
774811 5.67534
774913 5.67288
775015 5.67042
775117 5.66796
775219 5.66551
775321 5.66307
775423 5.66062
775525 5.65819
775627 5.65575
775729 5.65332
775831 5.65089
775933 5.64847
776035 5.64605
776137 5.64364
776239 5.64123
776341 5.63883
776443 5.63642
776545 5.63403
776647 5.63163
776750 5.62924
776852 5.62686
776954 5.62447
777056 5.6221
777158 5.61972
777260 5.61735
777362 5.61499
777464 5.61262
777566 5.61027
777668 5.60791
777770 5.60556
777872 5.60321
777974 5.60087
778076 5.59853
778178 5.5962
778280 5.59387
778382 5.59154
778484 5.58922
778586 5.5869
778688 5.58458
778790 5.58227
778892 5.57996
778994 5.57766
779096 5.57535
779198 5.57306
779300 5.57076
779402 5.56847
779504 5.56619
779606 5.56391
779708 5.56163
779810 5.55935
779912 5.55708
780014 5.55481
780116 5.55255
780219 5.55029
780321 5.54803
780423 5.54578
780525 5.54353
780627 5.54129
780729 5.53904
780831 5.53681
780933 5.53457
781035 5.53234
781137 5.53011
781239 5.52789
781341 5.52567
781443 5.52345
781545 5.52124
781647 5.51903
781749 5.51682
781851 5.51462
781953 5.51242
782055 5.51022
782157 5.50803
782259 5.50584
782361 5.50366
782463 5.50147
782565 5.49929
782667 5.49712
782769 5.49495
782871 5.49278
782973 5.49061
783075 5.48845
783177 5.48629
783279 5.48414
783381 5.48199
783483 5.47984
783585 5.4777
783687 5.47555
783790 5.47342
783892 5.47128
783994 5.46915
784096 5.46702
784198 5.4649
784300 5.46278
784402 5.46066
784504 5.45854
784606 5.45643
784708 5.45432
784810 5.45222
784912 5.45012
785014 5.44802
785116 5.44592
785218 5.44383
785320 5.44174
785422 5.43966
785524 5.43757
785626 5.43549
785728 5.43342
785830 5.43135
785932 5.42928
786034 5.42721
786136 5.42515
786238 5.42309
786340 5.42103
786442 5.41898
786544 5.41693
786646 5.41488
786748 5.41283
786850 5.41079
786952 5.40875
787054 5.40672
787156 5.40469
787259 5.40266
787361 5.40063
787463 5.39861
787565 5.39659
787667 5.39457
787769 5.39256
787871 5.39055
787973 5.38854
788075 5.38653
788177 5.38453
788279 5.38253
788381 5.38054
788483 5.37855
788585 5.37656
788687 5.37457
788789 5.37259
788891 5.37061
788993 5.36863
789095 5.36665
789197 5.36468
789299 5.36271
789401 5.36075
789503 5.35878
789605 5.35682
789707 5.35487
789809 5.35291
789911 5.35096
790013 5.34901
790115 5.34706
790217 5.34512
790319 5.34318
790421 5.34124
790523 5.33931
790625 5.33738
790728 5.33545
790830 5.33352
790932 5.3316
791034 5.32968
791136 5.32776
791238 5.32585
791340 5.32394
791442 5.32203
791544 5.32012
791646 5.31822
791748 5.31632
791850 5.31442
791952 5.31253
792054 5.31063
792156 5.30874
792258 5.30686
792360 5.30497
792462 5.30309
792564 5.30121
792666 5.29934
792768 5.29747
792870 5.29559
792972 5.29373
793074 5.29186
793176 5.29
793278 5.28814
793380 5.28628
793482 5.28443
793584 5.28258
793686 5.28073
793788 5.27888
793890 5.27704
793992 5.2752
794094 5.27336
794197 5.27152
794299 5.26969
794401 5.26786
794503 5.26603
794605 5.26421
794707 5.26238
794809 5.26056
794911 5.25875
795013 5.25693
795115 5.25512
795217 5.25331
795319 5.2515
795421 5.2497
795523 5.24789
795625 5.24609
795727 5.2443
795829 5.2425
795931 5.24071
796033 5.23892
796135 5.23713
796237 5.23535
796339 5.23357
796441 5.23179
796543 5.23001
796645 5.22824
796747 5.22647
796849 5.2247
796951 5.22293
797053 5.22116
797155 5.2194
797257 5.21764
797359 5.21589
797461 5.21413
797563 5.21238
797666 5.21063
797768 5.20888
797870 5.20714
797972 5.20539
798074 5.20365
798176 5.20192
798278 5.20018
798380 5.19845
798482 5.19672
798584 5.19499
798686 5.19326
798788 5.19154
798890 5.18982
798992 5.1881
799094 5.18638
799196 5.18467
799298 5.18296
799400 5.18125
799502 5.17954
799604 5.17784
799706 5.17614
799808 5.17444
799910 5.17274
800012 5.17104
800114 5.16935
800216 5.16766
800318 5.16597
800420 5.16429
800522 5.1626
800624 5.16092
800726 5.15924
800828 5.15756
800930 5.15589
801032 5.15422
801135 5.15255
801237 5.15088
801339 5.14921
801441 5.14755
801543 5.14589
801645 5.14423
801747 5.14257
801849 5.14092
801951 5.13927
802053 5.13762
802155 5.13597
802257 5.13432
802359 5.13268
802461 5.13104
802563 5.1294
802665 5.12776
802767 5.12613
802869 5.1245
802971 5.12287
803073 5.12124
803175 5.11961
803277 5.11799
803379 5.11637
803481 5.11475
803583 5.11313
803685 5.11152
803787 5.1099
803889 5.10829
803991 5.10669
804093 5.10508
804195 5.10347
804297 5.10187
804399 5.10027
804501 5.09867
804604 5.09708
804706 5.09548
804808 5.09389
804910 5.0923
805012 5.09072
805114 5.08913
805216 5.08755
805318 5.08597
805420 5.08439
805522 5.08281
805624 5.08124
805726 5.07966
805828 5.07809
805930 5.07652
806032 5.07496
806134 5.07339
806236 5.07183
806338 5.07027
806440 5.06871
806542 5.06715
806644 5.0656
806746 5.06405
806848 5.06249
806950 5.06095
807052 5.0594
807154 5.05785
807256 5.05631
807358 5.05477
807460 5.05323
807562 5.0517
807664 5.05016
807766 5.04863
807868 5.0471
807970 5.04557
808073 5.04404
808175 5.04252
808277 5.041
808379 5.03948
808481 5.03796
808583 5.03644
808685 5.03492
808787 5.03341
808889 5.0319
808991 5.03039
809093 5.02888
809195 5.02738
809297 5.02588
809399 5.02437
809501 5.02287
809603 5.02138
809705 5.01988
809807 5.01839
809909 5.01689
810011 5.0154
810113 5.01392
810215 5.01243
810317 5.01095
810419 5.00946
810521 5.00798
810623 5.0065
810725 5.00503
810827 5.00355
810929 5.00208
811031 5.00061
811133 4.99914
811235 4.99767
811337 4.9962
811439 4.99474
811542 4.99328
811644 4.99182
811746 4.99036
811848 4.9889
811950 4.98745
812052 4.986
812154 4.98454
812256 4.98309
812358 4.98165
812460 4.9802
812562 4.97876
812664 4.97732
812766 4.97587
812868 4.97444
812970 4.973
813072 4.97156
813174 4.97013
813276 4.9687
813378 4.96727
813480 4.96584
813582 4.96442
813684 4.96299
813786 4.96157
813888 4.96015
813990 4.95873
814092 4.95731
814194 4.9559
814296 4.95448
814398 4.95307
814500 4.95166
814602 4.95025
814704 4.94884
814806 4.94744
814908 4.94604
815011 4.94463
815113 4.94323
815215 4.94184
815317 4.94044
815419 4.93904
815521 4.93765
815623 4.93626
815725 4.93487
815827 4.93348
815929 4.9321
816031 4.93071
816133 4.92933
816235 4.92795
816337 4.92657
816439 4.92519
816541 4.92381
816643 4.92244
816745 4.92106
816847 4.91969
816949 4.91832
817051 4.91696
817153 4.91559
817255 4.91422
817357 4.91286
817459 4.9115
817561 4.91014
817663 4.90878
817765 4.90743
817867 4.90607
817969 4.90472
818071 4.90337
818173 4.90202
818275 4.90067
818377 4.89932
818480 4.89798
818582 4.89663
818684 4.89529
818786 4.89395
818888 4.89261
818990 4.89127
819092 4.88994
819194 4.8886
819296 4.88727
819398 4.88594
819500 4.88461
819602 4.88328
819704 4.88196
819806 4.88063
819908 4.87931
820010 4.87799
820112 4.87667
820214 4.87535
820316 4.87403
820418 4.87272
820520 4.87141
820622 4.87009
820724 4.86878
820826 4.86747
820928 4.86617
821030 4.86486
821132 4.86356
821234 4.86225
821336 4.86095
821438 4.85965
821540 4.85836
821642 4.85706
821744 4.85576
821846 4.85447
821949 4.85318
822051 4.85189
822153 4.8506
822255 4.84931
822357 4.84803
822459 4.84674
822561 4.84546
822663 4.84418
822765 4.8429
822867 4.84162
822969 4.84034
823071 4.83906
823173 4.83779
823275 4.83652
823377 4.83525
823479 4.83398
823581 4.83271
823683 4.83144
823785 4.83018
823887 4.82891
823989 4.82765
824091 4.82639
824193 4.82513
824295 4.82387
824397 4.82262
824499 4.82136
824601 4.82011
824703 4.81885
824805 4.8176
824907 4.81635
825009 4.81511
825111 4.81386
825213 4.81262
825315 4.81137
825418 4.81013
825520 4.80889
825622 4.80765
825724 4.80641
825826 4.80518
825928 4.80394
826030 4.80271
826132 4.80147
826234 4.80024
826336 4.79901
826438 4.79779
826540 4.79656
826642 4.79533
826744 4.79411
826846 4.79289
826948 4.79167
827050 4.79045
827152 4.78923
827254 4.78801
827356 4.7868
827458 4.78558
827560 4.78437
827662 4.78316
827764 4.78195
827866 4.78074
827968 4.77953
828070 4.77832
828172 4.77712
828274 4.77592
828376 4.77471
828478 4.77351
828580 4.77231
828682 4.77112
828784 4.76992
828887 4.76873
828989 4.76753
829091 4.76634
829193 4.76515
829295 4.76396
829397 4.76277
829499 4.76158
829601 4.7604
829703 4.75921
829805 4.75803
829907 4.75685
830009 4.75567
830111 4.75449
830213 4.75331
830315 4.75213
830417 4.75096
830519 4.74978
830621 4.74861
830723 4.74744
830825 4.74627
830927 4.7451
831029 4.74393
831131 4.74276
831233 4.7416
831335 4.74044
831437 4.73927
831539 4.73811
831641 4.73695
831743 4.73579
831845 4.73464
831947 4.73348
832049 4.73233
832151 4.73117
832253 4.73002
832356 4.72887
832458 4.72772
832560 4.72657
832662 4.72542
832764 4.72428
832866 4.72313
832968 4.72199
833070 4.72085
833172 4.71971
833274 4.71857
833376 4.71743
833478 4.71629
833580 4.71515
833682 4.71402
833784 4.71289
833886 4.71175
833988 4.71062
834090 4.70949
834192 4.70836
834294 4.70724
834396 4.70611
834498 4.70499
834600 4.70386
834702 4.70274
834804 4.70162
834906 4.7005
835008 4.69938
835110 4.69826
835212 4.69715
835314 4.69603
835416 4.69492
835518 4.6938
835620 4.69269
835722 4.69158
835825 4.69047
835927 4.68936
836029 4.68826
836131 4.68715
836233 4.68605
836335 4.68494
836437 4.68384
836539 4.68274
836641 4.68164
836743 4.68054
836845 4.67945
836947 4.67835
837049 4.67725
837151 4.67616
837253 4.67507
837355 4.67398
837457 4.67289
837559 4.6718
837661 4.67071
837763 4.66962
837865 4.66854
837967 4.66745
838069 4.66637
838171 4.66529
838273 4.6642
838375 4.66312
838477 4.66204
838579 4.66097
838681 4.65989
838783 4.65882
838885 4.65774
838987 4.65667
839089 4.6556
839191 4.65452
839293 4.65345
839396 4.65239
839498 4.65132
839600 4.65025
839702 4.64919
839804 4.64812
839906 4.64706
840008 4.646
840110 4.64494
840212 4.64388
840314 4.64282
840416 4.64176
840518 4.6407
840620 4.63965
840722 4.6386
840824 4.63754
840926 4.63649
841028 4.63544
841130 4.63439
841232 4.63334
841334 4.63229
841436 4.63125
841538 4.6302
841640 4.62916
841742 4.62811
841844 4.62707
841946 4.62603
842048 4.62499
842150 4.62395
842252 4.62291
842354 4.62188
842456 4.62084
842558 4.61981
842660 4.61877
842762 4.61774
842865 4.61671
842967 4.61568
843069 4.61465
843171 4.61362
843273 4.61259
843375 4.61157
843477 4.61054
843579 4.60952
843681 4.6085
843783 4.60747
843885 4.60645
843987 4.60543
844089 4.60441
844191 4.6034
844293 4.60238
844395 4.60136
844497 4.60035
844599 4.59934
844701 4.59832
844803 4.59731
844905 4.5963
845007 4.59529
845109 4.59428
845211 4.59328
845313 4.59227
845415 4.59127
845517 4.59026
845619 4.58926
845721 4.58826
845823 4.58725
845925 4.58625
846027 4.58525
846129 4.58426
846231 4.58326
846334 4.58226
846436 4.58127
846538 4.58027
846640 4.57928
846742 4.57829
846844 4.5773
846946 4.57631
847048 4.57532
847150 4.57433
847252 4.57334
847354 4.57236
847456 4.57137
847558 4.57039
847660 4.5694
847762 4.56842
847864 4.56744
847966 4.56646
848068 4.56548
848170 4.5645
848272 4.56353
848374 4.56255
848476 4.56158
848578 4.5606
848680 4.55963
848782 4.55866
848884 4.55768
848986 4.55671
849088 4.55574
849190 4.55478
849292 4.55381
849394 4.55284
849496 4.55188
849598 4.55091
849700 4.54995
849803 4.54898
849905 4.54802
850007 4.54706
850109 4.5461
850211 4.54514
850313 4.54419
850415 4.54323
850517 4.54227
850619 4.54132
850721 4.54036
850823 4.53941
850925 4.53846
851027 4.53751
851129 4.53656
851231 4.53561
851333 4.53466
851435 4.53371
851537 4.53276
851639 4.53182
851741 4.53087
851843 4.52993
851945 4.52899
852047 4.52804
852149 4.5271
852251 4.52616
852353 4.52522
852455 4.52429
852557 4.52335
852659 4.52241
852761 4.52148
852863 4.52054
852965 4.51961
853067 4.51868
853169 4.51774
853272 4.51681
853374 4.51588
853476 4.51495
853578 4.51403
853680 4.5131
853782 4.51217
853884 4.51125
853986 4.51032
854088 4.5094
854190 4.50847
854292 4.50755
854394 4.50663
854496 4.50571
854598 4.50479
854700 4.50387
854802 4.50296
854904 4.50204
855006 4.50112
855108 4.50021
855210 4.4993
855312 4.49838
855414 4.49747
855516 4.49656
855618 4.49565
855720 4.49474
855822 4.49383
855924 4.49292
856026 4.49202
856128 4.49111
856230 4.4902
856332 4.4893
856434 4.4884
856536 4.48749
856638 4.48659
856741 4.48569
856843 4.48479
856945 4.48389
857047 4.48299
857149 4.4821
857251 4.4812
857353 4.48031
857455 4.47941
857557 4.47852
857659 4.47762
857761 4.47673
857863 4.47584
857965 4.47495
858067 4.47406
858169 4.47317
858271 4.47228
858373 4.4714
858475 4.47051
858577 4.46962
858679 4.46874
858781 4.46786
858883 4.46697
858985 4.46609
859087 4.46521
859189 4.46433
859291 4.46345
859393 4.46257
859495 4.46169
859597 4.46082
859699 4.45994
859801 4.45906
859903 4.45819
860005 4.45731
860107 4.45644
860210 4.45557
860312 4.4547
860414 4.45383
860516 4.45296
860618 4.45209
860720 4.45122
860822 4.45035
860924 4.44949
861026 4.44862
861128 4.44776
861230 4.44689
861332 4.44603
861434 4.44517
861536 4.44431
861638 4.44345
861740 4.44259
861842 4.44173
861944 4.44087
862046 4.44001
862148 4.43915
862250 4.4383
862352 4.43744
862454 4.43659
862556 4.43573
862658 4.43488
862760 4.43403
862862 4.43318
862964 4.43233
863066 4.43148
863168 4.43063
863270 4.42978
863372 4.42894
863474 4.42809
863576 4.42724
863679 4.4264
863781 4.42555
863883 4.42471
863985 4.42387
864087 4.42303
864189 4.42219
864291 4.42135
864393 4.42051
864495 4.41967
864597 4.41883
864699 4.41799
864801 4.41716
864903 4.41632
865005 4.41549
865107 4.41465
865209 4.41382
865311 4.41299
865413 4.41215
865515 4.41132
865617 4.41049
865719 4.40966
865821 4.40884
865923 4.40801
866025 4.40718
866127 4.40635
866229 4.40553
866331 4.4047
866433 4.40388
866535 4.40306
866637 4.40223
866739 4.40141
866841 4.40059
866943 4.39977
867045 4.39895
867148 4.39813
867250 4.39731
867352 4.3965
867454 4.39568
867556 4.39486
867658 4.39405
867760 4.39323
867862 4.39242
867964 4.39161
868066 4.3908
868168 4.38998
868270 4.38917
868372 4.38836
868474 4.38755
868576 4.38675
868678 4.38594
868780 4.38513
868882 4.38432
868984 4.38352
869086 4.38271
869188 4.38191
869290 4.38111
869392 4.3803
869494 4.3795
869596 4.3787
869698 4.3779
869800 4.3771
869902 4.3763
870004 4.3755
870106 4.3747
870208 4.37391
870310 4.37311
870412 4.37232
870514 4.37152
870617 4.37073
870719 4.36993
870821 4.36914
870923 4.36835
871025 4.36756
871127 4.36677
871229 4.36598
871331 4.36519
871433 4.3644
871535 4.36361
871637 4.36283
871739 4.36204
871841 4.36125
871943 4.36047
872045 4.35968
872147 4.3589
872249 4.35812
872351 4.35734
872453 4.35655
872555 4.35577
872657 4.35499
872759 4.35421
872861 4.35344
872963 4.35266
873065 4.35188
873167 4.3511
873269 4.35033
873371 4.34955
873473 4.34878
873575 4.348
873677 4.34723
873779 4.34646
873881 4.34569
873983 4.34492
874086 4.34415
874188 4.34338
874290 4.34261
874392 4.34184
874494 4.34107
874596 4.3403
874698 4.33954
874800 4.33877
874902 4.33801
875004 4.33724
875106 4.33648
875208 4.33572
875310 4.33495
875412 4.33419
875514 4.33343
875616 4.33267
875718 4.33191
875820 4.33115
875922 4.33039
876024 4.32964
876126 4.32888
876228 4.32812
876330 4.32737
876432 4.32661
876534 4.32586
876636 4.3251
876738 4.32435
876840 4.3236
876942 4.32285
877044 4.3221
877146 4.32134
877248 4.32059
877350 4.31985
877452 4.3191
877555 4.31835
877657 4.3176
877759 4.31686
877861 4.31611
877963 4.31536
878065 4.31462
878167 4.31388
878269 4.31313
878371 4.31239
878473 4.31165
878575 4.31091
878677 4.31017
878779 4.30943
878881 4.30869
878983 4.30795
879085 4.30721
879187 4.30647
879289 4.30573
879391 4.305
879493 4.30426
879595 4.30353
879697 4.30279
879799 4.30206
879901 4.30133
880003 4.30059
880105 4.29986
880207 4.29913
880309 4.2984
880411 4.29767
880513 4.29694
880615 4.29621
880717 4.29548
880819 4.29476
880921 4.29403
881024 4.2933
881126 4.29258
881228 4.29185
881330 4.29113
881432 4.2904
881534 4.28968
881636 4.28896
881738 4.28824
881840 4.28752
881942 4.28679
882044 4.28607
882146 4.28536
882248 4.28464
882350 4.28392
882452 4.2832
882554 4.28248
882656 4.28177
882758 4.28105
882860 4.28034
882962 4.27962
883064 4.27891
883166 4.27819
883268 4.27748
883370 4.27677
883472 4.27606
883574 4.27535
883676 4.27464
883778 4.27393
883880 4.27322
883982 4.27251
884084 4.2718
884186 4.27109
884288 4.27039
884390 4.26968
884493 4.26897
884595 4.26827
884697 4.26757
884799 4.26686
884901 4.26616
885003 4.26546
885105 4.26475
885207 4.26405
885309 4.26335
885411 4.26265
885513 4.26195
885615 4.26125
885717 4.26055
885819 4.25986
885921 4.25916
886023 4.25846
886125 4.25777
886227 4.25707
886329 4.25637
886431 4.25568
886533 4.25499
886635 4.25429
886737 4.2536
886839 4.25291
886941 4.25222
887043 4.25153
887145 4.25084
887247 4.25015
887349 4.24946
887451 4.24877
887553 4.24808
887655 4.24739
887757 4.2467
887859 4.24602
887962 4.24533
888064 4.24465
888166 4.24396
888268 4.24328
888370 4.2426
888472 4.24191
888574 4.24123
888676 4.24055
888778 4.23987
888880 4.23919
888982 4.23851
889084 4.23783
889186 4.23715
889288 4.23647
889390 4.23579
889492 4.23511
889594 4.23444
889696 4.23376
889798 4.23308
889900 4.23241
890002 4.23173
890104 4.23106
890206 4.23039
890308 4.22971
890410 4.22904
890512 4.22837
890614 4.2277
890716 4.22703
890818 4.22636
890920 4.22569
891022 4.22502
891124 4.22435
891226 4.22368
891328 4.22301
891431 4.22235
891533 4.22168
891635 4.22102
891737 4.22035
891839 4.21969
891941 4.21902
892043 4.21836
892145 4.21769
892247 4.21703
892349 4.21637
892451 4.21571
892553 4.21505
892655 4.21439
892757 4.21373
892859 4.21307
892961 4.21241
893063 4.21175
893165 4.21109
893267 4.21044
893369 4.20978
893471 4.20912
893573 4.20847
893675 4.20781
893777 4.20716
893879 4.2065
893981 4.20585
894083 4.2052
894185 4.20455
894287 4.20389
894389 4.20324
894491 4.20259
894593 4.20194
894695 4.20129
894797 4.20064
894899 4.19999
895002 4.19934
895104 4.1987
895206 4.19805
895308 4.1974
895410 4.19676
895512 4.19611
895614 4.19547
895716 4.19482
895818 4.19418
895920 4.19353
896022 4.19289
896124 4.19225
896226 4.19161
896328 4.19096
896430 4.19032
896532 4.18968
896634 4.18904
896736 4.1884
896838 4.18776
896940 4.18713
897042 4.18649
897144 4.18585
897246 4.18521
897348 4.18458
897450 4.18394
897552 4.18331
897654 4.18267
897756 4.18204
897858 4.1814
897960 4.18077
898062 4.18014
898164 4.1795
898266 4.17887
898368 4.17824
898471 4.17761
898573 4.17698
898675 4.17635
898777 4.17572
898879 4.17509
898981 4.17446
899083 4.17384
899185 4.17321
899287 4.17258
899389 4.17196
899491 4.17133
899593 4.1707
899695 4.17008
899797 4.16945
899899 4.16883
900001 4.16821
900103 4.16758
900205 4.16696
900307 4.16634
900409 4.16572
900511 4.1651
900613 4.16448
900715 4.16386
900817 4.16324
900919 4.16262
901021 4.162
901123 4.16138
901225 4.16076
901327 4.16015
901429 4.15953
901531 4.15891
901633 4.1583
901735 4.15768
901837 4.15707
901940 4.15646
902042 4.15584
902144 4.15523
902246 4.15462
902348 4.154
902450 4.15339
902552 4.15278
902654 4.15217
902756 4.15156
902858 4.15095
902960 4.15034
903062 4.14973
903164 4.14912
903266 4.14851
903368 4.14791
903470 4.1473
903572 4.14669
903674 4.14609
903776 4.14548
903878 4.14488
903980 4.14427
904082 4.14367
904184 4.14306
904286 4.14246
904388 4.14186
904490 4.14126
904592 4.14065
904694 4.14005
904796 4.13945
904898 4.13885
905000 4.13825
905102 4.13765
905204 4.13705
905306 4.13645
905409 4.13586
905511 4.13526
905613 4.13466
905715 4.13406
905817 4.13347
905919 4.13287
906021 4.13228
906123 4.13168
906225 4.13109
906327 4.13049
906429 4.1299
906531 4.12931
906633 4.12871
906735 4.12812
906837 4.12753
906939 4.12694
907041 4.12635
907143 4.12576
907245 4.12517
907347 4.12458
907449 4.12399
907551 4.1234
907653 4.12281
907755 4.12222
907857 4.12164
907959 4.12105
908061 4.12046
908163 4.11988
908265 4.11929
908367 4.11871
908469 4.11812
908571 4.11754
908673 4.11695
908775 4.11637
908878 4.11579
908980 4.11521
909082 4.11462
909184 4.11404
909286 4.11346
909388 4.11288
909490 4.1123
909592 4.11172
909694 4.11114
909796 4.11056
909898 4.10999
910000 4.10941
910102 4.10883
910204 4.10825
910306 4.10768
910408 4.1071
910510 4.10652
910612 4.10595
910714 4.10537
910816 4.1048
910918 4.10423
911020 4.10365
911122 4.10308
911224 4.10251
911326 4.10193
911428 4.10136
911530 4.10079
911632 4.10022
911734 4.09965
911836 4.09908
911938 4.09851
912040 4.09794
912142 4.09737
912244 4.0968
912347 4.09624
912449 4.09567
912551 4.0951
912653 4.09453
912755 4.09397
912857 4.0934
912959 4.09284
913061 4.09227
913163 4.09171
913265 4.09114
913367 4.09058
913469 4.09002
913571 4.08945
913673 4.08889
913775 4.08833
913877 4.08777
913979 4.08721
914081 4.08664
914183 4.08608
914285 4.08552
914387 4.08496
914489 4.08441
914591 4.08385
914693 4.08329
914795 4.08273
914897 4.08217
914999 4.08162
915101 4.08106
915203 4.0805
915305 4.07995
915407 4.07939
915509 4.07884
915611 4.07828
915713 4.07773
915816 4.07718
915918 4.07662
916020 4.07607
916122 4.07552
916224 4.07496
916326 4.07441
916428 4.07386
916530 4.07331
916632 4.07276
916734 4.07221
916836 4.07166
916938 4.07111
917040 4.07056
917142 4.07001
917244 4.06947
917346 4.06892
917448 4.06837
917550 4.06782
917652 4.06728
917754 4.06673
917856 4.06619
917958 4.06564
918060 4.0651
918162 4.06455
918264 4.06401
918366 4.06346
918468 4.06292
918570 4.06238
918672 4.06184
918774 4.06129
918876 4.06075
918978 4.06021
919080 4.05967
919182 4.05913
919285 4.05859
919387 4.05805
919489 4.05751
919591 4.05697
919693 4.05643
919795 4.05589
919897 4.05536
919999 4.05482
920101 4.05428
920203 4.05375
920305 4.05321
920407 4.05267
920509 4.05214
920611 4.0516
920713 4.05107
920815 4.05054
920917 4.05
921019 4.04947
921121 4.04894
921223 4.0484
921325 4.04787
921427 4.04734
921529 4.04681
921631 4.04628
921733 4.04575
921835 4.04522
921937 4.04469
922039 4.04416
922141 4.04363
922243 4.0431
922345 4.04257
922447 4.04204
922549 4.04151
922651 4.04099
922754 4.04046
922856 4.03993
922958 4.03941
923060 4.03888
923162 4.03836
923264 4.03783
923366 4.03731
923468 4.03678
923570 4.03626
923672 4.03574
923774 4.03521
923876 4.03469
923978 4.03417
924080 4.03365
924182 4.03312
924284 4.0326
924386 4.03208
924488 4.03156
924590 4.03104
924692 4.03052
924794 4.03
924896 4.02948
924998 4.02897
925100 4.02845
925202 4.02793
925304 4.02741
925406 4.02689
925508 4.02638
925610 4.02586
925712 4.02535
925814 4.02483
925916 4.02431
926018 4.0238
926120 4.02329
926223 4.02277
926325 4.02226
926427 4.02174
926529 4.02123
926631 4.02072
926733 4.02021
926835 4.01969
926937 4.01918
927039 4.01867
927141 4.01816
927243 4.01765
927345 4.01714
927447 4.01663
927549 4.01612
927651 4.01561
927753 4.0151
927855 4.0146
927957 4.01409
928059 4.01358
928161 4.01307
928263 4.01257
928365 4.01206
928467 4.01155
928569 4.01105
928671 4.01054
928773 4.01004
928875 4.00953
928977 4.00903
929079 4.00852
929181 4.00802
929283 4.00752
929385 4.00701
929487 4.00651
929589 4.00601
929692 4.00551
929794 4.00501
929896 4.0045
929998 4.004
930100 4.0035
930202 4.003
930304 4.0025
930406 4.002
930508 4.0015
930610 4.00101
930712 4.00051
930814 4.00001
930916 3.99951
931018 3.99901
931120 3.99852
931222 3.99802
931324 3.99752
931426 3.99703
931528 3.99653
931630 3.99604
931732 3.99554
931834 3.99505
931936 3.99455
932038 3.99406
932140 3.99357
932242 3.99307
932344 3.99258
932446 3.99209
932548 3.9916
932650 3.9911
932752 3.99061
932854 3.99012
932956 3.98963
933058 3.98914
933161 3.98865
933263 3.98816
933365 3.98767
933467 3.98718
933569 3.98669
933671 3.98621
933773 3.98572
933875 3.98523
933977 3.98474
934079 3.98426
934181 3.98377
934283 3.98328
934385 3.9828
934487 3.98231
934589 3.98183
934691 3.98134
934793 3.98086
934895 3.98037
934997 3.97989
935099 3.9794
935201 3.97892
935303 3.97844
935405 3.97796
935507 3.97747
935609 3.97699
935711 3.97651
935813 3.97603
935915 3.97555
936017 3.97507
936119 3.97459
936221 3.97411
936323 3.97363
936425 3.97315
936527 3.97267
936630 3.97219
936732 3.97171
936834 3.97123
936936 3.97076
937038 3.97028
937140 3.9698
937242 3.96932
937344 3.96885
937446 3.96837
937548 3.9679
937650 3.96742
937752 3.96695
937854 3.96647
937956 3.966
938058 3.96552
938160 3.96505
938262 3.96458
938364 3.9641
938466 3.96363
938568 3.96316
938670 3.96269
938772 3.96221
938874 3.96174
938976 3.96127
939078 3.9608
939180 3.96033
939282 3.95986
939384 3.95939
939486 3.95892
939588 3.95845
939690 3.95798
939792 3.95751
939894 3.95704
939996 3.95658
940099 3.95611
940201 3.95564
940303 3.95517
940405 3.95471
940507 3.95424
940609 3.95378
940711 3.95331
940813 3.95284
940915 3.95238
941017 3.95191
941119 3.95145
941221 3.95099
941323 3.95052
941425 3.95006
941527 3.9496
941629 3.94913
941731 3.94867
941833 3.94821
941935 3.94775
942037 3.94728
942139 3.94682
942241 3.94636
942343 3.9459
942445 3.94544
942547 3.94498
942649 3.94452
942751 3.94406
942853 3.9436
942955 3.94314
943057 3.94268
943159 3.94223
943261 3.94177
943363 3.94131
943465 3.94085
943568 3.9404
943670 3.93994
943772 3.93948
943874 3.93903
943976 3.93857
944078 3.93812
944180 3.93766
944282 3.93721
944384 3.93675
944486 3.9363
944588 3.93584
944690 3.93539
944792 3.93494
944894 3.93448
944996 3.93403
945098 3.93358
945200 3.93313
945302 3.93267
945404 3.93222
945506 3.93177
945608 3.93132
945710 3.93087
945812 3.93042
945914 3.92997
946016 3.92952
946118 3.92907
946220 3.92862
946322 3.92817
946424 3.92772
946526 3.92727
946628 3.92683
946730 3.92638
946832 3.92593
946934 3.92548
947037 3.92504
947139 3.92459
947241 3.92415
947343 3.9237
947445 3.92325
947547 3.92281
947649 3.92236
947751 3.92192
947853 3.92147
947955 3.92103
948057 3.92059
948159 3.92014
948261 3.9197
948363 3.91926
948465 3.91881
948567 3.91837
948669 3.91793
948771 3.91749
948873 3.91705
948975 3.91661
949077 3.91617
949179 3.91572
949281 3.91528
949383 3.91484
949485 3.9144
949587 3.91397
949689 3.91353
949791 3.91309
949893 3.91265
949995 3.91221
950097 3.91177
950199 3.91133
950301 3.9109
950403 3.91046
950505 3.91002
950608 3.90959
950710 3.90915
950812 3.90871
950914 3.90828
951016 3.90784
951118 3.90741
951220 3.90697
951322 3.90654
951424 3.9061
951526 3.90567
951628 3.90524
951730 3.9048
951832 3.90437
951934 3.90394
952036 3.90351
952138 3.90307
952240 3.90264
952342 3.90221
952444 3.90178
952546 3.90135
952648 3.90092
952750 3.90049
952852 3.90006
952954 3.89963
953056 3.8992
953158 3.89877
953260 3.89834
953362 3.89791
953464 3.89748
953566 3.89705
953668 3.89662
953770 3.8962
953872 3.89577
953974 3.89534
954077 3.89491
954179 3.89449
954281 3.89406
954383 3.89363
954485 3.89321
954587 3.89278
954689 3.89236
954791 3.89193
954893 3.89151
954995 3.89108
955097 3.89066
955199 3.89024
955301 3.88981
955403 3.88939
955505 3.88897
955607 3.88854
955709 3.88812
955811 3.8877
955913 3.88728
956015 3.88685
956117 3.88643
956219 3.88601
956321 3.88559
956423 3.88517
956525 3.88475
956627 3.88433
956729 3.88391
956831 3.88349
956933 3.88307
957035 3.88265
957137 3.88223
957239 3.88181
957341 3.8814
957443 3.88098
957546 3.88056
957648 3.88014
957750 3.87973
957852 3.87931
957954 3.87889
958056 3.87848
958158 3.87806
958260 3.87764
958362 3.87723
958464 3.87681
958566 3.8764
958668 3.87598
958770 3.87557
958872 3.87516
958974 3.87474
959076 3.87433
959178 3.87391
959280 3.8735
959382 3.87309
959484 3.87268
959586 3.87226
959688 3.87185
959790 3.87144
959892 3.87103
959994 3.87062
960096 3.87021
960198 3.86979
960300 3.86938
960402 3.86897
960504 3.86856
960606 3.86815
960708 3.86774
960810 3.86734
960912 3.86693
961015 3.86652
961117 3.86611
961219 3.8657
961321 3.86529
961423 3.86489
961525 3.86448
961627 3.86407
961729 3.86366
961831 3.86326
961933 3.86285
962035 3.86244
962137 3.86204
962239 3.86163
962341 3.86123
962443 3.86082
962545 3.86042
962647 3.86001
962749 3.85961
962851 3.85921
962953 3.8588
963055 3.8584
963157 3.85799
963259 3.85759
963361 3.85719
963463 3.85679
963565 3.85638
963667 3.85598
963769 3.85558
963871 3.85518
963973 3.85478
964075 3.85438
964177 3.85398
964279 3.85358
964381 3.85318
964484 3.85278
964586 3.85238
964688 3.85198
964790 3.85158
964892 3.85118
964994 3.85078
965096 3.85038
965198 3.84998
965300 3.84958
965402 3.84919
965504 3.84879
965606 3.84839
965708 3.84799
965810 3.8476
965912 3.8472
966014 3.84681
966116 3.84641
966218 3.84601
966320 3.84562
966422 3.84522
966524 3.84483
966626 3.84443
966728 3.84404
966830 3.84364
966932 3.84325
967034 3.84286
967136 3.84246
967238 3.84207
967340 3.84168
967442 3.84128
967544 3.84089
967646 3.8405
967748 3.84011
967850 3.83971
967953 3.83932
968055 3.83893
968157 3.83854
968259 3.83815
968361 3.83776
968463 3.83737
968565 3.83698
968667 3.83659
968769 3.8362
968871 3.83581
968973 3.83542
969075 3.83503
969177 3.83464
969279 3.83425
969381 3.83387
969483 3.83348
969585 3.83309
969687 3.8327
969789 3.83232
969891 3.83193
969993 3.83154
970095 3.83116
970197 3.83077
970299 3.83038
970401 3.83
970503 3.82961
970605 3.82923
970707 3.82884
970809 3.82846
970911 3.82807
971013 3.82769
971115 3.8273
971217 3.82692
971319 3.82654
971422 3.82615
971524 3.82577
971626 3.82539
971728 3.825
971830 3.82462
971932 3.82424
972034 3.82386
972136 3.82348
972238 3.82309
972340 3.82271
972442 3.82233
972544 3.82195
972646 3.82157
972748 3.82119
972850 3.82081
972952 3.82043
973054 3.82005
973156 3.81967
973258 3.81929
973360 3.81891
973462 3.81853
973564 3.81815
973666 3.81778
973768 3.8174
973870 3.81702
973972 3.81664
974074 3.81627
974176 3.81589
974278 3.81551
974380 3.81513
974482 3.81476
974584 3.81438
974686 3.81401
974788 3.81363
974891 3.81326
974993 3.81288
975095 3.8125
975197 3.81213
975299 3.81176
975401 3.81138
975503 3.81101
975605 3.81063
975707 3.81026
975809 3.80989
975911 3.80951
976013 3.80914
976115 3.80877
976217 3.80839
976319 3.80802
976421 3.80765
976523 3.80728
976625 3.80691
976727 3.80653
976829 3.80616
976931 3.80579
977033 3.80542
977135 3.80505
977237 3.80468
977339 3.80431
977441 3.80394
977543 3.80357
977645 3.8032
977747 3.80283
977849 3.80246
977951 3.80209
978053 3.80173
978155 3.80136
978257 3.80099
978360 3.80062
978462 3.80025
978564 3.79989
978666 3.79952
978768 3.79915
978870 3.79879
978972 3.79842
979074 3.79805
979176 3.79769
979278 3.79732
979380 3.79696
979482 3.79659
979584 3.79622
979686 3.79586
979788 3.7955
979890 3.79513
979992 3.79477
980094 3.7944
980196 3.79404
980298 3.79367
980400 3.79331
980502 3.79295
980604 3.79258
980706 3.79222
980808 3.79186
980910 3.7915
981012 3.79113
981114 3.79077
981216 3.79041
981318 3.79005
981420 3.78969
981522 3.78933
981624 3.78897
981726 3.78861
981829 3.78825
981931 3.78789
982033 3.78753
982135 3.78717
982237 3.78681
982339 3.78645
982441 3.78609
982543 3.78573
982645 3.78537
982747 3.78501
982849 3.78465
982951 3.78429
983053 3.78394
983155 3.78358
983257 3.78322
983359 3.78286
983461 3.78251
983563 3.78215
983665 3.78179
983767 3.78144
983869 3.78108
983971 3.78073
984073 3.78037
984175 3.78001
984277 3.77966
984379 3.7793
984481 3.77895
984583 3.77859
984685 3.77824
984787 3.77789
984889 3.77753
984991 3.77718
985093 3.77682
985195 3.77647
985298 3.77612
985400 3.77576
985502 3.77541
985604 3.77506
985706 3.77471
985808 3.77435
985910 3.774
986012 3.77365
986114 3.7733
986216 3.77295
986318 3.7726
986420 3.77225
986522 3.77189
986624 3.77154
986726 3.77119
986828 3.77084
986930 3.77049
987032 3.77014
987134 3.76979
987236 3.76945
987338 3.7691
987440 3.76875
987542 3.7684
987644 3.76805
987746 3.7677
987848 3.76735
987950 3.76701
988052 3.76666
988154 3.76631
988256 3.76596
988358 3.76562
988460 3.76527
988562 3.76492
988664 3.76458
988767 3.76423
988869 3.76388
988971 3.76354
989073 3.76319
989175 3.76285
989277 3.7625
989379 3.76216
989481 3.76181
989583 3.76147
989685 3.76112
989787 3.76078
989889 3.76044
989991 3.76009
990093 3.75975
990195 3.7594
990297 3.75906
990399 3.75872
990501 3.75838
990603 3.75803
990705 3.75769
990807 3.75735
990909 3.75701
991011 3.75666
991113 3.75632
991215 3.75598
991317 3.75564
991419 3.7553
991521 3.75496
991623 3.75462
991725 3.75428
991827 3.75394
991929 3.7536
992031 3.75326
992133 3.75292
992236 3.75258
992338 3.75224
992440 3.7519
992542 3.75156
992644 3.75122
992746 3.75088
992848 3.75055
992950 3.75021
993052 3.74987
993154 3.74953
993256 3.74919
993358 3.74886
993460 3.74852
993562 3.74818
993664 3.74785
993766 3.74751
993868 3.74717
993970 3.74684
994072 3.7465
994174 3.74617
994276 3.74583
994378 3.7455
994480 3.74516
994582 3.74483
994684 3.74449
994786 3.74416
994888 3.74382
994990 3.74349
995092 3.74315
995194 3.74282
995296 3.74249
995398 3.74215
995500 3.74182
995602 3.74149
995705 3.74115
995807 3.74082
995909 3.74049
996011 3.74016
996113 3.73982
996215 3.73949
996317 3.73916
996419 3.73883
996521 3.7385
996623 3.73817
996725 3.73784
996827 3.7375
996929 3.73717
997031 3.73684
997133 3.73651
997235 3.73618
997337 3.73585
997439 3.73552
997541 3.73519
997643 3.73487
997745 3.73454
997847 3.73421
997949 3.73388
998051 3.73355
998153 3.73322
998255 3.73289
998357 3.73257
998459 3.73224
998561 3.73191
998663 3.73158
998765 3.73126
998867 3.73093
998969 3.7306
999071 3.73028
999174 3.72995
999276 3.72962
999378 3.7293
999480 3.72897
999582 3.72865
999684 3.72832
999786 3.72799
999888 3.72767
999990 3.72734
1.00009e+06 3.72702
1.00019e+06 3.7267
1.0003e+06 3.72637
1.0004e+06 3.72605
1.0005e+06 3.72572
1.0006e+06 3.7254
1.0007e+06 3.72508
1.00081e+06 3.72475
1.00091e+06 3.72443
1.00101e+06 3.72411
1.00111e+06 3.72378
1.00121e+06 3.72346
1.00132e+06 3.72314
1.00142e+06 3.72281
1.00152e+06 3.72249
1.00162e+06 3.72217
1.00172e+06 3.72185
1.00183e+06 3.72153
1.00193e+06 3.72121
1.00203e+06 3.72088
1.00213e+06 3.72056
1.00223e+06 3.72024
1.00234e+06 3.71992
1.00244e+06 3.7196
1.00254e+06 3.71928
1.00264e+06 3.71896
1.00274e+06 3.71864
1.00285e+06 3.71832
1.00295e+06 3.718
1.00305e+06 3.71768
1.00315e+06 3.71736
1.00325e+06 3.71704
1.00336e+06 3.71672
1.00346e+06 3.7164
1.00356e+06 3.71609
1.00366e+06 3.71577
1.00376e+06 3.71545
1.00387e+06 3.71513
1.00397e+06 3.71481
1.00407e+06 3.7145
1.00417e+06 3.71418
1.00427e+06 3.71386
1.00438e+06 3.71354
1.00448e+06 3.71323
1.00458e+06 3.71291
1.00468e+06 3.71259
1.00479e+06 3.71228
1.00489e+06 3.71196
1.00499e+06 3.71164
1.00509e+06 3.71133
1.00519e+06 3.71101
1.0053e+06 3.7107
1.0054e+06 3.71038
1.0055e+06 3.71007
1.0056e+06 3.70975
1.0057e+06 3.70944
1.00581e+06 3.70912
1.00591e+06 3.70881
1.00601e+06 3.70849
1.00611e+06 3.70818
1.00621e+06 3.70787
1.00632e+06 3.70755
1.00642e+06 3.70724
1.00652e+06 3.70692
1.00662e+06 3.70661
1.00672e+06 3.7063
1.00683e+06 3.70599
1.00693e+06 3.70567
1.00703e+06 3.70536
1.00713e+06 3.70505
1.00723e+06 3.70474
1.00734e+06 3.70442
1.00744e+06 3.70411
1.00754e+06 3.7038
1.00764e+06 3.70349
1.00774e+06 3.70318
1.00785e+06 3.70287
1.00795e+06 3.70255
1.00805e+06 3.70224
1.00815e+06 3.70193
1.00825e+06 3.70162
1.00836e+06 3.70131
1.00846e+06 3.701
1.00856e+06 3.70069
1.00866e+06 3.70038
1.00876e+06 3.70007
1.00887e+06 3.69976
1.00897e+06 3.69945
1.00907e+06 3.69914
1.00917e+06 3.69884
1.00927e+06 3.69853
1.00938e+06 3.69822
1.00948e+06 3.69791
1.00958e+06 3.6976
1.00968e+06 3.69729
1.00978e+06 3.69699
1.00989e+06 3.69668
1.00999e+06 3.69637
1.01009e+06 3.69606
1.01019e+06 3.69576
1.01029e+06 3.69545
1.0104e+06 3.69514
1.0105e+06 3.69483
1.0106e+06 3.69453
1.0107e+06 3.69422
1.0108e+06 3.69392
1.01091e+06 3.69361
1.01101e+06 3.6933
1.01111e+06 3.693
1.01121e+06 3.69269
1.01131e+06 3.69239
1.01142e+06 3.69208
1.01152e+06 3.69178
1.01162e+06 3.69147
1.01172e+06 3.69117
1.01183e+06 3.69086
1.01193e+06 3.69056
1.01203e+06 3.69025
1.01213e+06 3.68995
1.01223e+06 3.68965
1.01234e+06 3.68934
1.01244e+06 3.68904
1.01254e+06 3.68873
1.01264e+06 3.68843
1.01274e+06 3.68813
1.01285e+06 3.68783
1.01295e+06 3.68752
1.01305e+06 3.68722
1.01315e+06 3.68692
1.01325e+06 3.68662
1.01336e+06 3.68631
1.01346e+06 3.68601
1.01356e+06 3.68571
1.01366e+06 3.68541
1.01376e+06 3.68511
1.01387e+06 3.68481
1.01397e+06 3.6845
1.01407e+06 3.6842
1.01417e+06 3.6839
1.01427e+06 3.6836
1.01438e+06 3.6833
1.01448e+06 3.683
1.01458e+06 3.6827
1.01468e+06 3.6824
1.01478e+06 3.6821
1.01489e+06 3.6818
1.01499e+06 3.6815
1.01509e+06 3.6812
1.01519e+06 3.6809
1.01529e+06 3.68061
1.0154e+06 3.68031
1.0155e+06 3.68001
1.0156e+06 3.67971
1.0157e+06 3.67941
1.0158e+06 3.67911
1.01591e+06 3.67882
1.01601e+06 3.67852
1.01611e+06 3.67822
1.01621e+06 3.67792
1.01631e+06 3.67763
1.01642e+06 3.67733
1.01652e+06 3.67703
1.01662e+06 3.67673
1.01672e+06 3.67644
1.01682e+06 3.67614
1.01693e+06 3.67584
1.01703e+06 3.67555
1.01713e+06 3.67525
1.01723e+06 3.67496
1.01733e+06 3.67466
1.01744e+06 3.67437
1.01754e+06 3.67407
1.01764e+06 3.67377
1.01774e+06 3.67348
1.01784e+06 3.67318
1.01795e+06 3.67289
1.01805e+06 3.6726
1.01815e+06 3.6723
1.01825e+06 3.67201
1.01836e+06 3.67171
1.01846e+06 3.67142
1.01856e+06 3.67112
1.01866e+06 3.67083
1.01876e+06 3.67054
1.01887e+06 3.67024
1.01897e+06 3.66995
1.01907e+06 3.66966
1.01917e+06 3.66937
1.01927e+06 3.66907
1.01938e+06 3.66878
1.01948e+06 3.66849
1.01958e+06 3.6682
1.01968e+06 3.6679
1.01978e+06 3.66761
1.01989e+06 3.66732
1.01999e+06 3.66703
1.02009e+06 3.66674
1.02019e+06 3.66645
