0 -95.8474
102.029 -95.8634
204.059 -95.8795
306.088 -95.8955
408.117 -95.9115
510.147 -95.9276
612.176 -95.9436
714.206 -95.9596
816.235 -95.9757
918.264 -95.9917
1020.29 -96.0077
1122.32 -96.0238
1224.35 -96.0398
1326.38 -96.0558
1428.41 -96.0719
1530.44 -96.0879
1632.47 -96.1039
1734.5 -96.12
1836.53 -96.136
1938.56 -96.152
2040.59 -96.1681
2142.62 -96.1841
2244.65 -96.2001
2346.68 -96.2162
2448.7 -96.2322
2550.73 -96.2482
2652.76 -96.2643
2754.79 -96.2803
2856.82 -96.2963
2958.85 -96.3124
3060.88 -96.3284
3162.91 -96.3444
3264.94 -96.3605
3366.97 -96.3765
3469 -96.3925
3571.03 -96.4086
3673.06 -96.4246
3775.09 -96.4406
3877.12 -96.4567
3979.14 -96.4727
4081.17 -96.4887
4183.2 -96.5048
4285.23 -96.5208
4387.26 -96.5368
4489.29 -96.5529
4591.32 -96.5689
4693.35 -96.5849
4795.38 -96.601
4897.41 -96.617
4999.44 -96.633
5101.47 -96.6491
5203.5 -96.6651
5305.53 -96.6811
5407.56 -96.6972
5509.59 -96.7132
5611.61 -96.7292
5713.64 -96.7453
5815.67 -96.7613
5917.7 -96.7773
6019.73 -96.7934
6121.76 -96.8094
6223.79 -96.8254
6325.82 -96.8415
6427.85 -96.8575
6529.88 -96.8735
6631.91 -96.8896
6733.94 -96.9056
6835.97 -96.9216
6938 -96.9377
7040.03 -96.9537
7142.06 -96.9697
7244.08 -96.9858
7346.11 -97.0018
7448.14 -97.0178
7550.17 -97.0339
7652.2 -97.0499
7754.23 -97.0659
7856.26 -97.082
7958.29 -97.098
8060.32 -97.1141
8162.35 -97.1301
8264.38 -97.1461
8366.41 -97.1622
8468.44 -97.1782
8570.47 -97.1942
8672.5 -97.2103
8774.52 -97.2263
8876.55 -97.2423
8978.58 -97.2584
9080.61 -97.2744
9182.64 -97.2904
9284.67 -97.3065
9386.7 -97.3225
9488.73 -97.3385
9590.76 -97.3546
9692.79 -97.3706
9794.82 -97.3866
9896.85 -97.4027
9998.88 -97.4187
10100.9 -97.4347
10202.9 -97.4508
10305 -97.4668
10407 -97.4828
10509 -97.4989
10611.1 -97.5149
10713.1 -97.5309
10815.1 -97.547
10917.1 -97.563
11019.2 -97.579
11121.2 -97.5951
11223.2 -97.6111
11325.3 -97.6271
11427.3 -97.6432
11529.3 -97.6592
11631.3 -97.6752
11733.4 -97.6913
11835.4 -97.7073
11937.4 -97.7233
12039.5 -97.7394
12141.5 -97.7554
12243.5 -97.7714
12345.6 -97.7875
12447.6 -97.8035
12549.6 -97.8195
12651.6 -97.8356
12753.7 -97.8516
12855.7 -97.8676
12957.7 -97.8837
13059.8 -97.8997
13161.8 -97.9157
13263.8 -97.9318
13365.8 -97.9478
13467.9 -97.9638
13569.9 -97.9799
13671.9 -97.9959
13774 -98.0119
13876 -98.028
13978 -98.044
14080.1 -98.06
14182.1 -98.0761
14284.1 -98.0921
14386.1 -98.1081
14488.2 -98.1242
14590.2 -98.1402
14692.2 -98.1562
14794.3 -98.1723
14896.3 -98.1883
14998.3 -98.2043
15100.3 -98.2204
15202.4 -98.2364
15304.4 -98.2524
15406.4 -98.2685
15508.5 -98.2845
15610.5 -98.3005
15712.5 -98.3166
15814.6 -98.3326
15916.6 -98.3486
16018.6 -98.3647
16120.6 -98.3807
16222.7 -98.3967
16324.7 -98.4128
16426.7 -98.4288
16528.8 -98.4448
16630.8 -98.4609
16732.8 -98.4769
16834.8 -98.4929
16936.9 -98.509
17038.9 -98.525
17140.9 -98.5411
17243 -98.5571
17345 -98.5731
17447 -98.5892
17549 -98.6052
17651.1 -98.6212
17753.1 -98.6373
17855.1 -98.6533
17957.2 -98.6693
18059.2 -98.6854
18161.2 -98.7014
18263.3 -98.7174
18365.3 -98.7335
18467.3 -98.7495
18569.3 -98.7655
18671.4 -98.7816
18773.4 -98.7976
18875.4 -98.8136
18977.5 -98.8297
19079.5 -98.8457
19181.5 -98.8617
19283.5 -98.8778
19385.6 -98.8938
19487.6 -98.9098
19589.6 -98.9259
19691.7 -98.9419
19793.7 -98.9579
19895.7 -98.974
19997.8 -98.99
20099.8 -99.006
20201.8 -99.0221
20303.8 -99.0381
20405.9 -99.0541
20507.9 -99.0702
20609.9 -99.0862
20712 -99.1022
20814 -99.1183
20916 -99.1343
21018 -99.1503
21120.1 -99.1664
21222.1 -99.1824
21324.1 -99.1984
21426.2 -99.2145
21528.2 -99.2305
21630.2 -99.2465
21732.3 -99.2626
21834.3 -99.2786
21936.3 -99.2946
22038.3 -99.3107
22140.4 -99.3267
22242.4 -99.3427
22344.4 -99.3588
22446.5 -99.3748
22548.5 -99.3908
22650.5 -99.4069
22752.5 -99.4229
22854.6 -99.4389
22956.6 -99.455
23058.6 -99.471
23160.7 -99.487
23262.7 -99.5031
23364.7 -99.5191
23466.8 -99.5351
23568.8 -99.5512
23670.8 -99.5672
23772.8 -99.5832
23874.9 -99.5993
23976.9 -99.6153
24078.9 -99.6313
24181 -99.6474
24283 -99.6634
24385 -99.6794
24487 -99.6955
24589.1 -99.7115
24691.1 -99.7275
24793.1 -99.7436
24895.2 -99.7596
24997.2 -99.7756
25099.2 -99.7917
25201.3 -99.8077
25303.3 -99.8237
25405.3 -99.8398
25507.3 -99.8558
25609.4 -99.8718
25711.4 -99.8879
25813.4 -99.9039
25915.5 -99.92
26017.5 -99.936
26119.5 -99.952
26221.5 -99.9681
26323.6 -99.9841
26425.6 -100
26527.6 -100.016
26629.7 -100.032
26731.7 -100.048
26833.7 -100.064
26935.8 -100.08
27037.8 -100.096
27139.8 -100.112
27241.8 -100.128
27343.9 -100.144
27445.9 -100.16
27547.9 -100.176
27650 -100.193
27752 -100.209
27854 -100.225
27956 -100.241
28058.1 -100.257
28160.1 -100.273
28262.1 -100.289
28364.2 -100.305
28466.2 -100.321
28568.2 -100.337
28670.2 -100.353
28772.3 -100.369
28874.3 -100.385
28976.3 -100.401
29078.4 -100.417
29180.4 -100.433
29282.4 -100.449
29384.5 -100.465
29486.5 -100.481
29588.5 -100.497
29690.5 -100.513
29792.6 -100.529
29894.6 -100.545
29996.6 -100.561
30098.7 -100.577
30200.7 -100.593
30302.7 -100.609
30404.7 -100.625
30506.8 -100.641
30608.8 -100.658
30710.8 -100.674
30812.9 -100.69
30914.9 -100.706
31016.9 -100.722
31119 -100.738
31221 -100.754
31323 -100.77
31425 -100.786
31527.1 -100.802
31629.1 -100.818
31731.1 -100.834
31833.2 -100.85
31935.2 -100.866
32037.2 -100.882
32139.2 -100.898
32241.3 -100.914
32343.3 -100.93
32445.3 -100.946
32547.4 -100.962
32649.4 -100.978
32751.4 -100.994
32853.5 -101.01
32955.5 -101.026
33057.5 -101.042
33159.5 -101.058
33261.6 -101.074
33363.6 -101.09
33465.6 -101.106
33567.7 -101.122
33669.7 -101.139
33771.7 -101.155
33873.7 -101.171
33975.8 -101.187
34077.8 -101.203
34179.8 -101.219
34281.9 -101.235
34383.9 -101.251
34485.9 -101.267
34588 -101.283
34690 -101.299
34792 -101.315
34894 -101.331
34996.1 -101.347
35098.1 -101.363
35200.1 -101.379
35302.2 -101.395
35404.2 -101.411
35506.2 -101.427
35608.2 -101.443
35710.3 -101.459
35812.3 -101.475
35914.3 -101.491
36016.4 -101.507
36118.4 -101.523
36220.4 -101.539
36322.5 -101.555
36424.5 -101.571
36526.5 -101.587
36628.5 -101.603
36730.6 -101.62
36832.6 -101.636
36934.6 -101.652
37036.7 -101.668
37138.7 -101.684
37240.7 -101.7
37342.7 -101.716
37444.8 -101.732
37546.8 -101.748
37648.8 -101.764
37750.9 -101.78
37852.9 -101.796
37954.9 -101.812
38057 -101.828
38159 -101.844
38261 -101.86
38363 -101.876
38465.1 -101.892
38567.1 -101.908
38669.1 -101.924
38771.2 -101.94
38873.2 -101.956
38975.2 -101.972
39077.2 -101.988
39179.3 -102.004
39281.3 -102.02
39383.3 -102.036
39485.4 -102.052
39587.4 -102.068
39689.4 -102.085
39791.4 -102.101
39893.5 -102.117
39995.5 -102.133
40097.5 -102.149
40199.6 -102.165
40301.6 -102.181
40403.6 -102.197
40505.7 -102.213
40607.7 -102.229
40709.7 -102.245
40811.7 -102.261
40913.8 -102.277
41015.8 -102.293
41117.8 -102.309
41219.9 -102.325
41321.9 -102.341
41423.9 -102.357
41525.9 -102.373
41628 -102.389
41730 -102.405
41832 -102.421
41934.1 -102.437
42036.1 -102.453
42138.1 -102.469
42240.2 -102.485
42342.2 -102.501
42444.2 -102.517
42546.2 -102.533
42648.3 -102.549
42750.3 -102.566
42852.3 -102.582
42954.4 -102.598
43056.4 -102.614
43158.4 -102.63
43260.4 -102.646
43362.5 -102.662
43464.5 -102.678
43566.5 -102.694
43668.6 -102.71
43770.6 -102.726
43872.6 -102.742
43974.7 -102.758
44076.7 -102.774
44178.7 -102.79
44280.7 -102.806
44382.8 -102.822
44484.8 -102.838
44586.8 -102.854
44688.9 -102.87
44790.9 -102.886
44892.9 -102.902
44994.9 -102.918
45097 -102.934
45199 -102.95
45301 -102.966
45403.1 -102.982
45505.1 -102.998
45607.1 -103.014
45709.2 -103.03
45811.2 -103.047
45913.2 -103.063
46015.2 -103.079
46117.3 -103.095
46219.3 -103.111
46321.3 -103.127
46423.4 -103.143
46525.4 -103.159
46627.4 -103.175
46729.4 -103.191
46831.5 -103.207
46933.5 -103.223
47035.5 -103.239
47137.6 -103.255
47239.6 -103.271
47341.6 -103.287
47443.7 -103.303
47545.7 -103.319
47647.7 -103.335
47749.7 -103.351
47851.8 -103.367
47953.8 -103.383
48055.8 -103.399
48157.9 -103.415
48259.9 -103.431
48361.9 -103.447
48463.9 -103.463
48566 -103.479
48668 -103.495
48770 -103.512
48872.1 -103.528
48974.1 -103.544
49076.1 -103.56
49178.2 -103.576
49280.2 -103.592
49382.2 -103.608
49484.2 -103.624
49586.3 -103.64
49688.3 -103.656
49790.3 -103.672
49892.4 -103.688
49994.4 -103.704
50096.4 -103.72
50198.4 -103.736
50300.5 -103.752
50402.5 -103.768
50504.5 -103.784
50606.6 -103.8
50708.6 -103.816
50810.6 -103.832
50912.6 -103.848
51014.7 -103.864
51116.7 -103.88
51218.7 -103.896
51320.8 -103.912
51422.8 -103.928
51524.8 -103.944
51626.9 -103.96
51728.9 -103.976
51830.9 -103.993
51932.9 -104.009
52035 -104.025
52137 -104.041
52239 -104.057
52341.1 -104.073
52443.1 -104.089
52545.1 -104.105
52647.1 -104.121
52749.2 -104.137
52851.2 -104.153
52953.2 -104.169
53055.3 -104.185
53157.3 -104.201
53259.3 -104.217
53361.4 -104.233
53463.4 -104.249
53565.4 -104.265
53667.4 -104.281
53769.5 -104.297
53871.5 -104.313
53973.5 -104.329
54075.6 -104.345
54177.6 -104.361
54279.6 -104.377
54381.6 -104.393
54483.7 -104.409
54585.7 -104.425
54687.7 -104.441
54789.8 -104.457
54891.8 -104.474
54993.8 -104.49
55095.9 -104.506
55197.9 -104.522
55299.9 -104.538
55401.9 -104.554
55504 -104.57
55606 -104.586
55708 -104.602
55810.1 -104.618
55912.1 -104.634
56014.1 -104.65
56116.1 -104.666
56218.2 -104.682
56320.2 -104.698
56422.2 -104.714
56524.3 -104.73
56626.3 -104.746
56728.3 -104.762
56830.4 -104.778
56932.4 -104.794
57034.4 -104.81
57136.4 -104.826
57238.5 -104.842
57340.5 -104.858
57442.5 -104.874
57544.6 -104.89
57646.6 -104.906
57748.6 -104.922
57850.6 -104.939
57952.7 -104.955
58054.7 -104.971
58156.7 -104.987
58258.8 -105.003
58360.8 -105.019
58462.8 -105.035
58564.9 -105.051
58666.9 -105.067
58768.9 -105.083
58870.9 -105.099
58973 -105.115
59075 -105.131
59177 -105.147
59279.1 -105.163
59381.1 -105.179
59483.1 -105.195
59585.1 -105.211
59687.2 -105.227
59789.2 -105.243
59891.2 -105.259
59993.3 -105.275
60095.3 -105.291
60197.3 -105.307
60299.4 -105.323
60401.4 -105.339
60503.4 -105.355
60605.4 -105.371
60707.5 -105.387
60809.5 -105.403
60911.5 -105.42
61013.6 -105.436
61115.6 -105.452
61217.6 -105.468
61319.6 -105.484
61421.7 -105.5
61523.7 -105.516
61625.7 -105.532
61727.8 -105.548
61829.8 -105.564
61931.8 -105.58
62033.8 -105.596
62135.9 -105.612
62237.9 -105.628
62339.9 -105.644
62442 -105.66
62544 -105.676
62646 -105.692
62748.1 -105.708
62850.1 -105.724
62952.1 -105.74
63054.1 -105.756
63156.2 -105.772
63258.2 -105.788
63360.2 -105.804
63462.3 -105.82
63564.3 -105.836
63666.3 -105.852
63768.3 -105.868
63870.4 -105.884
63972.4 -105.901
64074.4 -105.917
64176.5 -105.933
64278.5 -105.949
64380.5 -105.965
64482.6 -105.981
64584.6 -105.997
64686.6 -106.013
64788.6 -106.029
64890.7 -106.045
64992.7 -106.061
65094.7 -106.077
65196.8 -106.093
65298.8 -106.109
65400.8 -106.125
65502.8 -106.141
65604.9 -106.157
65706.9 -106.173
65808.9 -106.189
65911 -106.205
66013 -106.221
66115 -106.237
66217.1 -106.253
66319.1 -106.269
66421.1 -106.285
66523.1 -106.301
66625.2 -106.317
66727.2 -106.333
66829.2 -106.349
66931.3 -106.366
67033.3 -106.382
67135.3 -106.398
67237.3 -106.414
67339.4 -106.43
67441.4 -106.446
67543.4 -106.462
67645.5 -106.478
67747.5 -106.494
67849.5 -106.51
67951.6 -106.526
68053.6 -106.542
68155.6 -106.558
68257.6 -106.574
68359.7 -106.59
68461.7 -106.606
68563.7 -106.622
68665.8 -106.638
68767.8 -106.654
68869.8 -106.67
68971.8 -106.686
69073.9 -106.702
69175.9 -106.718
69277.9 -106.734
69380 -106.75
69482 -106.766
69584 -106.782
69686.1 -106.798
69788.1 -106.814
69890.1 -106.83
69992.1 -106.847
70094.2 -106.863
70196.2 -106.879
70298.2 -106.895
70400.3 -106.911
70502.3 -106.927
70604.3 -106.943
70706.3 -106.959
70808.4 -106.975
70910.4 -106.991
71012.4 -107.007
71114.5 -107.023
71216.5 -107.039
71318.5 -107.055
71420.6 -107.071
71522.6 -107.087
71624.6 -107.103
71726.6 -107.119
71828.7 -107.135
71930.7 -107.151
72032.7 -107.167
72134.8 -107.183
72236.8 -107.199
72338.8 -107.215
72440.8 -107.231
72542.9 -107.247
72644.9 -107.263
72746.9 -107.279
72849 -107.295
72951 -107.311
73053 -107.328
73155 -107.344
73257.1 -107.36
73359.1 -107.376
73461.1 -107.392
73563.2 -107.408
73665.2 -107.424
73767.2 -107.44
73869.3 -107.456
73971.3 -107.472
74073.3 -107.488
74175.3 -107.504
74277.4 -107.52
74379.4 -107.536
74481.4 -107.552
74583.5 -107.568
74685.5 -107.584
74787.5 -107.6
74889.5 -107.616
74991.6 -107.632
75093.6 -107.648
75195.6 -107.664
75297.7 -107.68
75399.7 -107.696
75501.7 -107.712
75603.8 -107.728
75705.8 -107.744
75807.8 -107.76
75909.8 -107.776
76011.9 -107.793
76113.9 -107.809
76215.9 -107.825
76318 -107.841
76420 -107.857
76522 -107.873
76624 -107.889
76726.1 -107.905
76828.1 -107.921
76930.1 -107.937
77032.2 -107.953
77134.2 -107.969
77236.2 -107.985
77338.3 -108.001
77440.3 -108.017
77542.3 -108.033
77644.3 -108.049
77746.4 -108.065
77848.4 -108.081
77950.4 -108.097
78052.5 -108.113
78154.5 -108.129
78256.5 -108.145
78358.5 -108.161
78460.6 -108.177
78562.6 -108.193
78664.6 -108.209
78766.7 -108.225
78868.7 -108.241
78970.7 -108.257
79072.8 -108.274
79174.8 -108.29
79276.8 -108.306
79378.8 -108.322
79480.9 -108.338
79582.9 -108.354
79684.9 -108.37
79787 -108.386
79889 -108.402
79991 -108.418
80093 -108.434
80195.1 -108.45
80297.1 -108.466
80399.1 -108.482
80501.2 -108.498
80603.2 -108.514
80705.2 -108.53
80807.3 -108.546
80909.3 -108.562
81011.3 -108.578
81113.3 -108.594
81215.4 -108.61
81317.4 -108.626
81419.4 -108.642
81521.5 -108.658
81623.5 -108.674
81725.5 -108.69
81827.5 -108.706
81929.6 -108.722
82031.6 -108.738
82133.6 -108.755
82235.7 -108.771
82337.7 -108.787
82439.7 -108.803
82541.8 -108.819
82643.8 -108.835
82745.8 -108.851
82847.8 -108.867
82949.9 -108.883
83051.9 -108.899
83153.9 -108.915
83256 -108.931
83358 -108.947
83460 -108.963
83562 -108.979
83664.1 -108.995
83766.1 -109.011
83868.1 -109.027
83970.2 -109.043
84072.2 -109.059
84174.2 -109.075
84276.2 -109.091
84378.3 -109.107
84480.3 -109.123
84582.3 -109.139
84684.4 -109.155
84786.4 -109.171
84888.4 -109.187
84990.5 -109.203
85092.5 -109.22
85194.5 -109.236
85296.5 -109.252
85398.6 -109.268
85500.6 -109.284
85602.6 -109.3
85704.7 -109.316
85806.7 -109.332
85908.7 -109.348
86010.7 -109.364
86112.8 -109.38
86214.8 -109.396
86316.8 -109.412
86418.9 -109.428
86520.9 -109.444
86622.9 -109.46
86725 -109.476
86827 -109.492
86929 -109.508
87031 -109.524
87133.1 -109.54
87235.1 -109.556
87337.1 -109.572
87439.2 -109.588
87541.2 -109.604
87643.2 -109.62
87745.2 -109.636
87847.3 -109.652
87949.3 -109.668
88051.3 -109.684
88153.4 -109.701
88255.4 -109.717
88357.4 -109.733
88459.5 -109.749
88561.5 -109.765
88663.5 -109.781
88765.5 -109.797
88867.6 -109.813
88969.6 -109.829
89071.6 -109.845
89173.7 -109.861
89275.7 -109.877
89377.7 -109.893
89479.7 -109.909
89581.8 -109.925
89683.8 -109.941
89785.8 -109.957
89887.9 -109.973
89989.9 -109.989
90091.9 -110.005
90194 -110.021
90296 -110.037
90398 -110.053
90500 -110.069
90602.1 -110.085
90704.1 -110.101
90806.1 -110.117
90908.2 -110.133
91010.2 -110.149
91112.2 -110.165
91214.2 -110.182
91316.3 -110.198
91418.3 -110.214
91520.3 -110.23
91622.4 -110.246
91724.4 -110.262
91826.4 -110.278
91928.5 -110.294
92030.5 -110.31
92132.5 -110.326
92234.5 -110.342
92336.6 -110.358
92438.6 -110.374
92540.6 -110.39
92642.7 -110.406
92744.7 -110.422
92846.7 -110.438
92948.7 -110.454
93050.8 -110.47
93152.8 -110.486
93254.8 -110.502
93356.9 -110.518
93458.9 -110.534
93560.9 -110.55
93663 -110.566
93765 -110.582
93867 -110.598
93969 -110.614
94071.1 -110.63
94173.1 -110.647
94275.1 -110.663
94377.2 -110.679
94479.2 -110.695
94581.2 -110.711
94683.2 -110.727
94785.3 -110.743
94887.3 -110.759
94989.3 -110.775
95091.4 -110.791
95193.4 -110.807
95295.4 -110.823
95397.4 -110.839
95499.5 -110.855
95601.5 -110.871
95703.5 -110.887
95805.6 -110.903
95907.6 -110.919
96009.6 -110.935
96111.7 -110.951
96213.7 -110.967
96315.7 -110.983
96417.7 -110.999
96519.8 -111.015
96621.8 -111.031
96723.8 -111.047
96825.9 -111.063
96927.9 -111.079
97029.9 -111.095
97131.9 -111.111
97234 -111.128
97336 -111.144
97438 -111.16
97540.1 -111.176
97642.1 -111.192
97744.1 -111.208
97846.2 -111.224
97948.2 -111.24
98050.2 -111.256
98152.2 -111.272
98254.3 -111.288
98356.3 -111.304
98458.3 -111.32
98560.4 -111.336
98662.4 -111.352
98764.4 -111.368
98866.4 -111.384
98968.5 -111.4
99070.5 -111.416
99172.5 -111.432
99274.6 -111.448
99376.6 -111.464
99478.6 -111.48
99580.7 -111.496
99682.7 -111.512
99784.7 -111.528
99886.7 -111.544
99988.8 -111.56
100091 -111.576
100193 -111.592
100295 -111.609
100397 -111.625
100499 -111.641
100601 -111.657
100703 -111.673
100805 -111.689
100907 -111.705
101009 -111.721
101111 -111.737
101213 -111.753
101315 -111.769
101417 -111.785
101519 -111.801
101621 -111.817
101723 -111.833
101825 -111.849
101927 -111.865
102029 -111.881
102131 -111.897
102233 -111.913
102335 -111.929
102437 -111.945
102540 -111.961
102642 -111.977
102744 -111.993
102846 -112.009
102948 -112.025
103050 -112.041
103152 -112.057
103254 -112.074
103356 -112.09
103458 -112.106
103560 -112.122
103662 -112.138
103764 -112.154
103866 -112.17
103968 -112.186
104070 -112.202
104172 -112.218
104274 -112.234
104376 -112.25
104478 -112.266
104580 -112.282
104682 -112.298
104784 -112.314
104886 -112.33
104988 -112.346
105090 -112.362
105192 -112.378
105294 -112.394
105396 -112.41
105498 -112.426
105600 -112.442
105702 -112.458
105804 -112.474
105906 -112.49
106009 -112.506
106111 -112.522
106213 -112.538
106315 -112.555
106417 -112.571
106519 -112.587
106621 -112.603
106723 -112.619
106825 -112.635
106927 -112.651
107029 -112.667
107131 -112.683
107233 -112.699
107335 -112.715
107437 -112.731
107539 -112.747
107641 -112.763
107743 -112.779
107845 -112.795
107947 -112.811
108049 -112.827
108151 -112.843
108253 -112.859
108355 -112.875
108457 -112.891
108559 -112.907
108661 -112.923
108763 -112.939
108865 -112.955
108967 -112.971
109069 -112.987
109171 -113.003
109273 -113.019
109375 -113.036
109478 -113.052
109580 -113.068
109682 -113.084
109784 -113.1
109886 -113.116
109988 -113.132
110090 -113.148
110192 -113.164
110294 -113.18
110396 -113.196
110498 -113.212
110600 -113.228
110702 -113.244
110804 -113.26
110906 -113.276
111008 -113.292
111110 -113.308
111212 -113.324
111314 -113.34
111416 -113.356
111518 -113.372
111620 -113.388
111722 -113.404
111824 -113.42
111926 -113.436
112028 -113.452
112130 -113.468
112232 -113.484
112334 -113.501
112436 -113.517
112538 -113.533
112640 -113.549
112742 -113.565
112844 -113.581
112946 -113.597
113049 -113.613
113151 -113.629
113253 -113.645
113355 -113.661
113457 -113.677
113559 -113.693
113661 -113.709
113763 -113.725
113865 -113.741
113967 -113.757
114069 -113.773
114171 -113.789
114273 -113.805
114375 -113.821
114477 -113.837
114579 -113.853
114681 -113.869
114783 -113.885
114885 -113.901
114987 -113.917
115089 -113.933
115191 -113.949
115293 -113.965
115395 -113.982
115497 -113.998
115599 -114.014
115701 -114.03
115803 -114.046
115905 -114.062
116007 -114.078
116109 -114.094
116211 -114.11
116313 -114.126
116415 -114.142
116518 -114.158
116620 -114.174
116722 -114.19
116824 -114.206
116926 -114.222
117028 -114.238
117130 -114.254
117232 -114.27
117334 -114.286
117436 -114.302
117538 -114.318
117640 -114.334
117742 -114.35
117844 -114.366
117946 -114.382
118048 -114.398
118150 -114.414
118252 -114.43
118354 -114.446
118456 -114.463
118558 -114.479
118660 -114.495
118762 -114.511
118864 -114.527
118966 -114.543
119068 -114.559
119170 -114.575
119272 -114.591
119374 -114.607
119476 -114.623
119578 -114.639
119680 -114.655
119782 -114.671
119884 -114.687
119987 -114.703
120089 -114.719
120191 -114.735
120293 -114.751
120395 -114.767
120497 -114.783
120599 -114.799
120701 -114.815
120803 -114.831
120905 -114.847
121007 -114.863
121109 -114.879
121211 -114.895
121313 -114.911
121415 -114.928
121517 -114.944
121619 -114.96
121721 -114.976
121823 -114.992
121925 -115.008
122027 -115.024
122129 -115.04
122231 -115.056
122333 -115.072
122435 -115.088
122537 -115.104
122639 -115.12
122741 -115.136
122843 -115.152
122945 -115.168
123047 -115.184
123149 -115.2
123251 -115.216
123353 -115.232
123456 -115.248
123558 -115.264
123660 -115.28
123762 -115.296
123864 -115.312
123966 -115.328
124068 -115.344
124170 -115.36
124272 -115.376
124374 -115.392
124476 -115.409
124578 -115.425
124680 -115.441
124782 -115.457
124884 -115.473
124986 -115.489
125088 -115.505
125190 -115.521
125292 -115.537
125394 -115.553
125496 -115.569
125598 -115.585
125700 -115.601
125802 -115.617
125904 -115.633
126006 -115.649
126108 -115.665
126210 -115.681
126312 -115.697
126414 -115.713
126516 -115.729
126618 -115.745
126720 -115.761
126822 -115.777
126925 -115.793
127027 -115.809
127129 -115.825
127231 -115.841
127333 -115.857
127435 -115.873
127537 -115.89
127639 -115.906
127741 -115.922
127843 -115.938
127945 -115.954
128047 -115.97
128149 -115.986
128251 -116.002
128353 -116.018
128455 -116.034
128557 -116.05
128659 -116.066
128761 -116.082
128863 -116.098
128965 -116.114
129067 -116.13
129169 -116.146
129271 -116.162
129373 -116.178
129475 -116.194
129577 -116.21
129679 -116.226
129781 -116.242
129883 -116.258
129985 -116.274
130087 -116.29
130189 -116.306
130291 -116.322
130394 -116.338
130496 -116.355
130598 -116.371
130700 -116.387
130802 -116.403
130904 -116.419
131006 -116.435
131108 -116.451
131210 -116.467
131312 -116.483
131414 -116.499
131516 -116.515
131618 -116.531
131720 -116.547
131822 -116.563
131924 -116.579
132026 -116.595
132128 -116.611
132230 -116.627
132332 -116.643
132434 -116.659
132536 -116.675
132638 -116.691
132740 -116.707
132842 -116.723
132944 -116.739
133046 -116.755
133148 -116.771
133250 -116.787
133352 -116.803
133454 -116.819
133556 -116.836
133658 -116.852
133760 -116.868
133863 -116.884
133965 -116.9
134067 -116.916
134169 -116.932
134271 -116.948
134373 -116.964
134475 -116.98
134577 -116.996
134679 -117.012
134781 -117.028
134883 -117.044
134985 -117.06
135087 -117.076
135189 -117.092
135291 -117.108
135393 -117.124
135495 -117.14
135597 -117.156
135699 -117.172
135801 -117.188
135903 -117.204
136005 -117.22
136107 -117.236
136209 -117.252
136311 -117.268
136413 -117.284
136515 -117.3
136617 -117.317
136719 -117.333
136821 -117.349
136923 -117.365
137025 -117.381
137127 -117.397
137229 -117.413
137332 -117.429
137434 -117.445
137536 -117.461
137638 -117.477
137740 -117.493
137842 -117.509
137944 -117.525
138046 -117.541
138148 -117.557
138250 -117.573
138352 -117.589
138454 -117.605
138556 -117.621
138658 -117.637
138760 -117.653
138862 -117.669
138964 -117.685
139066 -117.701
139168 -117.717
139270 -117.733
139372 -117.749
139474 -117.765
139576 -117.782
139678 -117.798
139780 -117.814
139882 -117.83
139984 -117.846
140086 -117.862
140188 -117.878
140290 -117.894
140392 -117.91
140494 -117.926
140596 -117.942
140698 -117.958
140801 -117.974
140903 -117.99
141005 -118.006
141107 -118.022
141209 -118.038
141311 -118.054
141413 -118.07
141515 -118.086
141617 -118.102
141719 -118.118
141821 -118.134
141923 -118.15
142025 -118.166
142127 -118.182
142229 -118.198
142331 -118.214
142433 -118.23
142535 -118.246
142637 -118.263
142739 -118.279
142841 -118.295
142943 -118.311
143045 -118.327
143147 -118.343
143249 -118.359
143351 -118.375
143453 -118.391
143555 -118.407
143657 -118.423
143759 -118.439
143861 -118.455
143963 -118.471
144065 -118.487
144167 -118.503
144270 -118.519
144372 -118.535
144474 -118.551
144576 -118.567
144678 -118.583
144780 -118.599
144882 -118.615
144984 -118.631
145086 -118.647
145188 -118.663
145290 -118.679
145392 -118.695
145494 -118.711
145596 -118.727
145698 -118.744
145800 -118.76
145902 -118.776
146004 -118.792
146106 -118.808
146208 -118.824
146310 -118.84
146412 -118.856
146514 -118.872
146616 -118.888
146718 -118.904
146820 -118.92
146922 -118.936
147024 -118.952
147126 -118.968
147228 -118.984
147330 -119
147432 -119.016
147534 -119.032
147636 -119.048
147739 -119.064
147841 -119.08
147943 -119.096
148045 -119.112
148147 -119.128
148249 -119.144
148351 -119.16
148453 -119.176
148555 -119.192
148657 -119.209
148759 -119.225
148861 -119.241
148963 -119.257
149065 -119.273
149167 -119.289
149269 -119.305
149371 -119.321
149473 -119.337
149575 -119.353
149677 -119.369
149779 -119.385
149881 -119.401
149983 -119.417
150085 -119.433
150187 -119.449
150289 -119.465
150391 -119.481
150493 -119.497
150595 -119.513
150697 -119.529
150799 -119.545
150901 -119.561
151003 -119.577
151105 -119.593
151208 -119.609
151310 -119.625
151412 -119.641
151514 -119.657
151616 -119.673
151718 -119.69
151820 -119.706
151922 -119.722
152024 -119.738
152126 -119.754
152228 -119.77
152330 -119.786
152432 -119.802
152534 -119.818
152636 -119.834
152738 -119.85
152840 -119.866
152942 -119.882
153044 -119.898
153146 -119.914
153248 -119.93
153350 -119.946
153452 -119.962
153554 -119.978
153656 -119.994
153758 -120.01
153860 -120.026
153962 -120.042
154064 -120.058
154166 -120.074
154268 -120.09
154370 -120.106
154472 -120.122
154574 -120.138
154677 -120.154
154779 -120.171
154881 -120.187
154983 -120.203
155085 -120.219
155187 -120.235
155289 -120.251
155391 -120.267
155493 -120.283
155595 -120.299
155697 -120.315
155799 -120.331
155901 -120.347
156003 -120.363
156105 -120.379
156207 -120.395
156309 -120.411
156411 -120.427
156513 -120.443
156615 -120.459
156717 -120.475
156819 -120.491
156921 -120.507
157023 -120.523
157125 -120.539
157227 -120.555
157329 -120.571
157431 -120.587
157533 -120.603
157635 -120.619
157737 -120.636
157839 -120.652
157941 -120.668
158043 -120.684
158146 -120.7
158248 -120.716
158350 -120.732
158452 -120.748
158554 -120.764
158656 -120.78
158758 -120.796
158860 -120.812
158962 -120.828
159064 -120.844
159166 -120.86
159268 -120.876
159370 -120.892
159472 -120.908
159574 -120.924
159676 -120.94
159778 -120.956
159880 -120.972
159982 -120.988
160084 -121.004
160186 -121.02
160288 -121.036
160390 -121.052
160492 -121.068
160594 -121.084
160696 -121.1
160798 -121.117
160900 -121.133
161002 -121.149
161104 -121.165
161206 -121.181
161308 -121.197
161410 -121.213
161512 -121.229
161615 -121.245
161717 -121.261
161819 -121.277
161921 -121.293
162023 -121.309
162125 -121.325
162227 -121.341
162329 -121.357
162431 -121.373
162533 -121.389
162635 -121.405
162737 -121.421
162839 -121.437
162941 -121.453
163043 -121.469
163145 -121.485
163247 -121.501
163349 -121.517
163451 -121.533
163553 -121.549
163655 -121.565
163757 -121.581
163859 -121.598
163961 -121.614
164063 -121.63
164165 -121.646
164267 -121.662
164369 -121.678
164471 -121.694
164573 -121.71
164675 -121.726
164777 -121.742
164879 -121.758
164981 -121.774
165084 -121.79
165186 -121.806
165288 -121.822
165390 -121.838
165492 -121.854
165594 -121.87
165696 -121.886
165798 -121.902
165900 -121.918
166002 -121.934
166104 -121.95
166206 -121.966
166308 -121.982
166410 -121.998
166512 -122.014
166614 -122.03
166716 -122.046
166818 -122.063
166920 -122.079
167022 -122.095
167124 -122.111
167226 -122.127
167328 -122.143
167430 -122.159
167532 -122.175
167634 -122.191
167736 -122.207
167838 -122.223
167940 -122.239
168042 -122.255
168144 -122.271
168246 -122.287
168348 -122.303
168450 -122.319
168552 -122.335
168655 -122.351
168757 -122.367
168859 -122.383
168961 -122.399
169063 -122.415
169165 -122.431
169267 -122.447
169369 -122.463
169471 -122.479
169573 -122.495
169675 -122.511
169777 -122.527
169879 -122.544
169981 -122.56
170083 -122.576
170185 -122.592
170287 -122.608
170389 -122.624
170491 -122.64
170593 -122.656
170695 -122.672
170797 -122.688
170899 -122.704
171001 -122.72
171103 -122.736
171205 -122.752
171307 -122.768
171409 -122.784
171511 -122.8
171613 -122.816
171715 -122.832
171817 -122.848
171919 -122.864
172021 -122.88
172124 -122.896
172226 -122.912
172328 -122.928
172430 -122.944
172532 -122.96
172634 -122.976
172736 -122.992
172838 -123.008
172940 -123.025
173042 -123.041
173144 -123.057
173246 -123.073
173348 -123.089
173450 -123.105
173552 -123.121
173654 -123.137
173756 -123.153
173858 -123.169
173960 -123.185
174062 -123.201
174164 -123.217
174266 -123.233
174368 -123.249
174470 -123.265
174572 -123.281
174674 -123.297
174776 -123.313
174878 -123.329
174980 -123.345
175082 -123.361
175184 -123.377
175286 -123.393
175388 -123.409
175490 -123.425
175593 -123.441
175695 -123.457
175797 -123.473
175899 -123.49
176001 -123.506
176103 -123.522
176205 -123.538
176307 -123.554
176409 -123.57
176511 -123.586
176613 -123.602
176715 -123.618
176817 -123.634
176919 -123.65
177021 -123.666
177123 -123.682
177225 -123.698
177327 -123.714
177429 -123.73
177531 -123.746
177633 -123.762
177735 -123.778
177837 -123.794
177939 -123.81
178041 -123.826
178143 -123.842
178245 -123.858
178347 -123.874
178449 -123.89
178551 -123.906
178653 -123.922
178755 -123.938
178857 -123.954
178959 -123.971
179062 -123.987
179164 -124.003
179266 -124.019
179368 -124.035
179470 -124.051
179572 -124.067
179674 -124.083
179776 -124.099
179878 -124.115
179980 -124.131
180082 -124.147
180184 -124.163
180286 -124.179
180388 -124.195
180490 -124.211
180592 -124.227
180694 -124.243
180796 -124.259
180898 -124.275
181000 -124.291
181102 -124.307
181204 -124.323
181306 -124.339
181408 -124.355
181510 -124.371
181612 -124.387
181714 -124.403
181816 -124.419
181918 -124.435
182020 -124.452
182122 -124.468
182224 -124.484
182326 -124.5
182428 -124.516
182531 -124.532
182633 -124.548
182735 -124.564
182837 -124.58
182939 -124.596
183041 -124.612
183143 -124.628
183245 -124.644
183347 -124.66
183449 -124.676
183551 -124.692
183653 -124.708
183755 -124.724
183857 -124.74
183959 -124.756
184061 -124.772
184163 -124.788
184265 -124.804
184367 -124.82
184469 -124.836
184571 -124.852
184673 -124.868
184775 -124.884
184877 -124.9
184979 -124.917
185081 -124.933
185183 -124.949
185285 -124.965
185387 -124.981
185489 -124.997
185591 -125.013
185693 -125.029
185795 -125.045
185897 -125.061
186000 -125.077
186102 -125.093
186204 -125.109
186306 -125.125
186408 -125.141
186510 -125.157
186612 -125.173
186714 -125.189
186816 -125.205
186918 -125.221
187020 -125.237
187122 -125.253
187224 -125.269
187326 -125.285
187428 -125.301
187530 -125.317
187632 -125.333
187734 -125.349
187836 -125.365
187938 -125.381
188040 -125.398
188142 -125.414
188244 -125.43
188346 -125.446
188448 -125.462
188550 -125.478
188652 -125.494
188754 -125.51
188856 -125.526
188958 -125.542
189060 -125.558
189162 -125.574
189264 -125.59
189366 -125.606
189469 -125.622
189571 -125.638
189673 -125.654
189775 -125.67
189877 -125.686
189979 -125.702
190081 -125.718
190183 -125.734
190285 -125.75
190387 -125.766
190489 -125.782
190591 -125.798
190693 -125.814
190795 -125.83
190897 -125.846
190999 -125.862
191101 -125.879
191203 -125.895
191305 -125.911
191407 -125.927
191509 -125.943
191611 -125.959
191713 -125.975
191815 -125.991
191917 -126.007
192019 -126.023
192121 -126.039
192223 -126.055
192325 -126.071
192427 -126.087
192529 -126.103
192631 -126.119
192733 -126.135
192835 -126.151
192938 -126.167
193040 -126.183
193142 -126.199
193244 -126.215
193346 -126.231
193448 -126.247
193550 -126.263
193652 -126.279
193754 -126.295
193856 -126.311
193958 -126.327
194060 -126.344
194162 -126.36
194264 -126.376
194366 -126.392
194468 -126.408
194570 -126.424
194672 -126.44
194774 -126.456
194876 -126.472
194978 -126.488
195080 -126.504
195182 -126.52
195284 -126.536
195386 -126.552
195488 -126.568
195590 -126.584
195692 -126.6
195794 -126.616
195896 -126.632
195998 -126.648
196100 -126.664
196202 -126.68
196304 -126.696
196407 -126.712
196509 -126.728
196611 -126.744
196713 -126.76
196815 -126.776
196917 -126.792
197019 -126.808
197121 -126.825
197223 -126.841
197325 -126.857
197427 -126.873
197529 -126.889
197631 -126.905
197733 -126.921
197835 -126.937
197937 -126.953
198039 -126.969
198141 -126.985
198243 -127.001
198345 -127.017
198447 -127.033
198549 -127.049
198651 -127.065
198753 -127.081
198855 -127.097
198957 -127.113
199059 -127.129
199161 -127.145
199263 -127.161
199365 -127.177
199467 -127.193
199569 -127.209
199671 -127.225
199773 -127.241
199876 -127.257
199978 -127.273
200080 -127.289
200182 -127.306
200284 -127.322
200386 -127.338
200488 -127.354
200590 -127.37
200692 -127.386
200794 -127.402
200896 -127.418
200998 -127.434
201100 -127.45
201202 -127.466
201304 -127.482
201406 -127.498
201508 -127.514
201610 -127.53
201712 -127.546
201814 -127.562
201916 -127.578
202018 -127.594
202120 -127.61
202222 -127.626
202324 -127.642
202426 -127.658
202528 -127.674
202630 -127.69
202732 -127.706
202834 -127.722
202936 -127.738
203038 -127.754
203140 -127.771
203242 -127.787
203345 -127.803
203447 -127.819
203549 -127.835
203651 -127.851
203753 -127.867
203855 -127.883
203957 -127.899
204059 -127.915
204161 -127.931
204263 -127.947
204365 -127.963
204467 -127.979
204569 -127.995
204671 -128.011
204773 -128.027
204875 -128.043
204977 -128.059
205079 -128.075
205181 -128.091
205283 -128.107
205385 -128.123
205487 -128.139
205589 -128.155
205691 -128.171
205793 -128.187
205895 -128.203
205997 -128.219
206099 -128.235
206201 -128.252
206303 -128.268
206405 -128.284
206507 -128.3
206609 -128.316
206711 -128.332
206814 -128.348
206916 -128.364
207018 -128.38
207120 -128.396
207222 -128.412
207324 -128.428
207426 -128.444
207528 -128.46
207630 -128.476
207732 -128.492
207834 -128.508
207936 -128.524
208038 -128.54
208140 -128.556
208242 -128.572
208344 -128.588
208446 -128.604
208548 -128.62
208650 -128.636
208752 -128.652
208854 -128.668
208956 -128.684
209058 -128.7
209160 -128.716
209262 -128.733
209364 -128.749
209466 -128.765
209568 -128.781
209670 -128.797
209772 -128.813
209874 -128.829
209976 -128.845
210078 -128.861
210180 -128.877
210283 -128.893
210385 -128.909
210487 -128.925
210589 -128.941
210691 -128.957
210793 -128.973
210895 -128.989
210997 -129.005
211099 -129.021
211201 -129.037
211303 -129.053
211405 -129.069
211507 -129.085
211609 -129.101
211711 -129.117
211813 -129.133
211915 -129.149
212017 -129.165
212119 -129.181
212221 -129.198
212323 -129.214
212425 -129.23
212527 -129.246
212629 -129.262
212731 -129.278
212833 -129.294
212935 -129.31
213037 -129.326
213139 -129.342
213241 -129.358
213343 -129.374
213445 -129.39
213547 -129.406
213649 -129.422
213752 -129.438
213854 -129.454
213956 -129.47
214058 -129.486
214160 -129.502
214262 -129.518
214364 -129.534
214466 -129.55
214568 -129.566
214670 -129.582
214772 -129.598
214874 -129.614
214976 -129.63
215078 -129.646
215180 -129.662
215282 -129.679
215384 -129.695
215486 -129.711
215588 -129.727
215690 -129.743
215792 -129.759
215894 -129.775
215996 -129.791
216098 -129.807
216200 -129.823
216302 -129.839
216404 -129.855
216506 -129.871
216608 -129.887
216710 -129.903
216812 -129.919
216914 -129.935
217016 -129.951
217118 -129.967
217221 -129.983
217323 -129.999
217425 -130.015
217527 -130.031
217629 -130.047
217731 -130.063
217833 -130.079
217935 -130.095
218037 -130.111
218139 -130.127
218241 -130.143
218343 -130.16
218445 -130.176
218547 -130.192
218649 -130.208
218751 -130.224
218853 -130.24
218955 -130.256
219057 -130.272
219159 -130.288
219261 -130.304
219363 -130.32
219465 -130.336
219567 -130.352
219669 -130.368
219771 -130.384
219873 -130.4
219975 -130.416
220077 -130.432
220179 -130.448
220281 -130.464
220383 -130.48
220485 -130.496
220587 -130.512
220690 -130.528
220792 -130.544
220894 -130.56
220996 -130.576
221098 -130.592
221200 -130.608
221302 -130.625
221404 -130.641
221506 -130.657
221608 -130.673
221710 -130.689
221812 -130.705
221914 -130.721
222016 -130.737
222118 -130.753
222220 -130.769
222322 -130.785
222424 -130.801
222526 -130.817
222628 -130.833
222730 -130.849
222832 -130.865
222934 -130.881
223036 -130.897
223138 -130.913
223240 -130.929
223342 -130.945
223444 -130.961
223546 -130.977
223648 -130.993
223750 -131.009
223852 -131.025
223954 -131.041
224056 -131.057
224158 -131.073
224261 -131.089
224363 -131.106
224465 -131.122
224567 -131.138
224669 -131.154
224771 -131.17
224873 -131.186
224975 -131.202
225077 -131.218
225179 -131.234
225281 -131.25
225383 -131.266
225485 -131.282
225587 -131.298
225689 -131.314
225791 -131.33
225893 -131.346
225995 -131.362
226097 -131.378
226199 -131.394
226301 -131.41
226403 -131.426
226505 -131.442
226607 -131.458
226709 -131.474
226811 -131.49
226913 -131.506
227015 -131.522
227117 -131.538
227219 -131.554
227321 -131.571
227423 -131.587
227525 -131.603
227627 -131.619
227730 -131.635
227832 -131.651
227934 -131.667
228036 -131.683
228138 -131.699
228240 -131.715
228342 -131.731
228444 -131.747
228546 -131.763
228648 -131.779
228750 -131.795
228852 -131.811
228954 -131.827
229056 -131.843
229158 -131.859
229260 -131.875
229362 -131.891
229464 -131.907
229566 -131.923
229668 -131.939
229770 -131.955
229872 -131.971
229974 -131.987
230076 -132.003
230178 -132.019
230280 -132.035
230382 -132.052
230484 -132.068
230586 -132.084
230688 -132.1
230790 -132.116
230892 -132.132
230994 -132.148
231096 -132.164
231199 -132.18
231301 -132.196
231403 -132.212
231505 -132.228
231607 -132.244
231709 -132.26
231811 -132.276
231913 -132.292
232015 -132.308
232117 -132.324
232219 -132.34
232321 -132.356
232423 -132.372
232525 -132.388
232627 -132.404
232729 -132.42
232831 -132.436
232933 -132.452
233035 -132.468
233137 -132.484
233239 -132.5
233341 -132.516
233443 -132.533
233545 -132.549
233647 -132.565
233749 -132.581
233851 -132.597
233953 -132.613
234055 -132.629
234157 -132.645
234259 -132.661
234361 -132.677
234463 -132.693
234565 -132.709
234668 -132.725
234770 -132.741
234872 -132.757
234974 -132.773
235076 -132.789
235178 -132.805
235280 -132.821
235382 -132.837
235484 -132.853
235586 -132.869
235688 -132.885
235790 -132.901
235892 -132.917
235994 -132.933
236096 -132.949
236198 -132.965
236300 -132.981
236402 -132.998
236504 -133.014
236606 -133.03
236708 -133.046
236810 -133.062
236912 -133.078
237014 -133.094
237116 -133.11
237218 -133.126
237320 -133.142
237422 -133.158
237524 -133.174
237626 -133.19
237728 -133.206
237830 -133.222
237932 -133.238
238034 -133.254
238137 -133.27
238239 -133.286
238341 -133.302
238443 -133.318
238545 -133.334
238647 -133.35
238749 -133.366
238851 -133.382
238953 -133.398
239055 -133.414
239157 -133.43
239259 -133.446
239361 -133.462
239463 -133.479
239565 -133.495
239667 -133.511
239769 -133.527
239871 -133.543
239973 -133.559
240075 -133.575
240177 -133.591
240279 -133.607
240381 -133.623
240483 -133.639
240585 -133.655
240687 -133.671
240789 -133.687
240891 -133.703
240993 -133.719
241095 -133.735
241197 -133.751
241299 -133.767
241401 -133.783
241503 -133.799
241606 -133.815
241708 -133.831
241810 -133.847
241912 -133.863
242014 -133.879
242116 -133.895
242218 -133.911
242320 -133.927
242422 -133.943
242524 -133.96
242626 -133.976
242728 -133.992
242830 -134.008
242932 -134.024
243034 -134.04
243136 -134.056
243238 -134.072
243340 -134.088
243442 -134.104
243544 -134.12
243646 -134.136
243748 -134.152
243850 -134.168
243952 -134.184
244054 -134.2
244156 -134.216
244258 -134.232
244360 -134.248
244462 -134.264
244564 -134.28
244666 -134.296
244768 -134.312
244870 -134.328
244972 -134.344
245075 -134.36
245177 -134.376
245279 -134.392
245381 -134.408
245483 -134.425
245585 -134.441
245687 -134.457
245789 -134.473
245891 -134.489
245993 -134.505
246095 -134.521
246197 -134.537
246299 -134.553
246401 -134.569
246503 -134.585
246605 -134.601
246707 -134.617
246809 -134.633
246911 -134.649
247013 -134.665
247115 -134.681
247217 -134.697
247319 -134.713
247421 -134.729
247523 -134.745
247625 -134.761
247727 -134.777
247829 -134.793
247931 -134.809
248033 -134.825
248135 -134.841
248237 -134.857
248339 -134.873
248441 -134.889
248544 -134.906
248646 -134.922
248748 -134.938
248850 -134.954
248952 -134.97
249054 -134.986
249156 -135.002
249258 -135.018
249360 -135.034
249462 -135.05
249564 -135.066
249666 -135.082
249768 -135.098
249870 -135.114
249972 -135.13
250074 -135.146
250176 -135.162
250278 -135.178
250380 -135.194
250482 -135.21
250584 -135.226
250686 -135.242
250788 -135.258
250890 -135.274
250992 -135.29
251094 -135.306
251196 -135.322
251298 -135.338
251400 -135.354
251502 -135.37
251604 -135.387
251706 -135.403
251808 -135.419
251910 -135.435
252013 -135.451
252115 -135.467
252217 -135.483
252319 -135.499
252421 -135.515
252523 -135.531
252625 -135.547
252727 -135.563
252829 -135.579
252931 -135.595
253033 -135.611
253135 -135.627
253237 -135.643
253339 -135.659
253441 -135.675
253543 -135.691
253645 -135.707
253747 -135.723
253849 -135.739
253951 -135.755
254053 -135.771
254155 -135.787
254257 -135.803
254359 -135.819
254461 -135.835
254563 -135.852
254665 -135.868
254767 -135.884
254869 -135.9
254971 -135.916
255073 -135.932
255175 -135.948
255277 -135.964
255379 -135.98
255482 -135.996
255584 -136.012
255686 -136.028
255788 -136.044
255890 -136.06
255992 -136.076
256094 -136.092
256196 -136.108
256298 -136.124
256400 -136.14
256502 -136.156
256604 -136.172
256706 -136.188
256808 -136.204
256910 -136.22
257012 -136.236
257114 -136.252
257216 -136.268
257318 -136.284
257420 -136.3
257522 -136.316
257624 -136.333
257726 -136.349
257828 -136.365
257930 -136.381
258032 -136.397
258134 -136.413
258236 -136.429
258338 -136.445
258440 -136.461
258542 -136.477
258644 -136.493
258746 -136.509
258848 -136.525
258951 -136.541
259053 -136.557
259155 -136.573
259257 -136.589
259359 -136.605
259461 -136.621
259563 -136.637
259665 -136.653
259767 -136.669
259869 -136.685
259971 -136.701
260073 -136.717
260175 -136.733
260277 -136.749
260379 -136.765
260481 -136.781
260583 -136.797
260685 -136.814
260787 -136.83
260889 -136.846
260991 -136.862
261093 -136.878
261195 -136.894
261297 -136.91
261399 -136.926
261501 -136.942
261603 -136.958
261705 -136.974
261807 -136.99
261909 -137.006
262011 -137.022
262113 -137.038
262215 -137.054
262317 -137.07
262420 -137.086
262522 -137.102
262624 -137.118
262726 -137.134
262828 -137.15
262930 -137.166
263032 -137.182
263134 -137.198
263236 -137.214
263338 -137.23
263440 -137.246
263542 -137.262
263644 -137.279
263746 -137.295
263848 -137.311
263950 -137.327
264052 -137.343
264154 -137.359
264256 -137.375
264358 -137.391
264460 -137.407
264562 -137.423
264664 -137.439
264766 -137.455
264868 -137.471
264970 -137.487
265072 -137.503
265174 -137.519
265276 -137.535
265378 -137.551
265480 -137.567
265582 -137.583
265684 -137.599
265786 -137.615
265889 -137.631
265991 -137.647
266093 -137.663
266195 -137.679
266297 -137.695
266399 -137.711
266501 -137.727
266603 -137.743
266705 -137.76
266807 -137.776
266909 -137.792
267011 -137.808
267113 -137.824
267215 -137.84
267317 -137.856
267419 -137.872
267521 -137.888
267623 -137.904
267725 -137.92
267827 -137.936
267929 -137.952
268031 -137.968
268133 -137.984
268235 -138
268337 -138.016
268439 -138.032
268541 -138.048
268643 -138.064
268745 -138.08
268847 -138.096
268949 -138.112
269051 -138.128
269153 -138.144
269255 -138.16
269358 -138.176
269460 -138.192
269562 -138.208
269664 -138.224
269766 -138.241
269868 -138.257
269970 -138.273
270072 -138.289
270174 -138.305
270276 -138.321
270378 -138.337
270480 -138.353
270582 -138.369
270684 -138.385
270786 -138.401
270888 -138.417
270990 -138.433
271092 -138.449
271194 -138.465
271296 -138.481
271398 -138.497
271500 -138.513
271602 -138.529
271704 -138.545
271806 -138.561
271908 -138.577
272010 -138.593
272112 -138.609
272214 -138.625
272316 -138.641
272418 -138.657
272520 -138.673
272622 -138.689
272724 -138.706
272827 -138.722
272929 -138.738
273031 -138.754
273133 -138.77
273235 -138.786
273337 -138.802
273439 -138.818
273541 -138.834
273643 -138.85
273745 -138.866
273847 -138.882
273949 -138.898
274051 -138.914
274153 -138.93
274255 -138.946
274357 -138.962
274459 -138.978
274561 -138.994
274663 -139.01
274765 -139.026
274867 -139.042
274969 -139.058
275071 -139.074
275173 -139.09
275275 -139.106
275377 -139.122
275479 -139.138
275581 -139.154
275683 -139.17
275785 -139.187
275887 -139.203
275989 -139.219
276091 -139.235
276193 -139.251
276296 -139.267
276398 -139.283
276500 -139.299
276602 -139.315
276704 -139.331
276806 -139.347
276908 -139.363
277010 -139.379
277112 -139.395
277214 -139.411
277316 -139.427
277418 -139.443
277520 -139.459
277622 -139.475
277724 -139.491
277826 -139.507
277928 -139.523
278030 -139.539
278132 -139.555
278234 -139.571
278336 -139.587
278438 -139.603
278540 -139.619
278642 -139.635
278744 -139.651
278846 -139.668
278948 -139.684
279050 -139.7
279152 -139.716
279254 -139.732
279356 -139.748
279458 -139.764
279560 -139.78
279662 -139.796
279764 -139.812
279867 -139.828
279969 -139.844
280071 -139.86
280173 -139.876
280275 -139.892
280377 -139.908
280479 -139.924
280581 -139.94
280683 -139.956
280785 -139.972
280887 -139.988
280989 -140.004
281091 -140.02
281193 -140.036
281295 -140.052
281397 -140.068
281499 -140.084
281601 -140.1
281703 -140.116
281805 -140.133
281907 -140.149
282009 -140.165
282111 -140.181
282213 -140.197
282315 -140.213
282417 -140.229
282519 -140.245
282621 -140.261
282723 -140.277
282825 -140.293
282927 -140.309
283029 -140.325
283131 -140.341
283233 -140.357
283336 -140.373
283438 -140.389
283540 -140.405
283642 -140.421
283744 -140.437
283846 -140.453
283948 -140.469
284050 -140.485
284152 -140.501
284254 -140.517
284356 -140.533
284458 -140.549
284560 -140.565
284662 -140.581
284764 -140.597
284866 -140.614
284968 -140.63
285070 -140.646
285172 -140.662
285274 -140.678
285376 -140.694
285478 -140.71
285580 -140.726
285682 -140.742
285784 -140.758
285886 -140.774
285988 -140.79
286090 -140.806
286192 -140.822
286294 -140.838
286396 -140.854
286498 -140.87
286600 -140.886
286702 -140.902
286805 -140.918
286907 -140.934
287009 -140.95
287111 -140.966
287213 -140.982
287315 -140.998
287417 -141.014
287519 -141.03
287621 -141.046
287723 -141.062
287825 -141.078
287927 -141.095
288029 -141.111
288131 -141.127
288233 -141.143
288335 -141.159
288437 -141.175
288539 -141.191
288641 -141.207
288743 -141.223
288845 -141.239
288947 -141.255
289049 -141.271
289151 -141.287
289253 -141.303
289355 -141.319
289457 -141.335
289559 -141.351
289661 -141.367
289763 -141.383
289865 -141.399
289967 -141.415
290069 -141.431
290171 -141.447
290274 -141.463
290376 -141.479
290478 -141.495
290580 -141.511
290682 -141.527
290784 -141.543
290886 -141.56
290988 -141.576
291090 -141.592
291192 -141.608
291294 -141.624
291396 -141.64
291498 -141.656
291600 -141.672
291702 -141.688
291804 -141.704
291906 -141.72
292008 -141.736
292110 -141.752
292212 -141.768
292314 -141.784
292416 -141.8
292518 -141.816
292620 -141.832
292722 -141.848
292824 -141.864
292926 -141.88
293028 -141.896
293130 -141.912
293232 -141.928
293334 -141.944
293436 -141.96
293538 -141.976
293640 -141.992
293743 -142.008
293845 -142.024
293947 -142.041
294049 -142.057
294151 -142.073
294253 -142.089
294355 -142.105
294457 -142.121
294559 -142.137
294661 -142.153
294763 -142.169
294865 -142.185
294967 -142.201
295069 -142.217
295171 -142.233
295273 -142.249
295375 -142.265
295477 -142.281
295579 -142.297
295681 -142.313
295783 -142.329
295885 -142.345
295987 -142.361
296089 -142.377
296191 -142.393
296293 -142.409
296395 -142.425
296497 -142.441
296599 -142.457
296701 -142.473
296803 -142.489
296905 -142.505
297007 -142.522
297109 -142.538
297212 -142.554
297314 -142.57
297416 -142.586
297518 -142.602
297620 -142.618
297722 -142.634
297824 -142.65
297926 -142.666
298028 -142.682
298130 -142.698
298232 -142.714
298334 -142.73
298436 -142.746
298538 -142.762
298640 -142.778
298742 -142.794
298844 -142.81
298946 -142.826
299048 -142.842
299150 -142.858
299252 -142.874
299354 -142.89
299456 -142.906
299558 -142.922
299660 -142.938
299762 -142.954
299864 -142.97
299966 -142.987
300068 -143.003
300170 -143.019
300272 -143.035
300374 -143.051
300476 -143.067
300578 -143.083
300681 -143.099
300783 -143.115
300885 -143.131
300987 -143.147
301089 -143.163
301191 -143.179
301293 -143.195
301395 -143.211
301497 -143.227
301599 -143.243
301701 -143.259
301803 -143.275
301905 -143.291
302007 -143.307
302109 -143.323
302211 -143.339
302313 -143.355
302415 -143.371
302517 -143.387
302619 -143.403
302721 -143.419
302823 -143.435
302925 -143.451
303027 -143.468
303129 -143.484
303231 -143.5
303333 -143.516
303435 -143.532
303537 -143.548
303639 -143.564
303741 -143.58
303843 -143.596
303945 -143.612
304047 -143.628
304150 -143.644
304252 -143.66
304354 -143.676
304456 -143.692
304558 -143.708
304660 -143.724
304762 -143.74
304864 -143.756
304966 -143.772
305068 -143.788
305170 -143.804
305272 -143.82
305374 -143.836
305476 -143.852
305578 -143.868
305680 -143.884
305782 -143.9
305884 -143.916
305986 -143.932
306088 -143.949
306190 -143.965
306292 -143.981
306394 -143.997
306496 -144.013
306598 -144.029
306700 -144.045
306802 -144.061
306904 -144.077
307006 -144.093
307108 -144.109
307210 -144.125
307312 -144.141
307414 -144.157
307516 -144.173
307619 -144.189
307721 -144.205
307823 -144.221
307925 -144.237
308027 -144.253
308129 -144.269
308231 -144.285
308333 -144.301
308435 -144.317
308537 -144.333
308639 -144.349
308741 -144.365
308843 -144.381
308945 -144.397
309047 -144.414
309149 -144.43
309251 -144.446
309353 -144.462
309455 -144.478
309557 -144.494
309659 -144.51
309761 -144.526
309863 -144.542
309965 -144.558
310067 -144.574
310169 -144.59
310271 -144.606
310373 -144.622
310475 -144.638
310577 -144.654
310679 -144.67
310781 -144.686
310883 -144.702
310985 -144.718
311088 -144.734
311190 -144.75
311292 -144.766
311394 -144.782
311496 -144.798
311598 -144.814
311700 -144.83
311802 -144.846
311904 -144.862
312006 -144.878
312108 -144.895
312210 -144.911
312312 -144.927
312414 -144.943
312516 -144.959
312618 -144.975
312720 -144.991
312822 -145.007
312924 -145.023
313026 -145.039
313128 -145.055
313230 -145.071
313332 -145.087
313434 -145.103
313536 -145.119
313638 -145.135
313740 -145.151
313842 -145.167
313944 -145.183
314046 -145.199
314148 -145.215
314250 -145.231
314352 -145.247
314454 -145.263
314557 -145.279
314659 -145.295
314761 -145.311
314863 -145.327
314965 -145.343
315067 -145.359
315169 -145.376
315271 -145.392
315373 -145.408
315475 -145.424
315577 -145.44
315679 -145.456
315781 -145.472
315883 -145.488
315985 -145.504
316087 -145.52
316189 -145.536
316291 -145.552
316393 -145.568
316495 -145.584
316597 -145.6
316699 -145.616
316801 -145.632
316903 -145.648
317005 -145.664
317107 -145.68
317209 -145.696
317311 -145.712
317413 -145.728
317515 -145.744
317617 -145.76
317719 -145.776
317821 -145.792
317923 -145.808
318026 -145.824
318128 -145.841
318230 -145.857
318332 -145.873
318434 -145.889
318536 -145.905
318638 -145.921
318740 -145.937
318842 -145.953
318944 -145.969
319046 -145.985
319148 -146.001
319250 -146.017
319352 -146.033
319454 -146.049
319556 -146.065
319658 -146.081
319760 -146.097
319862 -146.113
319964 -146.129
320066 -146.145
320168 -146.161
320270 -146.177
320372 -146.193
320474 -146.209
320576 -146.225
320678 -146.241
320780 -146.257
320882 -146.273
320984 -146.289
321086 -146.305
321188 -146.322
321290 -146.338
321392 -146.354
321495 -146.37
321597 -146.386
321699 -146.402
321801 -146.418
321903 -146.434
322005 -146.45
322107 -146.466
322209 -146.482
322311 -146.498
322413 -146.514
322515 -146.53
322617 -146.546
322719 -146.562
322821 -146.578
322923 -146.594
323025 -146.61
323127 -146.626
323229 -146.642
323331 -146.658
323433 -146.674
323535 -146.69
323637 -146.706
323739 -146.722
323841 -146.738
323943 -146.754
324045 -146.77
324147 -146.786
324249 -146.803
324351 -146.819
324453 -146.835
324555 -146.851
324657 -146.867
324759 -146.883
324861 -146.899
324964 -146.915
325066 -146.931
325168 -146.947
325270 -146.963
325372 -146.979
325474 -146.995
325576 -147.011
325678 -147.027
325780 -147.043
325882 -147.059
325984 -147.075
326086 -147.091
326188 -147.107
326290 -147.123
326392 -147.139
326494 -147.155
326596 -147.171
326698 -147.187
326800 -147.203
326902 -147.219
327004 -147.235
327106 -147.251
327208 -147.268
327310 -147.284
327412 -147.3
327514 -147.316
327616 -147.332
327718 -147.348
327820 -147.364
327922 -147.38
328024 -147.396
328126 -147.412
328228 -147.428
328330 -147.444
328433 -147.46
328535 -147.476
328637 -147.492
328739 -147.508
328841 -147.524
328943 -147.54
329045 -147.556
329147 -147.572
329249 -147.588
329351 -147.604
329453 -147.62
329555 -147.636
329657 -147.652
329759 -147.668
329861 -147.684
329963 -147.7
330065 -147.716
330167 -147.732
330269 -147.749
330371 -147.765
330473 -147.781
330575 -147.797
330677 -147.813
330779 -147.829
330881 -147.845
330983 -147.861
331085 -147.877
331187 -147.893
331289 -147.909
331391 -147.925
331493 -147.941
331595 -147.957
331697 -147.973
331799 -147.989
331902 -148.005
332004 -148.021
332106 -148.037
332208 -148.053
332310 -148.069
332412 -148.085
332514 -148.101
332616 -148.117
332718 -148.133
332820 -148.149
332922 -148.165
333024 -148.181
333126 -148.197
333228 -148.213
333330 -148.23
333432 -148.246
333534 -148.262
333636 -148.278
333738 -148.294
333840 -148.31
333942 -148.326
334044 -148.342
334146 -148.358
334248 -148.374
334350 -148.39
334452 -148.406
334554 -148.422
334656 -148.438
334758 -148.454
334860 -148.47
334962 -148.486
335064 -148.502
335166 -148.518
335268 -148.534
335370 -148.55
335473 -148.566
335575 -148.582
335677 -148.598
335779 -148.614
335881 -148.63
335983 -148.646
336085 -148.662
336187 -148.678
336289 -148.695
336391 -148.711
336493 -148.727
336595 -148.743
336697 -148.759
336799 -148.775
336901 -148.791
337003 -148.807
337105 -148.823
337207 -148.839
337309 -148.855
337411 -148.871
337513 -148.887
337615 -148.903
337717 -148.919
337819 -148.935
337921 -148.951
338023 -148.967
338125 -148.983
338227 -148.999
338329 -149.015
338431 -149.031
338533 -149.047
338635 -149.063
338737 -149.079
338839 -149.095
338942 -149.111
339044 -149.127
339146 -149.143
339248 -149.159
339350 -149.176
339452 -149.192
339554 -149.208
339656 -149.224
339758 -149.24
339860 -149.256
339962 -149.272
340064 -149.288
340166 -149.304
340268 -149.32
340370 -149.336
340472 -149.352
340574 -149.368
340676 -149.384
340778 -149.4
340880 -149.416
340982 -149.432
341084 -149.448
341186 -149.464
341288 -149.48
341390 -149.496
341492 -149.512
341594 -149.528
341696 -149.544
341798 -149.56
341900 -149.576
342002 -149.592
342104 -149.608
342206 -149.624
342308 -149.64
342411 -149.657
342513 -149.673
342615 -149.689
342717 -149.705
342819 -149.721
342921 -149.737
343023 -149.753
343125 -149.769
343227 -149.785
343329 -149.801
343431 -149.817
343533 -149.833
343635 -149.849
343737 -149.865
343839 -149.881
343941 -149.897
344043 -149.913
344145 -149.929
344247 -149.945
344349 -149.961
344451 -149.977
344553 -149.993
344655 -150.009
344757 -150.025
344859 -150.041
344961 -150.057
345063 -150.073
345165 -150.089
345267 -150.105
345369 -150.122
345471 -150.138
345573 -150.154
345675 -150.17
345777 -150.186
345880 -150.202
345982 -150.218
346084 -150.234
346186 -150.25
346288 -150.266
346390 -150.282
346492 -150.298
346594 -150.314
346696 -150.33
346798 -150.346
346900 -150.362
347002 -150.378
347104 -150.394
347206 -150.41
347308 -150.426
347410 -150.442
347512 -150.458
347614 -150.474
347716 -150.49
347818 -150.506
347920 -150.522
348022 -150.538
348124 -150.554
348226 -150.57
348328 -150.586
348430 -150.603
348532 -150.619
348634 -150.635
348736 -150.651
348838 -150.667
348940 -150.683
349042 -150.699
349144 -150.715
349246 -150.731
349349 -150.747
349451 -150.763
349553 -150.779
349655 -150.795
349757 -150.811
349859 -150.827
349961 -150.843
350063 -150.859
350165 -150.875
350267 -150.891
350369 -150.907
350471 -150.923
350573 -150.939
350675 -150.955
350777 -150.971
350879 -150.987
350981 -151.003
351083 -151.019
351185 -151.035
351287 -151.051
351389 -151.067
351491 -151.084
351593 -151.1
351695 -151.116
351797 -151.132
351899 -151.148
352001 -151.164
352103 -151.18
352205 -151.196
352307 -151.212
352409 -151.228
352511 -151.244
352613 -151.26
352715 -151.276
352818 -151.292
352920 -151.308
353022 -151.324
353124 -151.34
353226 -151.356
353328 -151.372
353430 -151.388
353532 -151.404
353634 -151.42
353736 -151.436
353838 -151.452
353940 -151.468
354042 -151.484
354144 -151.5
354246 -151.516
354348 -151.532
354450 -151.549
354552 -151.565
354654 -151.581
354756 -151.597
354858 -151.613
354960 -151.629
355062 -151.645
355164 -151.661
355266 -151.677
355368 -151.693
355470 -151.709
355572 -151.725
355674 -151.741
355776 -151.757
355878 -151.773
355980 -151.789
356082 -151.805
356184 -151.821
356287 -151.837
356389 -151.853
356491 -151.869
356593 -151.885
356695 -151.901
356797 -151.917
356899 -151.933
357001 -151.949
357103 -151.965
357205 -151.981
357307 -151.997
357409 -152.013
357511 -152.03
357613 -152.046
357715 -152.062
357817 -152.078
357919 -152.094
358021 -152.11
358123 -152.126
358225 -152.142
358327 -152.158
358429 -152.174
358531 -152.19
358633 -152.206
358735 -152.222
358837 -152.238
358939 -152.254
359041 -152.27
359143 -152.286
359245 -152.302
359347 -152.318
359449 -152.334
359551 -152.35
359653 -152.366
359756 -152.382
359858 -152.398
359960 -152.414
360062 -152.43
360164 -152.446
360266 -152.462
360368 -152.478
360470 -152.494
360572 -152.511
360674 -152.527
360776 -152.543
360878 -152.559
360980 -152.575
361082 -152.591
361184 -152.607
361286 -152.623
361388 -152.639
361490 -152.655
361592 -152.671
361694 -152.687
361796 -152.703
361898 -152.719
362000 -152.735
362102 -152.751
362204 -152.767
362306 -152.783
362408 -152.799
362510 -152.815
362612 -152.831
362714 -152.847
362816 -152.863
362918 -152.879
363020 -152.895
363122 -152.911
363225 -152.927
363327 -152.943
363429 -152.959
363531 -152.976
363633 -152.992
363735 -153.008
363837 -153.024
363939 -153.04
364041 -153.056
364143 -153.072
364245 -153.088
364347 -153.104
364449 -153.12
364551 -153.136
364653 -153.152
364755 -153.168
364857 -153.184
364959 -153.2
365061 -153.216
365163 -153.232
365265 -153.248
365367 -153.264
365469 -153.28
365571 -153.296
365673 -153.312
365775 -153.328
365877 -153.344
365979 -153.36
366081 -153.376
366183 -153.392
366285 -153.408
366387 -153.424
366489 -153.44
366591 -153.457
366694 -153.473
366796 -153.489
366898 -153.505
367000 -153.521
367102 -153.537
367204 -153.553
367306 -153.569
367408 -153.585
367510 -153.601
367612 -153.617
367714 -153.633
367816 -153.649
367918 -153.665
368020 -153.681
368122 -153.697
368224 -153.713
368326 -153.729
368428 -153.745
368530 -153.761
368632 -153.777
368734 -153.793
368836 -153.809
368938 -153.825
369040 -153.841
369142 -153.857
369244 -153.873
369346 -153.889
369448 -153.905
369550 -153.921
369652 -153.938
369754 -153.954
369856 -153.97
369958 -153.986
370060 -154.002
370163 -154.018
370265 -154.034
370367 -154.05
370469 -154.066
370571 -154.082
370673 -154.098
370775 -154.114
370877 -154.13
370979 -154.146
371081 -154.162
371183 -154.178
371285 -154.194
371387 -154.21
371489 -154.226
371591 -154.242
371693 -154.258
371795 -154.274
371897 -154.29
371999 -154.306
372101 -154.322
372203 -154.338
372305 -154.354
372407 -154.37
372509 -154.386
372611 -154.403
372713 -154.419
372815 -154.435
372917 -154.451
373019 -154.467
373121 -154.483
373223 -154.499
373325 -154.515
373427 -154.531
373529 -154.547
373632 -154.563
373734 -154.579
373836 -154.595
373938 -154.611
374040 -154.627
374142 -154.643
374244 -154.659
374346 -154.675
374448 -154.691
374550 -154.707
374652 -154.723
374754 -154.739
374856 -154.755
374958 -154.771
375060 -154.787
375162 -154.803
375264 -154.819
375366 -154.835
375468 -154.851
375570 -154.867
375672 -154.884
375774 -154.9
375876 -154.916
375978 -154.932
376080 -154.948
376182 -154.964
376284 -154.98
376386 -154.996
376488 -155.012
376590 -155.028
376692 -155.044
376794 -155.06
376896 -155.076
376998 -155.092
377101 -155.108
377203 -155.124
377305 -155.14
377407 -155.156
377509 -155.172
377611 -155.188
377713 -155.204
377815 -155.22
377917 -155.236
378019 -155.252
378121 -155.268
378223 -155.284
378325 -155.3
378427 -155.316
378529 -155.332
378631 -155.348
378733 -155.365
378835 -155.381
378937 -155.397
379039 -155.413
379141 -155.429
379243 -155.445
379345 -155.461
379447 -155.477
379549 -155.493
379651 -155.509
379753 -155.525
379855 -155.541
379957 -155.557
380059 -155.573
380161 -155.589
380263 -155.605
380365 -155.621
380467 -155.637
380570 -155.653
380672 -155.669
380774 -155.685
380876 -155.701
380978 -155.717
381080 -155.733
381182 -155.749
381284 -155.765
381386 -155.781
381488 -155.797
381590 -155.813
381692 -155.83
381794 -155.846
381896 -155.862
381998 -155.878
382100 -155.894
382202 -155.91
382304 -155.926
382406 -155.942
382508 -155.958
382610 -155.974
382712 -155.99
382814 -156.006
382916 -156.022
383018 -156.038
383120 -156.054
383222 -156.07
383324 -156.086
383426 -156.102
383528 -156.118
383630 -156.134
383732 -156.15
383834 -156.166
383936 -156.182
384039 -156.198
384141 -156.214
384243 -156.23
384345 -156.246
384447 -156.262
384549 -156.278
384651 -156.294
384753 -156.311
384855 -156.327
384957 -156.343
385059 -156.359
385161 -156.375
385263 -156.391
385365 -156.407
385467 -156.423
385569 -156.439
385671 -156.455
385773 -156.471
385875 -156.487
385977 -156.503
386079 -156.519
386181 -156.535
386283 -156.551
386385 -156.567
386487 -156.583
386589 -156.599
386691 -156.615
386793 -156.631
386895 -156.647
386997 -156.663
387099 -156.679
387201 -156.695
387303 -156.711
387405 -156.727
387508 -156.743
387610 -156.759
387712 -156.775
387814 -156.792
387916 -156.808
388018 -156.824
388120 -156.84
388222 -156.856
388324 -156.872
388426 -156.888
388528 -156.904
388630 -156.92
388732 -156.936
388834 -156.952
388936 -156.968
389038 -156.984
389140 -157
389242 -157.016
389344 -157.032
389446 -157.048
389548 -157.064
389650 -157.08
389752 -157.096
389854 -157.112
389956 -157.128
390058 -157.144
390160 -157.16
390262 -157.176
390364 -157.192
390466 -157.208
390568 -157.224
390670 -157.24
390772 -157.257
390874 -157.273
390976 -157.289
391079 -157.305
391181 -157.321
391283 -157.337
391385 -157.353
391487 -157.369
391589 -157.385
391691 -157.401
391793 -157.417
391895 -157.433
391997 -157.449
392099 -157.465
392201 -157.481
392303 -157.497
392405 -157.513
392507 -157.529
392609 -157.545
392711 -157.561
392813 -157.577
392915 -157.593
393017 -157.609
393119 -157.625
393221 -157.641
393323 -157.657
393425 -157.673
393527 -157.689
393629 -157.705
393731 -157.721
393833 -157.738
393935 -157.754
394037 -157.77
394139 -157.786
394241 -157.802
394343 -157.818
394445 -157.834
394548 -157.85
394650 -157.866
394752 -157.882
394854 -157.898
394956 -157.914
395058 -157.93
395160 -157.946
395262 -157.962
395364 -157.978
395466 -157.994
395568 -158.01
395670 -158.026
395772 -158.042
395874 -158.058
395976 -158.074
396078 -158.09
396180 -158.106
396282 -158.122
396384 -158.138
396486 -158.154
396588 -158.17
396690 -158.186
396792 -158.202
396894 -158.219
396996 -158.235
397098 -158.251
397200 -158.267
397302 -158.283
397404 -158.299
397506 -158.315
397608 -158.331
397710 -158.347
397812 -158.363
397914 -158.379
398017 -158.395
398119 -158.411
398221 -158.427
398323 -158.443
398425 -158.459
398527 -158.475
398629 -158.491
398731 -158.507
398833 -158.523
398935 -158.539
399037 -158.555
399139 -158.571
399241 -158.587
399343 -158.603
399445 -158.619
399547 -158.635
399649 -158.651
399751 -158.667
399853 -158.684
399955 -158.7
400057 -158.716
400159 -158.732
400261 -158.748
400363 -158.764
400465 -158.78
400567 -158.796
400669 -158.812
400771 -158.828
400873 -158.844
400975 -158.86
401077 -158.876
401179 -158.892
401281 -158.908
401383 -158.924
401486 -158.94
401588 -158.956
401690 -158.972
401792 -158.988
401894 -159.004
401996 -159.02
402098 -159.036
402200 -159.052
402302 -159.068
402404 -159.084
402506 -159.1
402608 -159.116
402710 -159.132
402812 -159.148
402914 -159.165
403016 -159.181
403118 -159.197
403220 -159.213
403322 -159.229
403424 -159.245
403526 -159.261
403628 -159.277
403730 -159.293
403832 -159.309
403934 -159.325
404036 -159.341
404138 -159.357
404240 -159.373
404342 -159.389
404444 -159.405
404546 -159.421
404648 -159.437
404750 -159.453
404852 -159.469
404955 -159.485
405057 -159.501
405159 -159.517
405261 -159.533
405363 -159.549
405465 -159.565
405567 -159.581
405669 -159.597
405771 -159.613
405873 -159.629
405975 -159.646
406077 -159.662
406179 -159.678
406281 -159.694
406383 -159.71
406485 -159.726
406587 -159.742
406689 -159.758
406791 -159.774
406893 -159.79
406995 -159.806
407097 -159.822
407199 -159.838
407301 -159.854
407403 -159.87
407505 -159.886
407607 -159.902
407709 -159.918
407811 -159.934
407913 -159.95
408015 -159.966
408117 -159.982
408219 -159.998
408321 -160.014
408424 -160.03
408526 -160.046
408628 -160.062
408730 -160.078
408832 -160.094
408934 -160.111
409036 -160.127
409138 -160.143
409240 -160.159
409342 -160.175
409444 -160.191
409546 -160.207
409648 -160.223
409750 -160.239
409852 -160.255
409954 -160.271
410056 -160.287
410158 -160.303
410260 -160.319
410362 -160.335
410464 -160.351
410566 -160.367
410668 -160.383
410770 -160.399
410872 -160.415
410974 -160.431
411076 -160.447
411178 -160.463
411280 -160.479
411382 -160.495
411484 -160.511
411586 -160.527
411688 -160.543
411790 -160.559
411893 -160.575
411995 -160.592
412097 -160.608
412199 -160.624
412301 -160.64
412403 -160.656
412505 -160.672
412607 -160.688
412709 -160.704
412811 -160.72
412913 -160.736
413015 -160.752
413117 -160.768
413219 -160.784
413321 -160.8
413423 -160.816
413525 -160.832
413627 -160.848
413729 -160.864
413831 -160.88
413933 -160.896
414035 -160.912
414137 -160.928
414239 -160.944
414341 -160.96
414443 -160.976
414545 -160.992
414647 -161.008
414749 -161.024
414851 -161.04
414953 -161.056
415055 -161.073
415157 -161.089
415259 -161.105
415362 -161.121
415464 -161.137
415566 -161.153
415668 -161.169
415770 -161.185
415872 -161.201
415974 -161.217
416076 -161.233
416178 -161.249
416280 -161.265
416382 -161.281
416484 -161.297
416586 -161.313
416688 -161.329
416790 -161.345
416892 -161.361
416994 -161.377
417096 -161.393
417198 -161.409
417300 -161.425
417402 -161.441
417504 -161.457
417606 -161.473
417708 -161.489
417810 -161.505
417912 -161.521
418014 -161.538
418116 -161.554
418218 -161.57
418320 -161.586
418422 -161.602
418524 -161.618
418626 -161.634
418728 -161.65
418831 -161.666
418933 -161.682
419035 -161.698
419137 -161.714
419239 -161.73
419341 -161.746
419443 -161.762
419545 -161.778
419647 -161.794
419749 -161.81
419851 -161.826
419953 -161.842
420055 -161.858
420157 -161.874
420259 -161.89
420361 -161.906
420463 -161.922
420565 -161.938
420667 -161.954
420769 -161.97
420871 -161.986
420973 -162.002
421075 -162.019
421177 -162.035
421279 -162.051
421381 -162.067
421483 -162.083
421585 -162.099
421687 -162.115
421789 -162.131
421891 -162.147
421993 -162.163
422095 -162.179
422197 -162.195
422300 -162.211
422402 -162.227
422504 -162.243
422606 -162.259
422708 -162.275
422810 -162.291
422912 -162.307
423014 -162.323
423116 -162.339
423218 -162.355
423320 -162.371
423422 -162.387
423524 -162.403
423626 -162.419
423728 -162.435
423830 -162.451
423932 -162.467
424034 -162.483
424136 -162.5
424238 -162.516
424340 -162.532
424442 -162.548
424544 -162.564
424646 -162.58
424748 -162.596
424850 -162.612
424952 -162.628
425054 -162.644
425156 -162.66
425258 -162.676
425360 -162.692
425462 -162.708
425564 -162.724
425666 -162.74
425769 -162.756
425871 -162.772
425973 -162.788
426075 -162.804
426177 -162.82
426279 -162.836
426381 -162.852
426483 -162.868
426585 -162.884
426687 -162.9
426789 -162.916
426891 -162.932
426993 -162.948
427095 -162.965
427197 -162.981
427299 -162.997
427401 -163.013
427503 -163.029
427605 -163.045
427707 -163.061
427809 -163.077
427911 -163.093
428013 -163.109
428115 -163.125
428217 -163.141
428319 -163.157
428421 -163.173
428523 -163.189
428625 -163.205
428727 -163.221
428829 -163.237
428931 -163.253
429033 -163.269
429135 -163.285
429238 -163.301
429340 -163.317
429442 -163.333
429544 -163.349
429646 -163.365
429748 -163.381
429850 -163.397
429952 -163.413
430054 -163.429
430156 -163.446
430258 -163.462
430360 -163.478
430462 -163.494
430564 -163.51
430666 -163.526
430768 -163.542
430870 -163.558
430972 -163.574
431074 -163.59
431176 -163.606
431278 -163.622
431380 -163.638
431482 -163.654
431584 -163.67
431686 -163.686
431788 -163.702
431890 -163.718
431992 -163.734
432094 -163.75
432196 -163.766
432298 -163.782
432400 -163.798
432502 -163.814
432604 -163.83
432707 -163.846
432809 -163.862
432911 -163.878
433013 -163.894
433115 -163.911
433217 -163.927
433319 -163.943
433421 -163.959
433523 -163.975
433625 -163.991
433727 -164.007
433829 -164.023
433931 -164.039
434033 -164.055
434135 -164.071
434237 -164.087
434339 -164.103
434441 -164.119
434543 -164.135
434645 -164.151
434747 -164.167
434849 -164.183
434951 -164.199
435053 -164.215
435155 -164.231
435257 -164.247
435359 -164.263
435461 -164.279
435563 -164.295
435665 -164.311
435767 -164.327
435869 -164.343
435971 -164.359
436073 -164.375
436176 -164.392
436278 -164.408
436380 -164.424
436482 -164.44
436584 -164.456
436686 -164.472
436788 -164.488
436890 -164.504
436992 -164.52
437094 -164.536
437196 -164.552
437298 -164.568
437400 -164.584
437502 -164.6
437604 -164.616
437706 -164.632
437808 -164.648
437910 -164.664
438012 -164.68
438114 -164.696
438216 -164.712
438318 -164.728
438420 -164.744
438522 -164.76
438624 -164.776
438726 -164.792
438828 -164.808
438930 -164.824
439032 -164.84
439134 -164.856
439236 -164.873
439338 -164.889
439440 -164.905
439542 -164.921
439645 -164.937
439747 -164.953
439849 -164.969
439951 -164.985
440053 -165.001
440155 -165.017
440257 -165.033
440359 -165.049
440461 -165.065
440563 -165.081
440665 -165.097
440767 -165.113
440869 -165.129
440971 -165.145
441073 -165.161
441175 -165.177
441277 -165.193
441379 -165.209
441481 -165.225
441583 -165.241
441685 -165.257
441787 -165.273
441889 -165.289
441991 -165.305
442093 -165.321
442195 -165.338
442297 -165.354
442399 -165.37
442501 -165.386
442603 -165.402
442705 -165.418
442807 -165.434
442909 -165.45
443011 -165.466
443114 -165.482
443216 -165.498
443318 -165.514
443420 -165.53
443522 -165.546
443624 -165.562
443726 -165.578
443828 -165.594
443930 -165.61
444032 -165.626
444134 -165.642
444236 -165.658
444338 -165.674
444440 -165.69
444542 -165.706
444644 -165.722
444746 -165.738
444848 -165.754
444950 -165.77
445052 -165.786
445154 -165.802
445256 -165.819
445358 -165.835
445460 -165.851
445562 -165.867
445664 -165.883
445766 -165.899
445868 -165.915
445970 -165.931
446072 -165.947
446174 -165.963
446276 -165.979
446378 -165.995
446480 -166.011
446582 -166.027
446685 -166.043
446787 -166.059
446889 -166.075
446991 -166.091
447093 -166.107
447195 -166.123
447297 -166.139
447399 -166.155
447501 -166.171
447603 -166.187
447705 -166.203
447807 -166.219
447909 -166.235
448011 -166.251
448113 -166.267
448215 -166.283
448317 -166.3
448419 -166.316
448521 -166.332
448623 -166.348
448725 -166.364
448827 -166.38
448929 -166.396
449031 -166.412
449133 -166.428
449235 -166.444
449337 -166.46
449439 -166.476
449541 -166.492
449643 -166.508
449745 -166.524
449847 -166.54
449949 -166.556
450051 -166.572
450154 -166.588
450256 -166.604
450358 -166.62
450460 -166.636
450562 -166.652
450664 -166.668
450766 -166.684
450868 -166.7
450970 -166.716
451072 -166.732
451174 -166.748
451276 -166.765
451378 -166.781
451480 -166.797
451582 -166.813
451684 -166.829
451786 -166.845
451888 -166.861
451990 -166.877
452092 -166.893
452194 -166.909
452296 -166.925
452398 -166.941
452500 -166.957
452602 -166.973
452704 -166.989
452806 -167.005
452908 -167.021
453010 -167.037
453112 -167.053
453214 -167.069
453316 -167.085
453418 -167.101
453520 -167.117
453623 -167.133
453725 -167.149
453827 -167.165
453929 -167.181
454031 -167.197
454133 -167.213
454235 -167.229
454337 -167.246
454439 -167.262
454541 -167.278
454643 -167.294
454745 -167.31
454847 -167.326
454949 -167.342
455051 -167.358
455153 -167.374
455255 -167.39
455357 -167.406
455459 -167.422
455561 -167.438
455663 -167.454
455765 -167.47
455867 -167.486
455969 -167.502
456071 -167.518
456173 -167.534
456275 -167.55
456377 -167.566
456479 -167.582
456581 -167.598
456683 -167.614
456785 -167.63
456887 -167.646
456989 -167.662
457092 -167.678
457194 -167.694
457296 -167.71
457398 -167.727
457500 -167.743
457602 -167.759
457704 -167.775
457806 -167.791
457908 -167.807
458010 -167.823
458112 -167.839
458214 -167.855
458316 -167.871
458418 -167.887
458520 -167.903
458622 -167.919
458724 -167.935
458826 -167.951
458928 -167.967
459030 -167.983
459132 -167.999
459234 -168.015
459336 -168.031
459438 -168.047
459540 -168.063
459642 -168.079
459744 -168.095
459846 -168.111
459948 -168.127
460050 -168.143
460152 -168.159
460254 -168.175
460356 -168.192
460458 -168.208
460561 -168.224
460663 -168.24
460765 -168.256
460867 -168.272
460969 -168.288
461071 -168.304
461173 -168.32
461275 -168.336
461377 -168.352
461479 -168.368
461581 -168.384
461683 -168.4
461785 -168.416
461887 -168.432
461989 -168.448
462091 -168.464
462193 -168.48
462295 -168.496
462397 -168.512
462499 -168.528
462601 -168.544
462703 -168.56
462805 -168.576
462907 -168.592
463009 -168.608
463111 -168.624
463213 -168.64
463315 -168.656
463417 -168.673
463519 -168.689
463621 -168.705
463723 -168.721
463825 -168.737
463927 -168.753
464030 -168.769
464132 -168.785
464234 -168.801
464336 -168.817
464438 -168.833
464540 -168.849
464642 -168.865
464744 -168.881
464846 -168.897
464948 -168.913
465050 -168.929
465152 -168.945
465254 -168.961
465356 -168.977
465458 -168.993
465560 -169.009
465662 -169.025
465764 -169.041
465866 -169.057
465968 -169.073
466070 -169.089
466172 -169.105
466274 -169.121
466376 -169.137
466478 -169.154
466580 -169.17
466682 -169.186
466784 -169.202
466886 -169.218
466988 -169.234
467090 -169.25
467192 -169.266
467294 -169.282
467396 -169.298
467499 -169.314
467601 -169.33
467703 -169.346
467805 -169.362
467907 -169.378
468009 -169.394
468111 -169.41
468213 -169.426
468315 -169.442
468417 -169.458
468519 -169.474
468621 -169.49
468723 -169.506
468825 -169.522
468927 -169.538
469029 -169.554
469131 -169.57
469233 -169.586
469335 -169.602
469437 -169.619
469539 -169.635
469641 -169.651
469743 -169.667
469845 -169.683
469947 -169.699
470049 -169.715
470151 -169.731
470253 -169.747
470355 -169.763
470457 -169.779
470559 -169.795
470661 -169.811
470763 -169.827
470865 -169.843
470968 -169.859
471070 -169.875
471172 -169.891
471274 -169.907
471376 -169.923
471478 -169.939
471580 -169.955
471682 -169.971
471784 -169.987
471886 -170.003
471988 -170.019
472090 -170.035
472192 -170.051
472294 -170.067
472396 -170.083
472498 -170.1
472600 -170.116
472702 -170.132
472804 -170.148
472906 -170.164
473008 -170.18
473110 -170.196
473212 -170.212
473314 -170.228
473416 -170.244
473518 -170.26
473620 -170.276
473722 -170.292
473824 -170.308
473926 -170.324
474028 -170.34
474130 -170.356
474232 -170.372
474334 -170.388
474437 -170.404
474539 -170.42
474641 -170.436
474743 -170.452
474845 -170.468
474947 -170.484
475049 -170.5
475151 -170.516
475253 -170.532
475355 -170.548
475457 -170.564
475559 -170.581
475661 -170.597
475763 -170.613
475865 -170.629
475967 -170.645
476069 -170.661
476171 -170.677
476273 -170.693
476375 -170.709
476477 -170.725
476579 -170.741
476681 -170.757
476783 -170.773
476885 -170.789
476987 -170.805
477089 -170.821
477191 -170.837
477293 -170.853
477395 -170.869
477497 -170.885
477599 -170.901
477701 -170.917
477803 -170.933
477906 -170.949
478008 -170.965
478110 -170.981
478212 -170.997
478314 -171.013
478416 -171.029
478518 -171.046
478620 -171.062
478722 -171.078
478824 -171.094
478926 -171.11
479028 -171.126
479130 -171.142
479232 -171.158
479334 -171.174
479436 -171.19
479538 -171.206
479640 -171.222
479742 -171.238
479844 -171.254
479946 -171.27
480048 -171.286
480150 -171.302
480252 -171.318
480354 -171.334
480456 -171.35
480558 -171.366
480660 -171.382
480762 -171.398
480864 -171.414
480966 -171.43
481068 -171.446
481170 -171.462
481272 -171.478
481375 -171.494
481477 -171.51
481579 -171.527
481681 -171.543
481783 -171.559
481885 -171.575
481987 -171.591
482089 -171.607
482191 -171.623
482293 -171.639
482395 -171.655
482497 -171.671
482599 -171.687
482701 -171.703
482803 -171.719
482905 -171.735
483007 -171.751
483109 -171.767
483211 -171.783
483313 -171.799
483415 -171.815
483517 -171.831
483619 -171.847
483721 -171.863
483823 -171.879
483925 -171.895
484027 -171.911
484129 -171.927
484231 -171.943
484333 -171.959
484435 -171.975
484537 -171.991
484639 -172.008
484741 -172.024
484844 -172.04
484946 -172.056
485048 -172.072
485150 -172.088
485252 -172.104
485354 -172.12
485456 -172.136
485558 -172.152
485660 -172.168
485762 -172.184
485864 -172.2
485966 -172.216
486068 -172.232
486170 -172.248
486272 -172.264
486374 -172.28
486476 -172.296
486578 -172.312
486680 -172.328
486782 -172.344
486884 -172.36
486986 -172.376
487088 -172.392
487190 -172.408
487292 -172.424
487394 -172.44
487496 -172.456
487598 -172.473
487700 -172.489
487802 -172.505
487904 -172.521
488006 -172.537
488108 -172.553
488210 -172.569
488313 -172.585
488415 -172.601
488517 -172.617
488619 -172.633
488721 -172.649
488823 -172.665
488925 -172.681
489027 -172.697
489129 -172.713
489231 -172.729
489333 -172.745
489435 -172.761
489537 -172.777
489639 -172.793
489741 -172.809
489843 -172.825
489945 -172.841
490047 -172.857
490149 -172.873
490251 -172.889
490353 -172.905
490455 -172.921
490557 -172.937
490659 -172.954
490761 -172.97
490863 -172.986
490965 -173.002
491067 -173.018
491169 -173.034
491271 -173.05
491373 -173.066
491475 -173.082
491577 -173.098
491679 -173.114
491782 -173.13
491884 -173.146
491986 -173.162
492088 -173.178
492190 -173.194
492292 -173.21
492394 -173.226
492496 -173.242
492598 -173.258
492700 -173.274
492802 -173.29
492904 -173.306
493006 -173.322
493108 -173.338
493210 -173.354
493312 -173.37
493414 -173.386
493516 -173.402
493618 -173.418
493720 -173.435
493822 -173.451
493924 -173.467
494026 -173.483
494128 -173.499
494230 -173.515
494332 -173.531
494434 -173.547
494536 -173.563
494638 -173.579
494740 -173.595
494842 -173.611
494944 -173.627
495046 -173.643
495148 -173.659
495251 -173.675
495353 -173.691
495455 -173.707
495557 -173.723
495659 -173.739
495761 -173.755
495863 -173.771
495965 -173.787
496067 -173.803
496169 -173.819
496271 -173.835
496373 -173.851
496475 -173.867
496577 -173.883
496679 -173.9
496781 -173.916
496883 -173.932
496985 -173.948
497087 -173.964
497189 -173.98
497291 -173.996
497393 -174.012
497495 -174.028
497597 -174.044
497699 -174.06
497801 -174.076
497903 -174.092
498005 -174.108
498107 -174.124
498209 -174.14
498311 -174.156
498413 -174.172
498515 -174.188
498617 -174.204
498720 -174.22
498822 -174.236
498924 -174.252
499026 -174.268
499128 -174.284
499230 -174.3
499332 -174.316
499434 -174.332
499536 -174.348
499638 -174.364
499740 -174.381
499842 -174.397
499944 -174.413
500046 -174.429
500148 -174.445
500250 -174.461
500352 -174.477
500454 -174.493
500556 -174.509
500658 -174.525
500760 -174.541
500862 -174.557
500964 -174.573
501066 -174.589
501168 -174.605
501270 -174.621
501372 -174.637
501474 -174.653
501576 -174.669
501678 -174.685
501780 -174.701
501882 -174.717
501984 -174.733
502086 -174.749
502188 -174.765
502291 -174.781
502393 -174.797
502495 -174.813
502597 -174.829
502699 -174.845
502801 -174.862
502903 -174.878
503005 -174.894
503107 -174.91
503209 -174.926
503311 -174.942
503413 -174.958
503515 -174.974
503617 -174.99
503719 -175.006
503821 -175.022
503923 -175.038
504025 -175.054
504127 -175.07
504229 -175.086
504331 -175.102
504433 -175.118
504535 -175.134
504637 -175.15
504739 -175.166
504841 -175.182
504943 -175.198
505045 -175.214
505147 -175.23
505249 -175.246
505351 -175.262
505453 -175.278
505555 -175.294
505657 -175.31
505760 -175.327
505862 -175.343
505964 -175.359
506066 -175.375
506168 -175.391
506270 -175.407
506372 -175.423
506474 -175.439
506576 -175.455
506678 -175.471
506780 -175.487
506882 -175.503
506984 -175.519
507086 -175.535
507188 -175.551
507290 -175.567
507392 -175.583
507494 -175.599
507596 -175.615
507698 -175.631
507800 -175.647
507902 -175.663
508004 -175.679
508106 -175.695
508208 -175.711
508310 -175.727
508412 -175.743
508514 -175.759
508616 -175.775
508718 -175.791
508820 -175.808
508922 -175.824
509024 -175.84
509126 -175.856
509229 -175.872
509331 -175.888
509433 -175.904
509535 -175.92
509637 -175.936
509739 -175.952
509841 -175.968
509943 -175.984
510045 -176
510147 -176.016
510249 -176.032
510351 -176.048
510453 -176.064
510555 -176.08
510657 -176.096
510759 -176.112
510861 -176.128
510963 -176.144
511065 -176.16
511167 -176.176
511269 -176.192
511371 -176.208
511473 -176.224
511575 -176.24
511677 -176.256
511779 -176.272
511881 -176.289
511983 -176.305
512085 -176.321
512187 -176.337
512289 -176.353
512391 -176.369
512493 -176.385
512595 -176.401
512698 -176.417
512800 -176.433
512902 -176.449
513004 -176.465
513106 -176.481
513208 -176.497
513310 -176.513
513412 -176.529
513514 -176.545
513616 -176.561
513718 -176.577
513820 -176.593
513922 -176.609
514024 -176.625
514126 -176.641
514228 -176.657
514330 -176.673
514432 -176.689
514534 -176.705
514636 -176.721
514738 -176.737
514840 -176.754
514942 -176.77
515044 -176.786
515146 -176.802
515248 -176.818
515350 -176.834
515452 -176.85
515554 -176.866
515656 -176.882
515758 -176.898
515860 -176.914
515962 -176.93
516064 -176.946
516167 -176.962
516269 -176.978
516371 -176.994
516473 -177.01
516575 -177.026
516677 -177.042
516779 -177.058
516881 -177.074
516983 -177.09
517085 -177.106
517187 -177.122
517289 -177.138
517391 -177.154
517493 -177.17
517595 -177.186
517697 -177.202
517799 -177.218
517901 -177.235
518003 -177.251
518105 -177.267
518207 -177.283
518309 -177.299
518411 -177.315
518513 -177.331
518615 -177.347
518717 -177.363
518819 -177.379
518921 -177.395
519023 -177.411
519125 -177.427
519227 -177.443
519329 -177.459
519431 -177.475
519533 -177.491
519636 -177.507
519738 -177.523
519840 -177.539
519942 -177.555
520044 -177.571
520146 -177.587
520248 -177.603
520350 -177.619
520452 -177.635
520554 -177.651
520656 -177.667
520758 -177.683
520860 -177.699
520962 -177.716
521064 -177.732
521166 -177.748
521268 -177.764
521370 -177.78
521472 -177.796
521574 -177.812
521676 -177.828
521778 -177.844
521880 -177.86
521982 -177.876
522084 -177.892
522186 -177.908
522288 -177.924
522390 -177.94
522492 -177.956
522594 -177.972
522696 -177.988
522798 -178.004
522900 -178.02
523002 -178.036
523105 -178.052
523207 -178.068
523309 -178.084
523411 -178.1
523513 -178.116
523615 -178.132
523717 -178.148
523819 -178.164
523921 -178.181
524023 -178.197
524125 -178.213
524227 -178.229
524329 -178.245
524431 -178.261
524533 -178.277
524635 -178.293
524737 -178.309
524839 -178.325
524941 -178.341
525043 -178.357
525145 -178.373
525247 -178.389
525349 -178.405
525451 -178.421
525553 -178.437
525655 -178.453
525757 -178.469
525859 -178.485
525961 -178.501
526063 -178.517
526165 -178.533
526267 -178.549
526369 -178.565
526471 -178.581
526574 -178.597
526676 -178.613
526778 -178.629
526880 -178.645
526982 -178.662
527084 -178.678
527186 -178.694
527288 -178.71
527390 -178.726
527492 -178.742
527594 -178.758
527696 -178.774
527798 -178.79
527900 -178.806
528002 -178.822
528104 -178.838
528206 -178.854
528308 -178.87
528410 -178.886
528512 -178.902
528614 -178.918
528716 -178.934
528818 -178.95
528920 -178.966
529022 -178.982
529124 -178.998
529226 -179.014
529328 -179.03
529430 -179.046
529532 -179.062
529634 -179.078
529736 -179.094
529838 -179.11
529940 -179.126
530043 -179.143
530145 -179.159
530247 -179.175
530349 -179.191
530451 -179.207
530553 -179.223
530655 -179.239
530757 -179.255
530859 -179.271
530961 -179.287
531063 -179.303
531165 -179.319
531267 -179.335
531369 -179.351
531471 -179.367
531573 -179.383
531675 -179.399
531777 -179.415
531879 -179.431
531981 -179.447
532083 -179.463
532185 -179.479
532287 -179.495
532389 -179.511
532491 -179.527
532593 -179.543
532695 -179.559
532797 -179.575
532899 -179.591
533001 -179.608
533103 -179.624
533205 -179.64
533307 -179.656
533409 -179.672
533512 -179.688
533614 -179.704
533716 -179.72
533818 -179.736
533920 -179.752
534022 -179.768
534124 -179.784
534226 -179.8
534328 -179.816
534430 -179.832
534532 -179.848
534634 -179.864
534736 -179.88
534838 -179.896
534940 -179.912
535042 -179.928
535144 -179.944
535246 -179.96
535348 -179.976
535450 -179.992
535552 -180.008
535654 -180.024
535756 -180.04
535858 -180.056
535960 -180.072
536062 -180.089
536164 -180.105
536266 -180.121
536368 -180.137
536470 -180.153
536572 -180.169
536674 -180.185
536776 -180.201
536878 -180.217
536981 -180.233
537083 -180.249
537185 -180.265
537287 -180.281
537389 -180.297
537491 -180.313
537593 -180.329
537695 -180.345
537797 -180.361
537899 -180.377
538001 -180.393
538103 -180.409
538205 -180.425
538307 -180.441
538409 -180.457
538511 -180.473
538613 -180.489
538715 -180.505
538817 -180.521
538919 -180.537
539021 -180.553
539123 -180.57
539225 -180.586
539327 -180.602
539429 -180.618
539531 -180.634
539633 -180.65
539735 -180.666
539837 -180.682
539939 -180.698
540041 -180.714
540143 -180.73
540245 -180.746
540347 -180.762
540450 -180.778
540552 -180.794
540654 -180.81
540756 -180.826
540858 -180.842
540960 -180.858
541062 -180.874
541164 -180.89
541266 -180.906
541368 -180.922
541470 -180.938
541572 -180.954
541674 -180.97
541776 -180.986
541878 -181.002
541980 -181.018
542082 -181.035
542184 -181.051
542286 -181.067
542388 -181.083
542490 -181.099
542592 -181.115
542694 -181.131
542796 -181.147
542898 -181.163
543000 -181.179
543102 -181.195
543204 -181.211
543306 -181.227
543408 -181.243
543510 -181.259
543612 -181.275
543714 -181.291
543816 -181.307
543919 -181.323
544021 -181.339
544123 -181.355
544225 -181.371
544327 -181.387
544429 -181.403
544531 -181.419
544633 -181.435
544735 -181.451
544837 -181.467
544939 -181.483
545041 -181.499
545143 -181.516
545245 -181.532
545347 -181.548
545449 -181.564
545551 -181.58
545653 -181.596
545755 -181.612
545857 -181.628
545959 -181.644
546061 -181.66
546163 -181.676
546265 -181.692
546367 -181.708
546469 -181.724
546571 -181.74
546673 -181.756
546775 -181.772
546877 -181.788
546979 -181.804
547081 -181.82
547183 -181.836
547285 -181.852
547388 -181.868
547490 -181.884
547592 -181.9
547694 -181.916
547796 -181.932
547898 -181.948
548000 -181.964
548102 -181.98
548204 -181.997
548306 -182.013
548408 -182.029
548510 -182.045
548612 -182.061
548714 -182.077
548816 -182.093
548918 -182.109
549020 -182.125
549122 -182.141
549224 -182.157
549326 -182.173
549428 -182.189
549530 -182.205
549632 -182.221
549734 -182.237
549836 -182.253
549938 -182.269
550040 -182.285
550142 -182.301
550244 -182.317
550346 -182.333
550448 -182.349
550550 -182.365
550652 -182.381
550754 -182.397
550857 -182.413
550959 -182.429
551061 -182.445
551163 -182.462
551265 -182.478
551367 -182.494
551469 -182.51
551571 -182.526
551673 -182.542
551775 -182.558
551877 -182.574
551979 -182.59
552081 -182.606
552183 -182.622
552285 -182.638
552387 -182.654
552489 -182.67
552591 -182.686
552693 -182.702
552795 -182.718
552897 -182.734
552999 -182.75
553101 -182.766
553203 -182.782
553305 -182.798
553407 -182.814
553509 -182.83
553611 -182.846
553713 -182.862
553815 -182.878
553917 -182.894
554019 -182.91
554121 -182.926
554223 -182.943
554326 -182.959
554428 -182.975
554530 -182.991
554632 -183.007
554734 -183.023
554836 -183.039
554938 -183.055
555040 -183.071
555142 -183.087
555244 -183.103
555346 -183.119
555448 -183.135
555550 -183.151
555652 -183.167
555754 -183.183
555856 -183.199
555958 -183.215
556060 -183.231
556162 -183.247
556264 -183.263
556366 -183.279
556468 -183.295
556570 -183.311
556672 -183.327
556774 -183.343
556876 -183.359
556978 -183.375
557080 -183.391
557182 -183.407
557284 -183.424
557386 -183.44
557488 -183.456
557590 -183.472
557692 -183.488
557794 -183.504
557897 -183.52
557999 -183.536
558101 -183.552
558203 -183.568
558305 -183.584
558407 -183.6
558509 -183.616
558611 -183.632
558713 -183.648
558815 -183.664
558917 -183.68
559019 -183.696
559121 -183.712
559223 -183.728
559325 -183.744
559427 -183.76
559529 -183.776
559631 -183.792
559733 -183.808
559835 -183.824
559937 -183.84
560039 -183.856
560141 -183.872
560243 -183.889
560345 -183.905
560447 -183.921
560549 -183.937
560651 -183.953
560753 -183.969
560855 -183.985
560957 -184.001
561059 -184.017
561161 -184.033
561263 -184.049
561366 -184.065
561468 -184.081
561570 -184.097
561672 -184.113
561774 -184.129
561876 -184.145
561978 -184.161
562080 -184.177
562182 -184.193
562284 -184.209
562386 -184.225
562488 -184.241
562590 -184.257
562692 -184.273
562794 -184.289
562896 -184.305
562998 -184.321
563100 -184.337
563202 -184.353
563304 -184.37
563406 -184.386
563508 -184.402
563610 -184.418
563712 -184.434
563814 -184.45
563916 -184.466
564018 -184.482
564120 -184.498
564222 -184.514
564324 -184.53
564426 -184.546
564528 -184.562
564630 -184.578
564732 -184.594
564835 -184.61
564937 -184.626
565039 -184.642
565141 -184.658
565243 -184.674
565345 -184.69
565447 -184.706
565549 -184.722
565651 -184.738
565753 -184.754
565855 -184.77
565957 -184.786
566059 -184.802
566161 -184.818
566263 -184.834
566365 -184.851
566467 -184.867
566569 -184.883
566671 -184.899
566773 -184.915
566875 -184.931
566977 -184.947
567079 -184.963
567181 -184.979
567283 -184.995
567385 -185.011
567487 -185.027
567589 -185.043
567691 -185.059
567793 -185.075
567895 -185.091
567997 -185.107
568099 -185.123
568201 -185.139
568304 -185.155
568406 -185.171
568508 -185.187
568610 -185.203
568712 -185.219
568814 -185.235
568916 -185.251
569018 -185.267
569120 -185.283
569222 -185.299
569324 -185.316
569426 -185.332
569528 -185.348
569630 -185.364
569732 -185.38
569834 -185.396
569936 -185.412
570038 -185.428
570140 -185.444
570242 -185.46
570344 -185.476
570446 -185.492
570548 -185.508
570650 -185.524
570752 -185.54
570854 -185.556
570956 -185.572
571058 -185.588
571160 -185.604
571262 -185.62
571364 -185.636
571466 -185.652
571568 -185.668
571670 -185.684
571773 -185.7
571875 -185.716
571977 -185.732
572079 -185.748
572181 -185.764
572283 -185.78
572385 -185.797
572487 -185.813
572589 -185.829
572691 -185.845
572793 -185.861
572895 -185.877
572997 -185.893
573099 -185.909
573201 -185.925
573303 -185.941
573405 -185.957
573507 -185.973
573609 -185.989
573711 -186.005
573813 -186.021
573915 -186.037
574017 -186.053
574119 -186.069
574221 -186.085
574323 -186.101
574425 -186.117
574527 -186.133
574629 -186.149
574731 -186.165
574833 -186.181
574935 -186.197
575037 -186.213
575139 -186.229
575242 -186.245
575344 -186.261
575446 -186.278
575548 -186.294
575650 -186.31
575752 -186.326
575854 -186.342
575956 -186.358
576058 -186.374
576160 -186.39
576262 -186.406
576364 -186.422
576466 -186.438
576568 -186.454
576670 -186.47
576772 -186.486
576874 -186.502
576976 -186.518
577078 -186.534
577180 -186.55
577282 -186.566
577384 -186.582
577486 -186.598
577588 -186.614
577690 -186.63
577792 -186.646
577894 -186.662
577996 -186.678
578098 -186.694
578200 -186.71
578302 -186.726
578404 -186.743
578506 -186.759
578608 -186.775
578711 -186.791
578813 -186.807
578915 -186.823
579017 -186.839
579119 -186.855
579221 -186.871
579323 -186.887
579425 -186.903
579527 -186.919
579629 -186.935
579731 -186.951
579833 -186.967
579935 -186.983
580037 -186.999
580139 -187.015
580241 -187.031
580343 -187.047
580445 -187.063
580547 -187.079
580649 -187.095
580751 -187.111
580853 -187.127
580955 -187.143
581057 -187.159
581159 -187.175
581261 -187.191
581363 -187.207
581465 -187.224
581567 -187.24
581669 -187.256
581771 -187.272
581873 -187.288
581975 -187.304
582077 -187.32
582180 -187.336
582282 -187.352
582384 -187.368
582486 -187.384
582588 -187.4
582690 -187.416
582792 -187.432
582894 -187.448
582996 -187.464
583098 -187.48
583200 -187.496
583302 -187.512
583404 -187.528
583506 -187.544
583608 -187.56
583710 -187.576
583812 -187.592
583914 -187.608
584016 -187.624
584118 -187.64
584220 -187.656
584322 -187.672
584424 -187.688
584526 -187.705
584628 -187.721
584730 -187.737
584832 -187.753
584934 -187.769
585036 -187.785
585138 -187.801
585240 -187.817
585342 -187.833
585444 -187.849
585546 -187.865
585649 -187.881
585751 -187.897
585853 -187.913
585955 -187.929
586057 -187.945
586159 -187.961
586261 -187.977
586363 -187.993
586465 -188.009
586567 -188.025
586669 -188.041
586771 -188.057
586873 -188.073
586975 -188.089
587077 -188.105
587179 -188.121
587281 -188.137
587383 -188.153
587485 -188.17
587587 -188.186
587689 -188.202
587791 -188.218
587893 -188.234
587995 -188.25
588097 -188.266
588199 -188.282
588301 -188.298
588403 -188.314
588505 -188.33
588607 -188.346
588709 -188.362
588811 -188.378
588913 -188.394
589015 -188.41
589118 -188.426
589220 -188.442
589322 -188.458
589424 -188.474
589526 -188.49
589628 -188.506
589730 -188.522
589832 -188.538
589934 -188.554
590036 -188.57
590138 -188.586
590240 -188.602
590342 -188.618
590444 -188.634
590546 -188.651
590648 -188.667
590750 -188.683
590852 -188.699
590954 -188.715
591056 -188.731
591158 -188.747
591260 -188.763
591362 -188.779
591464 -188.795
591566 -188.811
591668 -188.827
591770 -188.843
591872 -188.859
591974 -188.875
592076 -188.891
592178 -188.907
592280 -188.923
592382 -188.939
592484 -188.955
592587 -188.971
592689 -188.987
592791 -189.003
592893 -189.019
592995 -189.035
593097 -189.051
593199 -189.067
593301 -189.083
593403 -189.099
593505 -189.115
593607 -189.132
593709 -189.148
593811 -189.164
593913 -189.18
594015 -189.196
594117 -189.212
594219 -189.228
594321 -189.244
594423 -189.26
594525 -189.276
594627 -189.292
594729 -189.308
594831 -189.324
594933 -189.34
595035 -189.356
595137 -189.372
595239 -189.388
595341 -189.404
595443 -189.42
595545 -189.436
595647 -189.452
595749 -189.468
595851 -189.484
595953 -189.5
596056 -189.516
596158 -189.532
596260 -189.548
596362 -189.564
596464 -189.58
596566 -189.597
596668 -189.613
596770 -189.629
596872 -189.645
596974 -189.661
597076 -189.677
597178 -189.693
597280 -189.709
597382 -189.725
597484 -189.741
597586 -189.757
597688 -189.773
597790 -189.789
597892 -189.805
597994 -189.821
598096 -189.837
598198 -189.853
598300 -189.869
598402 -189.885
598504 -189.901
598606 -189.917
598708 -189.933
598810 -189.949
598912 -189.965
599014 -189.981
599116 -189.997
599218 -190.013
599320 -190.029
599422 -190.045
599525 -190.061
599627 -190.078
599729 -190.094
599831 -190.11
599933 -190.126
600035 -190.142
600137 -190.158
600239 -190.174
600341 -190.19
600443 -190.206
600545 -190.222
600647 -190.238
600749 -190.254
600851 -190.27
600953 -190.286
601055 -190.302
601157 -190.318
601259 -190.334
601361 -190.35
601463 -190.366
601565 -190.382
601667 -190.398
601769 -190.414
601871 -190.43
601973 -190.446
602075 -190.462
602177 -190.478
602279 -190.494
602381 -190.51
602483 -190.526
602585 -190.542
602687 -190.559
602789 -190.575
602891 -190.591
602994 -190.607
603096 -190.623
603198 -190.639
603300 -190.655
603402 -190.671
603504 -190.687
603606 -190.703
603708 -190.719
603810 -190.735
603912 -190.751
604014 -190.767
604116 -190.783
604218 -190.799
604320 -190.815
604422 -190.831
604524 -190.847
604626 -190.863
604728 -190.879
604830 -190.895
604932 -190.911
605034 -190.927
605136 -190.943
605238 -190.959
605340 -190.975
605442 -190.991
605544 -191.007
605646 -191.024
605748 -191.04
605850 -191.056
605952 -191.072
606054 -191.088
606156 -191.104
606258 -191.12
606360 -191.136
606463 -191.152
606565 -191.168
606667 -191.184
606769 -191.2
606871 -191.216
606973 -191.232
607075 -191.248
607177 -191.264
607279 -191.28
607381 -191.296
607483 -191.312
607585 -191.328
607687 -191.344
607789 -191.36
607891 -191.376
607993 -191.392
608095 -191.408
608197 -191.424
608299 -191.44
608401 -191.456
608503 -191.472
608605 -191.488
608707 -191.505
608809 -191.521
608911 -191.537
609013 -191.553
609115 -191.569
609217 -191.585
609319 -191.601
609421 -191.617
609523 -191.633
609625 -191.649
609727 -191.665
609829 -191.681
609932 -191.697
610034 -191.713
610136 -191.729
610238 -191.745
610340 -191.761
610442 -191.777
610544 -191.793
610646 -191.809
610748 -191.825
610850 -191.841
610952 -191.857
611054 -191.873
611156 -191.889
611258 -191.905
611360 -191.921
611462 -191.937
611564 -191.953
611666 -191.969
611768 -191.986
611870 -192.002
611972 -192.018
612074 -192.034
612176 -192.05
612278 -192.066
612380 -192.082
612482 -192.098
612584 -192.114
612686 -192.13
612788 -192.146
612890 -192.162
612992 -192.178
613094 -192.194
613196 -192.21
613298 -192.226
613401 -192.242
613503 -192.258
613605 -192.274
613707 -192.29
613809 -192.306
613911 -192.322
614013 -192.338
614115 -192.354
614217 -192.37
614319 -192.386
614421 -192.402
614523 -192.418
614625 -192.434
614727 -192.451
614829 -192.467
614931 -192.483
615033 -192.499
615135 -192.515
615237 -192.531
615339 -192.547
615441 -192.563
615543 -192.579
615645 -192.595
615747 -192.611
615849 -192.627
615951 -192.643
616053 -192.659
616155 -192.675
616257 -192.691
616359 -192.707
616461 -192.723
616563 -192.739
616665 -192.755
616767 -192.771
616869 -192.787
616972 -192.803
617074 -192.819
617176 -192.835
617278 -192.851
617380 -192.867
617482 -192.883
617584 -192.899
617686 -192.915
617788 -192.932
617890 -192.948
617992 -192.964
618094 -192.98
618196 -192.996
618298 -193.012
618400 -193.028
618502 -193.044
618604 -193.06
618706 -193.076
618808 -193.092
618910 -193.108
619012 -193.124
619114 -193.14
619216 -193.156
619318 -193.172
619420 -193.188
619522 -193.204
619624 -193.22
619726 -193.236
619828 -193.252
619930 -193.268
620032 -193.284
620134 -193.3
620236 -193.316
620338 -193.332
620441 -193.348
620543 -193.364
620645 -193.38
620747 -193.396
620849 -193.413
620951 -193.429
621053 -193.445
621155 -193.461
621257 -193.477
621359 -193.493
621461 -193.509
621563 -193.525
621665 -193.541
621767 -193.557
621869 -193.573
621971 -193.589
622073 -193.605
622175 -193.621
622277 -193.637
622379 -193.653
622481 -193.669
622583 -193.685
622685 -193.701
622787 -193.717
622889 -193.733
622991 -193.749
623093 -193.765
623195 -193.781
623297 -193.797
623399 -193.813
623501 -193.829
623603 -193.845
623705 -193.861
623807 -193.878
623910 -193.894
624012 -193.91
624114 -193.926
624216 -193.942
624318 -193.958
624420 -193.974
624522 -193.99
624624 -194.006
624726 -194.022
624828 -194.038
624930 -194.054
625032 -194.07
625134 -194.086
625236 -194.102
625338 -194.118
625440 -194.134
625542 -194.15
625644 -194.166
625746 -194.182
625848 -194.198
625950 -194.214
626052 -194.23
626154 -194.246
626256 -194.262
626358 -194.278
626460 -194.294
626562 -194.31
626664 -194.326
626766 -194.342
626868 -194.359
626970 -194.375
627072 -194.391
627174 -194.407
627276 -194.423
627379 -194.439
627481 -194.455
627583 -194.471
627685 -194.487
627787 -194.503
627889 -194.519
627991 -194.535
628093 -194.551
628195 -194.567
628297 -194.583
628399 -194.599
628501 -194.615
628603 -194.631
628705 -194.647
628807 -194.663
628909 -194.679
629011 -194.695
629113 -194.711
629215 -194.727
629317 -194.743
629419 -194.759
629521 -194.775
629623 -194.791
629725 -194.807
629827 -194.823
629929 -194.84
630031 -194.856
630133 -194.872
630235 -194.888
630337 -194.904
630439 -194.92
630541 -194.936
630643 -194.952
630745 -194.968
630848 -194.984
630950 -195
631052 -195.016
631154 -195.032
631256 -195.048
631358 -195.064
631460 -195.08
631562 -195.096
631664 -195.112
631766 -195.128
631868 -195.144
631970 -195.16
632072 -195.176
632174 -195.192
632276 -195.208
632378 -195.224
632480 -195.24
632582 -195.256
632684 -195.272
632786 -195.288
632888 -195.305
632990 -195.321
633092 -195.337
633194 -195.353
633296 -195.369
633398 -195.385
633500 -195.401
633602 -195.417
633704 -195.433
633806 -195.449
633908 -195.465
634010 -195.481
634112 -195.497
634214 -195.513
634317 -195.529
634419 -195.545
634521 -195.561
634623 -195.577
634725 -195.593
634827 -195.609
634929 -195.625
635031 -195.641
635133 -195.657
635235 -195.673
635337 -195.689
635439 -195.705
635541 -195.721
635643 -195.737
635745 -195.753
635847 -195.769
635949 -195.786
636051 -195.802
636153 -195.818
636255 -195.834
636357 -195.85
636459 -195.866
636561 -195.882
636663 -195.898
636765 -195.914
636867 -195.93
636969 -195.946
637071 -195.962
637173 -195.978
637275 -195.994
637377 -196.01
637479 -196.026
637581 -196.042
637683 -196.058
637786 -196.074
637888 -196.09
637990 -196.106
638092 -196.122
638194 -196.138
638296 -196.154
638398 -196.17
638500 -196.186
638602 -196.202
638704 -196.218
638806 -196.234
638908 -196.251
639010 -196.267
639112 -196.283
639214 -196.299
639316 -196.315
639418 -196.331
639520 -196.347
639622 -196.363
639724 -196.379
639826 -196.395
639928 -196.411
640030 -196.427
640132 -196.443
640234 -196.459
640336 -196.475
640438 -196.491
640540 -196.507
640642 -196.523
640744 -196.539
640846 -196.555
640948 -196.571
641050 -196.587
641152 -196.603
641255 -196.619
641357 -196.635
641459 -196.651
641561 -196.667
641663 -196.683
641765 -196.699
641867 -196.715
641969 -196.732
642071 -196.748
642173 -196.764
642275 -196.78
642377 -196.796
642479 -196.812
642581 -196.828
642683 -196.844
642785 -196.86
642887 -196.876
642989 -196.892
643091 -196.908
643193 -196.924
643295 -196.94
643397 -196.956
643499 -196.972
643601 -196.988
643703 -197.004
643805 -197.02
643907 -197.036
644009 -197.052
644111 -197.068
644213 -197.084
644315 -197.1
644417 -197.116
644519 -197.132
644621 -197.148
644724 -197.164
644826 -197.18
644928 -197.196
645030 -197.213
645132 -197.229
645234 -197.245
645336 -197.261
645438 -197.277
645540 -197.293
645642 -197.309
645744 -197.325
645846 -197.341
645948 -197.357
646050 -197.373
646152 -197.389
646254 -197.405
646356 -197.421
646458 -197.437
646560 -197.453
646662 -197.469
646764 -197.485
646866 -197.501
646968 -197.517
647070 -197.533
647172 -197.549
647274 -197.565
647376 -197.581
647478 -197.597
647580 -197.613
647682 -197.629
647784 -197.645
647886 -197.661
647988 -197.678
648090 -197.694
648193 -197.71
648295 -197.726
648397 -197.742
648499 -197.758
648601 -197.774
648703 -197.79
648805 -197.806
648907 -197.822
649009 -197.838
649111 -197.854
649213 -197.87
649315 -197.886
649417 -197.902
649519 -197.918
649621 -197.934
649723 -197.95
649825 -197.966
649927 -197.982
650029 -197.998
650131 -198.014
650233 -198.03
650335 -198.046
650437 -198.062
650539 -198.078
650641 -198.094
650743 -198.11
650845 -198.126
650947 -198.142
651049 -198.159
651151 -198.175
651253 -198.191
651355 -198.207
651457 -198.223
651559 -198.239
651662 -198.255
651764 -198.271
651866 -198.287
651968 -198.303
652070 -198.319
652172 -198.335
652274 -198.351
652376 -198.367
652478 -198.383
652580 -198.399
652682 -198.415
652784 -198.431
652886 -198.447
652988 -198.463
653090 -198.479
653192 -198.495
653294 -198.511
653396 -198.527
653498 -198.543
653600 -198.559
653702 -198.575
653804 -198.591
653906 -198.607
654008 -198.623
654110 -198.64
654212 -198.656
654314 -198.672
654416 -198.688
654518 -198.704
654620 -198.72
654722 -198.736
654824 -198.752
654926 -198.768
655028 -198.784
655131 -198.8
655233 -198.816
655335 -198.832
655437 -198.848
655539 -198.864
655641 -198.88
655743 -198.896
655845 -198.912
655947 -198.928
656049 -198.944
656151 -198.96
656253 -198.976
656355 -198.992
656457 -199.008
656559 -199.024
656661 -199.04
656763 -199.056
656865 -199.072
656967 -199.088
657069 -199.105
657171 -199.121
657273 -199.137
657375 -199.153
657477 -199.169
657579 -199.185
657681 -199.201
657783 -199.217
657885 -199.233
657987 -199.249
658089 -199.265
658191 -199.281
658293 -199.297
658395 -199.313
658497 -199.329
658600 -199.345
658702 -199.361
658804 -199.377
658906 -199.393
659008 -199.409
659110 -199.425
659212 -199.441
659314 -199.457
659416 -199.473
659518 -199.489
659620 -199.505
659722 -199.521
659824 -199.537
659926 -199.553
660028 -199.569
660130 -199.586
660232 -199.602
660334 -199.618
660436 -199.634
660538 -199.65
660640 -199.666
660742 -199.682
660844 -199.698
660946 -199.714
661048 -199.73
661150 -199.746
661252 -199.762
661354 -199.778
661456 -199.794
661558 -199.81
661660 -199.826
661762 -199.842
661864 -199.858
661966 -199.874
662069 -199.89
662171 -199.906
662273 -199.922
662375 -199.938
662477 -199.954
662579 -199.97
662681 -199.986
662783 -200.002
662885 -200.018
662987 -200.034
663089 -200.05
663191 -200.067
663293 -200.083
663395 -200.099
663497 -200.115
663599 -200.131
663701 -200.147
663803 -200.163
663905 -200.179
664007 -200.195
664109 -200.211
664211 -200.227
664313 -200.243
664415 -200.259
664517 -200.275
664619 -200.291
664721 -200.307
664823 -200.323
664925 -200.339
665027 -200.355
665129 -200.371
665231 -200.387
665333 -200.403
665435 -200.419
665538 -200.435
665640 -200.451
665742 -200.467
665844 -200.483
665946 -200.499
666048 -200.515
666150 -200.532
666252 -200.548
666354 -200.564
666456 -200.58
666558 -200.596
666660 -200.612
666762 -200.628
666864 -200.644
666966 -200.66
667068 -200.676
667170 -200.692
667272 -200.708
667374 -200.724
667476 -200.74
667578 -200.756
667680 -200.772
667782 -200.788
667884 -200.804
667986 -200.82
668088 -200.836
668190 -200.852
668292 -200.868
668394 -200.884
668496 -200.9
668598 -200.916
668700 -200.932
668802 -200.948
668904 -200.964
669007 -200.98
669109 -200.996
669211 -201.013
669313 -201.029
669415 -201.045
669517 -201.061
669619 -201.077
669721 -201.093
669823 -201.109
669925 -201.125
670027 -201.141
670129 -201.157
670231 -201.173
670333 -201.189
670435 -201.205
670537 -201.221
670639 -201.237
670741 -201.253
670843 -201.269
670945 -201.285
671047 -201.301
671149 -201.317
671251 -201.333
671353 -201.349
671455 -201.365
671557 -201.381
671659 -201.397
671761 -201.413
671863 -201.429
671965 -201.445
672067 -201.461
672169 -201.477
672271 -201.494
672373 -201.51
672475 -201.526
672578 -201.542
672680 -201.558
672782 -201.574
672884 -201.59
672986 -201.606
673088 -201.622
673190 -201.638
673292 -201.654
673394 -201.67
673496 -201.686
673598 -201.702
673700 -201.718
673802 -201.734
673904 -201.75
674006 -201.766
674108 -201.782
674210 -201.798
674312 -201.814
674414 -201.83
674516 -201.846
674618 -201.862
674720 -201.878
674822 -201.894
674924 -201.91
675026 -201.926
675128 -201.942
675230 -201.959
675332 -201.975
675434 -201.991
675536 -202.007
675638 -202.023
675740 -202.039
675842 -202.055
675944 -202.071
676047 -202.087
676149 -202.103
676251 -202.119
676353 -202.135
676455 -202.151
676557 -202.167
676659 -202.183
676761 -202.199
676863 -202.215
676965 -202.231
677067 -202.247
677169 -202.263
677271 -202.279
677373 -202.295
677475 -202.311
677577 -202.327
677679 -202.343
677781 -202.359
677883 -202.375
677985 -202.391
678087 -202.407
678189 -202.423
678291 -202.44
678393 -202.456
678495 -202.472
678597 -202.488
678699 -202.504
678801 -202.52
678903 -202.536
679005 -202.552
679107 -202.568
679209 -202.584
679311 -202.6
679413 -202.616
679516 -202.632
679618 -202.648
679720 -202.664
679822 -202.68
679924 -202.696
680026 -202.712
680128 -202.728
680230 -202.744
680332 -202.76
680434 -202.776
680536 -202.792
680638 -202.808
680740 -202.824
680842 -202.84
680944 -202.856
681046 -202.872
681148 -202.888
681250 -202.904
681352 -202.921
681454 -202.937
681556 -202.953
681658 -202.969
681760 -202.985
681862 -203.001
681964 -203.017
682066 -203.033
682168 -203.049
682270 -203.065
682372 -203.081
682474 -203.097
682576 -203.113
682678 -203.129
682780 -203.145
682882 -203.161
682985 -203.177
683087 -203.193
683189 -203.209
683291 -203.225
683393 -203.241
683495 -203.257
683597 -203.273
683699 -203.289
683801 -203.305
683903 -203.321
684005 -203.337
684107 -203.353
684209 -203.369
684311 -203.386
684413 -203.402
684515 -203.418
684617 -203.434
684719 -203.45
684821 -203.466
684923 -203.482
685025 -203.498
685127 -203.514
685229 -203.53
685331 -203.546
685433 -203.562
685535 -203.578
685637 -203.594
685739 -203.61
685841 -203.626
685943 -203.642
686045 -203.658
686147 -203.674
686249 -203.69
686351 -203.706
686454 -203.722
686556 -203.738
686658 -203.754
686760 -203.77
686862 -203.786
686964 -203.802
687066 -203.818
687168 -203.834
687270 -203.85
687372 -203.867
687474 -203.883
687576 -203.899
687678 -203.915
687780 -203.931
687882 -203.947
687984 -203.963
688086 -203.979
688188 -203.995
688290 -204.011
688392 -204.027
688494 -204.043
688596 -204.059
688698 -204.075
688800 -204.091
688902 -204.107
689004 -204.123
689106 -204.139
689208 -204.155
689310 -204.171
689412 -204.187
689514 -204.203
689616 -204.219
689718 -204.235
689820 -204.251
689923 -204.267
690025 -204.283
690127 -204.299
690229 -204.315
690331 -204.331
690433 -204.348
690535 -204.364
690637 -204.38
690739 -204.396
690841 -204.412
690943 -204.428
691045 -204.444
691147 -204.46
691249 -204.476
691351 -204.492
691453 -204.508
691555 -204.524
691657 -204.54
691759 -204.556
691861 -204.572
691963 -204.588
692065 -204.604
692167 -204.62
692269 -204.636
692371 -204.652
692473 -204.668
692575 -204.684
692677 -204.7
692779 -204.716
692881 -204.732
692983 -204.748
693085 -204.764
693187 -204.78
693289 -204.796
693392 -204.813
693494 -204.829
693596 -204.845
693698 -204.861
693800 -204.877
693902 -204.893
694004 -204.909
694106 -204.925
694208 -204.941
694310 -204.957
694412 -204.973
694514 -204.989
694616 -205.005
694718 -205.021
694820 -205.037
694922 -205.053
695024 -205.069
695126 -205.085
695228 -205.101
695330 -205.117
695432 -205.133
695534 -205.149
695636 -205.165
695738 -205.181
695840 -205.197
695942 -205.213
696044 -205.229
696146 -205.245
696248 -205.261
696350 -205.277
696452 -205.294
696554 -205.31
696656 -205.326
696758 -205.342
696861 -205.358
696963 -205.374
697065 -205.39
697167 -205.406
697269 -205.422
697371 -205.438
697473 -205.454
697575 -205.47
697677 -205.486
697779 -205.502
697881 -205.518
697983 -205.534
698085 -205.55
698187 -205.566
698289 -205.582
698391 -205.598
698493 -205.614
698595 -205.63
698697 -205.646
698799 -205.662
698901 -205.678
699003 -205.694
699105 -205.71
699207 -205.726
699309 -205.742
699411 -205.758
699513 -205.775
699615 -205.791
699717 -205.807
699819 -205.823
699921 -205.839
700023 -205.855
700125 -205.871
700227 -205.887
700330 -205.903
700432 -205.919
700534 -205.935
700636 -205.951
700738 -205.967
700840 -205.983
700942 -205.999
701044 -206.015
701146 -206.031
701248 -206.047
701350 -206.063
701452 -206.079
701554 -206.095
701656 -206.111
701758 -206.127
701860 -206.143
701962 -206.159
702064 -206.175
702166 -206.191
702268 -206.207
702370 -206.223
702472 -206.24
702574 -206.256
702676 -206.272
702778 -206.288
702880 -206.304
702982 -206.32
703084 -206.336
703186 -206.352
703288 -206.368
703390 -206.384
703492 -206.4
703594 -206.416
703696 -206.432
703799 -206.448
703901 -206.464
704003 -206.48
704105 -206.496
704207 -206.512
704309 -206.528
704411 -206.544
704513 -206.56
704615 -206.576
704717 -206.592
704819 -206.608
704921 -206.624
705023 -206.64
705125 -206.656
705227 -206.672
705329 -206.688
705431 -206.704
705533 -206.721
705635 -206.737
705737 -206.753
705839 -206.769
705941 -206.785
706043 -206.801
706145 -206.817
706247 -206.833
706349 -206.849
706451 -206.865
706553 -206.881
706655 -206.897
706757 -206.913
706859 -206.929
706961 -206.945
707063 -206.961
707165 -206.977
707268 -206.993
707370 -207.009
707472 -207.025
707574 -207.041
707676 -207.057
707778 -207.073
707880 -207.089
707982 -207.105
708084 -207.121
708186 -207.137
708288 -207.153
708390 -207.169
708492 -207.185
708594 -207.202
708696 -207.218
708798 -207.234
708900 -207.25
709002 -207.266
709104 -207.282
709206 -207.298
709308 -207.314
709410 -207.33
709512 -207.346
709614 -207.362
709716 -207.378
709818 -207.394
709920 -207.41
710022 -207.426
710124 -207.442
710226 -207.458
710328 -207.474
710430 -207.49
710532 -207.506
710634 -207.522
710737 -207.538
710839 -207.554
710941 -207.57
711043 -207.586
711145 -207.602
711247 -207.618
711349 -207.634
711451 -207.65
711553 -207.667
711655 -207.683
711757 -207.699
711859 -207.715
711961 -207.731
712063 -207.747
712165 -207.763
712267 -207.779
712369 -207.795
712471 -207.811
712573 -207.827
712675 -207.843
712777 -207.859
712879 -207.875
712981 -207.891
713083 -207.907
713185 -207.923
713287 -207.939
713389 -207.955
713491 -207.971
713593 -207.987
713695 -208.003
713797 -208.019
713899 -208.035
714001 -208.051
714103 -208.067
714206 -208.083
714308 -208.099
714410 -208.115
714512 -208.131
714614 -208.148
714716 -208.164
714818 -208.18
714920 -208.196
715022 -208.212
715124 -208.228
715226 -208.244
715328 -208.26
715430 -208.276
715532 -208.292
715634 -208.308
715736 -208.324
715838 -208.34
715940 -208.356
716042 -208.372
716144 -208.388
716246 -208.404
716348 -208.42
716450 -208.436
716552 -208.452
716654 -208.468
716756 -208.484
716858 -208.5
716960 -208.516
717062 -208.532
717164 -208.548
717266 -208.564
717368 -208.58
717470 -208.596
717572 -208.612
717675 -208.629
717777 -208.645
717879 -208.661
717981 -208.677
718083 -208.693
718185 -208.709
718287 -208.725
718389 -208.741
718491 -208.757
718593 -208.773
718695 -208.789
718797 -208.805
718899 -208.821
719001 -208.837
719103 -208.853
719205 -208.869
719307 -208.885
719409 -208.901
719511 -208.917
719613 -208.933
719715 -208.949
719817 -208.965
719919 -208.981
720021 -208.997
720123 -209.013
720225 -209.029
720327 -209.045
720429 -209.061
720531 -209.077
720633 -209.094
720735 -209.11
720837 -209.126
720939 -209.142
721041 -209.158
721144 -209.174
721246 -209.19
721348 -209.206
721450 -209.222
721552 -209.238
721654 -209.254
721756 -209.27
721858 -209.286
721960 -209.302
722062 -209.318
722164 -209.334
722266 -209.35
722368 -209.366
722470 -209.382
722572 -209.398
722674 -209.414
722776 -209.43
722878 -209.446
722980 -209.462
723082 -209.478
723184 -209.494
723286 -209.51
723388 -209.526
723490 -209.542
723592 -209.558
723694 -209.575
723796 -209.591
723898 -209.607
724000 -209.623
724102 -209.639
724204 -209.655
724306 -209.671
724408 -209.687
724510 -209.703
724613 -209.719
724715 -209.735
724817 -209.751
724919 -209.767
725021 -209.783
725123 -209.799
725225 -209.815
725327 -209.831
725429 -209.847
725531 -209.863
725633 -209.879
725735 -209.895
725837 -209.911
725939 -209.927
726041 -209.943
726143 -209.959
726245 -209.975
726347 -209.991
726449 -210.007
726551 -210.023
726653 -210.039
726755 -210.056
726857 -210.072
726959 -210.088
727061 -210.104
727163 -210.12
727265 -210.136
727367 -210.152
727469 -210.168
727571 -210.184
727673 -210.2
727775 -210.216
727877 -210.232
727979 -210.248
728081 -210.264
728184 -210.28
728286 -210.296
728388 -210.312
728490 -210.328
728592 -210.344
728694 -210.36
728796 -210.376
728898 -210.392
729000 -210.408
729102 -210.424
729204 -210.44
729306 -210.456
729408 -210.472
729510 -210.488
729612 -210.504
729714 -210.521
729816 -210.537
729918 -210.553
730020 -210.569
730122 -210.585
730224 -210.601
730326 -210.617
730428 -210.633
730530 -210.649
730632 -210.665
730734 -210.681
730836 -210.697
730938 -210.713
731040 -210.729
731142 -210.745
731244 -210.761
731346 -210.777
731448 -210.793
731550 -210.809
731653 -210.825
731755 -210.841
731857 -210.857
731959 -210.873
732061 -210.889
732163 -210.905
732265 -210.921
732367 -210.937
732469 -210.953
732571 -210.969
732673 -210.985
732775 -211.002
732877 -211.018
732979 -211.034
733081 -211.05
733183 -211.066
733285 -211.082
733387 -211.098
733489 -211.114
733591 -211.13
733693 -211.146
733795 -211.162
733897 -211.178
733999 -211.194
734101 -211.21
734203 -211.226
734305 -211.242
734407 -211.258
734509 -211.274
734611 -211.29
734713 -211.306
734815 -211.322
734917 -211.338
735019 -211.354
735122 -211.37
735224 -211.386
735326 -211.402
735428 -211.418
735530 -211.434
735632 -211.45
735734 -211.466
735836 -211.483
735938 -211.499
736040 -211.515
736142 -211.531
736244 -211.547
736346 -211.563
736448 -211.579
736550 -211.595
736652 -211.611
736754 -211.627
736856 -211.643
736958 -211.659
737060 -211.675
737162 -211.691
737264 -211.707
737366 -211.723
737468 -211.739
737570 -211.755
737672 -211.771
737774 -211.787
737876 -211.803
737978 -211.819
738080 -211.835
738182 -211.851
738284 -211.867
738386 -211.883
738488 -211.899
738591 -211.915
738693 -211.931
738795 -211.948
738897 -211.964
738999 -211.98
739101 -211.996
739203 -212.012
739305 -212.028
739407 -212.044
739509 -212.06
739611 -212.076
739713 -212.092
739815 -212.108
739917 -212.124
740019 -212.14
740121 -212.156
740223 -212.172
740325 -212.188
740427 -212.204
740529 -212.22
740631 -212.236
740733 -212.252
740835 -212.268
740937 -212.284
741039 -212.3
741141 -212.316
741243 -212.332
741345 -212.348
741447 -212.364
741549 -212.38
741651 -212.396
741753 -212.412
741855 -212.429
741957 -212.445
742060 -212.461
742162 -212.477
742264 -212.493
742366 -212.509
742468 -212.525
742570 -212.541
742672 -212.557
742774 -212.573
742876 -212.589
742978 -212.605
743080 -212.621
743182 -212.637
743284 -212.653
743386 -212.669
743488 -212.685
743590 -212.701
743692 -212.717
743794 -212.733
743896 -212.749
743998 -212.765
744100 -212.781
744202 -212.797
744304 -212.813
744406 -212.829
744508 -212.845
744610 -212.861
744712 -212.877
744814 -212.893
744916 -212.91
745018 -212.926
745120 -212.942
745222 -212.958
745324 -212.974
745426 -212.99
745529 -213.006
745631 -213.022
745733 -213.038
745835 -213.054
745937 -213.07
746039 -213.086
746141 -213.102
746243 -213.118
746345 -213.134
746447 -213.15
746549 -213.166
746651 -213.182
746753 -213.198
746855 -213.214
746957 -213.23
747059 -213.246
747161 -213.262
747263 -213.278
747365 -213.294
747467 -213.31
747569 -213.326
747671 -213.342
747773 -213.358
747875 -213.375
747977 -213.391
748079 -213.407
748181 -213.423
748283 -213.439
748385 -213.455
748487 -213.471
748589 -213.487
748691 -213.503
748793 -213.519
748895 -213.535
748998 -213.551
749100 -213.567
749202 -213.583
749304 -213.599
749406 -213.615
749508 -213.631
749610 -213.647
749712 -213.663
749814 -213.679
749916 -213.695
750018 -213.711
750120 -213.727
750222 -213.743
750324 -213.759
750426 -213.775
750528 -213.791
750630 -213.807
750732 -213.823
750834 -213.839
750936 -213.856
751038 -213.872
751140 -213.888
751242 -213.904
751344 -213.92
751446 -213.936
751548 -213.952
751650 -213.968
751752 -213.984
751854 -214
751956 -214.016
752058 -214.032
752160 -214.048
752262 -214.064
752364 -214.08
752467 -214.096
752569 -214.112
752671 -214.128
752773 -214.144
752875 -214.16
752977 -214.176
753079 -214.192
753181 -214.208
753283 -214.224
753385 -214.24
753487 -214.256
753589 -214.272
753691 -214.288
753793 -214.304
753895 -214.32
753997 -214.337
754099 -214.353
754201 -214.369
754303 -214.385
754405 -214.401
754507 -214.417
754609 -214.433
754711 -214.449
754813 -214.465
754915 -214.481
755017 -214.497
755119 -214.513
755221 -214.529
755323 -214.545
755425 -214.561
755527 -214.577
755629 -214.593
755731 -214.609
755833 -214.625
755936 -214.641
756038 -214.657
756140 -214.673
756242 -214.689
756344 -214.705
756446 -214.721
756548 -214.737
756650 -214.753
756752 -214.769
756854 -214.785
756956 -214.802
757058 -214.818
757160 -214.834
757262 -214.85
757364 -214.866
757466 -214.882
757568 -214.898
757670 -214.914
757772 -214.93
757874 -214.946
757976 -214.962
758078 -214.978
758180 -214.994
758282 -215.01
758384 -215.026
758486 -215.042
758588 -215.058
758690 -215.074
758792 -215.09
758894 -215.106
758996 -215.122
759098 -215.138
759200 -215.154
759302 -215.17
759405 -215.186
759507 -215.202
759609 -215.218
759711 -215.234
759813 -215.25
759915 -215.266
760017 -215.283
760119 -215.299
760221 -215.315
760323 -215.331
760425 -215.347
760527 -215.363
760629 -215.379
760731 -215.395
760833 -215.411
760935 -215.427
761037 -215.443
761139 -215.459
761241 -215.475
761343 -215.491
761445 -215.507
761547 -215.523
761649 -215.539
761751 -215.555
761853 -215.571
761955 -215.587
762057 -215.603
762159 -215.619
762261 -215.635
762363 -215.651
762465 -215.667
762567 -215.683
762669 -215.699
762771 -215.715
762874 -215.731
762976 -215.747
763078 -215.764
763180 -215.78
763282 -215.796
763384 -215.812
763486 -215.828
763588 -215.844
763690 -215.86
763792 -215.876
763894 -215.892
763996 -215.908
764098 -215.924
764200 -215.94
764302 -215.956
764404 -215.972
764506 -215.988
764608 -216.004
764710 -216.02
764812 -216.036
764914 -216.052
765016 -216.068
765118 -216.084
765220 -216.1
765322 -216.116
765424 -216.132
765526 -216.148
765628 -216.164
765730 -216.18
765832 -216.196
765934 -216.212
766036 -216.229
766138 -216.245
766240 -216.261
766343 -216.277
766445 -216.293
766547 -216.309
766649 -216.325
766751 -216.341
766853 -216.357
766955 -216.373
767057 -216.389
767159 -216.405
767261 -216.421
767363 -216.437
767465 -216.453
767567 -216.469
767669 -216.485
767771 -216.501
767873 -216.517
767975 -216.533
768077 -216.549
768179 -216.565
768281 -216.581
768383 -216.597
768485 -216.613
768587 -216.629
768689 -216.645
768791 -216.661
768893 -216.677
768995 -216.693
769097 -216.71
769199 -216.726
769301 -216.742
769403 -216.758
769505 -216.774
769607 -216.79
769709 -216.806
769812 -216.822
769914 -216.838
770016 -216.854
770118 -216.87
770220 -216.886
770322 -216.902
770424 -216.918
770526 -216.934
770628 -216.95
770730 -216.966
770832 -216.982
770934 -216.998
771036 -217.014
771138 -217.03
771240 -217.046
771342 -217.062
771444 -217.078
771546 -217.094
771648 -217.11
771750 -217.126
771852 -217.142
771954 -217.158
772056 -217.174
772158 -217.191
772260 -217.207
772362 -217.223
772464 -217.239
772566 -217.255
772668 -217.271
772770 -217.287
772872 -217.303
772974 -217.319
773076 -217.335
773178 -217.351
773281 -217.367
773383 -217.383
773485 -217.399
773587 -217.415
773689 -217.431
773791 -217.447
773893 -217.463
773995 -217.479
774097 -217.495
774199 -217.511
774301 -217.527
774403 -217.543
774505 -217.559
774607 -217.575
774709 -217.591
774811 -217.607
774913 -217.623
775015 -217.639
775117 -217.656
775219 -217.672
775321 -217.688
775423 -217.704
775525 -217.72
775627 -217.736
775729 -217.752
775831 -217.768
775933 -217.784
776035 -217.8
776137 -217.816
776239 -217.832
776341 -217.848
776443 -217.864
776545 -217.88
776647 -217.896
776750 -217.912
776852 -217.928
776954 -217.944
777056 -217.96
777158 -217.976
777260 -217.992
777362 -218.008
777464 -218.024
777566 -218.04
777668 -218.056
777770 -218.072
777872 -218.088
777974 -218.104
778076 -218.12
778178 -218.137
778280 -218.153
778382 -218.169
778484 -218.185
778586 -218.201
778688 -218.217
778790 -218.233
778892 -218.249
778994 -218.265
779096 -218.281
779198 -218.297
779300 -218.313
779402 -218.329
779504 -218.345
779606 -218.361
779708 -218.377
779810 -218.393
779912 -218.409
780014 -218.425
780116 -218.441
780219 -218.457
780321 -218.473
780423 -218.489
780525 -218.505
780627 -218.521
780729 -218.537
780831 -218.553
780933 -218.569
781035 -218.585
781137 -218.601
781239 -218.618
781341 -218.634
781443 -218.65
781545 -218.666
781647 -218.682
781749 -218.698
781851 -218.714
781953 -218.73
782055 -218.746
782157 -218.762
782259 -218.778
782361 -218.794
782463 -218.81
782565 -218.826
782667 -218.842
782769 -218.858
782871 -218.874
782973 -218.89
783075 -218.906
783177 -218.922
783279 -218.938
783381 -218.954
783483 -218.97
783585 -218.986
783687 -219.002
783790 -219.018
783892 -219.034
783994 -219.05
784096 -219.066
784198 -219.083
784300 -219.099
784402 -219.115
784504 -219.131
784606 -219.147
784708 -219.163
784810 -219.179
784912 -219.195
785014 -219.211
785116 -219.227
785218 -219.243
785320 -219.259
785422 -219.275
785524 -219.291
785626 -219.307
785728 -219.323
785830 -219.339
785932 -219.355
786034 -219.371
786136 -219.387
786238 -219.403
786340 -219.419
786442 -219.435
786544 -219.451
786646 -219.467
786748 -219.483
786850 -219.499
786952 -219.515
787054 -219.531
787156 -219.547
787259 -219.564
787361 -219.58
787463 -219.596
787565 -219.612
787667 -219.628
787769 -219.644
787871 -219.66
787973 -219.676
788075 -219.692
788177 -219.708
788279 -219.724
788381 -219.74
788483 -219.756
788585 -219.772
788687 -219.788
788789 -219.804
788891 -219.82
788993 -219.836
789095 -219.852
789197 -219.868
789299 -219.884
789401 -219.9
789503 -219.916
789605 -219.932
789707 -219.948
789809 -219.964
789911 -219.98
790013 -219.996
790115 -220.012
790217 -220.028
790319 -220.045
790421 -220.061
790523 -220.077
790625 -220.093
790728 -220.109
790830 -220.125
790932 -220.141
791034 -220.157
791136 -220.173
791238 -220.189
791340 -220.205
791442 -220.221
791544 -220.237
791646 -220.253
791748 -220.269
791850 -220.285
791952 -220.301
792054 -220.317
792156 -220.333
792258 -220.349
792360 -220.365
792462 -220.381
792564 -220.397
792666 -220.413
792768 -220.429
792870 -220.445
792972 -220.461
793074 -220.477
793176 -220.493
793278 -220.51
793380 -220.526
793482 -220.542
793584 -220.558
793686 -220.574
793788 -220.59
793890 -220.606
793992 -220.622
794094 -220.638
794197 -220.654
794299 -220.67
794401 -220.686
794503 -220.702
794605 -220.718
794707 -220.734
794809 -220.75
794911 -220.766
795013 -220.782
795115 -220.798
795217 -220.814
795319 -220.83
795421 -220.846
795523 -220.862
795625 -220.878
795727 -220.894
795829 -220.91
795931 -220.926
796033 -220.942
796135 -220.958
796237 -220.974
796339 -220.991
796441 -221.007
796543 -221.023
796645 -221.039
796747 -221.055
796849 -221.071
796951 -221.087
797053 -221.103
797155 -221.119
797257 -221.135
797359 -221.151
797461 -221.167
797563 -221.183
797666 -221.199
797768 -221.215
797870 -221.231
797972 -221.247
798074 -221.263
798176 -221.279
798278 -221.295
798380 -221.311
798482 -221.327
798584 -221.343
798686 -221.359
798788 -221.375
798890 -221.391
798992 -221.407
799094 -221.423
799196 -221.439
799298 -221.455
799400 -221.472
799502 -221.488
799604 -221.504
799706 -221.52
799808 -221.536
799910 -221.552
800012 -221.568
800114 -221.584
800216 -221.6
800318 -221.616
800420 -221.632
800522 -221.648
800624 -221.664
800726 -221.68
800828 -221.696
800930 -221.712
801032 -221.728
801135 -221.744
801237 -221.76
801339 -221.776
801441 -221.792
801543 -221.808
801645 -221.824
801747 -221.84
801849 -221.856
801951 -221.872
802053 -221.888
802155 -221.904
802257 -221.92
802359 -221.937
802461 -221.953
802563 -221.969
802665 -221.985
802767 -222.001
802869 -222.017
802971 -222.033
803073 -222.049
803175 -222.065
803277 -222.081
803379 -222.097
803481 -222.113
803583 -222.129
803685 -222.145
803787 -222.161
803889 -222.177
803991 -222.193
804093 -222.209
804195 -222.225
804297 -222.241
804399 -222.257
804501 -222.273
804604 -222.289
804706 -222.305
804808 -222.321
804910 -222.337
805012 -222.353
805114 -222.369
805216 -222.385
805318 -222.401
805420 -222.418
805522 -222.434
805624 -222.45
805726 -222.466
805828 -222.482
805930 -222.498
806032 -222.514
806134 -222.53
806236 -222.546
806338 -222.562
806440 -222.578
806542 -222.594
806644 -222.61
806746 -222.626
806848 -222.642
806950 -222.658
807052 -222.674
807154 -222.69
807256 -222.706
807358 -222.722
807460 -222.738
807562 -222.754
807664 -222.77
807766 -222.786
807868 -222.802
807970 -222.818
808073 -222.834
808175 -222.85
808277 -222.866
808379 -222.882
808481 -222.899
808583 -222.915
808685 -222.931
808787 -222.947
808889 -222.963
808991 -222.979
809093 -222.995
809195 -223.011
809297 -223.027
809399 -223.043
809501 -223.059
809603 -223.075
809705 -223.091
809807 -223.107
809909 -223.123
810011 -223.139
810113 -223.155
810215 -223.171
810317 -223.187
810419 -223.203
810521 -223.219
810623 -223.235
810725 -223.251
810827 -223.267
810929 -223.283
811031 -223.299
811133 -223.315
811235 -223.331
811337 -223.347
811439 -223.364
811542 -223.38
811644 -223.396
811746 -223.412
811848 -223.428
811950 -223.444
812052 -223.46
812154 -223.476
812256 -223.492
812358 -223.508
812460 -223.524
812562 -223.54
812664 -223.556
812766 -223.572
812868 -223.588
812970 -223.604
813072 -223.62
813174 -223.636
813276 -223.652
813378 -223.668
813480 -223.684
813582 -223.7
813684 -223.716
813786 -223.732
813888 -223.748
813990 -223.764
814092 -223.78
814194 -223.796
814296 -223.812
814398 -223.828
814500 -223.845
814602 -223.861
814704 -223.877
814806 -223.893
814908 -223.909
815011 -223.925
815113 -223.941
815215 -223.957
815317 -223.973
815419 -223.989
815521 -224.005
815623 -224.021
815725 -224.037
815827 -224.053
815929 -224.069
816031 -224.085
816133 -224.101
816235 -224.117
816337 -224.133
816439 -224.149
816541 -224.165
816643 -224.181
816745 -224.197
816847 -224.213
816949 -224.229
817051 -224.245
817153 -224.261
817255 -224.277
817357 -224.293
817459 -224.309
817561 -224.326
817663 -224.342
817765 -224.358
817867 -224.374
817969 -224.39
818071 -224.406
818173 -224.422
818275 -224.438
818377 -224.454
818480 -224.47
818582 -224.486
818684 -224.502
818786 -224.518
818888 -224.534
818990 -224.55
819092 -224.566
819194 -224.582
819296 -224.598
819398 -224.614
819500 -224.63
819602 -224.646
819704 -224.662
819806 -224.678
819908 -224.694
820010 -224.71
820112 -224.726
820214 -224.742
820316 -224.758
820418 -224.774
820520 -224.791
820622 -224.807
820724 -224.823
820826 -224.839
820928 -224.855
821030 -224.871
821132 -224.887
821234 -224.903
821336 -224.919
821438 -224.935
821540 -224.951
821642 -224.967
821744 -224.983
821846 -224.999
821949 -225.015
822051 -225.031
822153 -225.047
822255 -225.063
822357 -225.079
822459 -225.095
822561 -225.111
822663 -225.127
822765 -225.143
822867 -225.159
822969 -225.175
823071 -225.191
823173 -225.207
823275 -225.223
823377 -225.239
823479 -225.255
823581 -225.272
823683 -225.288
823785 -225.304
823887 -225.32
823989 -225.336
824091 -225.352
824193 -225.368
824295 -225.384
824397 -225.4
824499 -225.416
824601 -225.432
824703 -225.448
824805 -225.464
824907 -225.48
825009 -225.496
825111 -225.512
825213 -225.528
825315 -225.544
825418 -225.56
825520 -225.576
825622 -225.592
825724 -225.608
825826 -225.624
825928 -225.64
826030 -225.656
826132 -225.672
826234 -225.688
826336 -225.704
826438 -225.72
826540 -225.736
826642 -225.753
826744 -225.769
826846 -225.785
826948 -225.801
827050 -225.817
827152 -225.833
827254 -225.849
827356 -225.865
827458 -225.881
827560 -225.897
827662 -225.913
827764 -225.929
827866 -225.945
827968 -225.961
828070 -225.977
828172 -225.993
828274 -226.009
828376 -226.025
828478 -226.041
828580 -226.057
828682 -226.073
828784 -226.089
828887 -226.105
828989 -226.121
829091 -226.137
829193 -226.153
829295 -226.169
829397 -226.185
829499 -226.201
829601 -226.218
829703 -226.234
829805 -226.25
829907 -226.266
830009 -226.282
830111 -226.298
830213 -226.314
830315 -226.33
830417 -226.346
830519 -226.362
830621 -226.378
830723 -226.394
830825 -226.41
830927 -226.426
831029 -226.442
831131 -226.458
831233 -226.474
831335 -226.49
831437 -226.506
831539 -226.522
831641 -226.538
831743 -226.554
831845 -226.57
831947 -226.586
832049 -226.602
832151 -226.618
832253 -226.634
832356 -226.65
832458 -226.666
832560 -226.682
832662 -226.699
832764 -226.715
832866 -226.731
832968 -226.747
833070 -226.763
833172 -226.779
833274 -226.795
833376 -226.811
833478 -226.827
833580 -226.843
833682 -226.859
833784 -226.875
833886 -226.891
833988 -226.907
834090 -226.923
834192 -226.939
834294 -226.955
834396 -226.971
834498 -226.987
834600 -227.003
834702 -227.019
834804 -227.035
834906 -227.051
835008 -227.067
835110 -227.083
835212 -227.099
835314 -227.115
835416 -227.131
835518 -227.147
835620 -227.164
835722 -227.18
835825 -227.196
835927 -227.212
836029 -227.228
836131 -227.244
836233 -227.26
836335 -227.276
836437 -227.292
836539 -227.308
836641 -227.324
836743 -227.34
836845 -227.356
836947 -227.372
837049 -227.388
837151 -227.404
837253 -227.42
837355 -227.436
837457 -227.452
837559 -227.468
837661 -227.484
837763 -227.5
837865 -227.516
837967 -227.532
838069 -227.548
838171 -227.564
838273 -227.58
838375 -227.596
838477 -227.612
838579 -227.628
838681 -227.645
838783 -227.661
838885 -227.677
838987 -227.693
839089 -227.709
839191 -227.725
839293 -227.741
839396 -227.757
839498 -227.773
839600 -227.789
839702 -227.805
839804 -227.821
839906 -227.837
840008 -227.853
840110 -227.869
840212 -227.885
840314 -227.901
840416 -227.917
840518 -227.933
840620 -227.949
840722 -227.965
840824 -227.981
840926 -227.997
841028 -228.013
841130 -228.029
841232 -228.045
841334 -228.061
841436 -228.077
841538 -228.093
841640 -228.109
841742 -228.126
841844 -228.142
841946 -228.158
842048 -228.174
842150 -228.19
842252 -228.206
842354 -228.222
842456 -228.238
842558 -228.254
842660 -228.27
842762 -228.286
842865 -228.302
842967 -228.318
843069 -228.334
843171 -228.35
843273 -228.366
843375 -228.382
843477 -228.398
843579 -228.414
843681 -228.43
843783 -228.446
843885 -228.462
843987 -228.478
844089 -228.494
844191 -228.51
844293 -228.526
844395 -228.542
844497 -228.558
844599 -228.574
844701 -228.591
844803 -228.607
844905 -228.623
845007 -228.639
845109 -228.655
845211 -228.671
845313 -228.687
845415 -228.703
845517 -228.719
845619 -228.735
845721 -228.751
845823 -228.767
845925 -228.783
846027 -228.799
846129 -228.815
846231 -228.831
846334 -228.847
846436 -228.863
846538 -228.879
846640 -228.895
846742 -228.911
846844 -228.927
846946 -228.943
847048 -228.959
847150 -228.975
847252 -228.991
847354 -229.007
847456 -229.023
847558 -229.039
847660 -229.055
847762 -229.072
847864 -229.088
847966 -229.104
848068 -229.12
848170 -229.136
848272 -229.152
848374 -229.168
848476 -229.184
848578 -229.2
848680 -229.216
848782 -229.232
848884 -229.248
848986 -229.264
849088 -229.28
849190 -229.296
849292 -229.312
849394 -229.328
849496 -229.344
849598 -229.36
849700 -229.376
849803 -229.392
849905 -229.408
850007 -229.424
850109 -229.44
850211 -229.456
850313 -229.472
850415 -229.488
850517 -229.504
850619 -229.52
850721 -229.536
850823 -229.553
850925 -229.569
851027 -229.585
851129 -229.601
851231 -229.617
851333 -229.633
851435 -229.649
851537 -229.665
851639 -229.681
851741 -229.697
851843 -229.713
851945 -229.729
852047 -229.745
852149 -229.761
852251 -229.777
852353 -229.793
852455 -229.809
852557 -229.825
852659 -229.841
852761 -229.857
852863 -229.873
852965 -229.889
853067 -229.905
853169 -229.921
853272 -229.937
853374 -229.953
853476 -229.969
853578 -229.985
853680 -230.001
853782 -230.018
853884 -230.034
853986 -230.05
854088 -230.066
854190 -230.082
854292 -230.098
854394 -230.114
854496 -230.13
854598 -230.146
854700 -230.162
854802 -230.178
854904 -230.194
855006 -230.21
855108 -230.226
855210 -230.242
855312 -230.258
855414 -230.274
855516 -230.29
855618 -230.306
855720 -230.322
855822 -230.338
855924 -230.354
856026 -230.37
856128 -230.386
856230 -230.402
856332 -230.418
856434 -230.434
856536 -230.45
856638 -230.466
856741 -230.482
856843 -230.499
856945 -230.515
857047 -230.531
857149 -230.547
857251 -230.563
857353 -230.579
857455 -230.595
857557 -230.611
857659 -230.627
857761 -230.643
857863 -230.659
857965 -230.675
858067 -230.691
858169 -230.707
858271 -230.723
858373 -230.739
858475 -230.755
858577 -230.771
858679 -230.787
858781 -230.803
858883 -230.819
858985 -230.835
859087 -230.851
859189 -230.867
859291 -230.883
859393 -230.899
859495 -230.915
859597 -230.931
859699 -230.947
859801 -230.963
859903 -230.98
860005 -230.996
860107 -231.012
860210 -231.028
860312 -231.044
860414 -231.06
860516 -231.076
860618 -231.092
860720 -231.108
860822 -231.124
860924 -231.14
861026 -231.156
861128 -231.172
861230 -231.188
861332 -231.204
861434 -231.22
861536 -231.236
861638 -231.252
861740 -231.268
861842 -231.284
861944 -231.3
862046 -231.316
862148 -231.332
862250 -231.348
862352 -231.364
862454 -231.38
862556 -231.396
862658 -231.412
862760 -231.428
862862 -231.445
862964 -231.461
863066 -231.477
863168 -231.493
863270 -231.509
863372 -231.525
863474 -231.541
863576 -231.557
863679 -231.573
863781 -231.589
863883 -231.605
863985 -231.621
864087 -231.637
864189 -231.653
864291 -231.669
864393 -231.685
864495 -231.701
864597 -231.717
864699 -231.733
864801 -231.749
864903 -231.765
865005 -231.781
865107 -231.797
865209 -231.813
865311 -231.829
865413 -231.845
865515 -231.861
865617 -231.877
865719 -231.893
865821 -231.909
865923 -231.926
866025 -231.942
866127 -231.958
866229 -231.974
866331 -231.99
866433 -232.006
866535 -232.022
866637 -232.038
866739 -232.054
866841 -232.07
866943 -232.086
867045 -232.102
867148 -232.118
867250 -232.134
867352 -232.15
867454 -232.166
867556 -232.182
867658 -232.198
867760 -232.214
867862 -232.23
867964 -232.246
868066 -232.262
868168 -232.278
868270 -232.294
868372 -232.31
868474 -232.326
868576 -232.342
868678 -232.358
868780 -232.374
868882 -232.39
868984 -232.407
869086 -232.423
869188 -232.439
869290 -232.455
869392 -232.471
869494 -232.487
869596 -232.503
869698 -232.519
869800 -232.535
869902 -232.551
870004 -232.567
870106 -232.583
870208 -232.599
870310 -232.615
870412 -232.631
870514 -232.647
870617 -232.663
870719 -232.679
870821 -232.695
870923 -232.711
871025 -232.727
871127 -232.743
871229 -232.759
871331 -232.775
871433 -232.791
871535 -232.807
871637 -232.823
871739 -232.839
871841 -232.855
871943 -232.872
872045 -232.888
872147 -232.904
872249 -232.92
872351 -232.936
872453 -232.952
872555 -232.968
872657 -232.984
872759 -233
872861 -233.016
872963 -233.032
873065 -233.048
873167 -233.064
873269 -233.08
873371 -233.096
873473 -233.112
873575 -233.128
873677 -233.144
873779 -233.16
873881 -233.176
873983 -233.192
874086 -233.208
874188 -233.224
874290 -233.24
874392 -233.256
874494 -233.272
874596 -233.288
874698 -233.304
874800 -233.32
874902 -233.336
875004 -233.353
875106 -233.369
875208 -233.385
875310 -233.401
875412 -233.417
875514 -233.433
875616 -233.449
875718 -233.465
875820 -233.481
875922 -233.497
876024 -233.513
876126 -233.529
876228 -233.545
876330 -233.561
876432 -233.577
876534 -233.593
876636 -233.609
876738 -233.625
876840 -233.641
876942 -233.657
877044 -233.673
877146 -233.689
877248 -233.705
877350 -233.721
877452 -233.737
877555 -233.753
877657 -233.769
877759 -233.785
877861 -233.801
877963 -233.817
878065 -233.834
878167 -233.85
878269 -233.866
878371 -233.882
878473 -233.898
878575 -233.914
878677 -233.93
878779 -233.946
878881 -233.962
878983 -233.978
879085 -233.994
879187 -234.01
879289 -234.026
879391 -234.042
879493 -234.058
879595 -234.074
879697 -234.09
879799 -234.106
879901 -234.122
880003 -234.138
880105 -234.154
880207 -234.17
880309 -234.186
880411 -234.202
880513 -234.218
880615 -234.234
880717 -234.25
880819 -234.266
880921 -234.282
881024 -234.299
881126 -234.315
881228 -234.331
881330 -234.347
881432 -234.363
881534 -234.379
881636 -234.395
881738 -234.411
881840 -234.427
881942 -234.443
882044 -234.459
882146 -234.475
882248 -234.491
882350 -234.507
882452 -234.523
882554 -234.539
882656 -234.555
882758 -234.571
882860 -234.587
882962 -234.603
883064 -234.619
883166 -234.635
883268 -234.651
883370 -234.667
883472 -234.683
883574 -234.699
883676 -234.715
883778 -234.731
883880 -234.747
883982 -234.763
884084 -234.78
884186 -234.796
884288 -234.812
884390 -234.828
884493 -234.844
884595 -234.86
884697 -234.876
884799 -234.892
884901 -234.908
885003 -234.924
885105 -234.94
885207 -234.956
885309 -234.972
885411 -234.988
885513 -235.004
885615 -235.02
885717 -235.036
885819 -235.052
885921 -235.068
886023 -235.084
886125 -235.1
886227 -235.116
886329 -235.132
886431 -235.148
886533 -235.164
886635 -235.18
886737 -235.196
886839 -235.212
886941 -235.228
887043 -235.244
887145 -235.261
887247 -235.277
887349 -235.293
887451 -235.309
887553 -235.325
887655 -235.341
887757 -235.357
887859 -235.373
887962 -235.389
888064 -235.405
888166 -235.421
888268 -235.437
888370 -235.453
888472 -235.469
888574 -235.485
888676 -235.501
888778 -235.517
888880 -235.533
888982 -235.549
889084 -235.565
889186 -235.581
889288 -235.597
889390 -235.613
889492 -235.629
889594 -235.645
889696 -235.661
889798 -235.677
889900 -235.693
890002 -235.709
890104 -235.726
890206 -235.742
890308 -235.758
890410 -235.774
890512 -235.79
890614 -235.806
890716 -235.822
890818 -235.838
890920 -235.854
891022 -235.87
891124 -235.886
891226 -235.902
891328 -235.918
891431 -235.934
891533 -235.95
891635 -235.966
891737 -235.982
891839 -235.998
891941 -236.014
892043 -236.03
892145 -236.046
892247 -236.062
892349 -236.078
892451 -236.094
892553 -236.11
892655 -236.126
892757 -236.142
892859 -236.158
892961 -236.174
893063 -236.19
893165 -236.207
893267 -236.223
893369 -236.239
893471 -236.255
893573 -236.271
893675 -236.287
893777 -236.303
893879 -236.319
893981 -236.335
894083 -236.351
894185 -236.367
894287 -236.383
894389 -236.399
894491 -236.415
894593 -236.431
894695 -236.447
894797 -236.463
894899 -236.479
895002 -236.495
895104 -236.511
895206 -236.527
895308 -236.543
895410 -236.559
895512 -236.575
895614 -236.591
895716 -236.607
895818 -236.623
895920 -236.639
896022 -236.655
896124 -236.671
896226 -236.688
896328 -236.704
896430 -236.72
896532 -236.736
896634 -236.752
896736 -236.768
896838 -236.784
896940 -236.8
897042 -236.816
897144 -236.832
897246 -236.848
897348 -236.864
897450 -236.88
897552 -236.896
897654 -236.912
897756 -236.928
897858 -236.944
897960 -236.96
898062 -236.976
898164 -236.992
898266 -237.008
898368 -237.024
898471 -237.04
898573 -237.056
898675 -237.072
898777 -237.088
898879 -237.104
898981 -237.12
899083 -237.136
899185 -237.153
899287 -237.169
899389 -237.185
899491 -237.201
899593 -237.217
899695 -237.233
899797 -237.249
899899 -237.265
900001 -237.281
900103 -237.297
900205 -237.313
900307 -237.329
900409 -237.345
900511 -237.361
900613 -237.377
900715 -237.393
900817 -237.409
900919 -237.425
901021 -237.441
901123 -237.457
901225 -237.473
901327 -237.489
901429 -237.505
901531 -237.521
901633 -237.537
901735 -237.553
901837 -237.569
901940 -237.585
902042 -237.601
902144 -237.617
902246 -237.634
902348 -237.65
902450 -237.666
902552 -237.682
902654 -237.698
902756 -237.714
902858 -237.73
902960 -237.746
903062 -237.762
903164 -237.778
903266 -237.794
903368 -237.81
903470 -237.826
903572 -237.842
903674 -237.858
903776 -237.874
903878 -237.89
903980 -237.906
904082 -237.922
904184 -237.938
904286 -237.954
904388 -237.97
904490 -237.986
904592 -238.002
904694 -238.018
904796 -238.034
904898 -238.05
905000 -238.066
905102 -238.082
905204 -238.098
905306 -238.115
905409 -238.131
905511 -238.147
905613 -238.163
905715 -238.179
905817 -238.195
905919 -238.211
906021 -238.227
906123 -238.243
906225 -238.259
906327 -238.275
906429 -238.291
906531 -238.307
906633 -238.323
906735 -238.339
906837 -238.355
906939 -238.371
907041 -238.387
907143 -238.403
907245 -238.419
907347 -238.435
907449 -238.451
907551 -238.467
907653 -238.483
907755 -238.499
907857 -238.515
907959 -238.531
908061 -238.547
908163 -238.563
908265 -238.58
908367 -238.596
908469 -238.612
908571 -238.628
908673 -238.644
908775 -238.66
908878 -238.676
908980 -238.692
909082 -238.708
909184 -238.724
909286 -238.74
909388 -238.756
909490 -238.772
909592 -238.788
909694 -238.804
909796 -238.82
909898 -238.836
910000 -238.852
910102 -238.868
910204 -238.884
910306 -238.9
910408 -238.916
910510 -238.932
910612 -238.948
910714 -238.964
910816 -238.98
910918 -238.996
911020 -239.012
911122 -239.028
911224 -239.044
911326 -239.061
911428 -239.077
911530 -239.093
911632 -239.109
911734 -239.125
911836 -239.141
911938 -239.157
912040 -239.173
912142 -239.189
912244 -239.205
912347 -239.221
912449 -239.237
912551 -239.253
912653 -239.269
912755 -239.285
912857 -239.301
912959 -239.317
913061 -239.333
913163 -239.349
913265 -239.365
913367 -239.381
913469 -239.397
913571 -239.413
913673 -239.429
913775 -239.445
913877 -239.461
913979 -239.477
914081 -239.493
914183 -239.509
914285 -239.525
914387 -239.542
914489 -239.558
914591 -239.574
914693 -239.59
914795 -239.606
914897 -239.622
914999 -239.638
915101 -239.654
915203 -239.67
915305 -239.686
915407 -239.702
915509 -239.718
915611 -239.734
915713 -239.75
915816 -239.766
915918 -239.782
916020 -239.798
916122 -239.814
916224 -239.83
916326 -239.846
916428 -239.862
916530 -239.878
916632 -239.894
916734 -239.91
916836 -239.926
916938 -239.942
917040 -239.958
917142 -239.974
917244 -239.99
917346 -240.007
917448 -240.023
917550 -240.039
917652 -240.055
917754 -240.071
917856 -240.087
917958 -240.103
918060 -240.119
918162 -240.135
918264 -240.151
918366 -240.167
918468 -240.183
918570 -240.199
918672 -240.215
918774 -240.231
918876 -240.247
918978 -240.263
919080 -240.279
919182 -240.295
919285 -240.311
919387 -240.327
919489 -240.343
919591 -240.359
919693 -240.375
919795 -240.391
919897 -240.407
919999 -240.423
920101 -240.439
920203 -240.455
920305 -240.471
920407 -240.488
920509 -240.504
920611 -240.52
920713 -240.536
920815 -240.552
920917 -240.568
921019 -240.584
921121 -240.6
921223 -240.616
921325 -240.632
921427 -240.648
921529 -240.664
921631 -240.68
921733 -240.696
921835 -240.712
921937 -240.728
922039 -240.744
922141 -240.76
922243 -240.776
922345 -240.792
922447 -240.808
922549 -240.824
922651 -240.84
922754 -240.856
922856 -240.872
922958 -240.888
923060 -240.904
923162 -240.92
923264 -240.936
923366 -240.952
923468 -240.969
923570 -240.985
923672 -241.001
923774 -241.017
923876 -241.033
923978 -241.049
924080 -241.065
924182 -241.081
924284 -241.097
924386 -241.113
924488 -241.129
924590 -241.145
924692 -241.161
924794 -241.177
924896 -241.193
924998 -241.209
925100 -241.225
925202 -241.241
925304 -241.257
925406 -241.273
925508 -241.289
925610 -241.305
925712 -241.321
925814 -241.337
925916 -241.353
926018 -241.369
926120 -241.385
926223 -241.401
926325 -241.417
926427 -241.434
926529 -241.45
926631 -241.466
926733 -241.482
926835 -241.498
926937 -241.514
927039 -241.53
927141 -241.546
927243 -241.562
927345 -241.578
927447 -241.594
927549 -241.61
927651 -241.626
927753 -241.642
927855 -241.658
927957 -241.674
928059 -241.69
928161 -241.706
928263 -241.722
928365 -241.738
928467 -241.754
928569 -241.77
928671 -241.786
928773 -241.802
928875 -241.818
928977 -241.834
929079 -241.85
929181 -241.866
929283 -241.882
929385 -241.898
929487 -241.915
929589 -241.931
929692 -241.947
929794 -241.963
929896 -241.979
929998 -241.995
930100 -242.011
930202 -242.027
930304 -242.043
930406 -242.059
930508 -242.075
930610 -242.091
930712 -242.107
930814 -242.123
930916 -242.139
931018 -242.155
931120 -242.171
931222 -242.187
931324 -242.203
931426 -242.219
931528 -242.235
931630 -242.251
931732 -242.267
931834 -242.283
931936 -242.299
932038 -242.315
932140 -242.331
932242 -242.347
932344 -242.363
932446 -242.379
932548 -242.396
932650 -242.412
932752 -242.428
932854 -242.444
932956 -242.46
933058 -242.476
933161 -242.492
933263 -242.508
933365 -242.524
933467 -242.54
933569 -242.556
933671 -242.572
933773 -242.588
933875 -242.604
933977 -242.62
934079 -242.636
934181 -242.652
934283 -242.668
934385 -242.684
934487 -242.7
934589 -242.716
934691 -242.732
934793 -242.748
934895 -242.764
934997 -242.78
935099 -242.796
935201 -242.812
935303 -242.828
935405 -242.844
935507 -242.861
935609 -242.877
935711 -242.893
935813 -242.909
935915 -242.925
936017 -242.941
936119 -242.957
936221 -242.973
936323 -242.989
936425 -243.005
936527 -243.021
936630 -243.037
936732 -243.053
936834 -243.069
936936 -243.085
937038 -243.101
937140 -243.117
937242 -243.133
937344 -243.149
937446 -243.165
937548 -243.181
937650 -243.197
937752 -243.213
937854 -243.229
937956 -243.245
938058 -243.261
938160 -243.277
938262 -243.293
938364 -243.309
938466 -243.325
938568 -243.342
938670 -243.358
938772 -243.374
938874 -243.39
938976 -243.406
939078 -243.422
939180 -243.438
939282 -243.454
939384 -243.47
939486 -243.486
939588 -243.502
939690 -243.518
939792 -243.534
939894 -243.55
939996 -243.566
940099 -243.582
940201 -243.598
940303 -243.614
940405 -243.63
940507 -243.646
940609 -243.662
940711 -243.678
940813 -243.694
940915 -243.71
941017 -243.726
941119 -243.742
941221 -243.758
941323 -243.774
941425 -243.79
941527 -243.806
941629 -243.823
941731 -243.839
941833 -243.855
941935 -243.871
942037 -243.887
942139 -243.903
942241 -243.919
942343 -243.935
942445 -243.951
942547 -243.967
942649 -243.983
942751 -243.999
942853 -244.015
942955 -244.031
943057 -244.047
943159 -244.063
943261 -244.079
943363 -244.095
943465 -244.111
943568 -244.127
943670 -244.143
943772 -244.159
943874 -244.175
943976 -244.191
944078 -244.207
944180 -244.223
944282 -244.239
944384 -244.255
944486 -244.271
944588 -244.288
944690 -244.304
944792 -244.32
944894 -244.336
944996 -244.352
945098 -244.368
945200 -244.384
945302 -244.4
945404 -244.416
945506 -244.432
945608 -244.448
945710 -244.464
945812 -244.48
945914 -244.496
946016 -244.512
946118 -244.528
946220 -244.544
946322 -244.56
946424 -244.576
946526 -244.592
946628 -244.608
946730 -244.624
946832 -244.64
946934 -244.656
947037 -244.672
947139 -244.688
947241 -244.704
947343 -244.72
947445 -244.736
947547 -244.752
947649 -244.769
947751 -244.785
947853 -244.801
947955 -244.817
948057 -244.833
948159 -244.849
948261 -244.865
948363 -244.881
948465 -244.897
948567 -244.913
948669 -244.929
948771 -244.945
948873 -244.961
948975 -244.977
949077 -244.993
949179 -245.009
949281 -245.025
949383 -245.041
949485 -245.057
949587 -245.073
949689 -245.089
949791 -245.105
949893 -245.121
949995 -245.137
950097 -245.153
950199 -245.169
950301 -245.185
950403 -245.201
950505 -245.217
950608 -245.233
950710 -245.25
950812 -245.266
950914 -245.282
951016 -245.298
951118 -245.314
951220 -245.33
951322 -245.346
951424 -245.362
951526 -245.378
951628 -245.394
951730 -245.41
951832 -245.426
951934 -245.442
952036 -245.458
952138 -245.474
952240 -245.49
952342 -245.506
952444 -245.522
952546 -245.538
952648 -245.554
952750 -245.57
952852 -245.586
952954 -245.602
953056 -245.618
953158 -245.634
953260 -245.65
953362 -245.666
953464 -245.682
953566 -245.698
953668 -245.715
953770 -245.731
953872 -245.747
953974 -245.763
954077 -245.779
954179 -245.795
954281 -245.811
954383 -245.827
954485 -245.843
954587 -245.859
954689 -245.875
954791 -245.891
954893 -245.907
954995 -245.923
955097 -245.939
955199 -245.955
955301 -245.971
955403 -245.987
955505 -246.003
955607 -246.019
955709 -246.035
955811 -246.051
955913 -246.067
956015 -246.083
956117 -246.099
956219 -246.115
956321 -246.131
956423 -246.147
956525 -246.163
956627 -246.179
956729 -246.196
956831 -246.212
956933 -246.228
957035 -246.244
957137 -246.26
957239 -246.276
957341 -246.292
957443 -246.308
957546 -246.324
957648 -246.34
957750 -246.356
957852 -246.372
957954 -246.388
958056 -246.404
958158 -246.42
958260 -246.436
958362 -246.452
958464 -246.468
958566 -246.484
958668 -246.5
958770 -246.516
958872 -246.532
958974 -246.548
959076 -246.564
959178 -246.58
959280 -246.596
959382 -246.612
959484 -246.628
959586 -246.644
959688 -246.66
959790 -246.677
959892 -246.693
959994 -246.709
960096 -246.725
960198 -246.741
960300 -246.757
960402 -246.773
960504 -246.789
960606 -246.805
960708 -246.821
960810 -246.837
960912 -246.853
961015 -246.869
961117 -246.885
961219 -246.901
961321 -246.917
961423 -246.933
961525 -246.949
961627 -246.965
961729 -246.981
961831 -246.997
961933 -247.013
962035 -247.029
962137 -247.045
962239 -247.061
962341 -247.077
962443 -247.093
962545 -247.109
962647 -247.125
962749 -247.142
962851 -247.158
962953 -247.174
963055 -247.19
963157 -247.206
963259 -247.222
963361 -247.238
963463 -247.254
963565 -247.27
963667 -247.286
963769 -247.302
963871 -247.318
963973 -247.334
964075 -247.35
964177 -247.366
964279 -247.382
964381 -247.398
964484 -247.414
964586 -247.43
964688 -247.446
964790 -247.462
964892 -247.478
964994 -247.494
965096 -247.51
965198 -247.526
965300 -247.542
965402 -247.558
965504 -247.574
965606 -247.59
965708 -247.606
965810 -247.623
965912 -247.639
966014 -247.655
966116 -247.671
966218 -247.687
966320 -247.703
966422 -247.719
966524 -247.735
966626 -247.751
966728 -247.767
966830 -247.783
966932 -247.799
967034 -247.815
967136 -247.831
967238 -247.847
967340 -247.863
967442 -247.879
967544 -247.895
967646 -247.911
967748 -247.927
967850 -247.943
967953 -247.959
968055 -247.975
968157 -247.991
968259 -248.007
968361 -248.023
968463 -248.039
968565 -248.055
968667 -248.071
968769 -248.087
968871 -248.104
968973 -248.12
969075 -248.136
969177 -248.152
969279 -248.168
969381 -248.184
969483 -248.2
969585 -248.216
969687 -248.232
969789 -248.248
969891 -248.264
969993 -248.28
970095 -248.296
970197 -248.312
970299 -248.328
970401 -248.344
970503 -248.36
970605 -248.376
970707 -248.392
970809 -248.408
970911 -248.424
971013 -248.44
971115 -248.456
971217 -248.472
971319 -248.488
971422 -248.504
971524 -248.52
971626 -248.536
971728 -248.552
971830 -248.569
971932 -248.585
972034 -248.601
972136 -248.617
972238 -248.633
972340 -248.649
972442 -248.665
972544 -248.681
972646 -248.697
972748 -248.713
972850 -248.729
972952 -248.745
973054 -248.761
973156 -248.777
973258 -248.793
973360 -248.809
973462 -248.825
973564 -248.841
973666 -248.857
973768 -248.873
973870 -248.889
973972 -248.905
974074 -248.921
974176 -248.937
974278 -248.953
974380 -248.969
974482 -248.985
974584 -249.001
974686 -249.017
974788 -249.033
974891 -249.05
974993 -249.066
975095 -249.082
975197 -249.098
975299 -249.114
975401 -249.13
975503 -249.146
975605 -249.162
975707 -249.178
975809 -249.194
975911 -249.21
976013 -249.226
976115 -249.242
976217 -249.258
976319 -249.274
976421 -249.29
976523 -249.306
976625 -249.322
976727 -249.338
976829 -249.354
976931 -249.37
977033 -249.386
977135 -249.402
977237 -249.418
977339 -249.434
977441 -249.45
977543 -249.466
977645 -249.482
977747 -249.498
977849 -249.514
977951 -249.531
978053 -249.547
978155 -249.563
978257 -249.579
978360 -249.595
978462 -249.611
978564 -249.627
978666 -249.643
978768 -249.659
978870 -249.675
978972 -249.691
979074 -249.707
979176 -249.723
979278 -249.739
979380 -249.755
979482 -249.771
979584 -249.787
979686 -249.803
979788 -249.819
979890 -249.835
979992 -249.851
980094 -249.867
980196 -249.883
980298 -249.899
980400 -249.915
980502 -249.931
980604 -249.947
980706 -249.963
980808 -249.979
980910 -249.996
981012 -250.012
981114 -250.028
981216 -250.044
981318 -250.06
981420 -250.076
981522 -250.092
981624 -250.108
981726 -250.124
981829 -250.14
981931 -250.156
982033 -250.172
982135 -250.188
982237 -250.204
982339 -250.22
982441 -250.236
982543 -250.252
982645 -250.268
982747 -250.284
982849 -250.3
982951 -250.316
983053 -250.332
983155 -250.348
983257 -250.364
983359 -250.38
983461 -250.396
983563 -250.412
983665 -250.428
983767 -250.444
983869 -250.46
983971 -250.477
984073 -250.493
984175 -250.509
984277 -250.525
984379 -250.541
984481 -250.557
984583 -250.573
984685 -250.589
984787 -250.605
984889 -250.621
984991 -250.637
985093 -250.653
985195 -250.669
985298 -250.685
985400 -250.701
985502 -250.717
985604 -250.733
985706 -250.749
985808 -250.765
985910 -250.781
986012 -250.797
986114 -250.813
986216 -250.829
986318 -250.845
986420 -250.861
986522 -250.877
986624 -250.893
986726 -250.909
986828 -250.925
986930 -250.941
987032 -250.958
987134 -250.974
987236 -250.99
987338 -251.006
987440 -251.022
987542 -251.038
987644 -251.054
987746 -251.07
987848 -251.086
987950 -251.102
988052 -251.118
988154 -251.134
988256 -251.15
988358 -251.166
988460 -251.182
988562 -251.198
988664 -251.214
988767 -251.23
988869 -251.246
988971 -251.262
989073 -251.278
989175 -251.294
989277 -251.31
989379 -251.326
989481 -251.342
989583 -251.358
989685 -251.374
989787 -251.39
989889 -251.406
989991 -251.423
990093 -251.439
990195 -251.455
990297 -251.471
990399 -251.487
990501 -251.503
990603 -251.519
990705 -251.535
990807 -251.551
990909 -251.567
991011 -251.583
991113 -251.599
991215 -251.615
991317 -251.631
991419 -251.647
991521 -251.663
991623 -251.679
991725 -251.695
991827 -251.711
991929 -251.727
992031 -251.743
992133 -251.759
992236 -251.775
992338 -251.791
992440 -251.807
992542 -251.823
992644 -251.839
992746 -251.855
992848 -251.871
992950 -251.887
993052 -251.904
993154 -251.92
993256 -251.936
993358 -251.952
993460 -251.968
993562 -251.984
993664 -252
993766 -252.016
993868 -252.032
993970 -252.048
994072 -252.064
994174 -252.08
994276 -252.096
994378 -252.112
994480 -252.128
994582 -252.144
994684 -252.16
994786 -252.176
994888 -252.192
994990 -252.208
995092 -252.224
995194 -252.24
995296 -252.256
995398 -252.272
995500 -252.288
995602 -252.304
995705 -252.32
995807 -252.336
995909 -252.352
996011 -252.368
996113 -252.385
996215 -252.401
996317 -252.417
996419 -252.433
996521 -252.449
996623 -252.465
996725 -252.481
996827 -252.497
996929 -252.513
997031 -252.529
997133 -252.545
997235 -252.561
997337 -252.577
997439 -252.593
997541 -252.609
997643 -252.625
997745 -252.641
997847 -252.657
997949 -252.673
998051 -252.689
998153 -252.705
998255 -252.721
998357 -252.737
998459 -252.753
998561 -252.769
998663 -252.785
998765 -252.801
998867 -252.817
998969 -252.833
999071 -252.85
999174 -252.866
999276 -252.882
999378 -252.898
999480 -252.914
999582 -252.93
999684 -252.946
999786 -252.962
999888 -252.978
999990 -252.994
1.00009e+06 -253.01
1.00019e+06 -253.026
1.0003e+06 -253.042
1.0004e+06 -253.058
1.0005e+06 -253.074
1.0006e+06 -253.09
1.0007e+06 -253.106
1.00081e+06 -253.122
1.00091e+06 -253.138
1.00101e+06 -253.154
1.00111e+06 -253.17
1.00121e+06 -253.186
1.00132e+06 -253.202
1.00142e+06 -253.218
1.00152e+06 -253.234
1.00162e+06 -253.25
1.00172e+06 -253.266
1.00183e+06 -253.282
1.00193e+06 -253.298
1.00203e+06 -253.314
1.00213e+06 -253.331
1.00223e+06 -253.347
1.00234e+06 -253.363
1.00244e+06 -253.379
1.00254e+06 -253.395
1.00264e+06 -253.411
1.00274e+06 -253.427
1.00285e+06 -253.443
1.00295e+06 -253.459
1.00305e+06 -253.475
1.00315e+06 -253.491
1.00325e+06 -253.507
1.00336e+06 -253.523
1.00346e+06 -253.539
1.00356e+06 -253.555
1.00366e+06 -253.571
1.00376e+06 -253.587
1.00387e+06 -253.603
1.00397e+06 -253.619
1.00407e+06 -253.635
1.00417e+06 -253.651
1.00427e+06 -253.667
1.00438e+06 -253.683
1.00448e+06 -253.699
1.00458e+06 -253.715
1.00468e+06 -253.731
1.00479e+06 -253.747
1.00489e+06 -253.763
1.00499e+06 -253.779
1.00509e+06 -253.795
1.00519e+06 -253.812
1.0053e+06 -253.828
1.0054e+06 -253.844
1.0055e+06 -253.86
1.0056e+06 -253.876
1.0057e+06 -253.892
1.00581e+06 -253.908
1.00591e+06 -253.924
1.00601e+06 -253.94
1.00611e+06 -253.956
1.00621e+06 -253.972
1.00632e+06 -253.988
1.00642e+06 -254.004
1.00652e+06 -254.02
1.00662e+06 -254.036
1.00672e+06 -254.052
1.00683e+06 -254.068
1.00693e+06 -254.084
1.00703e+06 -254.1
1.00713e+06 -254.116
1.00723e+06 -254.132
1.00734e+06 -254.148
1.00744e+06 -254.164
1.00754e+06 -254.18
1.00764e+06 -254.196
1.00774e+06 -254.212
1.00785e+06 -254.228
1.00795e+06 -254.244
1.00805e+06 -254.26
1.00815e+06 -254.277
1.00825e+06 -254.293
1.00836e+06 -254.309
1.00846e+06 -254.325
1.00856e+06 -254.341
1.00866e+06 -254.357
1.00876e+06 -254.373
1.00887e+06 -254.389
1.00897e+06 -254.405
1.00907e+06 -254.421
1.00917e+06 -254.437
1.00927e+06 -254.453
1.00938e+06 -254.469
1.00948e+06 -254.485
1.00958e+06 -254.501
1.00968e+06 -254.517
1.00978e+06 -254.533
1.00989e+06 -254.549
1.00999e+06 -254.565
1.01009e+06 -254.581
1.01019e+06 -254.597
1.01029e+06 -254.613
1.0104e+06 -254.629
1.0105e+06 -254.645
1.0106e+06 -254.661
1.0107e+06 -254.677
1.0108e+06 -254.693
1.01091e+06 -254.709
1.01101e+06 -254.725
1.01111e+06 -254.741
1.01121e+06 -254.758
1.01131e+06 -254.774
1.01142e+06 -254.79
1.01152e+06 -254.806
1.01162e+06 -254.822
1.01172e+06 -254.838
1.01183e+06 -254.854
1.01193e+06 -254.87
1.01203e+06 -254.886
1.01213e+06 -254.902
1.01223e+06 -254.918
1.01234e+06 -254.934
1.01244e+06 -254.95
1.01254e+06 -254.966
1.01264e+06 -254.982
1.01274e+06 -254.998
1.01285e+06 -255.014
1.01295e+06 -255.03
1.01305e+06 -255.046
1.01315e+06 -255.062
1.01325e+06 -255.078
1.01336e+06 -255.094
1.01346e+06 -255.11
1.01356e+06 -255.126
1.01366e+06 -255.142
1.01376e+06 -255.158
1.01387e+06 -255.174
1.01397e+06 -255.19
1.01407e+06 -255.206
1.01417e+06 -255.222
1.01427e+06 -255.239
1.01438e+06 -255.255
1.01448e+06 -255.271
1.01458e+06 -255.287
1.01468e+06 -255.303
1.01478e+06 -255.319
1.01489e+06 -255.335
1.01499e+06 -255.351
1.01509e+06 -255.367
1.01519e+06 -255.383
1.01529e+06 -255.399
1.0154e+06 -255.415
1.0155e+06 -255.431
1.0156e+06 -255.447
1.0157e+06 -255.463
1.0158e+06 -255.479
1.01591e+06 -255.495
1.01601e+06 -255.511
1.01611e+06 -255.527
1.01621e+06 -255.543
1.01631e+06 -255.559
1.01642e+06 -255.575
1.01652e+06 -255.591
1.01662e+06 -255.607
1.01672e+06 -255.623
1.01682e+06 -255.639
1.01693e+06 -255.655
1.01703e+06 -255.671
1.01713e+06 -255.687
1.01723e+06 -255.704
1.01733e+06 -255.72
1.01744e+06 -255.736
1.01754e+06 -255.752
1.01764e+06 -255.768
1.01774e+06 -255.784
1.01784e+06 -255.8
1.01795e+06 -255.816
1.01805e+06 -255.832
1.01815e+06 -255.848
1.01825e+06 -255.864
1.01836e+06 -255.88
1.01846e+06 -255.896
1.01856e+06 -255.912
1.01866e+06 -255.928
1.01876e+06 -255.944
1.01887e+06 -255.96
1.01897e+06 -255.976
1.01907e+06 -255.992
1.01917e+06 -256.008
1.01927e+06 -256.024
1.01938e+06 -256.04
1.01948e+06 -256.056
1.01958e+06 -256.072
1.01968e+06 -256.088
1.01978e+06 -256.104
1.01989e+06 -256.12
1.01999e+06 -256.136
1.02009e+06 -256.152
1.02019e+06 -256.168
