0 -95.8474
102.029 -95.8634
204.059 -95.8795
306.088 -95.8955
408.117 -95.9115
510.147 -95.9276
612.176 -95.9436
714.206 -95.9596
816.235 -95.9757
918.264 -95.9917
1020.29 -96.0077
1122.32 -96.0238
1224.35 -96.0398
1326.38 -96.0558
1428.41 -96.0719
1530.44 -96.0879
1632.47 -96.1039
1734.5 -96.12
1836.53 -96.136
1938.56 -96.152
2040.59 -96.1681
2142.62 -96.1841
2244.65 -96.2001
2346.68 -96.2162
2448.7 -96.2322
2550.73 -96.2482
2652.76 -96.2643
2754.79 -96.2803
2856.82 -96.2963
2958.85 -96.3124
3060.88 -96.3284
3162.91 -96.3444
3264.94 -96.3605
3366.97 -96.3765
3469 -96.3925
3571.03 -96.4086
3673.06 -96.4246
3775.09 -96.4406
3877.12 -96.4567
3979.14 -96.4727
4081.17 -96.4887
4183.2 -96.5048
4285.23 -96.5208
4387.26 -96.5368
4489.29 -96.5529
4591.32 -96.5689
4693.35 -96.5849
4795.38 -96.601
4897.41 -96.617
4999.44 -96.633
5101.47 -96.6491
5203.5 -96.6651
5305.53 -96.6811
5407.56 -96.6972
5509.59 -96.7132
5611.61 -96.7292
5713.64 -96.7453
5815.67 -96.7613
5917.7 -96.7773
6019.73 -96.7934
6121.76 -96.8094
6223.79 -96.8254
6325.82 -96.8415
6427.85 -96.8575
6529.88 -96.8735
6631.91 -96.8896
6733.94 -96.9056
6835.97 -96.9216
6938 -96.9377
7040.03 -96.9537
7142.06 -96.9697
7244.08 -96.9858
7346.11 -97.0018
7448.14 -97.0178
7550.17 -97.0339
7652.2 -97.0499
7754.23 -97.0659
7856.26 -97.082
7958.29 -97.098
8060.32 -97.1141
8162.35 -97.1301
8264.38 -97.1461
8366.41 -97.1622
8468.44 -97.1782
8570.47 -97.1942
8672.5 -97.2103
8774.52 -97.2263
8876.55 -97.2423
8978.58 -97.2584
9080.61 -97.2744
9182.64 -97.2904
9284.67 -97.3065
9386.7 -97.3225
9488.73 -97.3385
9590.76 -97.3546
9692.79 -97.3706
9794.82 -97.3866
9896.85 -97.4027
9998.88 -97.4187
10100.9 -97.4347
10202.9 -97.4508
10305 -97.4668
10407 -97.4828
10509 -97.4989
10611.1 -97.5149
10713.1 -97.5309
10815.1 -97.547
10917.1 -97.563
11019.2 -97.579
11121.2 -97.5951
11223.2 -97.6111
11325.3 -97.6271
11427.3 -97.6432
11529.3 -97.6592
11631.3 -97.6752
11733.4 -97.6913
11835.4 -97.7073
11937.4 -97.7233
12039.5 -97.7394
12141.5 -97.7554
12243.5 -97.7714
12345.6 -97.7875
12447.6 -97.8035
12549.6 -97.8195
12651.6 -97.8356
12753.7 -97.8516
12855.7 -97.8676
12957.7 -97.8837
13059.8 -97.8997
13161.8 -97.9157
13263.8 -97.9318
13365.8 -97.9478
13467.9 -97.9638
13569.9 -97.9799
13671.9 -97.9959
13774 -98.0119
13876 -98.028
13978 -98.044
14080.1 -98.06
14182.1 -98.0761
14284.1 -98.0921
14386.1 -98.1081
14488.2 -98.1242
14590.2 -98.1402
14692.2 -98.1562
14794.3 -98.1723
14896.3 -98.1883
14998.3 -98.2043
15100.3 -98.2204
15202.4 -98.2364
15304.4 -98.2524
15406.4 -98.2685
15508.5 -98.2845
15610.5 -98.3005
15712.5 -98.3166
15814.6 -98.3326
15916.6 -98.3486
16018.6 -98.3647
16120.6 -98.3807
16222.7 -98.3967
16324.7 -98.4128
16426.7 -98.4288
16528.8 -98.4448
16630.8 -98.4609
16732.8 -98.4769
16834.8 -98.4929
16936.9 -98.509
17038.9 -98.525
17140.9 -98.5411
17243 -98.5571
17345 -98.5731
17447 -98.5892
17549 -98.6052
17651.1 -98.6212
17753.1 -98.6373
17855.1 -98.6533
17957.2 -98.6693
18059.2 -98.6854
18161.2 -98.7014
18263.3 -98.7174
18365.3 -98.7335
18467.3 -98.7495
18569.3 -98.7655
18671.4 -98.7816
18773.4 -98.7976
18875.4 -98.8136
18977.5 -98.8297
19079.5 -98.8457
19181.5 -98.8617
19283.5 -98.8778
19385.6 -98.8938
19487.6 -98.9098
19589.6 -98.9259
19691.7 -98.9419
19793.7 -98.9579
19895.7 -98.974
19997.8 -98.99
20099.8 -99.006
20201.8 -99.0221
20303.8 -99.0381
20405.9 -99.0541
20507.9 -99.0702
20609.9 -99.0862
20712 -99.1022
20814 -99.1183
20916 -99.1343
21018 -99.1503
21120.1 -99.1664
21222.1 -99.1824
21324.1 -99.1984
21426.2 -99.2145
21528.2 -99.2305
21630.2 -99.2465
21732.3 -99.2626
21834.3 -99.2786
21936.3 -99.2946
22038.3 -99.3107
22140.4 -99.3267
22242.4 -99.3427
22344.4 -99.3588
22446.5 -99.3748
22548.5 -99.3908
22650.5 -99.4069
22752.5 -99.4229
22854.6 -99.4389
22956.6 -99.455
23058.6 -99.471
23160.7 -99.487
23262.7 -99.5031
23364.7 -99.5191
23466.8 -99.5351
23568.8 -99.5512
23670.8 -99.5672
23772.8 -99.5832
23874.9 -99.5993
23976.9 -99.6153
24078.9 -99.6313
24181 -99.6474
24283 -99.6634
24385 -99.6794
24487 -99.6955
24589.1 -99.7115
24691.1 -99.7275
24793.1 -99.7436
24895.2 -99.7596
24997.2 -99.7756
25099.2 -99.7917
25201.3 -99.8077
25303.3 -99.8237
25405.3 -99.8398
25507.3 -99.8558
25609.4 -99.8718
25711.4 -99.8879
25813.4 -99.9039
25915.5 -99.92
26017.5 -99.936
26119.5 -99.952
26221.5 -99.9681
26323.6 -99.9841
26425.6 -100
26527.6 -100.016
26629.7 -100.032
26731.7 -100.048
26833.7 -100.064
26935.8 -100.08
27037.8 -100.096
27139.8 -100.112
27241.8 -100.128
27343.9 -100.144
27445.9 -100.16
27547.9 -100.176
27650 -100.193
27752 -100.209
27854 -100.225
27956 -100.241
28058.1 -100.257
28160.1 -100.273
28262.1 -100.289
28364.2 -100.305
28466.2 -100.321
28568.2 -100.337
28670.2 -100.353
28772.3 -100.369
28874.3 -100.385
28976.3 -100.401
29078.4 -100.417
29180.4 -100.433
29282.4 -100.449
29384.5 -100.465
29486.5 -100.481
29588.5 -100.497
29690.5 -100.513
29792.6 -100.529
29894.6 -100.545
29996.6 -100.561
30098.7 -100.577
30200.7 -100.593
30302.7 -100.609
30404.7 -100.625
30506.8 -100.641
30608.8 -100.658
30710.8 -100.674
30812.9 -100.69
30914.9 -100.706
31016.9 -100.722
31119 -100.738
31221 -100.754
31323 -100.77
31425 -100.786
31527.1 -100.802
31629.1 -100.818
31731.1 -100.834
31833.2 -100.85
31935.2 -100.866
32037.2 -100.882
32139.2 -100.898
32241.3 -100.914
32343.3 -100.93
32445.3 -100.946
32547.4 -100.962
32649.4 -100.978
32751.4 -100.994
32853.5 -101.01
32955.5 -101.026
33057.5 -101.042
33159.5 -101.058
33261.6 -101.074
33363.6 -101.09
33465.6 -101.106
33567.7 -101.122
33669.7 -101.139
33771.7 -101.155
33873.7 -101.171
33975.8 -101.187
34077.8 -101.203
34179.8 -101.219
34281.9 -101.235
34383.9 -101.251
34485.9 -101.267
34588 -101.283
34690 -101.299
34792 -101.315
34894 -101.331
34996.1 -101.347
35098.1 -101.363
35200.1 -101.379
35302.2 -101.395
35404.2 -101.411
35506.2 -101.427
35608.2 -101.443
35710.3 -101.459
35812.3 -101.475
35914.3 -101.491
36016.4 -101.507
36118.4 -101.523
36220.4 -101.539
36322.5 -101.555
36424.5 -101.571
36526.5 -101.587
36628.5 -101.603
36730.6 -101.62
36832.6 -101.636
36934.6 -101.652
37036.7 -101.668
37138.7 -101.684
37240.7 -101.7
37342.7 -101.716
37444.8 -101.732
37546.8 -101.748
37648.8 -101.764
37750.9 -101.78
37852.9 -101.796
37954.9 -101.812
38057 -101.828
38159 -101.844
38261 -101.86
38363 -101.876
38465.1 -101.892
38567.1 -101.908
38669.1 -101.924
38771.2 -101.94
38873.2 -101.956
38975.2 -101.972
39077.2 -101.988
39179.3 -102.004
39281.3 -102.02
39383.3 -102.036
39485.4 -102.052
39587.4 -102.068
39689.4 -102.085
39791.4 -102.101
39893.5 -102.117
39995.5 -102.133
40097.5 -102.149
40199.6 -102.165
40301.6 -102.181
40403.6 -102.197
40505.7 -102.213
40607.7 -102.229
40709.7 -102.245
40811.7 -102.261
40913.8 -102.277
41015.8 -102.293
41117.8 -102.309
41219.9 -102.325
41321.9 -102.341
41423.9 -102.357
41525.9 -102.373
41628 -102.389
41730 -102.405
41832 -102.421
41934.1 -102.437
42036.1 -102.453
42138.1 -102.469
42240.2 -102.485
42342.2 -102.501
42444.2 -102.517
42546.2 -102.533
42648.3 -102.549
42750.3 -102.566
42852.3 -102.582
42954.4 -102.598
43056.4 -102.614
43158.4 -102.63
43260.4 -102.646
43362.5 -102.662
43464.5 -102.678
43566.5 -102.694
43668.6 -102.71
43770.6 -102.726
43872.6 -102.742
43974.7 -102.758
44076.7 -102.774
44178.7 -102.79
44280.7 -102.806
44382.8 -102.822
44484.8 -102.838
44586.8 -102.854
44688.9 -102.87
44790.9 -102.886
44892.9 -102.902
44994.9 -102.918
45097 -102.934
45199 -102.95
45301 -102.966
45403.1 -102.982
45505.1 -102.998
45607.1 -103.014
45709.2 -103.03
45811.2 -103.047
45913.2 -103.063
46015.2 -103.079
46117.3 -103.095
46219.3 -103.111
46321.3 -103.127
46423.4 -103.143
46525.4 -103.159
46627.4 -103.175
46729.4 -103.191
46831.5 -103.207
46933.5 -103.223
47035.5 -103.239
47137.6 -103.255
47239.6 -103.271
47341.6 -103.287
47443.7 -103.303
47545.7 -103.319
47647.7 -103.335
47749.7 -103.351
47851.8 -103.367
47953.8 -103.383
48055.8 -103.399
48157.9 -103.415
48259.9 -103.431
48361.9 -103.447
48463.9 -103.463
48566 -103.479
48668 -103.495
48770 -103.512
48872.1 -103.528
48974.1 -103.544
49076.1 -103.56
49178.2 -103.576
49280.2 -103.592
49382.2 -103.608
49484.2 -103.624
49586.3 -103.64
49688.3 -103.656
49790.3 -103.672
49892.4 -103.688
49994.4 -103.704
50096.4 -103.72
50198.4 -103.736
50300.5 -103.752
50402.5 -103.768
50504.5 -103.784
50606.6 -103.8
50708.6 -103.816
50810.6 -103.832
50912.6 -103.848
51014.7 -103.864
51116.7 -103.88
51218.7 -103.896
51320.8 -103.912
51422.8 -103.928
51524.8 -103.944
51626.9 -103.96
51728.9 -103.976
51830.9 -103.993
51932.9 -104.009
52035 -104.025
52137 -104.041
52239 -104.057
52341.1 -104.073
52443.1 -104.089
52545.1 -104.105
52647.1 -104.121
52749.2 -104.137
52851.2 -104.153
52953.2 -104.169
53055.3 -104.185
53157.3 -104.201
53259.3 -104.217
53361.4 -104.233
53463.4 -104.249
53565.4 -104.265
53667.4 -104.281
53769.5 -104.297
53871.5 -104.313
53973.5 -104.329
54075.6 -104.345
54177.6 -104.361
54279.6 -104.377
54381.6 -104.393
54483.7 -104.409
54585.7 -104.425
54687.7 -104.441
54789.8 -104.457
54891.8 -104.474
54993.8 -104.49
55095.9 -104.506
55197.9 -104.522
55299.9 -104.538
55401.9 -104.554
55504 -104.57
55606 -104.586
55708 -104.602
55810.1 -104.618
55912.1 -104.634
56014.1 -104.65
56116.1 -104.666
56218.2 -104.682
56320.2 -104.698
56422.2 -104.714
56524.3 -104.73
56626.3 -104.746
56728.3 -104.762
56830.4 -104.778
56932.4 -104.794
57034.4 -104.81
57136.4 -104.826
57238.5 -104.842
57340.5 -104.858
57442.5 -104.874
57544.6 -104.89
57646.6 -104.906
57748.6 -104.922
57850.6 -104.939
57952.7 -104.955
58054.7 -104.971
58156.7 -104.987
58258.8 -105.003
58360.8 -105.019
58462.8 -105.035
58564.9 -105.051
58666.9 -105.067
58768.9 -105.083
58870.9 -105.099
58973 -105.115
59075 -105.131
59177 -105.147
59279.1 -105.163
59381.1 -105.179
59483.1 -105.195
59585.1 -105.211
59687.2 -105.227
59789.2 -105.243
59891.2 -105.259
59993.3 -105.275
60095.3 -105.291
60197.3 -105.307
60299.4 -105.323
60401.4 -105.339
60503.4 -105.355
60605.4 -105.371
60707.5 -105.387
60809.5 -105.403
60911.5 -105.42
61013.6 -105.436
61115.6 -105.452
61217.6 -105.468
61319.6 -105.484
61421.7 -105.5
61523.7 -105.516
61625.7 -105.532
61727.8 -105.548
61829.8 -105.564
61931.8 -105.58
62033.8 -105.596
62135.9 -105.612
62237.9 -105.628
62339.9 -105.644
62442 -105.66
62544 -105.676
62646 -105.692
62748.1 -105.708
62850.1 -105.724
62952.1 -105.74
63054.1 -105.756
63156.2 -105.772
63258.2 -105.788
63360.2 -105.804
63462.3 -105.82
63564.3 -105.836
63666.3 -105.852
63768.3 -105.868
63870.4 -105.884
63972.4 -105.901
64074.4 -105.917
64176.5 -105.933
64278.5 -105.949
64380.5 -105.965
64482.6 -105.981
64584.6 -105.997
64686.6 -106.013
64788.6 -106.029
64890.7 -106.045
64992.7 -106.061
65094.7 -106.077
65196.8 -106.093
65298.8 -106.109
65400.8 -106.125
65502.8 -106.141
65604.9 -106.157
65706.9 -106.173
65808.9 -106.189
65911 -106.205
66013 -106.221
66115 -106.237
66217.1 -106.253
66319.1 -106.269
66421.1 -106.285
66523.1 -106.301
66625.2 -106.317
66727.2 -106.333
66829.2 -106.349
66931.3 -106.366
67033.3 -106.382
67135.3 -106.398
67237.3 -106.414
67339.4 -106.43
67441.4 -106.446
67543.4 -106.462
67645.5 -106.478
67747.5 -106.494
67849.5 -106.51
67951.6 -106.526
68053.6 -106.542
68155.6 -106.558
68257.6 -106.574
68359.7 -106.59
68461.7 -106.606
68563.7 -106.622
68665.8 -106.638
68767.8 -106.654
68869.8 -106.67
68971.8 -106.686
69073.9 -106.702
69175.9 -106.718
69277.9 -106.734
69380 -106.75
69482 -106.766
69584 -106.782
69686.1 -106.798
69788.1 -106.814
69890.1 -106.83
69992.1 -106.847
70094.2 -106.863
70196.2 -106.879
70298.2 -106.895
70400.3 -106.911
70502.3 -106.927
70604.3 -106.943
70706.3 -106.959
70808.4 -106.975
70910.4 -106.991
71012.4 -107.007
71114.5 -107.023
71216.5 -107.039
71318.5 -107.055
71420.6 -107.071
71522.6 -107.087
71624.6 -107.103
71726.6 -107.119
71828.7 -107.135
71930.7 -107.151
72032.7 -107.167
72134.8 -107.183
72236.8 -107.199
72338.8 -107.215
72440.8 -107.231
72542.9 -107.247
72644.9 -107.263
72746.9 -107.279
72849 -107.295
72951 -107.311
73053 -107.328
73155 -107.344
73257.1 -107.36
73359.1 -107.376
73461.1 -107.392
73563.2 -107.408
73665.2 -107.424
73767.2 -107.44
73869.3 -107.456
73971.3 -107.472
74073.3 -107.488
74175.3 -107.504
74277.4 -107.52
74379.4 -107.536
74481.4 -107.552
74583.5 -107.568
74685.5 -107.584
74787.5 -107.6
74889.5 -107.616
74991.6 -107.632
75093.6 -107.648
75195.6 -107.664
75297.7 -107.68
75399.7 -107.696
75501.7 -107.712
75603.8 -107.728
75705.8 -107.744
75807.8 -107.76
75909.8 -107.776
76011.9 -107.793
76113.9 -107.809
76215.9 -107.825
76318 -107.841
76420 -107.857
76522 -107.873
76624 -107.889
76726.1 -107.905
76828.1 -107.921
76930.1 -107.937
77032.2 -107.953
77134.2 -107.969
77236.2 -107.985
77338.3 -108.001
77440.3 -108.017
77542.3 -108.033
77644.3 -108.049
77746.4 -108.065
77848.4 -108.081
77950.4 -108.097
78052.5 -108.113
78154.5 -108.129
78256.5 -108.145
78358.5 -108.161
78460.6 -108.177
78562.6 -108.193
78664.6 -108.209
78766.7 -108.225
78868.7 -108.241
78970.7 -108.257
79072.8 -108.274
79174.8 -108.29
79276.8 -108.306
79378.8 -108.322
79480.9 -108.338
79582.9 -108.354
79684.9 -108.37
79787 -108.386
79889 -108.402
79991 -108.418
80093 -108.434
80195.1 -108.45
80297.1 -108.466
80399.1 -108.482
80501.2 -108.498
80603.2 -108.514
80705.2 -108.53
80807.3 -108.546
80909.3 -108.562
81011.3 -108.578
81113.3 -108.594
81215.4 -108.61
81317.4 -108.626
81419.4 -108.642
81521.5 -108.658
81623.5 -108.674
81725.5 -108.69
81827.5 -108.706
81929.6 -108.722
82031.6 -108.738
82133.6 -108.755
82235.7 -108.771
82337.7 -108.787
82439.7 -108.803
82541.8 -108.819
82643.8 -108.835
82745.8 -108.851
82847.8 -108.867
82949.9 -108.883
83051.9 -108.899
83153.9 -108.915
83256 -108.931
83358 -108.947
83460 -108.963
83562 -108.979
83664.1 -108.995
83766.1 -109.011
83868.1 -109.027
83970.2 -109.043
84072.2 -109.059
84174.2 -109.075
84276.2 -109.091
84378.3 -109.107
84480.3 -109.123
84582.3 -109.139
84684.4 -109.155
84786.4 -109.171
84888.4 -109.187
84990.5 -109.203
85092.5 -109.22
85194.5 -109.236
85296.5 -109.252
85398.6 -109.268
85500.6 -109.284
85602.6 -109.3
85704.7 -109.316
85806.7 -109.332
85908.7 -109.348
86010.7 -109.364
86112.8 -109.38
86214.8 -109.396
86316.8 -109.412
86418.9 -109.428
86520.9 -109.444
86622.9 -109.46
86725 -109.476
86827 -109.492
86929 -109.508
87031 -109.524
87133.1 -109.54
87235.1 -109.556
87337.1 -109.572
87439.2 -109.588
87541.2 -109.604
87643.2 -109.62
87745.2 -109.636
87847.3 -109.652
87949.3 -109.668
88051.3 -109.684
88153.4 -109.701
88255.4 -109.717
88357.4 -109.733
88459.5 -109.749
88561.5 -109.765
88663.5 -109.781
88765.5 -109.797
88867.6 -109.813
88969.6 -109.829
89071.6 -109.845
89173.7 -109.861
89275.7 -109.877
89377.7 -109.893
89479.7 -109.909
89581.8 -109.925
89683.8 -109.941
89785.8 -109.957
89887.9 -109.973
89989.9 -109.989
90091.9 -110.005
90194 -110.021
90296 -110.037
90398 -110.053
90500 -110.069
90602.1 -110.085
90704.1 -110.101
90806.1 -110.117
90908.2 -110.133
91010.2 -110.149
91112.2 -110.165
91214.2 -110.182
91316.3 -110.198
91418.3 -110.214
91520.3 -110.23
91622.4 -110.246
91724.4 -110.262
91826.4 -110.278
91928.5 -110.294
92030.5 -110.31
92132.5 -110.326
92234.5 -110.342
92336.6 -110.358
92438.6 -110.374
92540.6 -110.39
92642.7 -110.406
92744.7 -110.422
92846.7 -110.438
92948.7 -110.454
93050.8 -110.47
93152.8 -110.486
93254.8 -110.502
93356.9 -110.518
93458.9 -110.534
93560.9 -110.55
93663 -110.566
93765 -110.582
93867 -110.598
93969 -110.614
94071.1 -110.63
94173.1 -110.647
94275.1 -110.663
94377.2 -110.679
94479.2 -110.695
94581.2 -110.711
94683.2 -110.727
94785.3 -110.743
94887.3 -110.759
94989.3 -110.775
95091.4 -110.791
95193.4 -110.807
95295.4 -110.823
95397.4 -110.839
95499.5 -110.855
95601.5 -110.871
95703.5 -110.887
95805.6 -110.903
95907.6 -110.919
96009.6 -110.935
96111.7 -110.951
96213.7 -110.967
96315.7 -110.983
96417.7 -110.999
96519.8 -111.015
96621.8 -111.031
96723.8 -111.047
96825.9 -111.063
96927.9 -111.079
97029.9 -111.095
97131.9 -111.111
97234 -111.128
97336 -111.144
97438 -111.16
97540.1 -111.176
97642.1 -111.192
97744.1 -111.208
97846.2 -111.224
97948.2 -111.24
98050.2 -111.256
98152.2 -111.272
98254.3 -111.288
98356.3 -111.304
98458.3 -111.32
98560.4 -111.336
98662.4 -111.352
98764.4 -111.368
98866.4 -111.384
98968.5 -111.4
99070.5 -111.416
99172.5 -111.432
99274.6 -111.448
99376.6 -111.464
99478.6 -111.48
99580.7 -111.496
99682.7 -111.512
99784.7 -111.528
99886.7 -111.544
99988.8 -111.56
100091 -111.576
100193 -111.592
100295 -111.609
100397 -111.625
100499 -111.641
100601 -111.657
100703 -111.673
100805 -111.689
100907 -111.705
101009 -111.721
101111 -111.737
101213 -111.753
101315 -111.769
101417 -111.785
101519 -111.801
101621 -111.817
101723 -111.833
101825 -111.849
101927 -111.865
102029 -111.881
102131 -111.897
102233 -111.913
102335 -111.929
102437 -111.945
102540 -111.961
102642 -111.977
102744 -111.993
102846 -112.009
102948 -112.025
103050 -112.041
103152 -112.057
103254 -112.074
103356 -112.09
103458 -112.106
103560 -112.122
103662 -112.138
103764 -112.154
103866 -112.17
103968 -112.186
104070 -112.202
104172 -112.218
104274 -112.234
104376 -112.25
104478 -112.266
104580 -112.282
104682 -112.298
104784 -112.314
104886 -112.33
104988 -112.346
105090 -112.362
105192 -112.378
105294 -112.394
105396 -112.41
105498 -112.426
105600 -112.442
105702 -112.458
105804 -112.474
105906 -112.49
106009 -112.506
106111 -112.522
106213 -112.538
106315 -112.555
106417 -112.571
106519 -112.587
106621 -112.603
106723 -112.619
106825 -112.635
106927 -112.651
107029 -112.667
107131 -112.683
107233 -112.699
107335 -112.715
107437 -112.731
107539 -112.747
107641 -112.763
107743 -112.779
107845 -112.795
107947 -112.811
108049 -112.827
108151 -112.843
108253 -112.859
108355 -112.875
108457 -112.891
108559 -112.907
108661 -112.923
108763 -112.939
108865 -112.955
108967 -112.971
109069 -112.987
109171 -113.003
109273 -113.019
109375 -113.036
109478 -113.052
109580 -113.068
109682 -113.084
109784 -113.1
109886 -113.116
109988 -113.132
110090 -113.148
110192 -113.164
110294 -113.18
110396 -113.196
110498 -113.212
110600 -113.228
110702 -113.244
110804 -113.26
110906 -113.276
111008 -113.292
111110 -113.308
111212 -113.324
111314 -113.34
111416 -113.356
111518 -113.372
111620 -113.388
111722 -113.404
111824 -113.42
111926 -113.436
112028 -113.452
112130 -113.468
112232 -113.484
112334 -113.501
112436 -113.517
112538 -113.533
112640 -113.549
112742 -113.565
112844 -113.581
112946 -113.597
113049 -113.613
113151 -113.629
113253 -113.645
113355 -113.661
113457 -113.677
113559 -113.693
113661 -113.709
113763 -113.725
113865 -113.741
113967 -113.757
114069 -113.773
114171 -113.789
114273 -113.805
114375 -113.821
114477 -113.837
114579 -113.853
114681 -113.869
114783 -113.885
114885 -113.901
114987 -113.917
115089 -113.933
115191 -113.949
115293 -113.965
115395 -113.982
115497 -113.998
115599 -114.014
115701 -114.03
115803 -114.046
115905 -114.062
116007 -114.078
116109 -114.094
116211 -114.11
116313 -114.126
116415 -114.142
116518 -114.158
116620 -114.174
116722 -114.19
116824 -114.206
116926 -114.222
117028 -114.238
117130 -114.254
117232 -114.27
117334 -114.286
117436 -114.302
117538 -114.318
117640 -114.334
117742 -114.35
117844 -114.366
117946 -114.382
118048 -114.398
118150 -114.414
118252 -114.43
118354 -114.446
118456 -114.463
118558 -114.479
118660 -114.495
118762 -114.511
118864 -114.527
118966 -114.543
119068 -114.559
119170 -114.575
119272 -114.591
119374 -114.607
119476 -114.623
119578 -114.639
119680 -114.655
119782 -114.671
119884 -114.687
119987 -114.703
120089 -114.719
120191 -114.735
120293 -114.751
120395 -114.767
120497 -114.783
120599 -114.799
120701 -114.815
120803 -114.831
120905 -114.847
121007 -114.863
121109 -114.879
121211 -114.895
121313 -114.911
121415 -114.928
121517 -114.944
121619 -114.96
121721 -114.976
121823 -114.992
121925 -115.008
122027 -115.024
122129 -115.04
122231 -115.056
122333 -115.072
122435 -115.088
122537 -115.104
122639 -115.12
122741 -115.136
122843 -115.152
122945 -115.168
123047 -115.184
123149 -115.2
123251 -115.216
123353 -115.232
123456 -115.248
123558 -115.264
123660 -115.28
123762 -115.296
123864 -115.312
123966 -115.328
124068 -115.344
124170 -115.36
124272 -115.376
124374 -115.392
124476 -115.409
124578 -115.425
124680 -115.441
124782 -115.457
124884 -115.473
124986 -115.489
125088 -115.505
125190 -115.521
125292 -115.537
125394 -115.553
125496 -115.569
125598 -115.585
125700 -115.601
125802 -115.617
125904 -115.633
126006 -115.649
126108 -115.665
126210 -115.681
126312 -115.697
126414 -115.713
126516 -115.729
126618 -115.745
126720 -115.761
126822 -115.777
126925 -115.793
127027 -115.809
127129 -115.825
127231 -115.841
127333 -115.857
127435 -115.873
127537 -115.89
127639 -115.906
127741 -115.922
127843 -115.938
127945 -115.954
128047 -115.97
128149 -115.986
128251 -116.002
128353 -116.018
128455 -116.034
128557 -116.05
128659 -116.066
128761 -116.082
128863 -116.098
128965 -116.114
129067 -116.13
129169 -116.146
129271 -116.162
129373 -116.178
129475 -116.194
129577 -116.21
129679 -116.226
129781 -116.242
129883 -116.258
129985 -116.274
130087 -116.29
130189 -116.306
130291 -116.322
130394 -116.338
130496 -116.355
130598 -116.371
130700 -116.387
130802 -116.403
130904 -116.419
131006 -116.435
131108 -116.451
131210 -116.467
131312 -116.483
131414 -116.499
131516 -116.515
131618 -116.531
131720 -116.547
131822 -116.563
131924 -116.579
132026 -116.595
132128 -116.611
132230 -116.627
132332 -116.643
132434 -116.659
132536 -116.675
132638 -116.691
132740 -116.707
132842 -116.723
132944 -116.739
133046 -116.755
133148 -116.771
133250 -116.787
133352 -116.803
133454 -116.819
133556 -116.836
133658 -116.852
133760 -116.868
133863 -116.884
133965 -116.9
134067 -116.916
134169 -116.932
134271 -116.948
134373 -116.964
134475 -116.98
134577 -116.996
134679 -117.012
134781 -117.028
134883 -117.044
134985 -117.06
135087 -117.076
135189 -117.092
135291 -117.108
135393 -117.124
135495 -117.14
135597 -117.156
135699 -117.172
135801 -117.188
135903 -117.204
136005 -117.22
136107 -117.236
136209 -117.252
136311 -117.268
136413 -117.284
136515 -117.3
136617 -117.317
136719 -117.333
136821 -117.349
136923 -117.365
137025 -117.381
137127 -117.397
137229 -117.413
137332 -117.429
137434 -117.445
137536 -117.461
137638 -117.477
137740 -117.493
137842 -117.509
137944 -117.525
138046 -117.541
138148 -117.557
138250 -117.573
138352 -117.589
138454 -117.605
138556 -117.621
138658 -117.637
138760 -117.653
138862 -117.669
138964 -117.685
139066 -117.701
139168 -117.717
139270 -117.733
139372 -117.749
139474 -117.765
139576 -117.782
139678 -117.798
139780 -117.814
139882 -117.83
139984 -117.846
140086 -117.862
140188 -117.878
140290 -117.894
140392 -117.91
140494 -117.926
140596 -117.942
140698 -117.958
140801 -117.974
140903 -117.99
141005 -118.006
141107 -118.022
141209 -118.038
141311 -118.054
141413 -118.07
141515 -118.086
141617 -118.102
141719 -118.118
141821 -118.134
141923 -118.15
142025 -118.166
142127 -118.182
142229 -118.198
142331 -118.214
142433 -118.23
142535 -118.246
142637 -118.263
142739 -118.279
142841 -118.295
142943 -118.311
143045 -118.327
143147 -118.343
143249 -118.359
143351 -118.375
143453 -118.391
143555 -118.407
143657 -118.423
143759 -118.439
143861 -118.455
143963 -118.471
144065 -118.487
144167 -118.503
144270 -118.519
144372 -118.535
144474 -118.551
144576 -118.567
144678 -118.583
144780 -118.599
144882 -118.615
144984 -118.631
145086 -118.647
145188 -118.663
145290 -118.679
145392 -118.695
145494 -118.711
145596 -118.727
145698 -118.744
145800 -118.76
145902 -118.776
146004 -118.792
146106 -118.808
146208 -118.824
146310 -118.84
146412 -118.856
146514 -118.872
146616 -118.888
146718 -118.904
146820 -118.92
146922 -118.936
147024 -118.952
147126 -118.968
147228 -118.984
147330 -119
147432 -119.016
147534 -119.032
147636 -119.048
147739 -119.064
147841 -119.08
147943 -119.096
148045 -119.112
148147 -119.128
148249 -119.144
148351 -119.16
148453 -119.176
148555 -119.192
148657 -119.209
148759 -119.225
148861 -119.241
148963 -119.257
149065 -119.273
149167 -119.289
149269 -119.305
149371 -119.321
149473 -119.337
149575 -119.353
149677 -119.369
149779 -119.385
149881 -119.401
149983 -119.417
150085 -119.433
150187 -119.449
150289 -119.465
150391 -119.481
150493 -119.497
150595 -119.513
150697 -119.529
150799 -119.545
150901 -119.561
151003 -119.577
151105 -119.593
151208 -119.609
151310 -119.625
151412 -119.641
151514 -119.657
151616 -119.673
151718 -119.69
151820 -119.706
151922 -119.722
152024 -119.738
152126 -119.754
152228 -119.77
152330 -119.786
152432 -119.802
152534 -119.818
152636 -119.834
152738 -119.85
152840 -119.866
152942 -119.882
153044 -119.898
153146 -119.914
153248 -119.93
153350 -119.946
153452 -119.962
153554 -119.978
153656 -119.994
153758 -120.01
153860 -120.026
153962 -120.042
154064 -120.058
154166 -120.074
154268 -120.09
154370 -120.106
154472 -120.122
154574 -120.138
154677 -120.154
154779 -120.171
154881 -120.187
154983 -120.203
155085 -120.219
155187 -120.235
155289 -120.251
155391 -120.267
155493 -120.283
155595 -120.299
155697 -120.315
155799 -120.331
155901 -120.347
156003 -120.363
156105 -120.379
156207 -120.395
156309 -120.411
156411 -120.427
156513 -120.443
156615 -120.459
156717 -120.475
156819 -120.491
156921 -120.507
157023 -120.523
157125 -120.539
157227 -120.555
157329 -120.571
157431 -120.587
157533 -120.603
157635 -120.619
157737 -120.636
157839 -120.652
157941 -120.668
158043 -120.684
158146 -120.7
158248 -120.716
158350 -120.732
158452 -120.748
158554 -120.764
158656 -120.78
158758 -120.796
158860 -120.812
158962 -120.828
159064 -120.844
159166 -120.86
159268 -120.876
159370 -120.892
159472 -120.908
159574 -120.924
159676 -120.94
159778 -120.956
159880 -120.972
159982 -120.988
160084 -121.004
160186 -121.02
160288 -121.036
160390 -121.052
160492 -121.068
160594 -121.084
160696 -121.1
160798 -121.117
160900 -121.133
161002 -121.149
161104 -121.165
161206 -121.181
161308 -121.197
161410 -121.213
161512 -121.229
161615 -121.245
161717 -121.261
161819 -121.277
161921 -121.293
162023 -121.309
162125 -121.325
162227 -121.341
162329 -121.357
162431 -121.373
162533 -121.389
162635 -121.405
162737 -121.421
162839 -121.437
162941 -121.453
163043 -121.469
163145 -121.485
163247 -121.501
163349 -121.517
163451 -121.533
163553 -121.549
163655 -121.565
163757 -121.581
163859 -121.598
163961 -121.614
164063 -121.63
164165 -121.646
164267 -121.662
164369 -121.678
164471 -121.694
164573 -121.71
164675 -121.726
164777 -121.742
164879 -121.758
164981 -121.774
165084 -121.79
165186 -121.806
165288 -121.822
165390 -121.838
165492 -121.854
165594 -121.87
165696 -121.886
165798 -121.902
165900 -121.918
166002 -121.934
166104 -121.95
166206 -121.966
166308 -121.982
166410 -121.998
166512 -122.014
166614 -122.03
166716 -122.046
166818 -122.063
166920 -122.079
167022 -122.095
167124 -122.111
167226 -122.127
167328 -122.143
167430 -122.159
167532 -122.175
167634 -122.191
167736 -122.207
167838 -122.223
167940 -122.239
168042 -122.255
168144 -122.271
168246 -122.287
168348 -122.303
168450 -122.319
168552 -122.335
168655 -122.351
168757 -122.367
168859 -122.383
168961 -122.399
169063 -122.415
169165 -122.431
169267 -122.447
169369 -122.463
169471 -122.479
169573 -122.495
169675 -122.511
169777 -122.527
169879 -122.544
169981 -122.56
170083 -122.576
170185 -122.592
170287 -122.608
170389 -122.624
170491 -122.64
170593 -122.656
170695 -122.672
170797 -122.688
170899 -122.704
171001 -122.72
171103 -122.736
171205 -122.752
171307 -122.768
171409 -122.784
171511 -122.8
171613 -122.816
171715 -122.832
171817 -122.848
171919 -122.864
172021 -122.88
172124 -122.896
172226 -122.912
172328 -122.928
172430 -122.944
172532 -122.96
172634 -122.976
172736 -122.992
172838 -123.008
172940 -123.025
173042 -123.041
173144 -123.057
173246 -123.073
173348 -123.089
173450 -123.105
173552 -123.121
173654 -123.137
173756 -123.153
173858 -123.169
173960 -123.185
174062 -123.201
174164 -123.217
174266 -123.233
174368 -123.249
174470 -123.265
174572 -123.281
174674 -123.297
174776 -123.313
174878 -123.329
174980 -123.345
175082 -123.361
175184 -123.377
175286 -123.393
175388 -123.409
175490 -123.425
175593 -123.441
175695 -123.457
175797 -123.473
175899 -123.49
176001 -123.506
176103 -123.522
176205 -123.538
176307 -123.554
176409 -123.57
176511 -123.586
176613 -123.602
176715 -123.618
176817 -123.634
176919 -123.65
177021 -123.666
177123 -123.682
177225 -123.698
177327 -123.714
177429 -123.73
177531 -123.746
177633 -123.762
177735 -123.778
177837 -123.794
177939 -123.81
178041 -123.826
178143 -123.842
178245 -123.858
178347 -123.874
178449 -123.89
178551 -123.906
178653 -123.922
178755 -123.938
178857 -123.954
178959 -123.971
179062 -123.987
179164 -124.003
179266 -124.019
179368 -124.035
179470 -124.051
179572 -124.067
179674 -124.083
179776 -124.099
179878 -124.115
179980 -124.131
180082 -124.147
180184 -124.163
180286 -124.179
180388 -124.195
180490 -124.211
180592 -124.227
180694 -124.243
180796 -124.259
180898 -124.275
181000 -124.291
181102 -124.307
181204 -124.323
181306 -124.339
181408 -124.355
181510 -124.371
181612 -124.387
181714 -124.403
181816 -124.419
181918 -124.435
182020 -124.452
182122 -124.468
182224 -124.484
182326 -124.5
182428 -124.516
182531 -124.532
182633 -124.548
182735 -124.564
182837 -124.58
182939 -124.596
183041 -124.612
183143 -124.628
183245 -124.644
183347 -124.66
183449 -124.676
183551 -124.692
183653 -124.708
183755 -124.724
183857 -124.74
183959 -124.756
184061 -124.772
184163 -124.788
184265 -124.804
184367 -124.82
184469 -124.836
184571 -124.852
184673 -124.868
184775 -124.884
184877 -124.9
184979 -124.917
185081 -124.933
185183 -124.949
185285 -124.965
185387 -124.981
185489 -124.997
185591 -125.013
185693 -125.029
185795 -125.045
185897 -125.061
186000 -125.077
186102 -125.093
186204 -125.109
186306 -125.125
186408 -125.141
186510 -125.157
186612 -125.173
186714 -125.189
186816 -125.205
186918 -125.221
187020 -125.237
187122 -125.253
187224 -125.269
187326 -125.285
187428 -125.301
187530 -125.317
187632 -125.333
187734 -125.349
187836 -125.365
187938 -125.381
188040 -125.398
188142 -125.414
188244 -125.43
188346 -125.446
188448 -125.462
188550 -125.478
188652 -125.494
188754 -125.51
188856 -125.526
188958 -125.542
189060 -125.558
189162 -125.574
189264 -125.59
189366 -125.606
189469 -125.622
189571 -125.638
189673 -125.654
189775 -125.67
189877 -125.686
189979 -125.702
190081 -125.718
190183 -125.734
190285 -125.75
190387 -125.766
190489 -125.782
190591 -125.798
190693 -125.814
190795 -125.83
190897 -125.846
190999 -125.862
191101 -125.879
191203 -125.895
191305 -125.911
191407 -125.927
191509 -125.943
191611 -125.959
191713 -125.975
191815 -125.991
191917 -126.007
192019 -126.023
192121 -126.039
192223 -126.055
192325 -126.071
192427 -126.087
192529 -126.103
192631 -126.119
192733 -126.135
192835 -126.151
192938 -126.167
193040 -126.183
193142 -126.199
193244 -126.215
193346 -126.231
193448 -126.247
193550 -126.263
193652 -126.279
193754 -126.295
193856 -126.311
193958 -126.327
194060 -126.344
194162 -126.36
194264 -126.376
194366 -126.392
194468 -126.408
194570 -126.424
194672 -126.44
194774 -126.456
194876 -126.472
194978 -126.488
195080 -126.504
195182 -126.52
195284 -126.536
195386 -126.552
195488 -126.568
195590 -126.584
195692 -126.6
195794 -126.616
195896 -126.632
195998 -126.648
196100 -126.664
196202 -126.68
196304 -126.696
196407 -126.712
196509 -126.728
196611 -126.744
196713 -126.76
196815 -126.776
196917 -126.792
197019 -126.808
197121 -126.825
197223 -126.841
197325 -126.857
197427 -126.873
197529 -126.889
197631 -126.905
197733 -126.921
197835 -126.937
197937 -126.953
198039 -126.969
198141 -126.985
198243 -127.001
198345 -127.017
198447 -127.033
198549 -127.049
198651 -127.065
198753 -127.081
198855 -127.097
198957 -127.113
199059 -127.129
199161 -127.145
199263 -127.161
199365 -127.177
199467 -127.193
199569 -127.209
199671 -127.225
199773 -127.241
199876 -127.257
199978 -127.273
200080 -127.289
200182 -127.306
200284 -127.322
200386 -127.338
200488 -127.354
200590 -127.37
200692 -127.386
200794 -127.402
200896 -127.418
200998 -127.434
201100 -127.45
201202 -127.466
201304 -127.482
201406 -127.498
201508 -127.514
201610 -127.53
201712 -127.546
201814 -127.562
201916 -127.578
202018 -127.594
202120 -127.61
202222 -127.626
202324 -127.642
202426 -127.658
202528 -127.674
202630 -127.69
202732 -127.706
202834 -127.722
202936 -127.738
203038 -127.754
203140 -127.771
203242 -127.787
203345 -127.803
203447 -127.819
203549 -127.835
203651 -127.851
203753 -127.867
203855 -127.883
203957 -127.899
204059 -127.915
204161 -127.931
204263 -127.947
204365 -127.963
204467 -127.979
204569 -127.995
204671 -128.011
204773 -128.027
204875 -128.043
204977 -128.059
205079 -128.075
205181 -128.091
205283 -128.107
205385 -128.123
205487 -128.139
205589 -128.155
205691 -128.171
205793 -128.187
205895 -128.203
205997 -128.219
206099 -128.235
206201 -128.252
206303 -128.268
206405 -128.284
206507 -128.3
206609 -128.316
206711 -128.332
206814 -128.348
206916 -128.364
207018 -128.38
207120 -128.396
207222 -128.412
207324 -128.428
207426 -128.444
207528 -128.46
207630 -128.476
207732 -128.492
207834 -128.508
207936 -128.524
208038 -128.54
208140 -128.556
208242 -128.572
208344 -128.588
208446 -128.604
208548 -128.62
208650 -128.636
208752 -128.652
208854 -128.668
208956 -128.684
209058 -128.7
209160 -128.716
209262 -128.733
209364 -128.749
209466 -128.765
209568 -128.781
209670 -128.797
209772 -128.813
209874 -128.829
209976 -128.845
210078 -128.861
210180 -128.877
210283 -128.893
210385 -128.909
210487 -128.925
210589 -128.941
210691 -128.957
210793 -128.973
210895 -128.989
210997 -129.005
211099 -129.021
211201 -129.037
211303 -129.053
211405 -129.069
211507 -129.085
211609 -129.101
211711 -129.117
211813 -129.133
211915 -129.149
212017 -129.165
212119 -129.181
212221 -129.198
212323 -129.214
212425 -129.23
212527 -129.246
212629 -129.262
212731 -129.278
212833 -129.294
212935 -129.31
213037 -129.326
213139 -129.342
213241 -129.358
213343 -129.374
213445 -129.39
213547 -129.406
213649 -129.422
213752 -129.438
213854 -129.454
213956 -129.47
214058 -129.486
214160 -129.502
214262 -129.518
214364 -129.534
214466 -129.55
214568 -129.566
214670 -129.582
214772 -129.598
214874 -129.614
214976 -129.63
215078 -129.646
215180 -129.662
215282 -129.679
215384 -129.695
215486 -129.711
215588 -129.727
215690 -129.743
215792 -129.759
215894 -129.775
215996 -129.791
216098 -129.807
216200 -129.823
216302 -129.839
216404 -129.855
216506 -129.871
216608 -129.887
216710 -129.903
216812 -129.919
216914 -129.935
217016 -129.951
217118 -129.967
217221 -129.983
217323 -129.999
217425 -130.015
217527 -130.031
217629 -130.047
217731 -130.063
217833 -130.079
217935 -130.095
218037 -130.111
218139 -130.127
218241 -130.143
218343 -130.16
218445 -130.176
218547 -130.192
218649 -130.208
218751 -130.224
218853 -130.24
218955 -130.256
219057 -130.272
219159 -130.288
219261 -130.304
219363 -130.32
219465 -130.336
219567 -130.352
219669 -130.368
219771 -130.384
219873 -130.4
219975 -130.416
220077 -130.432
220179 -130.448
220281 -130.464
220383 -130.48
220485 -130.496
220587 -130.512
220690 -130.528
220792 -130.544
220894 -130.56
220996 -130.576
221098 -130.592
221200 -130.608
221302 -130.625
221404 -130.641
221506 -130.657
221608 -130.673
221710 -130.689
221812 -130.705
221914 -130.721
222016 -130.737
222118 -130.753
222220 -130.769
222322 -130.785
222424 -130.801
222526 -130.817
222628 -130.833
222730 -130.849
222832 -130.865
222934 -130.881
223036 -130.897
223138 -130.913
223240 -130.929
223342 -130.945
223444 -130.961
223546 -130.977
223648 -130.993
223750 -131.009
223852 -131.025
223954 -131.041
224056 -131.057
224158 -131.073
224261 -131.089
224363 -131.106
224465 -131.122
224567 -131.138
224669 -131.154
224771 -131.17
224873 -131.186
224975 -131.202
225077 -131.218
225179 -131.234
225281 -131.25
225383 -131.266
225485 -131.282
225587 -131.298
225689 -131.314
225791 -131.33
225893 -131.346
225995 -131.362
226097 -131.378
226199 -131.394
226301 -131.41
226403 -131.426
226505 -131.442
226607 -131.458
226709 -131.474
226811 -131.49
226913 -131.506
227015 -131.522
227117 -131.538
227219 -131.554
227321 -131.571
227423 -131.587
227525 -131.603
227627 -131.619
227730 -131.635
227832 -131.651
227934 -131.667
228036 -131.683
228138 -131.699
228240 -131.715
228342 -131.731
228444 -131.747
228546 -131.763
228648 -131.779
228750 -131.795
228852 -131.811
228954 -131.827
229056 -131.843
229158 -131.859
229260 -131.875
229362 -131.891
229464 -131.907
229566 -131.923
229668 -131.939
229770 -131.955
229872 -131.971
229974 -131.987
230076 -132.003
230178 -132.019
230280 -132.035
230382 -132.052
230484 -132.068
230586 -132.084
230688 -132.1
230790 -132.116
230892 -132.132
230994 -132.148
231096 -132.164
231199 -132.18
231301 -132.196
231403 -132.212
231505 -132.228
231607 -132.244
231709 -132.26
231811 -132.276
231913 -132.292
232015 -132.308
232117 -132.324
232219 -132.34
232321 -132.356
232423 -132.372
232525 -132.388
232627 -132.404
232729 -132.42
232831 -132.436
232933 -132.452
233035 -132.468
233137 -132.484
233239 -132.5
233341 -132.516
233443 -132.533
233545 -132.549
233647 -132.565
233749 -132.581
233851 -132.597
233953 -132.613
234055 -132.629
234157 -132.645
234259 -132.661
234361 -132.677
234463 -132.693
234565 -132.709
234668 -132.725
234770 -132.741
234872 -132.757
234974 -132.773
235076 -132.789
235178 -132.805
235280 -132.821
235382 -132.837
235484 -132.853
235586 -132.869
235688 -132.885
235790 -132.901
235892 -132.917
235994 -132.933
236096 -132.949
236198 -132.965
236300 -132.981
236402 -132.998
236504 -133.014
236606 -133.03
236708 -133.046
236810 -133.062
236912 -133.078
237014 -133.094
237116 -133.11
237218 -133.126
237320 -133.142
237422 -133.158
237524 -133.174
237626 -133.19
237728 -133.206
237830 -133.222
237932 -133.238
238034 -133.254
238137 -133.27
238239 -133.286
238341 -133.302
238443 -133.318
238545 -133.334
238647 -133.35
238749 -133.366
238851 -133.382
238953 -133.398
239055 -133.414
239157 -133.43
239259 -133.446
239361 -133.462
239463 -133.479
239565 -133.495
239667 -133.511
239769 -133.527
239871 -133.543
239973 -133.559
240075 -133.575
240177 -133.591
240279 -133.607
240381 -133.623
240483 -133.639
240585 -133.655
240687 -133.671
240789 -133.687
240891 -133.703
240993 -133.719
241095 -133.735
241197 -133.751
241299 -133.767
241401 -133.783
241503 -133.799
241606 -133.815
241708 -133.831
241810 -133.847
241912 -133.863
242014 -133.879
242116 -133.895
242218 -133.911
242320 -133.927
242422 -133.943
242524 -133.96
242626 -133.976
242728 -133.992
242830 -134.008
242932 -134.024
243034 -134.04
243136 -134.056
243238 -134.072
243340 -134.088
243442 -134.104
243544 -134.12
243646 -134.136
243748 -134.152
243850 -134.168
243952 -134.184
244054 -134.2
244156 -134.216
244258 -134.232
244360 -134.248
244462 -134.264
244564 -134.28
244666 -134.296
244768 -134.312
244870 -134.328
244972 -134.344
245075 -134.36
245177 -134.376
245279 -134.392
245381 -134.408
245483 -134.425
245585 -134.441
245687 -134.457
245789 -134.473
245891 -134.489
245993 -134.505
246095 -134.521
246197 -134.537
246299 -134.553
246401 -134.569
246503 -134.585
246605 -134.601
246707 -134.617
246809 -134.633
246911 -134.649
247013 -134.665
247115 -134.681
247217 -134.697
247319 -134.713
247421 -134.729
247523 -134.745
247625 -134.761
247727 -134.777
247829 -134.793
247931 -134.809
248033 -134.825
248135 -134.841
248237 -134.857
248339 -134.873
248441 -134.889
248544 -134.906
248646 -134.922
248748 -134.938
248850 -134.954
248952 -134.97
249054 -134.986
249156 -135.002
249258 -135.018
249360 -135.034
249462 -135.05
249564 -135.066
249666 -135.082
249768 -135.098
249870 -135.114
249972 -135.13
250074 -135.146
250176 -135.162
250278 -135.178
250380 -135.194
250482 -135.21
250584 -135.226
250686 -135.242
250788 -135.258
250890 -135.274
250992 -135.29
251094 -135.306
251196 -135.322
251298 -135.338
251400 -135.354
251502 -135.37
251604 -135.387
251706 -135.403
251808 -135.419
251910 -135.435
252013 -135.451
252115 -135.467
252217 -135.483
252319 -135.499
252421 -135.515
252523 -135.531
252625 -135.547
252727 -135.563
252829 -135.579
252931 -135.595
253033 -135.611
253135 -135.627
253237 -135.643
253339 -135.659
253441 -135.675
253543 -135.691
253645 -135.707
253747 -135.723
253849 -135.739
253951 -135.755
254053 -135.771
254155 -135.787
254257 -135.803
254359 -135.819
254461 -135.835
254563 -135.852
254665 -135.868
254767 -135.884
254869 -135.9
254971 -135.916
255073 -135.932
255175 -135.948
255277 -135.964
255379 -135.98
255482 -135.996
255584 -136.012
255686 -136.028
255788 -136.044
255890 -136.06
255992 -136.076
256094 -136.092
256196 -136.108
256298 -136.124
256400 -136.14
256502 -136.156
256604 -136.172
256706 -136.188
256808 -136.204
256910 -136.22
257012 -136.236
257114 -136.252
257216 -136.268
257318 -136.284
257420 -136.3
257522 -136.316
257624 -136.333
257726 -136.349
257828 -136.365
257930 -136.381
258032 -136.397
258134 -136.413
258236 -136.429
258338 -136.445
258440 -136.461
258542 -136.477
258644 -136.493
258746 -136.509
258848 -136.525
258951 -136.541
259053 -136.557
259155 -136.573
259257 -136.589
259359 -136.605
259461 -136.621
259563 -136.637
259665 -136.653
259767 -136.669
259869 -136.685
259971 -136.701
260073 -136.717
260175 -136.733
260277 -136.749
260379 -136.765
260481 -136.781
260583 -136.797
260685 -136.814
260787 -136.83
260889 -136.846
260991 -136.862
261093 -136.878
261195 -136.894
261297 -136.91
261399 -136.926
261501 -136.942
261603 -136.958
261705 -136.974
261807 -136.99
261909 -137.006
262011 -137.022
262113 -137.038
262215 -137.054
262317 -137.07
262420 -137.086
262522 -137.102
262624 -137.118
262726 -137.134
262828 -137.15
262930 -137.166
263032 -137.182
263134 -137.198
263236 -137.214
263338 -137.23
263440 -137.246
263542 -137.262
263644 -137.279
263746 -137.295
263848 -137.311
263950 -137.327
264052 -137.343
264154 -137.359
264256 -137.375
264358 -137.391
264460 -137.407
264562 -137.423
264664 -137.439
264766 -137.455
264868 -137.471
264970 -137.487
265072 -137.503
265174 -137.519
265276 -137.535
265378 -137.551
265480 -137.567
265582 -137.583
265684 -137.599
265786 -137.615
265889 -137.631
265991 -137.647
266093 -137.663
266195 -137.679
266297 -137.695
266399 -137.711
266501 -137.727
266603 -137.743
266705 -137.76
266807 -137.776
266909 -137.792
267011 -137.808
267113 -137.824
267215 -137.84
267317 -137.856
267419 -137.872
267521 -137.888
267623 -137.904
267725 -137.92
267827 -137.936
267929 -137.952
268031 -137.968
268133 -137.984
268235 -138
268337 -138.016
268439 -138.032
268541 -138.048
268643 -138.064
268745 -138.08
268847 -138.096
268949 -138.112
269051 -138.128
269153 -138.144
269255 -138.16
269358 -138.176
269460 -138.192
269562 -138.208
269664 -138.224
269766 -138.241
269868 -138.257
269970 -138.273
270072 -138.289
270174 -138.305
270276 -138.321
270378 -138.337
270480 -138.353
270582 -138.369
270684 -138.385
270786 -138.401
270888 -138.417
270990 -138.433
271092 -138.449
271194 -138.465
271296 -138.481
271398 -138.497
271500 -138.513
271602 -138.529
271704 -138.545
271806 -138.561
271908 -138.577
272010 -138.593
272112 -138.609
272214 -138.625
272316 -138.641
272418 -138.657
272520 -138.673
272622 -138.689
272724 -138.706
272827 -138.722
272929 -138.738
273031 -138.754
273133 -138.77
273235 -138.786
273337 -138.802
273439 -138.818
273541 -138.834
273643 -138.85
273745 -138.866
273847 -138.882
273949 -138.898
274051 -138.914
274153 -138.93
274255 -138.946
274357 -138.962
274459 -138.978
274561 -138.994
274663 -139.01
274765 -139.026
274867 -139.042
274969 -139.058
275071 -139.074
275173 -139.09
275275 -139.106
275377 -139.122
275479 -139.138
275581 -139.154
275683 -139.17
275785 -139.187
275887 -139.203
275989 -139.219
276091 -139.235
276193 -139.251
276296 -139.267
276398 -139.283
276500 -139.299
276602 -139.315
276704 -139.331
276806 -139.347
276908 -139.363
277010 -139.379
277112 -139.395
277214 -139.411
277316 -139.427
277418 -139.443
277520 -139.459
277622 -139.475
277724 -139.491
277826 -139.507
277928 -139.523
278030 -139.539
278132 -139.555
278234 -139.571
278336 -139.587
278438 -139.603
278540 -139.619
278642 -139.635
278744 -139.651
278846 -139.668
278948 -139.684
279050 -139.7
279152 -139.716
279254 -139.732
279356 -139.748
279458 -139.764
279560 -139.78
279662 -139.796
279764 -139.812
279867 -139.828
279969 -139.844
280071 -139.86
280173 -139.876
280275 -139.892
280377 -139.908
280479 -139.924
280581 -139.94
280683 -139.956
280785 -139.972
280887 -139.988
280989 -140.004
281091 -140.02
281193 -140.036
281295 -140.052
281397 -140.068
281499 -140.084
281601 -140.1
281703 -140.116
281805 -140.133
281907 -140.149
282009 -140.165
282111 -140.181
282213 -140.197
282315 -140.213
282417 -140.229
282519 -140.245
282621 -140.261
282723 -140.277
282825 -140.293
282927 -140.309
283029 -140.325
283131 -140.341
283233 -140.357
283336 -140.373
283438 -140.389
283540 -140.405
283642 -140.421
283744 -140.437
283846 -140.453
283948 -140.469
284050 -140.485
284152 -140.501
284254 -140.517
284356 -140.533
284458 -140.549
284560 -140.565
284662 -140.581
284764 -140.597
284866 -140.614
284968 -140.63
285070 -140.646
285172 -140.662
285274 -140.678
285376 -140.694
285478 -140.71
285580 -140.726
285682 -140.742
285784 -140.758
285886 -140.774
285988 -140.79
286090 -140.806
286192 -140.822
286294 -140.838
286396 -140.854
286498 -140.87
286600 -140.886
286702 -140.902
286805 -140.918
286907 -140.934
287009 -140.95
287111 -140.966
287213 -140.982
287315 -140.998
287417 -141.014
287519 -141.03
287621 -141.046
287723 -141.062
287825 -141.078
287927 -141.095
288029 -141.111
288131 -141.127
288233 -141.143
288335 -141.159
288437 -141.175
288539 -141.191
288641 -141.207
288743 -141.223
288845 -141.239
288947 -141.255
289049 -141.271
289151 -141.287
289253 -141.303
289355 -141.319
289457 -141.335
289559 -141.351
289661 -141.367
289763 -141.383
289865 -141.399
289967 -141.415
290069 -141.431
290171 -141.447
290274 -141.463
290376 -141.479
290478 -141.495
290580 -141.511
290682 -141.527
290784 -141.543
290886 -141.56
290988 -141.576
291090 -141.592
291192 -141.608
291294 -141.624
291396 -141.64
291498 -141.656
291600 -141.672
291702 -141.688
291804 -141.704
291906 -141.72
292008 -141.736
292110 -141.752
292212 -141.768
292314 -141.784
292416 -141.8
292518 -141.816
292620 -141.832
292722 -141.848
292824 -141.864
292926 -141.88
293028 -141.896
293130 -141.912
293232 -141.928
293334 -141.944
293436 -141.96
293538 -141.976
293640 -141.992
293743 -142.008
293845 -142.024
293947 -142.041
294049 -142.057
294151 -142.073
294253 -142.089
294355 -142.105
294457 -142.121
294559 -142.137
294661 -142.153
294763 -142.169
294865 -142.185
294967 -142.201
295069 -142.217
295171 -142.233
295273 -142.249
295375 -142.265
295477 -142.281
295579 -142.297
295681 -142.313
295783 -142.329
295885 -142.345
295987 -142.361
296089 -142.377
296191 -142.393
296293 -142.409
296395 -142.425
296497 -142.441
296599 -142.457
296701 -142.473
296803 -142.489
296905 -142.505
297007 -142.522
297109 -142.538
297212 -142.554
297314 -142.57
297416 -142.586
297518 -142.602
297620 -142.618
297722 -142.634
297824 -142.65
297926 -142.666
298028 -142.682
298130 -142.698
298232 -142.714
298334 -142.73
298436 -142.746
298538 -142.762
298640 -142.778
298742 -142.794
298844 -142.81
298946 -142.826
299048 -142.842
299150 -142.858
299252 -142.874
299354 -142.89
299456 -142.906
299558 -142.922
299660 -142.938
299762 -142.954
299864 -142.97
299966 -142.987
300068 -143.003
300170 -143.019
300272 -143.035
300374 -143.051
300476 -143.067
300578 -143.083
300681 -143.099
300783 -143.115
300885 -143.131
300987 -143.147
301089 -143.163
301191 -143.179
301293 -143.195
301395 -143.211
301497 -143.227
301599 -143.243
301701 -143.259
301803 -143.275
301905 -143.291
302007 -143.307
302109 -143.323
302211 -143.339
302313 -143.355
302415 -143.371
302517 -143.387
302619 -143.403
302721 -143.419
302823 -143.435
302925 -143.451
303027 -143.468
303129 -143.484
303231 -143.5
303333 -143.516
303435 -143.532
303537 -143.548
303639 -143.564
303741 -143.58
303843 -143.596
303945 -143.612
304047 -143.628
304150 -143.644
304252 -143.66
304354 -143.676
304456 -143.692
304558 -143.708
304660 -143.724
304762 -143.74
304864 -143.756
304966 -143.772
305068 -143.788
305170 -143.804
305272 -143.82
305374 -143.836
305476 -143.852
305578 -143.868
305680 -143.884
305782 -143.9
305884 -143.916
305986 -143.932
306088 -143.949
306190 -143.965
306292 -143.981
306394 -143.997
306496 -144.013
306598 -144.029
306700 -144.045
306802 -144.061
306904 -144.077
307006 -144.093
307108 -144.109
307210 -144.125
307312 -144.141
307414 -144.157
307516 -144.173
307619 -144.189
307721 -144.205
307823 -144.221
307925 -144.237
308027 -144.253
308129 -144.269
308231 -144.285
308333 -144.301
308435 -144.317
308537 -144.333
308639 -144.349
308741 -144.365
308843 -144.381
308945 -144.397
309047 -144.414
309149 -144.43
309251 -144.446
309353 -144.462
309455 -144.478
309557 -144.494
309659 -144.51
309761 -144.526
309863 -144.542
309965 -144.558
310067 -144.574
310169 -144.59
310271 -144.606
310373 -144.622
310475 -144.638
310577 -144.654
310679 -144.67
310781 -144.686
310883 -144.702
310985 -144.718
311088 -144.734
311190 -144.75
311292 -144.766
311394 -144.782
311496 -144.798
311598 -144.814
311700 -144.83
311802 -144.846
311904 -144.862
312006 -144.878
312108 -144.895
312210 -144.911
312312 -144.927
312414 -144.943
312516 -144.959
312618 -144.975
312720 -144.991
312822 -145.007
312924 -145.023
313026 -145.039
313128 -145.055
313230 -145.071
313332 -145.087
313434 -145.103
313536 -145.119
313638 -145.135
313740 -145.151
313842 -145.167
313944 -145.183
314046 -145.199
314148 -145.215
314250 -145.231
314352 -145.247
314454 -145.263
314557 -145.279
314659 -145.295
314761 -145.311
314863 -145.327
314965 -145.343
315067 -145.359
315169 -145.376
315271 -145.392
315373 -145.408
315475 -145.424
315577 -145.44
315679 -145.456
315781 -145.472
315883 -145.488
315985 -145.504
316087 -145.52
316189 -145.536
316291 -145.552
316393 -145.568
316495 -145.584
316597 -145.6
316699 -145.616
316801 -145.632
316903 -145.648
317005 -145.664
317107 -145.68
317209 -145.696
317311 -145.712
317413 -145.728
317515 -145.744
317617 -145.76
317719 -145.776
317821 -145.792
317923 -145.808
318026 -145.824
318128 -145.841
318230 -145.857
318332 -145.873
318434 -145.889
318536 -145.905
318638 -145.921
318740 -145.937
318842 -145.953
318944 -145.969
319046 -145.985
319148 -146.001
319250 -146.017
319352 -146.033
319454 -146.049
319556 -146.065
319658 -146.081
319760 -146.097
319862 -146.113
319964 -146.129
320066 -146.145
320168 -146.161
320270 -146.177
320372 -146.193
320474 -146.209
320576 -146.225
320678 -146.241
320780 -146.257
320882 -146.273
320984 -146.289
321086 -146.305
321188 -146.322
321290 -146.338
321392 -146.354
321495 -146.37
321597 -146.386
321699 -146.402
321801 -146.418
321903 -146.434
322005 -146.45
322107 -146.466
322209 -146.482
322311 -146.498
322413 -146.514
322515 -146.53
322617 -146.546
322719 -146.562
322821 -146.578
322923 -146.594
323025 -146.61
323127 -146.626
323229 -146.642
323331 -146.658
323433 -146.674
323535 -146.69
323637 -146.706
323739 -146.722
323841 -146.738
323943 -146.754
324045 -146.77
324147 -146.786
324249 -146.803
324351 -146.819
324453 -146.835
324555 -146.851
324657 -146.867
324759 -146.883
324861 -146.899
324964 -146.915
325066 -146.931
325168 -146.947
325270 -146.963
325372 -146.979
325474 -146.995
325576 -147.011
325678 -147.027
325780 -147.043
325882 -147.059
325984 -147.075
326086 -147.091
326188 -147.107
326290 -147.123
326392 -147.139
326494 -147.155
326596 -147.171
326698 -147.187
326800 -147.203
326902 -147.219
327004 -147.235
327106 -147.251
327208 -147.268
327310 -147.284
327412 -147.3
327514 -147.316
327616 -147.332
327718 -147.348
327820 -147.364
327922 -147.38
328024 -147.396
328126 -147.412
328228 -147.428
328330 -147.444
328433 -147.46
328535 -147.476
328637 -147.492
328739 -147.508
328841 -147.524
328943 -147.54
329045 -147.556
329147 -147.572
329249 -147.588
329351 -147.604
329453 -147.62
329555 -147.636
329657 -147.652
329759 -147.668
329861 -147.684
329963 -147.7
330065 -147.716
330167 -147.732
330269 -147.749
330371 -147.765
330473 -147.781
330575 -147.797
330677 -147.813
330779 -147.829
330881 -147.845
330983 -147.861
331085 -147.877
331187 -147.893
331289 -147.909
331391 -147.925
331493 -147.941
331595 -147.957
331697 -147.973
331799 -147.989
331902 -148.005
332004 -148.021
332106 -148.037
332208 -148.053
332310 -148.069
332412 -148.085
332514 -148.101
332616 -148.117
332718 -148.133
332820 -148.149
332922 -148.165
333024 -148.181
333126 -148.197
333228 -148.213
333330 -148.23
333432 -148.246
333534 -148.262
333636 -148.278
333738 -148.294
333840 -148.31
333942 -148.326
334044 -148.342
334146 -148.358
334248 -148.374
334350 -148.39
334452 -148.406
334554 -148.422
334656 -148.438
334758 -148.454
334860 -148.47
334962 -148.486
335064 -148.502
335166 -148.518
335268 -148.534
335370 -148.55
335473 -148.566
335575 -148.582
335677 -148.598
335779 -148.614
335881 -148.63
335983 -148.646
336085 -148.662
336187 -148.678
336289 -148.695
336391 -148.711
336493 -148.727
336595 -148.743
336697 -148.759
336799 -148.775
336901 -148.791
337003 -148.807
337105 -148.823
337207 -148.839
337309 -148.855
337411 -148.871
337513 -148.887
337615 -148.903
337717 -148.919
337819 -148.935
337921 -148.951
338023 -148.967
338125 -148.983
338227 -148.999
338329 -149.015
338431 -149.031
338533 -149.047
338635 -149.063
338737 -149.079
338839 -149.095
338942 -149.111
339044 -149.127
339146 -149.143
339248 -149.159
339350 -149.176
339452 -149.192
339554 -149.208
339656 -149.224
339758 -149.24
339860 -149.256
339962 -149.272
340064 -149.288
340166 -149.304
340268 -149.32
340370 -149.336
340472 -149.352
340574 -149.368
340676 -149.384
340778 -149.4
340880 -149.416
340982 -149.432
341084 -149.448
341186 -149.464
341288 -149.48
341390 -149.496
341492 -149.512
341594 -149.528
341696 -149.544
341798 -149.56
341900 -149.576
342002 -149.592
342104 -149.608
342206 -149.624
342308 -149.64
342411 -149.657
342513 -149.673
342615 -149.689
342717 -149.705
342819 -149.721
342921 -149.737
343023 -149.753
343125 -149.769
343227 -149.785
343329 -149.801
343431 -149.817
343533 -149.833
343635 -149.849
343737 -149.865
343839 -149.881
343941 -149.897
344043 -149.913
344145 -149.929
344247 -149.945
344349 -149.961
344451 -149.977
344553 -149.993
344655 -150.009
344757 -150.025
344859 -150.041
344961 -150.057
345063 -150.073
345165 -150.089
345267 -150.105
345369 -150.122
345471 -150.138
345573 -150.154
345675 -150.17
345777 -150.186
345880 -150.202
345982 -150.218
346084 -150.234
346186 -150.25
346288 -150.266
346390 -150.282
346492 -150.298
346594 -150.314
346696 -150.33
346798 -150.346
346900 -150.362
347002 -150.378
347104 -150.394
347206 -150.41
347308 -150.426
347410 -150.442
347512 -150.458
347614 -150.474
347716 -150.49
347818 -150.506
347920 -150.522
348022 -150.538
348124 -150.554
348226 -150.57
348328 -150.586
348430 -150.603
348532 -150.619
348634 -150.635
348736 -150.651
348838 -150.667
348940 -150.683
349042 -150.699
349144 -150.715
349246 -150.731
349349 -150.747
349451 -150.763
349553 -150.779
349655 -150.795
349757 -150.811
349859 -150.827
349961 -150.843
350063 -150.859
350165 -150.875
350267 -150.891
350369 -150.907
350471 -150.923
350573 -150.939
350675 -150.955
350777 -150.971
350879 -150.987
350981 -151.003
351083 -151.019
351185 -151.035
351287 -151.051
351389 -151.067
351491 -151.084
351593 -151.1
351695 -151.116
351797 -151.132
351899 -151.148
352001 -151.164
352103 -151.18
352205 -151.196
352307 -151.212
352409 -151.228
352511 -151.244
352613 -151.26
352715 -151.276
352818 -151.292
352920 -151.308
353022 -151.324
353124 -151.34
353226 -151.356
353328 -151.372
353430 -151.388
353532 -151.404
353634 -151.42
353736 -151.436
353838 -151.452
353940 -151.468
354042 -151.484
354144 -151.5
354246 -151.516
354348 -151.532
354450 -151.549
354552 -151.565
354654 -151.581
354756 -151.597
354858 -151.613
354960 -151.629
355062 -151.645
355164 -151.661
355266 -151.677
355368 -151.693
355470 -151.709
355572 -151.725
355674 -151.741
355776 -151.757
355878 -151.773
355980 -151.789
356082 -151.805
356184 -151.821
356287 -151.837
356389 -151.853
356491 -151.869
356593 -151.885
356695 -151.901
356797 -151.917
356899 -151.933
357001 -151.949
357103 -151.965
357205 -151.981
357307 -151.997
357409 -152.013
357511 -152.03
357613 -152.046
357715 -152.062
357817 -152.078
357919 -152.094
358021 -152.11
358123 -152.126
358225 -152.142
358327 -152.158
358429 -152.174
358531 -152.19
358633 -152.206
358735 -152.222
358837 -152.238
358939 -152.254
359041 -152.27
359143 -152.286
359245 -152.302
359347 -152.318
359449 -152.334
359551 -152.35
359653 -152.366
359756 -152.382
359858 -152.398
359960 -152.414
360062 -152.43
360164 -152.446
360266 -152.462
360368 -152.478
360470 -152.494
360572 -152.511
360674 -152.527
360776 -152.543
360878 -152.559
360980 -152.575
361082 -152.591
361184 -152.607
361286 -152.623
361388 -152.639
361490 -152.655
361592 -152.671
361694 -152.687
361796 -152.703
361898 -152.719
362000 -152.735
362102 -152.751
362204 -152.767
362306 -152.783
362408 -152.799
362510 -152.815
362612 -152.831
362714 -152.847
362816 -152.863
362918 -152.879
363020 -152.895
363122 -152.911
363225 -152.927
363327 -152.943
363429 -152.959
363531 -152.976
363633 -152.992
363735 -153.008
363837 -153.024
363939 -153.04
364041 -153.056
364143 -153.072
364245 -153.088
364347 -153.104
364449 -153.12
364551 -153.136
364653 -153.152
364755 -153.168
364857 -153.184
364959 -153.2
365061 -153.216
365163 -153.232
365265 -153.248
365367 -153.264
365469 -153.28
365571 -153.296
365673 -153.312
365775 -153.328
365877 -153.344
365979 -153.36
366081 -153.376
366183 -153.392
366285 -153.408
366387 -153.424
366489 -153.44
366591 -153.457
366694 -153.473
366796 -153.489
366898 -153.505
367000 -153.521
367102 -153.537
367204 -153.553
367306 -153.569
367408 -153.585
367510 -153.601
367612 -153.617
367714 -153.633
367816 -153.649
367918 -153.665
368020 -153.681
368122 -153.697
368224 -153.713
368326 -153.729
368428 -153.745
368530 -153.761
368632 -153.777
368734 -153.793
368836 -153.809
368938 -153.825
369040 -153.841
369142 -153.857
369244 -153.873
369346 -153.889
369448 -153.905
369550 -153.921
369652 -153.938
369754 -153.954
369856 -153.97
369958 -153.986
370060 -154.002
370163 -154.018
370265 -154.034
370367 -154.05
370469 -154.066
370571 -154.082
370673 -154.098
370775 -154.114
370877 -154.13
370979 -154.146
371081 -154.162
371183 -154.178
371285 -154.194
371387 -154.21
371489 -154.226
371591 -154.242
371693 -154.258
371795 -154.274
371897 -154.29
371999 -154.306
372101 -154.322
372203 -154.338
372305 -154.354
372407 -154.37
372509 -154.386
372611 -154.403
372713 -154.419
372815 -154.435
372917 -154.451
373019 -154.467
373121 -154.483
373223 -154.499
373325 -154.515
373427 -154.531
373529 -154.547
373632 -154.563
373734 -154.579
373836 -154.595
373938 -154.611
374040 -154.627
374142 -154.643
374244 -154.659
374346 -154.675
374448 -154.691
374550 -154.707
374652 -154.723
374754 -154.739
374856 -154.755
374958 -154.771
375060 -154.787
375162 -154.803
375264 -154.819
375366 -154.835
375468 -154.851
375570 -154.867
375672 -154.884
375774 -154.9
375876 -154.916
375978 -154.932
376080 -154.948
376182 -154.964
376284 -154.98
376386 -154.996
376488 -155.012
376590 -155.028
376692 -155.044
376794 -155.06
376896 -155.076
376998 -155.092
377101 -155.108
377203 -155.124
377305 -155.14
377407 -155.156
377509 -155.172
377611 -155.188
377713 -155.204
377815 -155.22
377917 -155.236
378019 -155.252
378121 -155.268
378223 -155.284
378325 -155.3
378427 -155.316
378529 -155.332
378631 -155.348
378733 -155.365
378835 -155.381
378937 -155.397
379039 -155.413
379141 -155.429
379243 -155.445
379345 -155.461
379447 -155.477
379549 -155.493
379651 -155.509
379753 -155.525
379855 -155.541
379957 -155.557
380059 -155.573
380161 -155.589
380263 -155.605
380365 -155.621
380467 -155.637
380570 -155.653
380672 -155.669
380774 -155.685
380876 -155.701
380978 -155.717
381080 -155.733
381182 -155.749
381284 -155.765
381386 -155.781
381488 -155.797
381590 -155.813
381692 -155.83
381794 -155.846
381896 -155.862
381998 -155.878
382100 -155.894
382202 -155.91
382304 -155.926
382406 -155.942
382508 -155.958
382610 -155.974
382712 -155.99
382814 -156.006
382916 -156.022
383018 -156.038
383120 -156.054
383222 -156.07
383324 -156.086
383426 -156.102
383528 -156.118
383630 -156.134
383732 -156.15
383834 -156.166
383936 -156.182
384039 -156.198
384141 -156.214
384243 -156.23
384345 -156.246
384447 -156.262
384549 -156.278
384651 -156.294
384753 -156.311
384855 -156.327
384957 -156.343
385059 -156.359
385161 -156.375
385263 -156.391
385365 -156.407
385467 -156.423
385569 -156.439
385671 -156.455
385773 -156.471
385875 -156.487
385977 -156.503
386079 -156.519
386181 -156.535
386283 -156.551
386385 -156.567
386487 -156.583
386589 -156.599
386691 -156.615
386793 -156.631
386895 -156.647
386997 -156.663
387099 -156.679
387201 -156.695
387303 -156.711
387405 -156.727
387508 -156.743
387610 -156.759
387712 -156.775
387814 -156.792
387916 -156.808
388018 -156.824
388120 -156.84
388222 -156.856
388324 -156.872
388426 -156.888
388528 -156.904
388630 -156.92
388732 -156.936
388834 -156.952
388936 -156.968
389038 -156.984
389140 -157
389242 -157.016
389344 -157.032
389446 -157.048
389548 -157.064
389650 -157.08
389752 -157.096
389854 -157.112
389956 -157.128
390058 -157.144
390160 -157.16
390262 -157.176
390364 -157.192
390466 -157.208
390568 -157.224
390670 -157.24
390772 -157.257
390874 -157.273
390976 -157.289
391079 -157.305
391181 -157.321
391283 -157.337
391385 -157.353
391487 -157.369
391589 -157.385
391691 -157.401
391793 -157.417
391895 -157.433
391997 -157.449
392099 -157.465
392201 -157.481
392303 -157.497
392405 -157.513
392507 -157.529
392609 -157.545
392711 -157.561
392813 -157.577
392915 -157.593
393017 -157.609
393119 -157.625
393221 -157.641
393323 -157.657
393425 -157.673
393527 -157.689
393629 -157.705
393731 -157.721
393833 -157.738
393935 -157.754
394037 -157.77
394139 -157.786
394241 -157.802
394343 -157.818
394445 -157.834
394548 -157.85
394650 -157.866
394752 -157.882
394854 -157.898
394956 -157.914
395058 -157.93
395160 -157.946
395262 -157.962
395364 -157.978
395466 -157.994
395568 -158.01
395670 -158.026
395772 -158.042
395874 -158.058
395976 -158.074
396078 -158.09
396180 -158.106
396282 -158.122
396384 -158.138
396486 -158.154
396588 -158.17
396690 -158.186
396792 -158.202
396894 -158.219
396996 -158.235
397098 -158.251
397200 -158.267
397302 -158.283
397404 -158.299
397506 -158.315
397608 -158.331
397710 -158.347
397812 -158.363
397914 -158.379
398017 -158.395
398119 -158.411
398221 -158.427
398323 -158.443
398425 -158.459
398527 -158.475
398629 -158.491
398731 -158.507
398833 -158.523
398935 -158.539
399037 -158.555
399139 -158.571
399241 -158.587
399343 -158.603
399445 -158.619
399547 -158.635
399649 -158.651
399751 -158.667
399853 -158.684
399955 -158.7
400057 -158.716
400159 -158.732
400261 -158.748
400363 -158.764
400465 -158.78
400567 -158.796
400669 -158.812
400771 -158.828
400873 -158.844
400975 -158.86
401077 -158.876
401179 -158.892
401281 -158.908
401383 -158.924
401486 -158.94
401588 -158.956
401690 -158.972
401792 -158.988
401894 -159.004
401996 -159.02
402098 -159.036
402200 -159.052
402302 -159.068
402404 -159.084
402506 -159.1
402608 -159.116
402710 -159.132
402812 -159.148
402914 -159.165
403016 -159.181
403118 -159.197
403220 -159.213
403322 -159.229
403424 -159.245
403526 -159.261
403628 -159.277
403730 -159.293
403832 -159.309
403934 -159.325
404036 -159.341
404138 -159.357
404240 -159.373
404342 -159.389
404444 -159.405
404546 -159.421
404648 -159.437
404750 -159.453
404852 -159.469
404955 -159.485
405057 -159.501
405159 -159.517
405261 -159.533
405363 -159.549
405465 -159.565
405567 -159.581
405669 -159.597
405771 -159.613
405873 -159.629
405975 -159.646
406077 -159.662
406179 -159.678
406281 -159.694
406383 -159.71
406485 -159.726
406587 -159.742
406689 -159.758
406791 -159.774
406893 -159.79
406995 -159.806
407097 -159.822
407199 -159.838
407301 -159.854
407403 -159.87
407505 -159.886
407607 -159.902
407709 -159.918
407811 -159.934
407913 -159.95
408015 -159.966
408117 -159.982
408219 -159.998
408321 -160.014
408424 -160.03
408526 -160.046
408628 -160.062
408730 -160.078
408832 -160.094
408934 -160.111
409036 -160.127
409138 -160.143
409240 -160.159
409342 -160.175
409444 -160.191
409546 -160.207
409648 -160.223
409750 -160.239
409852 -160.255
409954 -160.271
410056 -160.287
410158 -160.303
410260 -160.319
410362 -160.335
410464 -160.351
410566 -160.367
410668 -160.383
410770 -160.399
410872 -160.415
410974 -160.431
411076 -160.447
411178 -160.463
411280 -160.479
411382 -160.495
411484 -160.511
411586 -160.527
411688 -160.543
411790 -160.559
411893 -160.575
411995 -160.592
412097 -160.608
412199 -160.624
412301 -160.64
412403 -160.656
412505 -160.672
412607 -160.688
412709 -160.704
412811 -160.72
412913 -160.736
413015 -160.752
413117 -160.768
413219 -160.784
413321 -160.8
413423 -160.816
413525 -160.832
413627 -160.848
413729 -160.864
413831 -160.88
413933 -160.896
414035 -160.912
414137 -160.928
414239 -160.944
414341 -160.96
414443 -160.976
414545 -160.992
414647 -161.008
414749 -161.024
414851 -161.04
414953 -161.056
415055 -161.073
415157 -161.089
415259 -161.105
415362 -161.121
415464 -161.137
415566 -161.153
415668 -161.169
415770 -161.185
415872 -161.201
415974 -161.217
416076 -161.233
416178 -161.249
416280 -161.265
416382 -161.281
416484 -161.297
416586 -161.313
416688 -161.329
416790 -161.345
416892 -161.361
416994 -161.377
417096 -161.393
417198 -161.409
417300 -161.425
417402 -161.441
417504 -161.457
417606 -161.473
417708 -161.489
417810 -161.505
417912 -161.521
418014 -161.538
418116 -161.554
418218 -161.57
418320 -161.586
418422 -161.602
418524 -161.618
418626 -161.634
418728 -161.65
418831 -161.666
418933 -161.682
419035 -161.698
419137 -161.714
419239 -161.73
419341 -161.746
419443 -161.762
419545 -161.778
419647 -161.794
419749 -161.81
419851 -161.826
419953 -161.842
420055 -161.858
420157 -161.874
420259 -161.89
420361 -161.906
420463 -161.922
420565 -161.938
420667 -161.954
420769 -161.97
420871 -161.986
420973 -162.002
421075 -162.019
421177 -162.035
421279 -162.051
421381 -162.067
421483 -162.083
421585 -162.099
421687 -162.115
421789 -162.131
421891 -162.147
421993 -162.163
422095 -162.179
422197 -162.195
422300 -162.211
422402 -162.227
422504 -162.243
422606 -162.259
422708 -162.275
422810 -162.291
422912 -162.307
423014 -162.323
423116 -162.339
423218 -162.355
423320 -162.371
423422 -162.387
423524 -162.403
423626 -162.419
423728 -162.435
423830 -162.451
423932 -162.467
424034 -162.483
424136 -162.5
424238 -162.516
424340 -162.532
424442 -162.548
424544 -162.564
424646 -162.58
424748 -162.596
424850 -162.612
424952 -162.628
425054 -162.644
425156 -162.66
425258 -162.676
425360 -162.692
425462 -162.708
425564 -162.724
425666 -162.74
425769 -162.756
425871 -162.772
425973 -162.788
426075 -162.804
426177 -162.82
426279 -162.836
426381 -162.852
426483 -162.868
426585 -162.884
426687 -162.9
426789 -162.916
426891 -162.932
426993 -162.948
427095 -162.965
427197 -162.981
427299 -162.997
427401 -163.013
427503 -163.029
427605 -163.045
427707 -163.061
427809 -163.077
427911 -163.093
428013 -163.109
428115 -163.125
428217 -163.141
428319 -163.157
428421 -163.173
428523 -163.189
428625 -163.205
428727 -163.221
428829 -163.237
428931 -163.253
429033 -163.269
429135 -163.285
429238 -163.301
429340 -163.317
429442 -163.333
429544 -163.349
429646 -163.365
429748 -163.381
429850 -163.397
429952 -163.413
430054 -163.429
430156 -163.446
430258 -163.462
430360 -163.478
430462 -163.494
430564 -163.51
430666 -163.526
430768 -163.542
430870 -163.558
430972 -163.574
431074 -163.59
431176 -163.606
431278 -163.622
431380 -163.638
431482 -163.654
431584 -163.67
431686 -163.686
431788 -163.702
431890 -163.718
431992 -163.734
432094 -163.75
432196 -163.766
432298 -163.782
432400 -163.798
432502 -163.814
432604 -163.83
432707 -163.846
432809 -163.862
432911 -163.878
433013 -163.894
433115 -163.911
433217 -163.927
433319 -163.943
433421 -163.959
433523 -163.975
433625 -163.991
433727 -164.007
433829 -164.023
433931 -164.039
434033 -164.055
434135 -164.071
434237 -164.087
434339 -164.103
434441 -164.119
434543 -164.135
434645 -164.151
434747 -164.167
434849 -164.183
434951 -164.199
435053 -164.215
435155 -164.231
435257 -164.247
435359 -164.263
435461 -164.279
435563 -164.295
435665 -164.311
435767 -164.327
435869 -164.343
435971 -164.359
436073 -164.375
436176 -164.392
436278 -164.408
436380 -164.424
436482 -164.44
436584 -164.456
436686 -164.472
436788 -164.488
436890 -164.504
436992 -164.52
437094 -164.536
437196 -164.552
437298 -164.568
437400 -164.584
437502 -164.6
437604 -164.616
437706 -164.632
437808 -164.648
437910 -164.664
438012 -164.68
438114 -164.696
438216 -164.712
438318 -164.728
438420 -164.744
438522 -164.76
438624 -164.776
438726 -164.792
438828 -164.808
438930 -164.824
439032 -164.84
439134 -164.856
439236 -164.873
439338 -164.889
439440 -164.905
439542 -164.921
439645 -164.937
439747 -164.953
439849 -164.969
439951 -164.985
440053 -165.001
440155 -165.017
440257 -165.033
440359 -165.049
440461 -165.065
440563 -165.081
440665 -165.097
440767 -165.113
440869 -165.129
440971 -165.145
441073 -165.161
441175 -165.177
441277 -165.193
441379 -165.209
441481 -165.225
441583 -165.241
441685 -165.257
441787 -165.273
441889 -165.289
441991 -165.305
442093 -165.321
442195 -165.338
442297 -165.354
442399 -165.37
442501 -165.386
442603 -165.402
442705 -165.418
442807 -165.434
442909 -165.45
443011 -165.466
443114 -165.482
443216 -165.498
443318 -165.514
443420 -165.53
443522 -165.546
443624 -165.562
443726 -165.578
443828 -165.594
443930 -165.61
444032 -165.626
444134 -165.642
444236 -165.658
444338 -165.674
444440 -165.69
444542 -165.706
444644 -165.722
444746 -165.738
444848 -165.754
444950 -165.77
445052 -165.786
445154 -165.802
445256 -165.819
445358 -165.835
445460 -165.851
445562 -165.867
445664 -165.883
445766 -165.899
445868 -165.915
445970 -165.931
446072 -165.947
446174 -165.963
446276 -165.979
446378 -165.995
446480 -166.011
446582 -166.027
446685 -166.043
446787 -166.059
446889 -166.075
446991 -166.091
447093 -166.107
447195 -166.123
447297 -166.139
447399 -166.155
447501 -166.171
447603 -166.187
447705 -166.203
447807 -166.219
447909 -166.235
448011 -166.251
448113 -166.267
448215 -166.283
448317 -166.3
448419 -166.316
448521 -166.332
448623 -166.348
448725 -166.364
448827 -166.38
448929 -166.396
449031 -166.412
449133 -166.428
449235 -166.444
449337 -166.46
449439 -166.476
449541 -166.492
449643 -166.508
449745 -166.524
449847 -166.54
449949 -166.556
450051 -166.572
450154 -166.588
450256 -166.604
450358 -166.62
450460 -166.636
450562 -166.652
450664 -166.668
450766 -166.684
450868 -166.7
450970 -166.716
451072 -166.732
451174 -166.748
451276 -166.765
451378 -166.781
451480 -166.797
451582 -166.813
451684 -166.829
451786 -166.845
451888 -166.861
451990 -166.877
452092 -166.893
452194 -166.909
452296 -166.925
452398 -166.941
452500 -166.957
452602 -166.973
452704 -166.989
452806 -167.005
452908 -167.021
453010 -167.037
453112 -167.053
453214 -167.069
453316 -167.085
453418 -167.101
453520 -167.117
453623 -167.133
453725 -167.149
453827 -167.165
453929 -167.181
454031 -167.197
454133 -167.213
454235 -167.229
454337 -167.246
454439 -167.262
454541 -167.278
454643 -167.294
454745 -167.31
454847 -167.326
454949 -167.342
455051 -167.358
455153 -167.374
455255 -167.39
455357 -167.406
455459 -167.422
455561 -167.438
455663 -167.454
455765 -167.47
455867 -167.486
455969 -167.502
456071 -167.518
456173 -167.534
456275 -167.55
456377 -167.566
456479 -167.582
456581 -167.598
456683 -167.614
456785 -167.63
456887 -167.646
456989 -167.662
457092 -167.678
457194 -167.694
457296 -167.71
457398 -167.727
457500 -167.743
457602 -167.759
457704 -167.775
457806 -167.791
457908 -167.807
458010 -167.823
458112 -167.839
458214 -167.855
458316 -167.871
458418 -167.887
458520 -167.903
458622 -167.919
458724 -167.935
458826 -167.951
458928 -167.967
459030 -167.983
459132 -167.999
459234 -168.015
459336 -168.031
459438 -168.047
459540 -168.063
459642 -168.079
459744 -168.095
459846 -168.111
459948 -168.127
460050 -168.143
460152 -168.159
460254 -168.175
460356 -168.192
460458 -168.208
460561 -168.224
460663 -168.24
460765 -168.256
460867 -168.272
460969 -168.288
461071 -168.304
461173 -168.32
461275 -168.336
461377 -168.352
461479 -168.368
461581 -168.384
461683 -168.4
461785 -168.416
461887 -168.432
461989 -168.448
462091 -168.464
462193 -168.48
462295 -168.496
462397 -168.512
462499 -168.528
462601 -168.544
462703 -168.56
462805 -168.576
462907 -168.592
463009 -168.608
463111 -168.624
463213 -168.64
463315 -168.656
463417 -168.673
463519 -168.689
463621 -168.705
463723 -168.721
463825 -168.737
463927 -168.753
464030 -168.769
464132 -168.785
464234 -168.801
464336 -168.817
464438 -168.833
464540 -168.849
464642 -168.865
464744 -168.881
464846 -168.897
464948 -168.913
465050 -168.929
465152 -168.945
465254 -168.961
465356 -168.977
465458 -168.993
465560 -169.009
465662 -169.025
465764 -169.041
465866 -169.057
465968 -169.073
466070 -169.089
466172 -169.105
466274 -169.121
466376 -169.137
466478 -169.154
466580 -169.17
466682 -169.186
466784 -169.202
466886 -169.218
466988 -169.234
467090 -169.25
467192 -169.266
467294 -169.282
467396 -169.298
467499 -169.314
467601 -169.33
467703 -169.346
467805 -169.362
467907 -169.378
468009 -169.394
468111 -169.41
468213 -169.426
468315 -169.442
468417 -169.458
468519 -169.474
468621 -169.49
468723 -169.506
468825 -169.522
468927 -169.538
469029 -169.554
469131 -169.57
469233 -169.586
469335 -169.602
469437 -169.619
469539 -169.635
469641 -169.651
469743 -169.667
469845 -169.683
469947 -169.699
470049 -169.715
470151 -169.731
470253 -169.747
470355 -169.763
470457 -169.779
470559 -169.795
470661 -169.811
470763 -169.827
470865 -169.843
470968 -169.859
471070 -169.875
471172 -169.891
471274 -169.907
471376 -169.923
471478 -169.939
471580 -169.955
471682 -169.971
471784 -169.987
471886 -170.003
471988 -170.019
472090 -170.035
472192 -170.051
472294 -170.067
472396 -170.083
472498 -170.1
472600 -170.116
472702 -170.132
472804 -170.148
472906 -170.164
473008 -170.18
473110 -170.196
473212 -170.212
473314 -170.228
473416 -170.244
473518 -170.26
473620 -170.276
473722 -170.292
473824 -170.308
473926 -170.324
474028 -170.34
474130 -170.356
474232 -170.372
474334 -170.388
474437 -170.404
474539 -170.42
474641 -170.436
474743 -170.452
474845 -170.468
474947 -170.484
475049 -170.5
475151 -170.516
475253 -170.532
475355 -170.548
475457 -170.564
475559 -170.581
475661 -170.597
475763 -170.613
475865 -170.629
475967 -170.645
476069 -170.661
476171 -170.677
476273 -170.693
476375 -170.709
476477 -170.725
476579 -170.741
476681 -170.757
476783 -170.773
476885 -170.789
476987 -170.805
477089 -170.821
477191 -170.837
477293 -170.853
477395 -170.869
477497 -170.885
477599 -170.901
477701 -170.917
477803 -170.933
477906 -170.949
478008 -170.965
478110 -170.981
478212 -170.997
478314 -171.013
478416 -171.029
478518 -171.046
478620 -171.062
478722 -171.078
478824 -171.094
478926 -171.11
479028 -171.126
479130 -171.142
479232 -171.158
479334 -171.174
479436 -171.19
479538 -171.206
479640 -171.222
479742 -171.238
479844 -171.254
479946 -171.27
480048 -171.286
480150 -171.302
480252 -171.318
480354 -171.334
480456 -171.35
480558 -171.366
480660 -171.382
480762 -171.398
480864 -171.414
480966 -171.43
481068 -171.446
481170 -171.462
481272 -171.478
481375 -171.494
481477 -171.51
481579 -171.527
481681 -171.543
481783 -171.559
481885 -171.575
481987 -171.591
482089 -171.607
482191 -171.623
482293 -171.639
482395 -171.655
482497 -171.671
482599 -171.687
482701 -171.703
482803 -171.719
482905 -171.735
483007 -171.751
483109 -171.767
483211 -171.783
483313 -171.799
483415 -171.815
483517 -171.831
483619 -171.847
483721 -171.863
483823 -171.879
483925 -171.895
484027 -171.911
484129 -171.927
484231 -171.943
484333 -171.959
484435 -171.975
484537 -171.991
484639 -172.008
484741 -172.024
484844 -172.04
484946 -172.056
485048 -172.072
485150 -172.088
485252 -172.104
485354 -172.12
485456 -172.136
485558 -172.152
485660 -172.168
485762 -172.184
485864 -172.2
485966 -172.216
486068 -172.232
486170 -172.248
486272 -172.264
486374 -172.28
486476 -172.296
486578 -172.312
486680 -172.328
486782 -172.344
486884 -172.36
486986 -172.376
487088 -172.392
487190 -172.408
487292 -172.424
487394 -172.44
487496 -172.456
487598 -172.473
487700 -172.489
487802 -172.505
487904 -172.521
488006 -172.537
488108 -172.553
488210 -172.569
488313 -172.585
488415 -172.601
488517 -172.617
488619 -172.633
488721 -172.649
488823 -172.665
488925 -172.681
489027 -172.697
489129 -172.713
489231 -172.729
489333 -172.745
489435 -172.761
489537 -172.777
489639 -172.793
489741 -172.809
489843 -172.825
489945 -172.841
490047 -172.857
490149 -172.873
490251 -172.889
490353 -172.905
490455 -172.921
490557 -172.937
490659 -172.954
490761 -172.97
490863 -172.986
490965 -173.002
491067 -173.018
491169 -173.034
491271 -173.05
491373 -173.066
491475 -173.082
491577 -173.098
491679 -173.114
491782 -173.13
491884 -173.146
491986 -173.162
492088 -173.178
492190 -173.194
492292 -173.21
492394 -173.226
492496 -173.242
492598 -173.258
492700 -173.274
492802 -173.29
492904 -173.306
493006 -173.322
493108 -173.338
493210 -173.354
493312 -173.37
493414 -173.386
493516 -173.402
493618 -173.418
493720 -173.435
493822 -173.451
493924 -173.467
494026 -173.483
494128 -173.499
494230 -173.515
494332 -173.531
494434 -173.547
494536 -173.563
494638 -173.579
494740 -173.595
494842 -173.611
494944 -173.627
495046 -173.643
495148 -173.659
495251 -173.675
495353 -173.691
495455 -173.707
495557 -173.723
495659 -173.739
495761 -173.755
495863 -173.771
495965 -173.787
496067 -173.803
496169 -173.819
496271 -173.835
496373 -173.851
496475 -173.867
496577 -173.883
496679 -173.9
496781 -173.916
496883 -173.932
496985 -173.948
497087 -173.964
497189 -173.98
497291 -173.996
497393 -174.012
497495 -174.028
497597 -174.044
497699 -174.06
497801 -174.076
497903 -174.092
498005 -174.108
498107 -174.124
498209 -174.14
498311 -174.156
498413 -174.172
498515 -174.188
498617 -174.204
498720 -174.22
498822 -174.236
498924 -174.252
499026 -174.268
499128 -174.284
499230 -174.3
499332 -174.316
499434 -174.332
499536 -174.348
499638 -174.364
499740 -174.381
499842 -174.397
499944 -174.413
500046 -174.429
500148 -174.445
500250 -174.461
500352 -174.477
500454 -174.493
500556 -174.509
500658 -174.525
500760 -174.541
500862 -174.557
500964 -174.573
501066 -174.589
501168 -174.605
501270 -174.621
501372 -174.637
501474 -174.653
501576 -174.669
501678 -174.685
501780 -174.701
501882 -174.717
501984 -174.733
502086 -174.749
502188 -174.765
502291 -174.781
502393 -174.797
502495 -174.813
502597 -174.829
502699 -174.845
502801 -174.862
502903 -174.878
503005 -174.894
503107 -174.91
503209 -174.926
503311 -174.942
503413 -174.958
503515 -174.974
503617 -174.99
503719 -175.006
503821 -175.022
503923 -175.038
504025 -175.054
504127 -175.07
504229 -175.086
504331 -175.102
504433 -175.118
504535 -175.134
504637 -175.15
504739 -175.166
504841 -175.182
504943 -175.198
505045 -175.214
505147 -175.23
505249 -175.246
505351 -175.262
505453 -175.278
505555 -175.294
505657 -175.31
505760 -175.327
505862 -175.343
505964 -175.359
506066 -175.375
506168 -175.391
506270 -175.407
506372 -175.423
506474 -175.439
506576 -175.455
506678 -175.471
506780 -175.487
506882 -175.503
506984 -175.519
507086 -175.535
507188 -175.551
507290 -175.567
507392 -175.583
507494 -175.599
507596 -175.615
507698 -175.631
507800 -175.647
507902 -175.663
508004 -175.679
508106 -175.695
508208 -175.711
508310 -175.727
508412 -175.743
508514 -175.759
508616 -175.775
508718 -175.791
508820 -175.808
508922 -175.824
509024 -175.84
509126 -175.856
509229 -175.872
509331 -175.888
509433 -175.904
509535 -175.92
509637 -175.936
509739 -175.952
509841 -175.968
509943 -175.984
510045 -176
510147 -176.016
510249 -176.032
510351 -176.048
510453 -176.064
510555 -176.08
510657 -176.096
510759 -176.112
510861 -176.128
510963 -176.144
511065 -176.16
511167 -176.176
511269 -176.192
511371 -176.208
511473 -176.224
511575 -176.24
511677 -176.256
511779 -176.272
511881 -176.289
511983 -176.305
512085 -176.321
512187 -176.337
512289 -176.353
512391 -176.369
512493 -176.385
512595 -176.401
512698 -176.417
512800 -176.433
512902 -176.449
513004 -176.465
513106 -176.481
513208 -176.497
513310 -176.513
513412 -176.529
513514 -176.545
513616 -176.561
513718 -176.577
513820 -176.593
513922 -176.609
514024 -176.625
514126 -176.641
514228 -176.657
514330 -176.673
514432 -176.689
514534 -176.705
514636 -176.721
514738 -176.737
514840 -176.754
514942 -176.77
515044 -176.786
515146 -176.802
515248 -176.818
515350 -176.834
515452 -176.85
515554 -176.866
515656 -176.882
515758 -176.898
515860 -176.914
515962 -176.93
516064 -176.946
516167 -176.962
516269 -176.978
516371 -176.994
516473 -177.01
516575 -177.026
516677 -177.042
516779 -177.058
516881 -177.074
516983 -177.09
517085 -177.106
517187 -177.122
517289 -177.138
517391 -177.154
517493 -177.17
517595 -177.186
517697 -177.202
517799 -177.218
517901 -177.235
518003 -177.251
518105 -177.267
518207 -177.283
518309 -177.299
518411 -177.315
518513 -177.331
518615 -177.347
518717 -177.363
518819 -177.379
518921 -177.395
519023 -177.411
519125 -177.427
519227 -177.443
519329 -177.459
519431 -177.475
519533 -177.491
519636 -177.507
519738 -177.523
519840 -177.539
519942 -177.555
520044 -177.571
520146 -177.587
520248 -177.603
520350 -177.619
520452 -177.635
520554 -177.651
520656 -177.667
520758 -177.683
520860 -177.699
520962 -177.716
521064 -177.732
521166 -177.748
521268 -177.764
521370 -177.78
521472 -177.796
521574 -177.812
521676 -177.828
521778 -177.844
521880 -177.86
521982 -177.876
522084 -177.892
522186 -177.908
522288 -177.924
522390 -177.94
522492 -177.956
522594 -177.972
522696 -177.988
522798 -178.004
522900 -178.02
523002 -178.036
523105 -178.052
523207 -178.068
523309 -178.084
523411 -178.1
523513 -178.116
523615 -178.132
523717 -178.148
523819 -178.164
523921 -178.181
524023 -178.197
524125 -178.213
524227 -178.229
524329 -178.245
524431 -178.261
524533 -178.277
524635 -178.293
524737 -178.309
524839 -178.325
524941 -178.341
525043 -178.357
525145 -178.373
525247 -178.389
525349 -178.405
525451 -178.421
525553 -178.437
525655 -178.453
525757 -178.469
525859 -178.485
525961 -178.501
526063 -178.517
526165 -178.533
526267 -178.549
526369 -178.565
526471 -178.581
526574 -178.597
526676 -178.613
526778 -178.629
526880 -178.645
526982 -178.662
527084 -178.678
527186 -178.694
527288 -178.71
527390 -178.726
527492 -178.742
527594 -178.758
527696 -178.774
527798 -178.79
527900 -178.806
528002 -178.822
528104 -178.838
528206 -178.854
528308 -178.87
528410 -178.886
528512 -178.902
528614 -178.918
528716 -178.934
528818 -178.95
528920 -178.966
529022 -178.982
529124 -178.998
529226 -179.014
529328 -179.03
529430 -179.046
529532 -179.062
529634 -179.078
529736 -179.094
529838 -179.11
529940 -179.126
530043 -179.143
530145 -179.159
530247 -179.175
530349 -179.191
530451 -179.207
530553 -179.223
530655 -179.239
530757 -179.255
530859 -179.271
530961 -179.287
531063 -179.303
531165 -179.319
531267 -179.335
531369 -179.351
531471 -179.367
531573 -179.383
531675 -179.399
531777 -179.415
531879 -179.431
531981 -179.447
532083 -179.463
532185 -179.479
532287 -179.495
532389 -179.511
532491 -179.527
532593 -179.543
532695 -179.559
532797 -179.575
532899 -179.591
533001 -179.608
533103 -179.624
533205 -179.64
533307 -179.656
533409 -179.672
533512 -179.688
533614 -179.704
533716 -179.72
533818 -179.736
533920 -179.752
534022 -179.768
534124 -179.784
534226 -179.8
534328 -179.816
534430 -179.832
534532 -179.848
534634 -179.864
534736 -179.88
534838 -179.896
534940 -179.912
535042 -179.928
535144 -179.944
535246 -179.96
535348 -179.976
535450 -179.992
535552 -180.008
535654 -180.024
535756 -180.04
535858 -180.056
535960 -180.072
536062 -180.089
536164 -180.105
536266 -180.121
536368 -180.137
536470 -180.153
536572 -180.169
536674 -180.185
536776 -180.201
536878 -180.217
536981 -180.233
537083 -180.249
537185 -180.265
537287 -180.281
537389 -180.297
537491 -180.313
537593 -180.329
537695 -180.345
537797 -180.361
537899 -180.377
538001 -180.393
538103 -180.409
538205 -180.425
538307 -180.441
538409 -180.457
538511 -180.473
538613 -180.489
538715 -180.505
538817 -180.521
538919 -180.537
539021 -180.553
539123 -180.57
539225 -180.586
539327 -180.602
539429 -180.618
539531 -180.634
539633 -180.65
539735 -180.666
539837 -180.682
539939 -180.698
540041 -180.714
540143 -180.73
540245 -180.746
540347 -180.762
540450 -180.778
540552 -180.794
540654 -180.81
540756 -180.826
540858 -180.842
540960 -180.858
541062 -180.874
541164 -180.89
541266 -180.906
541368 -180.922
541470 -180.938
541572 -180.954
541674 -180.97
541776 -180.986
541878 -181.002
541980 -181.018
542082 -181.035
542184 -181.051
542286 -181.067
542388 -181.083
542490 -181.099
542592 -181.115
542694 -181.131
542796 -181.147
542898 -181.163
543000 -181.179
543102 -181.195
543204 -181.211
543306 -181.227
543408 -181.243
543510 -181.259
543612 -181.275
543714 -181.291
543816 -181.307
543919 -181.323
544021 -181.339
544123 -181.355
544225 -181.371
544327 -181.387
544429 -181.403
544531 -181.419
544633 -181.435
544735 -181.451
544837 -181.467
544939 -181.483
545041 -181.499
545143 -181.516
545245 -181.532
545347 -181.548
545449 -181.564
545551 -181.58
545653 -181.596
545755 -181.612
545857 -181.628
545959 -181.644
546061 -181.66
546163 -181.676
546265 -181.692
546367 -181.708
546469 -181.724
546571 -181.74
546673 -181.756
546775 -181.772
546877 -181.788
546979 -181.804
547081 -181.82
547183 -181.836
547285 -181.852
547388 -181.868
547490 -181.884
547592 -181.9
547694 -181.916
547796 -181.932
547898 -181.948
548000 -181.964
548102 -181.98
548204 -181.997
548306 -182.013
548408 -182.029
548510 -182.045
548612 -182.061
548714 -182.077
548816 -182.093
548918 -182.109
549020 -182.125
549122 -182.141
549224 -182.157
549326 -182.173
549428 -182.189
549530 -182.205
549632 -182.221
549734 -182.237
549836 -182.253
549938 -182.269
550040 -182.285
550142 -182.301
550244 -182.317
550346 -182.333
550448 -182.349
550550 -182.365
550652 -182.381
550754 -182.397
550857 -182.413
550959 -182.429
551061 -182.445
551163 -182.462
551265 -182.478
551367 -182.494
551469 -182.51
551571 -182.526
551673 -182.542
551775 -182.558
551877 -182.574
551979 -182.59
552081 -182.606
552183 -182.622
552285 -182.638
552387 -182.654
552489 -182.67
552591 -182.686
552693 -182.702
552795 -182.718
552897 -182.734
552999 -182.75
553101 -182.766
553203 -182.782
553305 -182.798
553407 -182.814
553509 -182.83
553611 -182.846
553713 -182.862
553815 -182.878
553917 -182.894
554019 -182.91
554121 -182.926
554223 -182.943
554326 -182.959
554428 -182.975
554530 -182.991
554632 -183.007
554734 -183.023
554836 -183.039
554938 -183.055
555040 -183.071
555142 -183.087
555244 -183.103
555346 -183.119
555448 -183.135
555550 -183.151
555652 -183.167
555754 -183.183
555856 -183.199
555958 -183.215
556060 -183.231
556162 -183.247
556264 -183.263
556366 -183.279
556468 -183.295
556570 -183.311
556672 -183.327
556774 -183.343
556876 -183.359
556978 -183.375
557080 -183.391
557182 -183.407
557284 -183.424
557386 -183.44
557488 -183.456
557590 -183.472
557692 -183.488
557794 -183.504
557897 -183.52
557999 -183.536
558101 -183.552
558203 -183.568
558305 -183.584
558407 -183.6
558509 -183.616
558611 -183.632
558713 -183.648
558815 -183.664
558917 -183.68
559019 -183.696
559121 -183.712
559223 -183.728
559325 -183.744
559427 -183.76
559529 -183.776
559631 -183.792
559733 -183.808
559835 -183.824
559937 -183.84
560039 -183.856
560141 -183.872
560243 -183.889
560345 -183.905
560447 -183.921
560549 -183.937
560651 -183.953
560753 -183.969
560855 -183.985
560957 -184.001
561059 -184.017
561161 -184.033
561263 -184.049
561366 -184.065
561468 -184.081
561570 -184.097
561672 -184.113
561774 -184.129
561876 -184.145
561978 -184.161
562080 -184.177
562182 -184.193
562284 -184.209
562386 -184.225
562488 -184.241
562590 -184.257
562692 -184.273
562794 -184.289
562896 -184.305
562998 -184.321
563100 -184.337
563202 -184.353
563304 -184.37
563406 -184.386
563508 -184.402
563610 -184.418
563712 -184.434
563814 -184.45
563916 -184.466
564018 -184.482
564120 -184.498
564222 -184.514
564324 -184.53
564426 -184.546
564528 -184.562
564630 -184.578
564732 -184.594
564835 -184.61
564937 -184.626
565039 -184.642
565141 -184.658
565243 -184.674
565345 -184.69
565447 -184.706
565549 -184.722
565651 -184.738
565753 -184.754
565855 -184.77
565957 -184.786
566059 -184.802
566161 -184.818
566263 -184.834
566365 -184.851
566467 -184.867
566569 -184.883
566671 -184.899
566773 -184.915
566875 -184.931
566977 -184.947
567079 -184.963
567181 -184.979
567283 -184.995
567385 -185.011
567487 -185.027
567589 -185.043
567691 -185.059
567793 -185.075
567895 -185.091
567997 -185.107
568099 -185.123
568201 -185.139
568304 -185.155
568406 -185.171
568508 -185.187
568610 -185.203
568712 -185.219
568814 -185.235
568916 -185.251
569018 -185.267
569120 -185.283
569222 -185.299
569324 -185.316
569426 -185.332
569528 -185.348
569630 -185.364
569732 -185.38
569834 -185.396
569936 -185.412
570038 -185.428
570140 -185.444
570242 -185.46
570344 -185.476
570446 -185.492
570548 -185.508
570650 -185.524
570752 -185.54
570854 -185.556
570956 -185.572
571058 -185.588
571160 -185.604
571262 -185.62
571364 -185.636
571466 -185.652
571568 -185.668
571670 -185.684
571773 -185.7
571875 -185.716
571977 -185.732
572079 -185.748
572181 -185.764
572283 -185.78
572385 -185.797
572487 -185.813
572589 -185.829
572691 -185.845
572793 -185.861
572895 -185.877
572997 -185.893
573099 -185.909
573201 -185.925
573303 -185.941
573405 -185.957
573507 -185.973
573609 -185.989
573711 -186.005
573813 -186.021
573915 -186.037
574017 -186.053
574119 -186.069
574221 -186.085
574323 -186.101
574425 -186.117
574527 -186.133
574629 -186.149
574731 -186.165
574833 -186.181
574935 -186.197
575037 -186.213
575139 -186.229
575242 -186.245
575344 -186.261
575446 -186.278
575548 -186.294
575650 -186.31
575752 -186.326
575854 -186.342
575956 -186.358
576058 -186.374
576160 -186.39
576262 -186.406
576364 -186.422
576466 -186.438
576568 -186.454
576670 -186.47
576772 -186.486
576874 -186.502
576976 -186.518
577078 -186.534
577180 -186.55
577282 -186.566
577384 -186.582
577486 -186.598
577588 -186.614
577690 -186.63
577792 -186.646
577894 -186.662
577996 -186.678
578098 -186.694
578200 -186.71
578302 -186.726
578404 -186.743
578506 -186.759
578608 -186.775
578711 -186.791
578813 -186.807
578915 -186.823
579017 -186.839
579119 -186.855
579221 -186.871
579323 -186.887
579425 -186.903
579527 -186.919
579629 -186.935
579731 -186.951
579833 -186.967
579935 -186.983
580037 -186.999
580139 -187.015
580241 -187.031
580343 -187.047
580445 -187.063
580547 -187.079
580649 -187.095
580751 -187.111
580853 -187.127
580955 -187.143
581057 -187.159
581159 -187.175
581261 -187.191
581363 -187.207
581465 -187.224
581567 -187.24
581669 -187.256
581771 -187.272
581873 -187.288
581975 -187.304
582077 -187.32
582180 -187.336
582282 -187.352
582384 -187.368
582486 -187.384
582588 -187.4
582690 -187.416
582792 -187.432
582894 -187.448
582996 -187.464
583098 -187.48
583200 -187.496
583302 -187.512
583404 -187.528
583506 -187.544
583608 -187.56
583710 -187.576
583812 -187.592
583914 -187.608
584016 -187.624
584118 -187.64
584220 -187.656
584322 -187.672
584424 -187.688
584526 -187.705
584628 -187.721
584730 -187.737
584832 -187.753
584934 -187.769
585036 -187.785
585138 -187.801
585240 -187.817
585342 -187.833
585444 -187.849
585546 -187.865
585649 -187.881
585751 -187.897
585853 -187.913
585955 -187.929
586057 -187.945
586159 -187.961
586261 -187.977
586363 -187.993
586465 -188.009
586567 -188.025
586669 -188.041
586771 -188.057
586873 -188.073
586975 -188.089
587077 -188.105
587179 -188.121
587281 -188.137
587383 -188.153
587485 -188.17
587587 -188.186
587689 -188.202
587791 -188.218
587893 -188.234
587995 -188.25
588097 -188.266
588199 -188.282
588301 -188.298
588403 -188.314
588505 -188.33
588607 -188.346
588709 -188.362
588811 -188.378
588913 -188.394
589015 -188.41
589118 -188.426
589220 -188.442
589322 -188.458
589424 -188.474
589526 -188.49
589628 -188.506
589730 -188.522
589832 -188.538
589934 -188.554
590036 -188.57
590138 -188.586
590240 -188.602
590342 -188.618
590444 -188.634
590546 -188.651
590648 -188.667
590750 -188.683
590852 -188.699
590954 -188.715
591056 -188.731
591158 -188.747
591260 -188.763
591362 -188.779
591464 -188.795
591566 -188.811
591668 -188.827
591770 -188.843
591872 -188.859
591974 -188.875
592076 -188.891
592178 -188.907
592280 -188.923
592382 -188.939
592484 -188.955
592587 -188.971
592689 -188.987
592791 -189.003
592893 -189.019
592995 -189.035
593097 -189.051
593199 -189.067
593301 -189.083
593403 -189.099
593505 -189.115
593607 -189.132
593709 -189.148
593811 -189.164
593913 -189.18
594015 -189.196
594117 -189.212
594219 -189.228
594321 -189.244
594423 -189.26
594525 -189.276
594627 -189.292
594729 -189.308
594831 -189.324
594933 -189.34
595035 -189.356
595137 -189.372
595239 -189.388
595341 -189.404
595443 -189.42
595545 -189.436
595647 -189.452
595749 -189.468
595851 -189.484
595953 -189.5
596056 -189.516
596158 -189.532
596260 -189.548
596362 -189.564
596464 -189.58
596566 -189.597
596668 -189.613
596770 -189.629
596872 -189.645
596974 -189.661
597076 -189.677
597178 -189.693
597280 -189.709
597382 -189.725
597484 -189.741
597586 -189.757
597688 -189.773
597790 -189.789
597892 -189.805
597994 -189.821
598096 -189.837
598198 -189.853
598300 -189.869
598402 -189.885
598504 -189.901
598606 -189.917
598708 -189.933
598810 -189.949
598912 -189.965
599014 -189.981
599116 -189.997
599218 -190.013
599320 -190.029
599422 -190.045
599525 -190.061
599627 -190.078
599729 -190.094
599831 -190.11
599933 -190.126
600035 -190.142
600137 -190.158
600239 -190.174
600341 -190.19
600443 -190.206
600545 -190.222
600647 -190.238
600749 -190.254
600851 -190.27
600953 -190.286
601055 -190.302
601157 -190.318
601259 -190.334
601361 -190.35
601463 -190.366
601565 -190.382
601667 -190.398
601769 -190.414
601871 -190.43
601973 -190.446
602075 -190.462
602177 -190.478
602279 -190.494
602381 -190.51
602483 -190.526
602585 -190.542
602687 -190.559
602789 -190.575
602891 -190.591
602994 -190.607
603096 -190.623
603198 -190.639
603300 -190.655
603402 -190.671
603504 -190.687
603606 -190.703
603708 -190.719
603810 -190.735
603912 -190.751
604014 -190.767
604116 -190.783
604218 -190.799
604320 -190.815
604422 -190.831
604524 -190.847
604626 -190.863
604728 -190.879
604830 -190.895
604932 -190.911
605034 -190.927
605136 -190.943
605238 -190.959
605340 -190.975
605442 -190.991
605544 -191.007
605646 -191.024
605748 -191.04
605850 -191.056
605952 -191.072
606054 -191.088
606156 -191.104
606258 -191.12
606360 -191.136
606463 -191.152
606565 -191.168
606667 -191.184
606769 -191.2
606871 -191.216
606973 -191.232
607075 -191.248
607177 -191.264
607279 -191.28
607381 -191.296
607483 -191.312
607585 -191.328
607687 -191.344
607789 -191.36
607891 -191.376
607993 -191.392
608095 -191.408
608197 -191.424
608299 -191.44
608401 -191.456
608503 -191.472
608605 -191.488
608707 -191.505
608809 -191.521
608911 -191.537
609013 -191.553
609115 -191.569
609217 -191.585
609319 -191.601
609421 -191.617
609523 -191.633
609625 -191.649
609727 -191.665
609829 -191.681
609932 -191.697
610034 -191.713
610136 -191.729
610238 -191.745
610340 -191.761
610442 -191.777
610544 -191.793
610646 -191.809
610748 -191.825
610850 -191.841
610952 -191.857
611054 -191.873
611156 -191.889
611258 -191.905
611360 -191.921
611462 -191.937
611564 -191.953
611666 -191.969
611768 -191.986
611870 -192.002
611972 -192.018
612074 -192.034
612176 -192.05
612278 -192.066
612380 -192.082
612482 -192.098
612584 -192.114
612686 -192.13
612788 -192.146
612890 -192.162
612992 -192.178
613094 -192.194
613196 -192.21
613298 -192.226
613401 -192.242
613503 -192.258
613605 -192.274
613707 -192.29
613809 -192.306
613911 -192.322
614013 -192.338
614115 -192.354
614217 -192.37
614319 -192.386
614421 -192.402
614523 -192.418
614625 -192.434
614727 -192.451
614829 -192.467
614931 -192.483
615033 -192.499
615135 -192.515
615237 -192.531
615339 -192.547
615441 -192.563
615543 -192.579
615645 -192.595
615747 -192.611
615849 -192.627
615951 -192.643
616053 -192.659
616155 -192.675
616257 -192.691
616359 -192.707
616461 -192.723
616563 -192.739
616665 -192.755
616767 -192.771
616869 -192.787
616972 -192.803
617074 -192.819
617176 -192.835
617278 -192.851
617380 -192.867
617482 -192.883
617584 -192.899
617686 -192.915
617788 -192.932
617890 -192.948
617992 -192.964
618094 -192.98
618196 -192.996
618298 -193.012
618400 -193.028
618502 -193.044
618604 -193.06
618706 -193.076
618808 -193.092
618910 -193.108
619012 -193.124
619114 -193.14
619216 -193.156
619318 -193.172
619420 -193.188
619522 -193.204
619624 -193.22
619726 -193.236
619828 -193.252
619930 -193.268
620032 -193.284
620134 -193.3
620236 -193.316
620338 -193.332
620441 -193.348
620543 -193.364
620645 -193.38
620747 -193.396
620849 -193.413
620951 -193.429
621053 -193.445
621155 -193.461
621257 -193.477
621359 -193.493
621461 -193.509
621563 -193.525
621665 -193.541
621767 -193.557
621869 -193.573
621971 -193.589
622073 -193.605
622175 -193.621
622277 -193.637
622379 -193.653
622481 -193.669
622583 -193.685
622685 -193.701
622787 -193.717
622889 -193.733
622991 -193.749
623093 -193.765
623195 -193.781
623297 -193.797
623399 -193.813
623501 -193.829
623603 -193.845
623705 -193.861
623807 -193.878
623910 -193.894
624012 -193.91
624114 -193.926
624216 -193.942
624318 -193.958
624420 -193.974
624522 -193.99
624624 -194.006
624726 -194.022
624828 -194.038
624930 -194.054
625032 -194.07
625134 -194.086
625236 -194.102
625338 -194.118
625440 -194.134
625542 -194.15
625644 -194.166
625746 -194.182
625848 -194.198
625950 -194.214
626052 -194.23
626154 -194.246
626256 -194.262
626358 -194.278
626460 -194.294
626562 -194.31
626664 -194.326
626766 -194.342
626868 -194.359
626970 -194.375
627072 -194.391
627174 -194.407
627276 -194.423
627379 -194.439
627481 -194.455
627583 -194.471
627685 -194.487
627787 -194.503
627889 -194.519
627991 -194.535
628093 -194.551
628195 -194.567
628297 -194.583
628399 -194.599
628501 -194.615
628603 -194.631
628705 -194.647
628807 -194.663
628909 -194.679
629011 -194.695
629113 -194.711
629215 -194.727
629317 -194.743
629419 -194.759
629521 -194.775
629623 -194.791
629725 -194.807
629827 -194.823
629929 -194.84
630031 -194.856
630133 -194.872
630235 -194.888
630337 -194.904
630439 -194.92
630541 -194.936
630643 -194.952
630745 -194.968
630848 -194.984
630950 -195
631052 -195.016
631154 -195.032
631256 -195.048
631358 -195.064
631460 -195.08
631562 -195.096
631664 -195.112
631766 -195.128
631868 -195.144
631970 -195.16
632072 -195.176
632174 -195.192
632276 -195.208
632378 -195.224
632480 -195.24
632582 -195.256
632684 -195.272
632786 -195.288
632888 -195.305
632990 -195.321
633092 -195.337
633194 -195.353
633296 -195.369
633398 -195.385
633500 -195.401
633602 -195.417
633704 -195.433
633806 -195.449
633908 -195.465
634010 -195.481
634112 -195.497
634214 -195.513
634317 -195.529
634419 -195.545
634521 -195.561
634623 -195.577
634725 -195.593
634827 -195.609
634929 -195.625
635031 -195.641
635133 -195.657
635235 -195.673
635337 -195.689
635439 -195.705
635541 -195.721
635643 -195.737
635745 -195.753
635847 -195.769
635949 -195.786
636051 -195.802
636153 -195.818
636255 -195.834
636357 -195.85
636459 -195.866
636561 -195.882
636663 -195.898
636765 -195.914
636867 -195.93
636969 -195.946
637071 -195.962
637173 -195.978
637275 -195.994
637377 -196.01
637479 -196.026
637581 -196.042
637683 -196.058
637786 -196.074
637888 -196.09
637990 -196.106
638092 -196.122
638194 -196.138
638296 -196.154
638398 -196.17
638500 -196.186
638602 -196.202
638704 -196.218
638806 -196.234
638908 -196.251
639010 -196.267
639112 -196.283
639214 -196.299
639316 -196.315
639418 -196.331
639520 -196.347
639622 -196.363
639724 -196.379
639826 -196.395
639928 -196.411
640030 -196.427
640132 -196.443
640234 -196.459
640336 -196.475
640438 -196.491
640540 -196.507
640642 -196.523
640744 -196.539
640846 -196.555
640948 -196.571
641050 -196.587
641152 -196.603
641255 -196.619
641357 -196.635
641459 -196.651
641561 -196.667
641663 -196.683
641765 -196.699
641867 -196.715
641969 -196.732
642071 -196.748
642173 -196.764
642275 -196.78
642377 -196.796
642479 -196.812
642581 -196.828
642683 -196.844
642785 -196.86
642887 -196.876
642989 -196.892
643091 -196.908
643193 -196.924
643295 -196.94
643397 -196.956
643499 -196.972
643601 -196.988
643703 -197.004
643805 -197.02
643907 -197.036
644009 -197.052
644111 -197.068
644213 -197.084
644315 -197.1
644417 -197.116
644519 -197.132
644621 -197.148
644724 -197.164
644826 -197.18
644928 -197.196
645030 -197.213
645132 -197.229
645234 -197.245
645336 -197.261
645438 -197.277
645540 -197.293
645642 -197.309
645744 -197.325
645846 -197.341
645948 -197.357
646050 -197.373
646152 -197.389
646254 -197.405
646356 -197.421
646458 -197.437
646560 -197.453
646662 -197.469
646764 -197.485
646866 -197.501
646968 -197.517
647070 -197.533
647172 -197.549
647274 -197.565
647376 -197.581
647478 -197.597
647580 -197.613
647682 -197.629
647784 -197.645
647886 -197.661
647988 -197.678
648090 -197.694
648193 -197.71
648295 -197.726
648397 -197.742
648499 -197.758
648601 -197.774
648703 -197.79
648805 -197.806
648907 -197.822
649009 -197.838
649111 -197.854
649213 -197.87
649315 -197.886
649417 -197.902
649519 -197.918
649621 -197.934
649723 -197.95
649825 -197.966
649927 -197.982
650029 -197.998
650131 -198.014
650233 -198.03
650335 -198.046
650437 -198.062
650539 -198.078
650641 -198.094
650743 -198.11
650845 -198.126
650947 -198.142
651049 -198.159
651151 -198.175
651253 -198.191
651355 -198.207
651457 -198.223
651559 -198.239
651662 -198.255
651764 -198.271
651866 -198.287
651968 -198.303
652070 -198.319
652172 -198.335
652274 -198.351
652376 -198.367
652478 -198.383
652580 -198.399
652682 -198.415
652784 -198.431
652886 -198.447
652988 -198.463
653090 -198.479
653192 -198.495
653294 -198.511
653396 -198.527
653498 -198.543
653600 -198.559
653702 -198.575
653804 -198.591
653906 -198.607
654008 -198.623
654110 -198.64
654212 -198.656
654314 -198.672
654416 -198.688
654518 -198.704
654620 -198.72
654722 -198.736
654824 -198.752
654926 -198.768
655028 -198.784
655131 -198.8
655233 -198.816
655335 -198.832
655437 -198.848
655539 -198.864
655641 -198.88
655743 -198.896
655845 -198.912
655947 -198.928
656049 -198.944
656151 -198.96
656253 -198.976
656355 -198.992
656457 -199.008
656559 -199.024
656661 -199.04
656763 -199.056
656865 -199.072
656967 -199.088
657069 -199.105
657171 -199.121
657273 -199.137
657375 -199.153
657477 -199.169
657579 -199.185
657681 -199.201
657783 -199.217
657885 -199.233
657987 -199.249
658089 -199.265
658191 -199.281
658293 -199.297
658395 -199.313
658497 -199.329
658600 -199.345
658702 -199.361
658804 -199.377
658906 -199.393
659008 -199.409
659110 -199.425
659212 -199.441
659314 -199.457
659416 -199.473
659518 -199.489
659620 -199.505
659722 -199.521
659824 -199.537
659926 -199.553
660028 -199.569
660130 -199.586
660232 -199.602
660334 -199.618
660436 -199.634
660538 -199.65
660640 -199.666
660742 -199.682
660844 -199.698
660946 -199.714
661048 -199.73
661150 -199.746
661252 -199.762
661354 -199.778
661456 -199.794
661558 -199.81
661660 -199.826
661762 -199.842
661864 -199.858
661966 -199.874
662069 -199.89
662171 -199.906
662273 -199.922
662375 -199.938
662477 -199.954
662579 -199.97
662681 -199.986
662783 -200.002
662885 -200.018
662987 -200.034
663089 -200.05
663191 -200.067
663293 -200.083
663395 -200.099
663497 -200.115
663599 -200.131
663701 -200.147
663803 -200.163
663905 -200.179
664007 -200.195
664109 -200.211
664211 -200.227
664313 -200.243
664415 -200.259
664517 -200.275
664619 -200.291
664721 -200.307
664823 -200.323
664925 -200.339
665027 -200.355
665129 -200.371
665231 -200.387
665333 -200.403
665435 -200.419
665538 -200.435
665640 -200.451
665742 -200.467
665844 -200.483
665946 -200.499
666048 -200.515
666150 -200.532
666252 -200.548
666354 -200.564
666456 -200.58
666558 -200.596
666660 -200.612
666762 -200.628
666864 -200.644
666966 -200.66
667068 -200.676
667170 -200.692
667272 -200.708
667374 -200.724
667476 -200.74
667578 -200.756
667680 -200.772
667782 -200.788
667884 -200.804
667986 -200.82
668088 -200.836
668190 -200.852
668292 -200.868
668394 -200.884
668496 -200.9
668598 -200.916
668700 -200.932
668802 -200.948
668904 -200.964
669007 -200.98
669109 -200.996
669211 -201.013
669313 -201.029
669415 -201.045
669517 -201.061
669619 -201.077
669721 -201.093
669823 -201.109
669925 -201.125
670027 -201.141
670129 -201.157
670231 -201.173
670333 -201.189
670435 -201.205
670537 -201.221
670639 -201.237
670741 -201.253
670843 -201.269
670945 -201.285
671047 -201.301
671149 -201.317
671251 -201.333
671353 -201.349
671455 -201.365
671557 -201.381
671659 -201.397
671761 -201.413
671863 -201.429
671965 -201.445
672067 -201.461
672169 -201.477
672271 -201.494
672373 -201.51
672475 -201.526
672578 -201.542
672680 -201.558
672782 -201.574
672884 -201.59
672986 -201.606
673088 -201.622
673190 -201.638
673292 -201.654
673394 -201.67
673496 -201.686
673598 -201.702
673700 -201.718
673802 -201.734
673904 -201.75
674006 -201.766
674108 -201.782
674210 -201.798
674312 -201.814
674414 -201.83
674516 -201.846
674618 -201.862
674720 -201.878
674822 -201.894
674924 -201.91
675026 -201.926
675128 -201.942
675230 -201.959
675332 -201.975
675434 -201.991
675536 -202.007
675638 -202.023
675740 -202.039
675842 -202.055
675944 -202.071
676047 -202.087
676149 -202.103
676251 -202.119
676353 -202.135
676455 -202.151
676557 -202.167
676659 -202.183
676761 -202.199
676863 -202.215
676965 -202.231
677067 -202.247
677169 -202.263
677271 -202.279
677373 -202.295
677475 -202.311
677577 -202.327
677679 -202.343
677781 -202.359
677883 -202.375
677985 -202.391
678087 -202.407
678189 -202.423
678291 -202.44
678393 -202.456
678495 -202.472
678597 -202.488
678699 -202.504
678801 -202.52
678903 -202.536
679005 -202.552
679107 -202.568
679209 -202.584
679311 -202.6
679413 -202.616
679516 -202.632
679618 -202.648
679720 -202.664
679822 -202.68
679924 -202.696
680026 -202.712
680128 -202.728
680230 -202.744
680332 -202.76
680434 -202.776
680536 -202.792
680638 -202.808
680740 -202.824
680842 -202.84
680944 -202.856
681046 -202.872
681148 -202.888
681250 -202.904
681352 -202.921
681454 -202.937
681556 -202.953
681658 -202.969
681760 -202.985
681862 -203.001
681964 -203.017
682066 -203.033
682168 -203.049
682270 -203.065
682372 -203.081
682474 -203.097
682576 -203.113
682678 -203.129
682780 -203.145
682882 -203.161
682985 -203.177
683087 -203.193
683189 -203.209
683291 -203.225
683393 -203.241
683495 -203.257
683597 -203.273
683699 -203.289
683801 -203.305
683903 -203.321
684005 -203.337
684107 -203.353
684209 -203.369
684311 -203.386
684413 -203.402
684515 -203.418
684617 -203.434
684719 -203.45
684821 -203.466
684923 -203.482
685025 -203.498
685127 -203.514
685229 -203.53
685331 -203.546
685433 -203.562
685535 -203.578
685637 -203.594
685739 -203.61
685841 -203.626
685943 -203.642
686045 -203.658
686147 -203.674
686249 -203.69
686351 -203.561
686454 -202.234
686556 -200.933
686658 -199.657
686760 -198.406
686862 -197.179
686964 -195.974
687066 -194.792
687168 -193.632
687270 -192.492
687372 -191.373
687474 -190.274
687576 -189.194
687678 -188.132
687780 -187.089
687882 -186.064
687984 -185.055
688086 -184.063
688188 -183.087
688290 -182.128
688392 -181.183
688494 -180.253
688596 -179.338
688698 -178.438
688800 -177.551
688902 -176.677
689004 -175.817
689106 -174.969
689208 -174.134
689310 -173.311
689412 -172.5
689514 -171.701
689616 -170.913
689718 -170.136
689820 -169.37
689923 -168.615
690025 -167.87
690127 -167.135
690229 -166.41
690331 -165.695
690433 -164.989
690535 -164.292
690637 -163.604
690739 -162.926
690841 -162.255
690943 -161.594
691045 -160.941
691147 -160.295
691249 -159.658
691351 -159.029
691453 -158.407
691555 -157.793
691657 -157.186
691759 -156.587
691861 -155.994
691963 -155.408
692065 -154.83
692167 -154.257
692269 -153.692
692371 -153.133
692473 -152.58
692575 -152.033
692677 -151.493
692779 -150.958
692881 -150.429
692983 -149.906
693085 -149.389
693187 -148.877
693289 -148.37
693392 -147.869
693494 -147.374
693596 -146.883
693698 -146.397
693800 -145.917
693902 -145.441
694004 -144.97
694106 -144.504
694208 -144.043
694310 -143.586
694412 -143.134
694514 -142.686
694616 -142.242
694718 -141.803
694820 -141.368
694922 -140.938
695024 -140.511
695126 -140.088
695228 -139.67
695330 -139.255
695432 -138.844
695534 -138.437
695636 -138.034
695738 -137.634
695840 -137.238
695942 -136.845
696044 -136.456
696146 -136.071
696248 -135.689
696350 -135.31
696452 -134.935
696554 -134.563
696656 -134.194
696758 -133.828
696861 -133.465
696963 -133.106
697065 -132.749
697167 -132.396
697269 -132.045
697371 -131.698
697473 -131.353
697575 -131.011
697677 -130.672
697779 -130.336
697881 -130.002
697983 -129.672
698085 -129.343
698187 -129.018
698289 -128.695
698391 -128.374
698493 -128.056
698595 -127.741
698697 -127.428
698799 -127.117
698901 -126.809
699003 -126.504
699105 -126.2
699207 -125.899
699309 -125.6
699411 -125.303
699513 -125.009
699615 -124.717
699717 -124.427
699819 -124.139
699921 -123.853
700023 -123.569
700125 -123.288
700227 -123.008
700330 -122.73
700432 -122.455
700534 -122.181
700636 -121.91
700738 -121.64
700840 -121.372
700942 -121.106
701044 -120.842
701146 -120.579
701248 -120.319
701350 -120.06
701452 -119.803
701554 -119.548
701656 -119.295
701758 -119.043
701860 -118.793
701962 -118.545
702064 -118.298
702166 -118.053
702268 -117.81
702370 -117.568
702472 -117.328
702574 -117.089
702676 -116.852
702778 -116.616
702880 -116.382
702982 -116.15
703084 -115.919
703186 -115.689
703288 -115.461
703390 -115.234
703492 -115.009
703594 -114.785
703696 -114.563
703799 -114.342
703901 -114.122
704003 -113.904
704105 -113.687
704207 -113.471
704309 -113.257
704411 -113.043
704513 -112.832
704615 -112.621
704717 -112.412
704819 -112.204
704921 -111.997
705023 -111.792
705125 -111.588
705227 -111.385
705329 -111.183
705431 -110.982
705533 -110.782
705635 -110.584
705737 -110.387
705839 -110.191
705941 -109.996
706043 -109.802
706145 -109.609
706247 -109.417
706349 -109.227
706451 -109.037
706553 -108.849
706655 -108.662
706757 -108.475
706859 -108.29
706961 -108.106
707063 -107.922
707165 -107.74
707268 -107.559
707370 -107.379
707472 -107.199
707574 -107.021
707676 -106.844
707778 -106.667
707880 -106.492
707982 -106.317
708084 -106.144
708186 -105.971
708288 -105.8
708390 -105.629
708492 -105.459
708594 -105.29
708696 -105.122
708798 -104.954
708900 -104.788
709002 -104.622
709104 -104.458
709206 -104.294
709308 -104.131
709410 -103.969
709512 -103.807
709614 -103.647
709716 -103.487
709818 -103.328
709920 -103.17
710022 -103.013
710124 -102.856
710226 -102.7
710328 -102.545
710430 -102.391
710532 -102.237
710634 -102.085
710737 -101.933
710839 -101.782
710941 -101.631
711043 -101.481
711145 -101.332
711247 -101.184
711349 -101.036
711451 -100.889
711553 -100.743
711655 -100.598
711757 -100.453
711859 -100.309
711961 -100.165
712063 -100.023
712165 -99.8804
712267 -99.739
712369 -99.5982
712471 -99.4581
712573 -99.3186
712675 -99.1798
712777 -99.0416
712879 -98.904
712981 -98.7671
713083 -98.6308
713185 -98.4951
713287 -98.3601
713389 -98.2256
713491 -98.0918
713593 -97.9585
713695 -97.8259
713797 -97.6938
713899 -97.5624
714001 -97.4315
714103 -97.3012
714206 -97.1715
714308 -97.0423
714410 -96.9138
714512 -96.7857
714614 -96.6583
714716 -96.5314
714818 -96.4051
714920 -96.2793
715022 -96.154
715124 -96.0293
715226 -95.9051
715328 -95.7815
715430 -95.6584
715532 -95.5358
715634 -95.4137
715736 -95.2922
715838 -95.1712
715940 -95.0507
716042 -94.9307
716144 -94.8111
716246 -94.6921
716348 -94.5736
716450 -94.4556
716552 -94.3381
716654 -94.2211
716756 -94.1045
716858 -93.9885
716960 -93.8729
717062 -93.7578
717164 -93.6431
717266 -93.5289
717368 -93.4152
717470 -93.302
717572 -93.1892
717675 -93.0769
717777 -92.965
717879 -92.8535
717981 -92.7426
718083 -92.632
718185 -92.5219
718287 -92.4123
718389 -92.303
718491 -92.1942
718593 -92.0859
718695 -91.9779
718797 -91.8704
718899 -91.7633
719001 -91.6567
719103 -91.5504
719205 -91.4446
719307 -91.3392
719409 -91.2341
719511 -91.1295
719613 -91.0253
719715 -90.9215
719817 -90.8181
719919 -90.7151
720021 -90.6124
720123 -90.5102
720225 -90.4084
720327 -90.3069
720429 -90.2058
720531 -90.1051
720633 -90.0048
720735 -89.9049
720837 -89.8053
720939 -89.7061
721041 -89.6073
721144 -89.5089
721246 -89.4108
721348 -89.3131
721450 -89.2157
721552 -89.1187
721654 -89.022
721756 -88.9257
721858 -88.8298
721960 -88.7342
722062 -88.639
722164 -88.5441
722266 -88.4495
722368 -88.3553
722470 -88.2614
722572 -88.1679
722674 -88.0747
722776 -87.9818
722878 -87.8893
722980 -87.7971
723082 -87.7052
723184 -87.6137
723286 -87.5225
723388 -87.4316
723490 -87.341
723592 -87.2508
723694 -87.1608
723796 -87.0712
723898 -86.9819
724000 -86.8929
724102 -86.8042
724204 -86.7158
724306 -86.6277
724408 -86.54
724510 -86.4525
724613 -86.3653
724715 -86.2785
724817 -86.1919
724919 -86.1056
725021 -86.0197
725123 -85.934
725225 -85.8486
725327 -85.7635
725429 -85.6787
725531 -85.5942
725633 -85.5099
725735 -85.426
725837 -85.3423
725939 -85.2589
726041 -85.1758
726143 -85.0929
726245 -85.0104
726347 -84.9281
726449 -84.8461
726551 -84.7643
726653 -84.6829
726755 -84.6016
726857 -84.5207
726959 -84.44
727061 -84.3596
727163 -84.2795
727265 -84.1996
727367 -84.12
727469 -84.0406
727571 -83.9615
727673 -83.8827
727775 -83.8041
727877 -83.7257
727979 -83.6476
728081 -83.5698
728184 -83.4922
728286 -83.4149
728388 -83.3378
728490 -83.2609
728592 -83.1843
728694 -83.108
728796 -83.0318
728898 -82.956
729000 -82.8803
729102 -82.8049
729204 -82.7298
729306 -82.6548
729408 -82.5801
729510 -82.5057
729612 -82.4315
729714 -82.3575
729816 -82.2837
729918 -82.2101
730020 -82.1368
730122 -82.0638
730224 -81.9909
730326 -81.9183
730428 -81.8458
730530 -81.7737
730632 -81.7017
730734 -81.6299
730836 -81.5584
730938 -81.4871
731040 -81.416
731142 -81.3451
731244 -81.2744
731346 -81.204
731448 -81.1337
731550 -81.0637
731653 -80.9939
731755 -80.9243
731857 -80.8549
731959 -80.7857
732061 -80.7167
732163 -80.6479
732265 -80.5793
732367 -80.511
732469 -80.4428
732571 -80.3748
732673 -80.307
732775 -80.2395
732877 -80.1721
732979 -80.1049
733081 -80.0379
733183 -79.9711
733285 -79.9045
733387 -79.8381
733489 -79.7719
733591 -79.7059
733693 -79.6401
733795 -79.5745
733897 -79.509
733999 -79.4438
734101 -79.3787
734203 -79.3138
734305 -79.2491
734407 -79.1846
734509 -79.1203
734611 -79.0562
734713 -78.9922
734815 -78.9284
734917 -78.8648
735019 -78.8014
735122 -78.7382
735224 -78.6751
735326 -78.6122
735428 -78.5495
735530 -78.487
735632 -78.4246
735734 -78.3625
735836 -78.3004
735938 -78.2386
736040 -78.1769
736142 -78.1155
736244 -78.0541
736346 -77.993
736448 -77.932
736550 -77.8712
736652 -77.8105
736754 -77.7501
736856 -77.6897
736958 -77.6296
737060 -77.5696
737162 -77.5098
737264 -77.4501
737366 -77.3906
737468 -77.3313
737570 -77.2721
737672 -77.2131
737774 -77.1542
737876 -77.0955
737978 -77.037
738080 -76.9786
738182 -76.9204
738284 -76.8623
738386 -76.8044
738488 -76.7467
738591 -76.6891
738693 -76.6316
738795 -76.5743
738897 -76.5172
738999 -76.4602
739101 -76.4033
739203 -76.3466
739305 -76.2901
739407 -76.2337
739509 -76.1774
739611 -76.1213
739713 -76.0654
739815 -76.0096
739917 -75.9539
740019 -75.8984
740121 -75.843
740223 -75.7878
740325 -75.7327
740427 -75.6778
740529 -75.623
740631 -75.5683
740733 -75.5138
740835 -75.4594
740937 -75.4052
741039 -75.3511
741141 -75.2971
741243 -75.2433
741345 -75.1896
741447 -75.1361
741549 -75.0826
741651 -75.0294
741753 -74.9762
741855 -74.9232
741957 -74.8703
742060 -74.8176
742162 -74.765
742264 -74.7125
742366 -74.6602
742468 -74.608
742570 -74.5559
742672 -74.5039
742774 -74.4521
742876 -74.4004
742978 -74.3489
743080 -74.2974
743182 -74.2461
743284 -74.195
743386 -74.1439
743488 -74.093
743590 -74.0422
743692 -73.9915
743794 -73.941
743896 -73.8905
743998 -73.8402
744100 -73.7901
744202 -73.74
744304 -73.6901
744406 -73.6402
744508 -73.5906
744610 -73.541
744712 -73.4915
744814 -73.4422
744916 -73.393
745018 -73.3439
745120 -73.2949
745222 -73.2461
745324 -73.1973
745426 -73.1487
745529 -73.1002
745631 -73.0518
745733 -73.0036
745835 -72.9554
745937 -72.9074
746039 -72.8594
746141 -72.8116
746243 -72.7639
746345 -72.7163
746447 -72.6689
746549 -72.6215
746651 -72.5743
746753 -72.5271
746855 -72.4801
746957 -72.4332
747059 -72.3864
747161 -72.3397
747263 -72.2931
747365 -72.2466
747467 -72.2002
747569 -72.154
747671 -72.1078
747773 -72.0618
747875 -72.0158
747977 -71.97
748079 -71.9243
748181 -71.8786
748283 -71.8331
748385 -71.7877
748487 -71.7424
748589 -71.6972
748691 -71.6521
748793 -71.6071
748895 -71.5622
748998 -71.5174
749100 -71.4727
749202 -71.4282
749304 -71.3837
749406 -71.3393
749508 -71.295
749610 -71.2508
749712 -71.2067
749814 -71.1628
749916 -71.1189
750018 -71.0751
750120 -71.0314
750222 -70.9878
750324 -70.9443
750426 -70.9009
750528 -70.8576
750630 -70.8144
750732 -70.7713
750834 -70.7283
750936 -70.6854
751038 -70.6426
751140 -70.5999
751242 -70.5573
751344 -70.5147
751446 -70.4723
751548 -70.43
751650 -70.3877
751752 -70.3456
751854 -70.3035
751956 -70.2615
752058 -70.2197
752160 -70.1779
752262 -70.1362
752364 -70.0946
752467 -70.0531
752569 -70.0116
752671 -69.9703
752773 -69.9291
752875 -69.8879
752977 -69.8468
753079 -69.8059
753181 -69.765
753283 -69.7242
753385 -69.6835
753487 -69.6429
753589 -69.6023
753691 -69.5619
753793 -69.5215
753895 -69.4812
753997 -69.441
754099 -69.4009
754201 -69.3609
754303 -69.321
754405 -69.2812
754507 -69.2414
754609 -69.2017
754711 -69.1621
754813 -69.1226
754915 -69.0832
755017 -69.0438
755119 -69.0046
755221 -68.9654
755323 -68.9263
755425 -68.8873
755527 -68.8484
755629 -68.8095
755731 -68.7708
755833 -68.7321
755936 -68.6935
756038 -68.655
756140 -68.6165
756242 -68.5781
756344 -68.5399
756446 -68.5017
756548 -68.4635
756650 -68.4255
756752 -68.3875
756854 -68.3496
756956 -68.3118
757058 -68.2741
757160 -68.2364
757262 -68.1989
757364 -68.1614
757466 -68.1239
757568 -68.0866
757670 -68.0493
757772 -68.0121
757874 -67.975
757976 -67.938
758078 -67.901
758180 -67.8641
758282 -67.8273
758384 -67.7905
758486 -67.7539
758588 -67.7173
758690 -67.6808
758792 -67.6443
758894 -67.6079
758996 -67.5716
759098 -67.5354
759200 -67.4993
759302 -67.4632
759405 -67.4272
759507 -67.3912
759609 -67.3554
759711 -67.3196
759813 -67.2839
759915 -67.2482
760017 -67.2126
760119 -67.1771
760221 -67.1417
760323 -67.1063
760425 -67.071
760527 -67.0358
760629 -67.0006
760731 -66.9655
760833 -66.9305
760935 -66.8956
761037 -66.8607
761139 -66.8259
761241 -66.7911
761343 -66.7564
761445 -66.7218
761547 -66.6873
761649 -66.6528
761751 -66.6184
761853 -66.5841
761955 -66.5498
762057 -66.5156
762159 -66.4814
762261 -66.4474
762363 -66.4134
762465 -66.3794
762567 -66.3455
762669 -66.3117
762771 -66.278
762874 -66.2443
762976 -66.2107
763078 -66.1771
763180 -66.1436
763282 -66.1102
763384 -66.0769
763486 -66.0436
763588 -66.0103
763690 -65.9772
763792 -65.944
763894 -65.911
763996 -65.878
764098 -65.8451
764200 -65.8123
764302 -65.7795
764404 -65.7467
764506 -65.7141
764608 -65.6815
764710 -65.6489
764812 -65.6164
764914 -65.584
765016 -65.5516
765118 -65.5193
765220 -65.4871
765322 -65.4549
765424 -65.4228
765526 -65.3907
765628 -65.3587
765730 -65.3268
765832 -65.2949
765934 -65.2631
766036 -65.2313
766138 -65.1996
766240 -65.168
766343 -65.1364
766445 -65.1049
766547 -65.0734
766649 -65.042
766751 -65.0106
766853 -64.9793
766955 -64.9481
767057 -64.9169
767159 -64.8858
767261 -64.8547
767363 -64.8237
767465 -64.7928
767567 -64.7619
767669 -64.731
767771 -64.7003
767873 -64.6695
767975 -64.6389
768077 -64.6082
768179 -64.5777
768281 -64.5472
768383 -64.5167
768485 -64.4863
768587 -64.456
768689 -64.4257
768791 -64.3955
768893 -64.3653
768995 -64.3352
769097 -64.3051
769199 -64.2751
769301 -64.2452
769403 -64.2153
769505 -64.1854
769607 -64.1556
769709 -64.1259
769812 -64.0962
769914 -64.0665
770016 -64.037
770118 -64.0074
770220 -63.9779
770322 -63.9485
770424 -63.9191
770526 -63.8898
770628 -63.8605
770730 -63.8313
770832 -63.8022
770934 -63.773
771036 -63.744
771138 -63.715
771240 -63.686
771342 -63.6571
771444 -63.6282
771546 -63.5994
771648 -63.5707
771750 -63.5419
771852 -63.5133
771954 -63.4847
772056 -63.4561
772158 -63.4276
772260 -63.3992
772362 -63.3707
772464 -63.3424
772566 -63.3141
772668 -63.2858
772770 -63.2576
772872 -63.2294
772974 -63.2013
773076 -63.1732
773178 -63.1452
773281 -63.1173
773383 -63.0893
773485 -63.0615
773587 -63.0336
773689 -63.0059
773791 -62.9781
773893 -62.9504
773995 -62.9228
774097 -62.8952
774199 -62.8677
774301 -62.8402
774403 -62.8127
774505 -62.7853
774607 -62.758
774709 -62.7307
774811 -62.7034
774913 -62.6762
775015 -62.649
775117 -62.6219
775219 -62.5948
775321 -62.5678
775423 -62.5408
775525 -62.5139
775627 -62.487
775729 -62.4601
775831 -62.4333
775933 -62.4066
776035 -62.3799
776137 -62.3532
776239 -62.3266
776341 -62.3
776443 -62.2734
776545 -62.247
776647 -62.2205
776750 -62.1941
776852 -62.1677
776954 -62.1414
777056 -62.1152
777158 -62.0889
777260 -62.0627
777362 -62.0366
777464 -62.0105
777566 -61.9844
777668 -61.9584
777770 -61.9325
777872 -61.9065
777974 -61.8807
778076 -61.8548
778178 -61.829
778280 -61.8033
778382 -61.7776
778484 -61.7519
778586 -61.7263
778688 -61.7007
778790 -61.6751
778892 -61.6496
778994 -61.6242
779096 -61.5987
779198 -61.5734
779300 -61.548
779402 -61.5227
779504 -61.4975
779606 -61.4722
779708 -61.4471
779810 -61.4219
779912 -61.3968
780014 -61.3718
780116 -61.3468
780219 -61.3218
780321 -61.2969
780423 -61.272
780525 -61.2471
780627 -61.2223
780729 -61.1976
780831 -61.1728
780933 -61.1481
781035 -61.1235
781137 -61.0989
781239 -61.0743
781341 -61.0498
781443 -61.0253
781545 -61.0008
781647 -60.9764
781749 -60.952
781851 -60.9277
781953 -60.9034
782055 -60.8791
782157 -60.8549
782259 -60.8307
782361 -60.8066
782463 -60.7825
782565 -60.7584
782667 -60.7344
782769 -60.7104
782871 -60.6864
782973 -60.6625
783075 -60.6386
783177 -60.6148
783279 -60.5909
783381 -60.5672
783483 -60.5434
783585 -60.5198
783687 -60.4961
783790 -60.4725
783892 -60.4489
783994 -60.4253
784096 -60.4018
784198 -60.3784
784300 -60.3549
784402 -60.3315
784504 -60.3081
784606 -60.2848
784708 -60.2615
784810 -60.2383
784912 -60.2151
785014 -60.1919
785116 -60.1687
785218 -60.1456
785320 -60.1225
785422 -60.0995
785524 -60.0765
785626 -60.0535
785728 -60.0306
785830 -60.0077
785932 -59.9848
786034 -59.962
786136 -59.9392
786238 -59.9164
786340 -59.8937
786442 -59.871
786544 -59.8483
786646 -59.8257
786748 -59.8031
786850 -59.7806
786952 -59.7581
787054 -59.7356
787156 -59.7131
787259 -59.6907
787361 -59.6683
787463 -59.646
787565 -59.6236
787667 -59.6014
787769 -59.5791
787871 -59.5569
787973 -59.5347
788075 -59.5126
788177 -59.4905
788279 -59.4684
788381 -59.4463
788483 -59.4243
788585 -59.4023
788687 -59.3804
788789 -59.3585
788891 -59.3366
788993 -59.3147
789095 -59.2929
789197 -59.2711
789299 -59.2494
789401 -59.2276
789503 -59.206
789605 -59.1843
789707 -59.1627
789809 -59.1411
789911 -59.1195
790013 -59.098
790115 -59.0765
790217 -59.055
790319 -59.0336
790421 -59.0122
790523 -58.9908
790625 -58.9695
790728 -58.9482
790830 -58.9269
790932 -58.9057
791034 -58.8844
791136 -58.8633
791238 -58.8421
791340 -58.821
791442 -58.7999
791544 -58.7788
791646 -58.7578
791748 -58.7368
791850 -58.7158
791952 -58.6949
792054 -58.674
792156 -58.6531
792258 -58.6323
792360 -58.6115
792462 -58.5907
792564 -58.5699
792666 -58.5492
792768 -58.5285
792870 -58.5078
792972 -58.4872
793074 -58.4666
793176 -58.446
793278 -58.4255
793380 -58.405
793482 -58.3845
793584 -58.364
793686 -58.3436
793788 -58.3232
793890 -58.3028
793992 -58.2825
794094 -58.2622
794197 -58.2419
794299 -58.2216
794401 -58.2014
794503 -58.1812
794605 -58.161
794707 -58.1409
794809 -58.1208
794911 -58.1007
795013 -58.0807
795115 -58.0606
795217 -58.0406
795319 -58.0207
795421 -58.0007
795523 -57.9808
795625 -57.9609
795727 -57.9411
795829 -57.9213
795931 -57.9015
796033 -57.8817
796135 -57.8619
796237 -57.8422
796339 -57.8225
796441 -57.8029
796543 -57.7832
796645 -57.7636
796747 -57.7441
796849 -57.7245
796951 -57.705
797053 -57.6855
797155 -57.666
797257 -57.6466
797359 -57.6272
797461 -57.6078
797563 -57.5884
797666 -57.5691
797768 -57.5498
797870 -57.5305
797972 -57.5113
798074 -57.492
798176 -57.4728
798278 -57.4537
798380 -57.4345
798482 -57.4154
798584 -57.3963
798686 -57.3772
798788 -57.3582
798890 -57.3392
798992 -57.3202
799094 -57.3012
799196 -57.2823
799298 -57.2634
799400 -57.2445
799502 -57.2256
799604 -57.2068
799706 -57.188
799808 -57.1692
799910 -57.1505
800012 -57.1317
800114 -57.113
800216 -57.0944
800318 -57.0757
800420 -57.0571
800522 -57.0385
800624 -57.0199
800726 -57.0013
800828 -56.9828
800930 -56.9643
801032 -56.9458
801135 -56.9274
801237 -56.909
801339 -56.8906
801441 -56.8722
801543 -56.8538
801645 -56.8355
801747 -56.8172
801849 -56.7989
801951 -56.7807
802053 -56.7624
802155 -56.7442
802257 -56.7261
802359 -56.7079
802461 -56.6898
802563 -56.6717
802665 -56.6536
802767 -56.6355
802869 -56.6175
802971 -56.5995
803073 -56.5815
803175 -56.5635
803277 -56.5456
803379 -56.5277
803481 -56.5098
803583 -56.4919
803685 -56.4741
803787 -56.4563
803889 -56.4385
803991 -56.4207
804093 -56.4029
804195 -56.3852
804297 -56.3675
804399 -56.3498
804501 -56.3322
804604 -56.3145
804706 -56.2969
804808 -56.2794
804910 -56.2618
805012 -56.2443
805114 -56.2267
805216 -56.2092
805318 -56.1918
805420 -56.1743
805522 -56.1569
805624 -56.1395
805726 -56.1221
805828 -56.1048
805930 -56.0874
806032 -56.0701
806134 -56.0528
806236 -56.0356
806338 -56.0183
806440 -56.0011
806542 -55.9839
806644 -55.9667
806746 -55.9496
806848 -55.9324
806950 -55.9153
807052 -55.8983
807154 -55.8812
807256 -55.8641
807358 -55.8471
807460 -55.8301
807562 -55.8132
807664 -55.7962
807766 -55.7793
807868 -55.7624
807970 -55.7455
808073 -55.7286
808175 -55.7117
808277 -55.6949
808379 -55.6781
808481 -55.6613
808583 -55.6446
808685 -55.6278
808787 -55.6111
808889 -55.5944
808991 -55.5778
809093 -55.5611
809195 -55.5445
809297 -55.5279
809399 -55.5113
809501 -55.4947
809603 -55.4782
809705 -55.4616
809807 -55.4451
809909 -55.4286
810011 -55.4122
810113 -55.3957
810215 -55.3793
810317 -55.3629
810419 -55.3465
810521 -55.3302
810623 -55.3138
810725 -55.2975
810827 -55.2812
810929 -55.2649
811031 -55.2487
811133 -55.2325
811235 -55.2162
811337 -55.2
811439 -55.1839
811542 -55.1677
811644 -55.1516
811746 -55.1355
811848 -55.1194
811950 -55.1033
812052 -55.0873
812154 -55.0712
812256 -55.0552
812358 -55.0392
812460 -55.0232
812562 -55.0073
812664 -54.9914
812766 -54.9754
812868 -54.9595
812970 -54.9437
813072 -54.9278
813174 -54.912
813276 -54.8962
813378 -54.8804
813480 -54.8646
813582 -54.8488
813684 -54.8331
813786 -54.8174
813888 -54.8017
813990 -54.786
814092 -54.7703
814194 -54.7547
814296 -54.7391
814398 -54.7235
814500 -54.7079
814602 -54.6923
814704 -54.6768
814806 -54.6613
814908 -54.6458
815011 -54.6303
815113 -54.6148
815215 -54.5994
815317 -54.5839
815419 -54.5685
815521 -54.5531
815623 -54.5378
815725 -54.5224
815827 -54.5071
815929 -54.4917
816031 -54.4764
816133 -54.4612
816235 -54.4459
816337 -54.4307
816439 -54.4154
816541 -54.4002
816643 -54.385
816745 -54.3699
816847 -54.3547
816949 -54.3396
817051 -54.3245
817153 -54.3094
817255 -54.2943
817357 -54.2792
817459 -54.2642
817561 -54.2492
817663 -54.2342
817765 -54.2192
817867 -54.2042
817969 -54.1893
818071 -54.1743
818173 -54.1594
818275 -54.1445
818377 -54.1296
818480 -54.1148
818582 -54.0999
818684 -54.0851
818786 -54.0703
818888 -54.0555
818990 -54.0407
819092 -54.026
819194 -54.0112
819296 -53.9965
819398 -53.9818
819500 -53.9671
819602 -53.9525
819704 -53.9378
819806 -53.9232
819908 -53.9086
820010 -53.894
820112 -53.8794
820214 -53.8648
820316 -53.8503
820418 -53.8357
820520 -53.8212
820622 -53.8067
820724 -53.7923
820826 -53.7778
820928 -53.7634
821030 -53.7489
821132 -53.7345
821234 -53.7201
821336 -53.7057
821438 -53.6914
821540 -53.677
821642 -53.6627
821744 -53.6484
821846 -53.6341
821949 -53.6198
822051 -53.6056
822153 -53.5913
822255 -53.5771
822357 -53.5629
822459 -53.5487
822561 -53.5345
822663 -53.5204
822765 -53.5062
822867 -53.4921
822969 -53.478
823071 -53.4639
823173 -53.4498
823275 -53.4358
823377 -53.4217
823479 -53.4077
823581 -53.3937
823683 -53.3797
823785 -53.3657
823887 -53.3517
823989 -53.3378
824091 -53.3239
824193 -53.31
824295 -53.2961
824397 -53.2822
824499 -53.2683
824601 -53.2545
824703 -53.2406
824805 -53.2268
824907 -53.213
825009 -53.1992
825111 -53.1854
825213 -53.1717
825315 -53.1579
825418 -53.1442
825520 -53.1305
825622 -53.1168
825724 -53.1031
825826 -53.0895
825928 -53.0758
826030 -53.0622
826132 -53.0486
826234 -53.035
826336 -53.0214
826438 -53.0078
826540 -52.9943
826642 -52.9807
826744 -52.9672
826846 -52.9537
826948 -52.9402
827050 -52.9268
827152 -52.9133
827254 -52.8998
827356 -52.8864
827458 -52.873
827560 -52.8596
827662 -52.8462
827764 -52.8328
827866 -52.8195
827968 -52.8062
828070 -52.7928
828172 -52.7795
828274 -52.7662
828376 -52.7529
828478 -52.7397
828580 -52.7264
828682 -52.7132
828784 -52.7
828887 -52.6868
828989 -52.6736
829091 -52.6604
829193 -52.6472
829295 -52.6341
829397 -52.621
829499 -52.6078
829601 -52.5947
829703 -52.5817
829805 -52.5686
829907 -52.5555
830009 -52.5425
830111 -52.5294
830213 -52.5164
830315 -52.5034
830417 -52.4904
830519 -52.4775
830621 -52.4645
830723 -52.4516
830825 -52.4386
830927 -52.4257
831029 -52.4128
831131 -52.3999
831233 -52.3871
831335 -52.3742
831437 -52.3614
831539 -52.3485
831641 -52.3357
831743 -52.3229
831845 -52.3101
831947 -52.2974
832049 -52.2846
832151 -52.2719
832253 -52.2591
832356 -52.2464
832458 -52.2337
832560 -52.221
832662 -52.2084
832764 -52.1957
832866 -52.183
832968 -52.1704
833070 -52.1578
833172 -52.1452
833274 -52.1326
833376 -52.12
833478 -52.1075
833580 -52.0949
833682 -52.0824
833784 -52.0698
833886 -52.0573
833988 -52.0448
834090 -52.0324
834192 -52.0199
834294 -52.0074
834396 -51.995
834498 -51.9826
834600 -51.9701
834702 -51.9577
834804 -51.9454
834906 -51.933
835008 -51.9206
835110 -51.9083
835212 -51.8959
835314 -51.8836
835416 -51.8713
835518 -51.859
835620 -51.8467
835722 -51.8345
835825 -51.8222
835927 -51.81
836029 -51.7977
836131 -51.7855
836233 -51.7733
836335 -51.7611
836437 -51.7489
836539 -51.7368
836641 -51.7246
836743 -51.7125
836845 -51.7004
836947 -51.6883
837049 -51.6762
837151 -51.6641
837253 -51.652
837355 -51.6399
837457 -51.6279
837559 -51.6159
837661 -51.6038
837763 -51.5918
837865 -51.5798
837967 -51.5678
838069 -51.5559
838171 -51.5439
838273 -51.532
838375 -51.52
838477 -51.5081
838579 -51.4962
838681 -51.4843
838783 -51.4724
838885 -51.4606
838987 -51.4487
839089 -51.4369
839191 -51.425
839293 -51.4132
839396 -51.4014
839498 -51.3896
839600 -51.3778
839702 -51.3661
839804 -51.3543
839906 -51.3426
840008 -51.3308
840110 -51.3191
840212 -51.3074
840314 -51.2957
840416 -51.284
840518 -51.2723
840620 -51.2607
840722 -51.249
840824 -51.2374
840926 -51.2258
841028 -51.2142
841130 -51.2026
841232 -51.191
841334 -51.1794
841436 -51.1679
841538 -51.1563
841640 -51.1448
841742 -51.1332
841844 -51.1217
841946 -51.1102
842048 -51.0987
842150 -51.0873
842252 -51.0758
842354 -51.0643
842456 -51.0529
842558 -51.0415
842660 -51.03
842762 -51.0186
842865 -51.0072
842967 -50.9958
843069 -50.9845
843171 -50.9731
843273 -50.9618
843375 -50.9504
843477 -50.9391
843579 -50.9278
843681 -50.9165
843783 -50.9052
843885 -50.8939
843987 -50.8827
844089 -50.8714
844191 -50.8602
844293 -50.8489
844395 -50.8377
844497 -50.8265
844599 -50.8153
844701 -50.8041
844803 -50.7929
844905 -50.7818
845007 -50.7706
845109 -50.7595
845211 -50.7483
845313 -50.7372
845415 -50.7261
845517 -50.715
845619 -50.7039
845721 -50.6929
845823 -50.6818
845925 -50.6708
846027 -50.6597
846129 -50.6487
846231 -50.6377
846334 -50.6267
846436 -50.6157
846538 -50.6047
846640 -50.5937
846742 -50.5828
846844 -50.5718
846946 -50.5609
847048 -50.5499
847150 -50.539
847252 -50.5281
847354 -50.5172
847456 -50.5063
847558 -50.4955
847660 -50.4846
847762 -50.4737
847864 -50.4629
847966 -50.4521
848068 -50.4413
848170 -50.4304
848272 -50.4197
848374 -50.4089
848476 -50.3981
848578 -50.3873
848680 -50.3766
848782 -50.3658
848884 -50.3551
848986 -50.3444
849088 -50.3337
849190 -50.323
849292 -50.3123
849394 -50.3016
849496 -50.2909
849598 -50.2803
849700 -50.2696
849803 -50.259
849905 -50.2484
850007 -50.2377
850109 -50.2271
850211 -50.2165
850313 -50.206
850415 -50.1954
850517 -50.1848
850619 -50.1743
850721 -50.1637
850823 -50.1532
850925 -50.1427
851027 -50.1322
851129 -50.1217
851231 -50.1112
851333 -50.1007
851435 -50.0902
851537 -50.0798
851639 -50.0693
851741 -50.0589
851843 -50.0485
851945 -50.038
852047 -50.0276
852149 -50.0172
852251 -50.0069
852353 -49.9965
852455 -49.9861
852557 -49.9758
852659 -49.9654
852761 -49.9551
852863 -49.9447
852965 -49.9344
853067 -49.9241
853169 -49.9138
853272 -49.9035
853374 -49.8933
853476 -49.883
853578 -49.8727
853680 -49.8625
853782 -49.8523
853884 -49.842
853986 -49.8318
854088 -49.8216
854190 -49.8114
854292 -49.8012
854394 -49.7911
854496 -49.7809
854598 -49.7707
854700 -49.7606
854802 -49.7505
854904 -49.7403
855006 -49.7302
855108 -49.7201
855210 -49.71
855312 -49.6999
855414 -49.6898
855516 -49.6798
855618 -49.6697
855720 -49.6597
855822 -49.6496
855924 -49.6396
856026 -49.6296
856128 -49.6196
856230 -49.6096
856332 -49.5996
856434 -49.5896
856536 -49.5796
856638 -49.5697
856741 -49.5597
856843 -49.5498
856945 -49.5398
857047 -49.5299
857149 -49.52
857251 -49.5101
857353 -49.5002
857455 -49.4903
857557 -49.4804
857659 -49.4706
857761 -49.4607
857863 -49.4509
857965 -49.441
858067 -49.4312
858169 -49.4214
858271 -49.4116
858373 -49.4018
858475 -49.392
858577 -49.3822
858679 -49.3724
858781 -49.3626
858883 -49.3529
858985 -49.3431
859087 -49.3334
859189 -49.3237
859291 -49.314
859393 -49.3042
859495 -49.2945
859597 -49.2849
859699 -49.2752
859801 -49.2655
859903 -49.2558
860005 -49.2462
860107 -49.2365
860210 -49.2269
860312 -49.2173
860414 -49.2077
860516 -49.1981
860618 -49.1885
860720 -49.1789
860822 -49.1693
860924 -49.1597
861026 -49.1501
861128 -49.1406
861230 -49.131
861332 -49.1215
861434 -49.112
861536 -49.1025
861638 -49.0929
861740 -49.0834
861842 -49.074
861944 -49.0645
862046 -49.055
862148 -49.0455
862250 -49.0361
862352 -49.0266
862454 -49.0172
862556 -49.0078
862658 -48.9983
862760 -48.9889
862862 -48.9795
862964 -48.9701
863066 -48.9607
863168 -48.9514
863270 -48.942
863372 -48.9326
863474 -48.9233
863576 -48.9139
863679 -48.9046
863781 -48.8953
863883 -48.886
863985 -48.8767
864087 -48.8674
864189 -48.8581
864291 -48.8488
864393 -48.8395
864495 -48.8302
864597 -48.821
864699 -48.8117
864801 -48.8025
864903 -48.7933
865005 -48.784
865107 -48.7748
865209 -48.7656
865311 -48.7564
865413 -48.7472
865515 -48.7381
865617 -48.7289
865719 -48.7197
865821 -48.7106
865923 -48.7014
866025 -48.6923
866127 -48.6831
866229 -48.674
866331 -48.6649
866433 -48.6558
866535 -48.6467
866637 -48.6376
866739 -48.6285
866841 -48.6195
866943 -48.6104
867045 -48.6013
867148 -48.5923
867250 -48.5833
867352 -48.5742
867454 -48.5652
867556 -48.5562
867658 -48.5472
867760 -48.5382
867862 -48.5292
867964 -48.5202
868066 -48.5112
868168 -48.5023
868270 -48.4933
868372 -48.4844
868474 -48.4754
868576 -48.4665
868678 -48.4576
868780 -48.4487
868882 -48.4398
868984 -48.4309
869086 -48.422
869188 -48.4131
869290 -48.4042
869392 -48.3953
869494 -48.3865
869596 -48.3776
869698 -48.3688
869800 -48.3599
869902 -48.3511
870004 -48.3423
870106 -48.3335
870208 -48.3247
870310 -48.3159
870412 -48.3071
870514 -48.2983
870617 -48.2895
870719 -48.2808
870821 -48.272
870923 -48.2633
871025 -48.2545
871127 -48.2458
871229 -48.2371
871331 -48.2283
871433 -48.2196
871535 -48.2109
871637 -48.2022
871739 -48.1935
871841 -48.1849
871943 -48.1762
872045 -48.1675
872147 -48.1589
872249 -48.1502
872351 -48.1416
872453 -48.1329
872555 -48.1243
872657 -48.1157
872759 -48.1071
872861 -48.0985
872963 -48.0899
873065 -48.0813
873167 -48.0727
873269 -48.0642
873371 -48.0556
873473 -48.047
873575 -48.0385
873677 -48.0299
873779 -48.0214
873881 -48.0129
873983 -48.0044
874086 -47.9958
874188 -47.9873
874290 -47.9788
874392 -47.9704
874494 -47.9619
874596 -47.9534
874698 -47.9449
874800 -47.9365
874902 -47.928
875004 -47.9196
875106 -47.9111
875208 -47.9027
875310 -47.8943
875412 -47.8859
875514 -47.8775
875616 -47.8691
875718 -47.8607
875820 -47.8523
875922 -47.8439
876024 -47.8355
876126 -47.8272
876228 -47.8188
876330 -47.8105
876432 -47.8021
876534 -47.7938
876636 -47.7855
876738 -47.7771
876840 -47.7688
876942 -47.7605
877044 -47.7522
877146 -47.7439
877248 -47.7356
877350 -47.7274
877452 -47.7191
877555 -47.7108
877657 -47.7026
877759 -47.6943
877861 -47.6861
877963 -47.6779
878065 -47.6696
878167 -47.6614
878269 -47.6532
878371 -47.645
878473 -47.6368
878575 -47.6286
878677 -47.6204
878779 -47.6122
878881 -47.6041
878983 -47.5959
879085 -47.5878
879187 -47.5796
879289 -47.5715
879391 -47.5633
879493 -47.5552
879595 -47.5471
879697 -47.539
879799 -47.5309
879901 -47.5228
880003 -47.5147
880105 -47.5066
880207 -47.4985
880309 -47.4904
880411 -47.4824
880513 -47.4743
880615 -47.4663
880717 -47.4582
880819 -47.4502
880921 -47.4421
881024 -47.4341
881126 -47.4261
881228 -47.4181
881330 -47.4101
881432 -47.4021
881534 -47.3941
881636 -47.3861
881738 -47.3781
881840 -47.3702
881942 -47.3622
882044 -47.3543
882146 -47.3463
882248 -47.3384
882350 -47.3304
882452 -47.3225
882554 -47.3146
882656 -47.3067
882758 -47.2988
882860 -47.2909
882962 -47.283
883064 -47.2751
883166 -47.2672
883268 -47.2593
883370 -47.2514
883472 -47.2436
883574 -47.2357
883676 -47.2279
883778 -47.22
883880 -47.2122
883982 -47.2044
884084 -47.1966
884186 -47.1887
884288 -47.1809
884390 -47.1731
884493 -47.1653
884595 -47.1575
884697 -47.1498
884799 -47.142
884901 -47.1342
885003 -47.1264
885105 -47.1187
885207 -47.1109
885309 -47.1032
885411 -47.0955
885513 -47.0877
885615 -47.08
885717 -47.0723
885819 -47.0646
885921 -47.0569
886023 -47.0492
886125 -47.0415
886227 -47.0338
886329 -47.0261
886431 -47.0184
886533 -47.0108
886635 -47.0031
886737 -46.9955
886839 -46.9878
886941 -46.9802
887043 -46.9725
887145 -46.9649
887247 -46.9573
887349 -46.9497
887451 -46.9421
887553 -46.9345
887655 -46.9269
887757 -46.9193
887859 -46.9117
887962 -46.9041
888064 -46.8965
888166 -46.889
888268 -46.8814
888370 -46.8739
888472 -46.8663
888574 -46.8588
888676 -46.8513
888778 -46.8437
888880 -46.8362
888982 -46.8287
889084 -46.8212
889186 -46.8137
889288 -46.8062
889390 -46.7987
889492 -46.7912
889594 -46.7837
889696 -46.7763
889798 -46.7688
889900 -46.7613
890002 -46.7539
890104 -46.7464
890206 -46.739
890308 -46.7316
890410 -46.7241
890512 -46.7167
890614 -46.7093
890716 -46.7019
890818 -46.6945
890920 -46.6871
891022 -46.6797
891124 -46.6723
891226 -46.6649
891328 -46.6575
891431 -46.6502
891533 -46.6428
891635 -46.6355
891737 -46.6281
891839 -46.6208
891941 -46.6134
892043 -46.6061
892145 -46.5988
892247 -46.5914
892349 -46.5841
892451 -46.5768
892553 -46.5695
892655 -46.5622
892757 -46.5549
892859 -46.5476
892961 -46.5404
893063 -46.5331
893165 -46.5258
893267 -46.5186
893369 -46.5113
893471 -46.5041
893573 -46.4968
893675 -46.4896
893777 -46.4824
893879 -46.4751
893981 -46.4679
894083 -46.4607
894185 -46.4535
894287 -46.4463
894389 -46.4391
894491 -46.4319
894593 -46.4247
894695 -46.4175
894797 -46.4104
894899 -46.4032
895002 -46.396
895104 -46.3889
895206 -46.3817
895308 -46.3746
895410 -46.3674
895512 -46.3603
895614 -46.3532
895716 -46.3461
895818 -46.3389
895920 -46.3318
896022 -46.3247
896124 -46.3176
896226 -46.3105
896328 -46.3034
896430 -46.2964
896532 -46.2893
896634 -46.2822
896736 -46.2751
896838 -46.2681
896940 -46.261
897042 -46.254
897144 -46.2469
897246 -46.2399
897348 -46.2329
897450 -46.2258
897552 -46.2188
897654 -46.2118
897756 -46.2048
897858 -46.1978
897960 -46.1908
898062 -46.1838
898164 -46.1768
898266 -46.1698
898368 -46.1629
898471 -46.1559
898573 -46.1489
898675 -46.142
898777 -46.135
898879 -46.1281
898981 -46.1211
899083 -46.1142
899185 -46.1073
899287 -46.1003
899389 -46.0934
899491 -46.0865
899593 -46.0796
899695 -46.0727
899797 -46.0658
899899 -46.0589
900001 -46.052
900103 -46.0451
900205 -46.0383
900307 -46.0314
900409 -46.0245
900511 -46.0177
900613 -46.0108
900715 -46.0039
900817 -45.9971
900919 -45.9903
901021 -45.9834
901123 -45.9766
901225 -45.9698
901327 -45.963
901429 -45.9561
901531 -45.9493
901633 -45.9425
901735 -45.9357
901837 -45.929
901940 -45.9222
902042 -45.9154
902144 -45.9086
902246 -45.9018
902348 -45.8951
902450 -45.8883
902552 -45.8816
902654 -45.8748
902756 -45.8681
902858 -45.8613
902960 -45.8546
903062 -45.8479
903164 -45.8412
903266 -45.8344
903368 -45.8277
903470 -45.821
903572 -45.8143
903674 -45.8076
903776 -45.8009
903878 -45.7942
903980 -45.7876
904082 -45.7809
904184 -45.7742
904286 -45.7675
904388 -45.7609
904490 -45.7542
904592 -45.7476
904694 -45.7409
904796 -45.7343
904898 -45.7277
905000 -45.721
905102 -45.7144
905204 -45.7078
905306 -45.7012
905409 -45.6946
905511 -45.688
905613 -45.6814
905715 -45.6748
905817 -45.6682
905919 -45.6616
906021 -45.655
906123 -45.6485
906225 -45.6419
906327 -45.6353
906429 -45.6288
906531 -45.6222
906633 -45.6157
906735 -45.6091
906837 -45.6026
906939 -45.596
907041 -45.5895
907143 -45.583
907245 -45.5765
907347 -45.57
907449 -45.5635
907551 -45.557
907653 -45.5505
907755 -45.544
907857 -45.5375
907959 -45.531
908061 -45.5245
908163 -45.518
908265 -45.5116
908367 -45.5051
908469 -45.4987
908571 -45.4922
908673 -45.4858
908775 -45.4793
908878 -45.4729
908980 -45.4664
909082 -45.46
909184 -45.4536
909286 -45.4472
909388 -45.4407
909490 -45.4343
909592 -45.4279
909694 -45.4215
909796 -45.4151
909898 -45.4088
910000 -45.4024
910102 -45.396
910204 -45.3896
910306 -45.3832
910408 -45.3769
910510 -45.3705
910612 -45.3642
910714 -45.3578
910816 -45.3515
910918 -45.3451
911020 -45.3388
911122 -45.3324
911224 -45.3261
911326 -45.3198
911428 -45.3135
911530 -45.3072
911632 -45.3009
911734 -45.2946
911836 -45.2883
911938 -45.282
912040 -45.2757
912142 -45.2694
912244 -45.2631
912347 -45.2568
912449 -45.2506
912551 -45.2443
912653 -45.238
912755 -45.2318
912857 -45.2255
912959 -45.2193
913061 -45.213
913163 -45.2068
913265 -45.2006
913367 -45.1943
913469 -45.1881
913571 -45.1819
913673 -45.1757
913775 -45.1695
913877 -45.1633
913979 -45.1571
914081 -45.1509
914183 -45.1447
914285 -45.1385
914387 -45.1323
914489 -45.1261
914591 -45.12
914693 -45.1138
914795 -45.1076
914897 -45.1015
914999 -45.0953
915101 -45.0892
915203 -45.083
915305 -45.0769
915407 -45.0707
915509 -45.0646
915611 -45.0585
915713 -45.0524
915816 -45.0462
915918 -45.0401
916020 -45.034
916122 -45.0279
916224 -45.0218
916326 -45.0157
916428 -45.0096
916530 -45.0035
916632 -44.9975
916734 -44.9914
916836 -44.9853
916938 -44.9792
917040 -44.9732
917142 -44.9671
917244 -44.9611
917346 -44.955
917448 -44.949
917550 -44.9429
917652 -44.9369
917754 -44.9309
917856 -44.9248
917958 -44.9188
918060 -44.9128
918162 -44.9068
918264 -44.9008
918366 -44.8948
918468 -44.8888
918570 -44.8828
918672 -44.8768
918774 -44.8708
918876 -44.8648
918978 -44.8588
919080 -44.8528
919182 -44.8469
919285 -44.8409
919387 -44.8349
919489 -44.829
919591 -44.823
919693 -44.8171
919795 -44.8111
919897 -44.8052
919999 -44.7993
920101 -44.7933
920203 -44.7874
920305 -44.7815
920407 -44.7756
920509 -44.7696
920611 -44.7637
920713 -44.7578
920815 -44.7519
920917 -44.746
921019 -44.7401
921121 -44.7342
921223 -44.7284
921325 -44.7225
921427 -44.7166
921529 -44.7107
921631 -44.7049
921733 -44.699
921835 -44.6931
921937 -44.6873
922039 -44.6814
922141 -44.6756
922243 -44.6698
922345 -44.6639
922447 -44.6581
922549 -44.6523
922651 -44.6464
922754 -44.6406
922856 -44.6348
922958 -44.629
923060 -44.6232
923162 -44.6174
923264 -44.6116
923366 -44.6058
923468 -44.6
923570 -44.5942
923672 -44.5884
923774 -44.5826
923876 -44.5769
923978 -44.5711
924080 -44.5653
924182 -44.5596
924284 -44.5538
924386 -44.548
924488 -44.5423
924590 -44.5366
924692 -44.5308
924794 -44.5251
924896 -44.5193
924998 -44.5136
925100 -44.5079
925202 -44.5022
925304 -44.4964
925406 -44.4907
925508 -44.485
925610 -44.4793
925712 -44.4736
925814 -44.4679
925916 -44.4622
926018 -44.4565
926120 -44.4509
926223 -44.4452
926325 -44.4395
926427 -44.4338
926529 -44.4282
926631 -44.4225
926733 -44.4168
926835 -44.4112
926937 -44.4055
927039 -44.3999
927141 -44.3942
927243 -44.3886
927345 -44.383
927447 -44.3773
927549 -44.3717
927651 -44.3661
927753 -44.3605
927855 -44.3548
927957 -44.3492
928059 -44.3436
928161 -44.338
928263 -44.3324
928365 -44.3268
928467 -44.3212
928569 -44.3156
928671 -44.3101
928773 -44.3045
928875 -44.2989
928977 -44.2933
929079 -44.2878
929181 -44.2822
929283 -44.2766
929385 -44.2711
929487 -44.2655
929589 -44.26
929692 -44.2544
929794 -44.2489
929896 -44.2434
929998 -44.2378
930100 -44.2323
930202 -44.2268
930304 -44.2212
930406 -44.2157
930508 -44.2102
930610 -44.2047
930712 -44.1992
930814 -44.1937
930916 -44.1882
931018 -44.1827
931120 -44.1772
931222 -44.1717
931324 -44.1662
931426 -44.1608
931528 -44.1553
931630 -44.1498
931732 -44.1443
931834 -44.1389
931936 -44.1334
932038 -44.128
932140 -44.1225
932242 -44.1171
932344 -44.1116
932446 -44.1062
932548 -44.1007
932650 -44.0953
932752 -44.0899
932854 -44.0845
932956 -44.079
933058 -44.0736
933161 -44.0682
933263 -44.0628
933365 -44.0574
933467 -44.052
933569 -44.0466
933671 -44.0412
933773 -44.0358
933875 -44.0304
933977 -44.025
934079 -44.0196
934181 -44.0143
934283 -44.0089
934385 -44.0035
934487 -43.9982
934589 -43.9928
934691 -43.9874
934793 -43.9821
934895 -43.9767
934997 -43.9714
935099 -43.966
935201 -43.9607
935303 -43.9554
935405 -43.95
935507 -43.9447
935609 -43.9394
935711 -43.9341
935813 -43.9287
935915 -43.9234
936017 -43.9181
936119 -43.9128
936221 -43.9075
936323 -43.9022
936425 -43.8969
936527 -43.8916
936630 -43.8863
936732 -43.881
936834 -43.8758
936936 -43.8705
937038 -43.8652
937140 -43.8599
937242 -43.8547
937344 -43.8494
937446 -43.8442
937548 -43.8389
937650 -43.8336
937752 -43.8284
937854 -43.8232
937956 -43.8179
938058 -43.8127
938160 -43.8074
938262 -43.8022
938364 -43.797
938466 -43.7918
938568 -43.7865
938670 -43.7813
938772 -43.7761
938874 -43.7709
938976 -43.7657
939078 -43.7605
939180 -43.7553
939282 -43.7501
939384 -43.7449
939486 -43.7397
939588 -43.7345
939690 -43.7294
939792 -43.7242
939894 -43.719
939996 -43.7138
940099 -43.7087
940201 -43.7035
940303 -43.6983
940405 -43.6932
940507 -43.688
940609 -43.6829
940711 -43.6777
940813 -43.6726
940915 -43.6675
941017 -43.6623
941119 -43.6572
941221 -43.6521
941323 -43.6469
941425 -43.6418
941527 -43.6367
941629 -43.6316
941731 -43.6265
941833 -43.6214
941935 -43.6163
942037 -43.6112
942139 -43.6061
942241 -43.601
942343 -43.5959
942445 -43.5908
942547 -43.5857
942649 -43.5806
942751 -43.5755
942853 -43.5705
942955 -43.5654
943057 -43.5603
943159 -43.5553
943261 -43.5502
943363 -43.5452
943465 -43.5401
943568 -43.5351
943670 -43.53
943772 -43.525
943874 -43.5199
943976 -43.5149
944078 -43.5099
944180 -43.5048
944282 -43.4998
944384 -43.4948
944486 -43.4898
944588 -43.4848
944690 -43.4797
944792 -43.4747
944894 -43.4697
944996 -43.4647
945098 -43.4597
945200 -43.4547
945302 -43.4497
945404 -43.4447
945506 -43.4398
945608 -43.4348
945710 -43.4298
945812 -43.4248
945914 -43.4199
946016 -43.4149
946118 -43.4099
946220 -43.405
946322 -43.4
946424 -43.395
946526 -43.3901
946628 -43.3851
946730 -43.3802
946832 -43.3753
946934 -43.3703
947037 -43.3654
947139 -43.3604
947241 -43.3555
947343 -43.3506
947445 -43.3457
947547 -43.3407
947649 -43.3358
947751 -43.3309
947853 -43.326
947955 -43.3211
948057 -43.3162
948159 -43.3113
948261 -43.3064
948363 -43.3015
948465 -43.2966
948567 -43.2917
948669 -43.2868
948771 -43.282
948873 -43.2771
948975 -43.2722
949077 -43.2673
949179 -43.2625
949281 -43.2576
949383 -43.2528
949485 -43.2479
949587 -43.243
949689 -43.2382
949791 -43.2333
949893 -43.2285
949995 -43.2237
950097 -43.2188
950199 -43.214
950301 -43.2091
950403 -43.2043
950505 -43.1995
950608 -43.1947
950710 -43.1898
950812 -43.185
950914 -43.1802
951016 -43.1754
951118 -43.1706
951220 -43.1658
951322 -43.161
951424 -43.1562
951526 -43.1514
951628 -43.1466
951730 -43.1418
951832 -43.137
951934 -43.1323
952036 -43.1275
952138 -43.1227
952240 -43.1179
952342 -43.1132
952444 -43.1084
952546 -43.1036
952648 -43.0989
952750 -43.0941
952852 -43.0894
952954 -43.0846
953056 -43.0799
953158 -43.0751
953260 -43.0704
953362 -43.0656
953464 -43.0609
953566 -43.0562
953668 -43.0514
953770 -43.0467
953872 -43.042
953974 -43.0373
954077 -43.0325
954179 -43.0278
954281 -43.0231
954383 -43.0184
954485 -43.0137
954587 -43.009
954689 -43.0043
954791 -42.9996
954893 -42.9949
954995 -42.9902
955097 -42.9855
955199 -42.9809
955301 -42.9762
955403 -42.9715
955505 -42.9668
955607 -42.9622
955709 -42.9575
955811 -42.9528
955913 -42.9482
956015 -42.9435
956117 -42.9388
956219 -42.9342
956321 -42.9295
956423 -42.9249
956525 -42.9203
956627 -42.9156
956729 -42.911
956831 -42.9063
956933 -42.9017
957035 -42.8971
957137 -42.8924
957239 -42.8878
957341 -42.8832
957443 -42.8786
957546 -42.874
957648 -42.8694
957750 -42.8648
957852 -42.8601
957954 -42.8555
958056 -42.8509
958158 -42.8463
958260 -42.8418
958362 -42.8372
958464 -42.8326
958566 -42.828
958668 -42.8234
958770 -42.8188
958872 -42.8143
958974 -42.8097
959076 -42.8051
959178 -42.8005
959280 -42.796
959382 -42.7914
959484 -42.7869
959586 -42.7823
959688 -42.7777
959790 -42.7732
959892 -42.7686
959994 -42.7641
960096 -42.7596
960198 -42.755
960300 -42.7505
960402 -42.746
960504 -42.7414
960606 -42.7369
960708 -42.7324
960810 -42.7279
960912 -42.7233
961015 -42.7188
961117 -42.7143
961219 -42.7098
961321 -42.7053
961423 -42.7008
961525 -42.6963
961627 -42.6918
961729 -42.6873
961831 -42.6828
961933 -42.6783
962035 -42.6738
962137 -42.6693
962239 -42.6649
962341 -42.6604
962443 -42.6559
962545 -42.6514
962647 -42.647
962749 -42.6425
962851 -42.638
962953 -42.6336
963055 -42.6291
963157 -42.6247
963259 -42.6202
963361 -42.6158
963463 -42.6113
963565 -42.6069
963667 -42.6024
963769 -42.598
963871 -42.5935
963973 -42.5891
964075 -42.5847
964177 -42.5803
964279 -42.5758
964381 -42.5714
964484 -42.567
964586 -42.5626
964688 -42.5582
964790 -42.5537
964892 -42.5493
964994 -42.5449
965096 -42.5405
965198 -42.5361
965300 -42.5317
965402 -42.5273
965504 -42.5229
965606 -42.5186
965708 -42.5142
965810 -42.5098
965912 -42.5054
966014 -42.501
966116 -42.4967
966218 -42.4923
966320 -42.4879
966422 -42.4835
966524 -42.4792
966626 -42.4748
966728 -42.4705
966830 -42.4661
966932 -42.4617
967034 -42.4574
967136 -42.4531
967238 -42.4487
967340 -42.4444
967442 -42.44
967544 -42.4357
967646 -42.4314
967748 -42.427
967850 -42.4227
967953 -42.4184
968055 -42.414
968157 -42.4097
968259 -42.4054
968361 -42.4011
968463 -42.3968
968565 -42.3925
968667 -42.3882
968769 -42.3839
968871 -42.3795
968973 -42.3752
969075 -42.371
969177 -42.3667
969279 -42.3624
969381 -42.3581
969483 -42.3538
969585 -42.3495
969687 -42.3452
969789 -42.3409
969891 -42.3367
969993 -42.3324
970095 -42.3281
970197 -42.3239
970299 -42.3196
970401 -42.3153
970503 -42.3111
970605 -42.3068
970707 -42.3026
970809 -42.2983
970911 -42.2941
971013 -42.2898
971115 -42.2856
971217 -42.2813
971319 -42.2771
971422 -42.2729
971524 -42.2686
971626 -42.2644
971728 -42.2602
971830 -42.2559
971932 -42.2517
972034 -42.2475
972136 -42.2433
972238 -42.2391
972340 -42.2348
972442 -42.2306
972544 -42.2264
972646 -42.2222
972748 -42.218
972850 -42.2138
972952 -42.2096
973054 -42.2054
973156 -42.2012
973258 -42.197
973360 -42.1929
973462 -42.1887
973564 -42.1845
973666 -42.1803
973768 -42.1761
973870 -42.172
973972 -42.1678
974074 -42.1636
974176 -42.1595
974278 -42.1553
974380 -42.1511
974482 -42.147
974584 -42.1428
974686 -42.1387
974788 -42.1345
974891 -42.1304
974993 -42.1262
975095 -42.1221
975197 -42.1179
975299 -42.1138
975401 -42.1096
975503 -42.1055
975605 -42.1014
975707 -42.0973
975809 -42.0931
975911 -42.089
976013 -42.0849
976115 -42.0808
976217 -42.0766
976319 -42.0725
976421 -42.0684
976523 -42.0643
976625 -42.0602
976727 -42.0561
976829 -42.052
976931 -42.0479
977033 -42.0438
977135 -42.0397
977237 -42.0356
977339 -42.0315
977441 -42.0274
977543 -42.0234
977645 -42.0193
977747 -42.0152
977849 -42.0111
977951 -42.0071
978053 -42.003
978155 -41.9989
978257 -41.9948
978360 -41.9908
978462 -41.9867
978564 -41.9827
978666 -41.9786
978768 -41.9745
978870 -41.9705
978972 -41.9664
979074 -41.9624
979176 -41.9584
979278 -41.9543
979380 -41.9503
979482 -41.9462
979584 -41.9422
979686 -41.9382
979788 -41.9341
979890 -41.9301
979992 -41.9261
980094 -41.9221
980196 -41.918
980298 -41.914
980400 -41.91
980502 -41.906
980604 -41.902
980706 -41.898
980808 -41.894
980910 -41.89
981012 -41.886
981114 -41.882
981216 -41.878
981318 -41.874
981420 -41.87
981522 -41.866
981624 -41.862
981726 -41.858
981829 -41.854
981931 -41.8501
982033 -41.8461
982135 -41.8421
982237 -41.8381
982339 -41.8342
982441 -41.8302
982543 -41.8262
982645 -41.8223
982747 -41.8183
982849 -41.8143
982951 -41.8104
983053 -41.8064
983155 -41.8025
983257 -41.7985
983359 -41.7946
983461 -41.7906
983563 -41.7867
983665 -41.7828
983767 -41.7788
983869 -41.7749
983971 -41.771
984073 -41.767
984175 -41.7631
984277 -41.7592
984379 -41.7552
984481 -41.7513
984583 -41.7474
984685 -41.7435
984787 -41.7396
984889 -41.7357
984991 -41.7318
985093 -41.7278
985195 -41.7239
985298 -41.72
985400 -41.7161
985502 -41.7122
985604 -41.7083
985706 -41.7045
985808 -41.7006
985910 -41.6967
986012 -41.6928
986114 -41.6889
986216 -41.685
986318 -41.6811
986420 -41.6773
986522 -41.6734
986624 -41.6695
986726 -41.6656
986828 -41.6618
986930 -41.6579
987032 -41.654
987134 -41.6502
987236 -41.6463
987338 -41.6425
987440 -41.6386
987542 -41.6348
987644 -41.6309
987746 -41.6271
987848 -41.6232
987950 -41.6194
988052 -41.6155
988154 -41.6117
988256 -41.6079
988358 -41.604
988460 -41.6002
988562 -41.5964
988664 -41.5925
988767 -41.5887
988869 -41.5849
988971 -41.5811
989073 -41.5773
989175 -41.5734
989277 -41.5696
989379 -41.5658
989481 -41.562
989583 -41.5582
989685 -41.5544
989787 -41.5506
989889 -41.5468
989991 -41.543
990093 -41.5392
990195 -41.5354
990297 -41.5316
990399 -41.5278
990501 -41.524
990603 -41.5202
990705 -41.5165
990807 -41.5127
990909 -41.5089
991011 -41.5051
991113 -41.5013
991215 -41.4976
991317 -41.4938
991419 -41.49
991521 -41.4863
991623 -41.4825
991725 -41.4787
991827 -41.475
991929 -41.4712
992031 -41.4675
992133 -41.4637
992236 -41.46
992338 -41.4562
992440 -41.4525
992542 -41.4487
992644 -41.445
992746 -41.4413
992848 -41.4375
992950 -41.4338
993052 -41.4301
993154 -41.4263
993256 -41.4226
993358 -41.4189
993460 -41.4151
993562 -41.4114
993664 -41.4077
993766 -41.404
993868 -41.4003
993970 -41.3966
994072 -41.3928
994174 -41.3891
994276 -41.3854
994378 -41.3817
994480 -41.378
994582 -41.3743
994684 -41.3706
994786 -41.3669
994888 -41.3632
994990 -41.3595
995092 -41.3558
995194 -41.3522
995296 -41.3485
995398 -41.3448
995500 -41.3411
995602 -41.3374
995705 -41.3337
995807 -41.3301
995909 -41.3264
996011 -41.3227
996113 -41.3191
996215 -41.3154
996317 -41.3117
996419 -41.3081
996521 -41.3044
996623 -41.3007
996725 -41.2971
996827 -41.2934
996929 -41.2898
997031 -41.2861
997133 -41.2825
997235 -41.2788
997337 -41.2752
997439 -41.2716
997541 -41.2679
997643 -41.2643
997745 -41.2606
997847 -41.257
997949 -41.2534
998051 -41.2497
998153 -41.2461
998255 -41.2425
998357 -41.2389
998459 -41.2353
998561 -41.2316
998663 -41.228
998765 -41.2244
998867 -41.2208
998969 -41.2172
999071 -41.2136
999174 -41.21
999276 -41.2064
999378 -41.2028
999480 -41.1992
999582 -41.1956
999684 -41.192
999786 -41.1884
999888 -41.1848
999990 -41.1812
1.00009e+06 -41.1776
1.00019e+06 -41.174
1.0003e+06 -41.1704
1.0004e+06 -41.1668
1.0005e+06 -41.1633
1.0006e+06 -41.1597
1.0007e+06 -41.1561
1.00081e+06 -41.1525
1.00091e+06 -41.149
1.00101e+06 -41.1454
1.00111e+06 -41.1418
1.00121e+06 -41.1383
1.00132e+06 -41.1347
1.00142e+06 -41.1311
1.00152e+06 -41.1276
1.00162e+06 -41.124
1.00172e+06 -41.1205
1.00183e+06 -41.1169
1.00193e+06 -41.1134
1.00203e+06 -41.1098
1.00213e+06 -41.1063
1.00223e+06 -41.1027
1.00234e+06 -41.0992
1.00244e+06 -41.0956
1.00254e+06 -41.0921
1.00264e+06 -41.0885
1.00274e+06 -41.085
1.00285e+06 -41.0815
1.00295e+06 -41.0779
1.00305e+06 -41.0744
1.00315e+06 -41.0709
1.00325e+06 -41.0674
1.00336e+06 -41.0638
1.00346e+06 -41.0603
1.00356e+06 -41.0568
1.00366e+06 -41.0533
1.00376e+06 -41.0498
1.00387e+06 -41.0462
1.00397e+06 -41.0427
1.00407e+06 -41.0392
1.00417e+06 -41.0357
1.00427e+06 -41.0322
1.00438e+06 -41.0287
1.00448e+06 -41.0252
1.00458e+06 -41.0217
1.00468e+06 -41.0182
1.00479e+06 -41.0147
1.00489e+06 -41.0112
1.00499e+06 -41.0077
1.00509e+06 -41.0042
1.00519e+06 -41.0007
1.0053e+06 -40.9973
1.0054e+06 -40.9938
1.0055e+06 -40.9903
1.0056e+06 -40.9868
1.0057e+06 -40.9833
1.00581e+06 -40.9799
1.00591e+06 -40.9764
1.00601e+06 -40.9729
1.00611e+06 -40.9694
1.00621e+06 -40.966
1.00632e+06 -40.9625
1.00642e+06 -40.959
1.00652e+06 -40.9556
1.00662e+06 -40.9521
1.00672e+06 -40.9487
1.00683e+06 -40.9452
1.00693e+06 -40.9417
1.00703e+06 -40.9383
1.00713e+06 -40.9348
1.00723e+06 -40.9314
1.00734e+06 -40.9279
1.00744e+06 -40.9245
1.00754e+06 -40.921
1.00764e+06 -40.9176
1.00774e+06 -40.9142
1.00785e+06 -40.9107
1.00795e+06 -40.9073
1.00805e+06 -40.9039
1.00815e+06 -40.9004
1.00825e+06 -40.897
1.00836e+06 -40.8936
1.00846e+06 -40.8901
1.00856e+06 -40.8867
1.00866e+06 -40.8833
1.00876e+06 -40.8799
1.00887e+06 -40.8764
1.00897e+06 -40.873
1.00907e+06 -40.8696
1.00917e+06 -40.8662
1.00927e+06 -40.8628
1.00938e+06 -40.8594
1.00948e+06 -40.856
1.00958e+06 -40.8526
1.00968e+06 -40.8492
1.00978e+06 -40.8458
1.00989e+06 -40.8424
1.00999e+06 -40.839
1.01009e+06 -40.8356
1.01019e+06 -40.8322
1.01029e+06 -40.8288
1.0104e+06 -40.8254
1.0105e+06 -40.822
1.0106e+06 -40.8186
1.0107e+06 -40.8152
1.0108e+06 -40.8118
1.01091e+06 -40.8085
1.01101e+06 -40.8051
1.01111e+06 -40.8017
1.01121e+06 -40.7983
1.01131e+06 -40.795
1.01142e+06 -40.7916
1.01152e+06 -40.7882
1.01162e+06 -40.7848
1.01172e+06 -40.7815
1.01183e+06 -40.7781
1.01193e+06 -40.7747
1.01203e+06 -40.7714
1.01213e+06 -40.768
1.01223e+06 -40.7647
1.01234e+06 -40.7613
1.01244e+06 -40.758
1.01254e+06 -40.7546
1.01264e+06 -40.7513
1.01274e+06 -40.7479
1.01285e+06 -40.7446
1.01295e+06 -40.7412
1.01305e+06 -40.7379
1.01315e+06 -40.7345
1.01325e+06 -40.7312
1.01336e+06 -40.7279
1.01346e+06 -40.7245
1.01356e+06 -40.7212
1.01366e+06 -40.7179
1.01376e+06 -40.7145
1.01387e+06 -40.7112
1.01397e+06 -40.7079
1.01407e+06 -40.7045
1.01417e+06 -40.7012
1.01427e+06 -40.6979
1.01438e+06 -40.6946
1.01448e+06 -40.6913
1.01458e+06 -40.6879
1.01468e+06 -40.6846
1.01478e+06 -40.6813
1.01489e+06 -40.678
1.01499e+06 -40.6747
1.01509e+06 -40.6714
1.01519e+06 -40.6681
1.01529e+06 -40.6648
1.0154e+06 -40.6615
1.0155e+06 -40.6582
1.0156e+06 -40.6549
1.0157e+06 -40.6516
1.0158e+06 -40.6483
1.01591e+06 -40.645
1.01601e+06 -40.6417
1.01611e+06 -40.6384
1.01621e+06 -40.6351
1.01631e+06 -40.6319
1.01642e+06 -40.6286
1.01652e+06 -40.6253
1.01662e+06 -40.622
1.01672e+06 -40.6187
1.01682e+06 -40.6155
1.01693e+06 -40.6122
1.01703e+06 -40.6089
1.01713e+06 -40.6056
1.01723e+06 -40.6024
1.01733e+06 -40.5991
1.01744e+06 -40.5958
1.01754e+06 -40.5926
1.01764e+06 -40.5893
1.01774e+06 -40.5861
1.01784e+06 -40.5828
1.01795e+06 -40.5795
1.01805e+06 -40.5763
1.01815e+06 -40.573
1.01825e+06 -40.5698
1.01836e+06 -40.5665
1.01846e+06 -40.5633
1.01856e+06 -40.56
1.01866e+06 -40.5568
1.01876e+06 -40.5536
1.01887e+06 -40.5503
1.01897e+06 -40.5471
1.01907e+06 -40.5438
1.01917e+06 -40.5406
1.01927e+06 -40.5374
1.01938e+06 -40.5341
1.01948e+06 -40.5309
1.01958e+06 -40.5277
1.01968e+06 -40.5245
1.01978e+06 -40.5212
1.01989e+06 -40.518
1.01999e+06 -40.5148
1.02009e+06 -40.5116
1.02019e+06 -40.5083
