0 -1
600.06 -1
1200.12 -1
1800.18 -1
2400.24 -1
3000.3 -1
3600.36 -1
4200.42 -1
4800.48 -1
5400.54 -1
6000.6 -1
6600.66 -1
7200.72 -1
7800.78 -1
8400.84 -1
9000.9 -1
9600.96 -1
10201 -1
10801.1 -1
11401.1 -1
12001.2 -1
12601.3 -1
13201.3 -1
13801.4 -1
14401.4 -1
15001.5 -1
15601.6 -1
16201.6 -1
16801.7 -1
17401.7 -1
18001.8 -1
18601.9 -1
19201.9 -1
19802 -1
20402 -1
21002.1 -1
21602.2 -1
22202.2 -1
22802.3 -1
23402.3 -1
24002.4 -1
24602.5 -1
25202.5 -1
25802.6 -1
26402.6 -1
27002.7 -1
27602.8 -1
28202.8 -1
28802.9 -1
29402.9 -1
30003 -1
30603.1 -1
31203.1 -1
31803.2 -1
32403.2 -1
33003.3 -1
33603.4 -1
34203.4 -1
34803.5 -1
35403.5 -1
36003.6 -1
36603.7 -1
37203.7 -1
37803.8 -1
38403.8 -1
39003.9 -1
39604 -1
40204 -1
40804.1 -1
41404.1 -1
42004.2 -1
42604.3 -1
43204.3 -1
43804.4 -1
44404.4 -1
45004.5 -1
45604.6 -1
46204.6 -1
46804.7 -1
47404.7 -1
48004.8 -1
48604.9 -1
49204.9 -1
49805 -1
50405 -1
51005.1 -1
51605.2 -1
52205.2 -1
52805.3 -1
53405.3 -1
54005.4 -1
54605.5 -1
55205.5 -1
55805.6 -1
56405.6 -1
57005.7 -1
57605.8 -1
58205.8 -1
58805.9 -1
59405.9 -1
60006 -1
60606.1 -1
61206.1 -1
61806.2 -1
62406.2 -1
63006.3 -1
63606.4 -1
64206.4 -1
64806.5 -1
65406.5 -1
66006.6 -1
66606.7 -1
67206.7 -1
67806.8 -1
68406.8 -1
69006.9 -1
69607 -1
70207 -1
70807.1 -1
71407.1 -1
72007.2 -1
72607.3 -1
73207.3 -1
73807.4 -1
74407.4 -1
75007.5 -1
75607.6 -1
76207.6 -1
76807.7 -1
77407.7 -1
78007.8 -1
78607.9 -1
79207.9 -1
79808 -1
80408 -1
81008.1 -1
81608.2 -1
82208.2 -1
82808.3 -1
83408.3 -1
84008.4 -1
84608.5 -1
85208.5 -1
85808.6 -1
86408.6 -1
87008.7 -1
87608.8 -1
88208.8 -1
88808.9 -1
89408.9 -1
90009 -1
90609.1 -1
91209.1 -1
91809.2 -1
92409.2 -1
93009.3 -1
93609.4 -1
94209.4 -1
94809.5 -1
95409.5 -1
96009.6 -1
96609.7 -1
97209.7 -1
97809.8 -1
98409.8 -1
99009.9 -1
99610 -1
100210 -1
100810 -1
101410 -1
102010 -1
102610 -1
103210 -1
103810 -1
104410 -1
105011 -1
105611 -1
106211 -1
106811 -1
107411 -1
108011 -1
108611 -1
109211 -1
109811 -1
110411 -1
111011 -1
111611 -1
112211 -1
112811 -1
113411 -1
114011 -1
114611 -1
115212 -1
115812 -1
116412 -1
117012 -1
117612 -1
118212 -1
118812 -1
119412 -1
120012 -1
120612 -1
121212 -1
121812 -1
122412 -1
123012 -1
123612 -1
124212 -1
124812 -1
125413 -1
126013 -1
126613 -1
127213 -1
127813 -1
128413 -1
129013 -1
129613 -1
130213 -1
130813 -1
131413 -1
132013 -1
132613 -1
133213 -1
133813 -1
134413 -1
135014 -1
135614 -1
136214 -1
136814 -1
137414 -1
138014 -1
138614 -1
139214 -1
139814 -1
140414 -1
141014 -1
141614 -1
142214 -1
142814 -1
143414 -1
144014 -1
144614 -1
145215 -1
145815 -1
146415 -1
147015 -1
147615 -1
148215 -1
148815 -1
149415 -1
150015 -1
150615 -1
151215 -1
151815 -1
152415 -1
153015 -1
153615 -1
154215 -1
154815 -1
155416 -1
156016 -1
156616 -1
157216 -1
157816 -1
158416 -1
159016 -1
159616 -1
160216 -1
160816 -1
161416 -1
162016 -1
162616 -1
163216 -1
163816 -1
164416 -1
165017 -1
165617 -1
166217 -1
166817 -1
167417 -1
168017 -1
168617 -1
169217 -1
169817 -1
170417 -1
171017 -1
171617 -1
172217 -1
172817 -1
173417 -1
174017 -1
174617 -1
175218 -1
175818 -1
176418 -1
177018 -1
177618 -1
178218 -1
178818 -1
179418 -1
180018 -1
180618 -1
181218 -1
181818 -1
182418 -1
183018 -1
183618 -1
184218 -1
184818 -1
185419 -1
186019 -1
186619 -1
187219 -1
187819 -1
188419 -1
189019 -1
189619 -1
190219 -1
190819 -1
191419 -1
192019 -1
192619 -1
193219 -1
193819 -1
194419 -1
195020 -1
195620 -1
196220 -1
196820 -1
197420 -1
198020 -1
198620 -1
199220 -1
199820 -1
200420 -1
201020 -1
201620 -1
202220 -1
202820 -1
203420 -1
204020 -1
204620 -1
205221 -1
205821 -1
206421 -1
207021 -1
207621 -1
208221 -1
208821 -1
209421 -1
210021 -1
210621 -1
211221 -1
211821 -1
212421 -1
213021 -1
213621 -1
214221 -1
214821 -1
215422 -1
216022 -1
216622 -1
217222 -1
217822 -1
218422 -1
219022 -1
219622 -1
220222 -1
220822 -1
221422 -1
222022 -1
222622 -1
223222 -1
223822 -1
224422 -1
225023 -1
225623 -1
226223 -1
226823 -1
227423 -1
228023 -1
228623 -1
229223 -1
229823 -1
230423 -1
231023 -1
231623 -1
232223 -1
232823 -1
233423 -1
234023 -1
234623 -1
235224 -1
235824 -1
236424 -1
237024 -1
237624 -1
238224 -1
238824 -1
239424 -1
240024 -1
240624 -1
241224 -1
241824 -1
242424 -1
243024 -1
243624 -1
244224 -1
244824 -1
245425 -1
246025 -1
246625 -1
247225 -1
247825 -1
248425 -1
249025 -1
249625 -1
250225 -1
250825 -1
251425 -1
252025 -1
252625 -1
253225 -1
253825 -1
254425 -1
255026 -1
255626 -1
256226 -1
256826 -1
257426 -1
258026 -1
258626 -1
259226 -1
259826 -1
260426 -1
261026 -1
261626 -1
262226 -1
262826 -1
263426 -1
264026 -1
264626 -1
265227 -1
265827 -1
266427 -1
267027 -1
267627 -1
268227 -1
268827 -1
269427 -1
270027 -1
270627 -1
271227 -1
271827 -1
272427 -1
273027 -1
273627 -1
274227 -1
274827 -1
275428 -1
276028 -1
276628 -1
277228 -1
277828 -1
278428 -1
279028 -1
279628 -1
280228 -1
280828 -1
281428 -1
282028 -1
282628 -1
283228 -1
283828 -1
284428 -1
285029 -1
285629 -1
286229 -1
286829 -1
287429 -1
288029 -1
288629 -1
289229 -1
289829 -1
290429 -1
291029 -1
291629 -1
292229 -1
292829 -1
293429 -1
294029 -1
294629 -1
295230 -1
295830 -1
296430 -1
297030 -1
297630 -1
298230 -1
298830 -1
299430 -1
300030 -1
300630 -1
301230 -1
301830 -1
302430 -1
303030 -1
303630 -1
304230 -1
304830 -1
305431 -1
306031 -1
306631 -1
307231 -1
307831 -1
308431 -1
309031 -1
309631 -1
310231 -1
310831 -1
311431 -1
312031 -1
312631 -1
313231 -1
313831 -1
314431 -1
315032 -1
315632 -1
316232 -1
316832 -1
317432 -1
318032 -1
318632 -1
319232 -1
319832 -1
320432 -1
321032 -1
321632 -1
322232 -1
322832 -1
323432 -1
324032 -1
324632 -1
325233 -1
325833 -1
326433 -1
327033 -1
327633 -1
328233 -1
328833 -1
329433 -1
330033 -1
330633 -1
331233 -1
331833 -1
332433 -1
333033 -1
333633 -1
334233 -1
334833 -1
335434 -1
336034 -1
336634 -1
337234 -1
337834 -1
338434 -1
339034 -1
339634 -1
340234 -1
340834 -1
341434 -1
342034 -1
342634 -1
343234 -1
343834 -1
344434 -1
345035 -1
345635 -1
346235 -1
346835 -1
347435 -1
348035 -1
348635 -1
349235 -1
349835 -1
350435 -1
351035 -1
351635 -1
352235 -1
352835 -1
353435 -1
354035 -1
354635 -1
355236 -1
355836 -1
356436 -1
357036 -1
357636 -1
358236 -1
358836 -1
359436 -1
360036 -1
360636 -1
361236 -1
361836 -1
362436 -1
363036 -1
363636 -1
364236 -1
364836 -1
365437 -1
366037 -1
366637 -1
367237 -1
367837 -1
368437 -1
369037 -1
369637 -1
370237 -1
370837 -1
371437 -1
372037 -1
372637 -1
373237 -1
373837 -1
374437 -1
375038 -1
375638 -1
376238 -1
376838 -1
377438 -1
378038 -1
378638 -1
379238 -1
379838 -1
380438 -1
381038 -1
381638 -1
382238 -1
382838 -1
383438 -1
384038 -1
384638 -1
385239 -1
385839 -1
386439 -1
387039 -1
387639 -1
388239 -1
388839 -1
389439 -1
390039 -1
390639 -1
391239 -1
391839 -1
392439 -1
393039 -1
393639 -1
394239 -1
394839 -1
395440 -1
396040 -1
396640 -1
397240 -1
397840 -1
398440 -1
399040 -1
399640 -1
400240 -1
400840 -1
401440 -1
402040 -1
402640 -1
403240 -1
403840 -1
404440 -1
405041 -1
405641 -1
406241 -1
406841 -1
407441 -1
408041 -1
408641 -1
409241 -1
409841 -1
410441 -1
411041 -1
411641 -1
412241 -1
412841 -1
413441 -1
414041 -1
414641 -1
415242 -1
415842 -1
416442 -1
417042 -1
417642 -1
418242 -1
418842 -1
419442 -1
420042 -1
420642 -1
421242 -1
421842 -1
422442 -1
423042 -1
423642 -1
424242 -1
424842 -1
425443 -1
426043 -1
426643 -1
427243 -1
427843 -1
428443 -1
429043 -1
429643 -1
430243 -1
430843 -1
431443 -1
432043 -1
432643 -1
433243 -1
433843 -1
434443 -1
435044 -1
435644 -1
436244 -1
436844 -1
437444 -1
438044 -1
438644 -1
439244 -1
439844 -1
440444 -1
441044 -1
441644 -1
442244 -1
442844 -1
443444 -1
444044 -1
444644 -1
445245 -1
445845 -1
446445 -1
447045 -1
447645 -1
448245 -1
448845 -1
449445 -1
450045 -1
450645 -1
451245 -1
451845 -1
452445 -1
453045 -1
453645 -1
454245 -1
454845 -1
455446 -1
456046 -1
456646 -1
457246 -1
457846 -1
458446 -1
459046 -1
459646 -1
460246 -1
460846 -1
461446 -1
462046 -1
462646 -1
463246 -1
463846 -1
464446 -1
465047 -1
465647 -1
466247 -1
466847 -1
467447 -1
468047 -1
468647 -1
469247 -1
469847 -1
470447 -1
471047 -1
471647 -1
472247 -1
472847 -1
473447 -1
474047 -1
474647 -1
475248 -1
475848 -1
476448 -1
477048 -1
477648 -1
478248 -1
478848 -1
479448 -1
480048 -1
480648 -1
481248 -1
481848 -1
482448 -1
483048 -1
483648 -1
484248 -1
484848 -1
485449 -1
486049 -1
486649 -1
487249 -1
487849 -1
488449 -1
489049 -1
489649 -1
490249 -1
490849 -1
491449 -1
492049 -1
492649 -1
493249 -1
493849 -1
494449 -1
495050 -1
495650 -1
496250 -1
496850 -1
497450 -1
498050 -1
498650 -1
499250 -1
499850 -1
500450 -1
501050 -1
501650 -1
502250 -1
502850 -1
503450 -1
504050 -1
504650 -1
505251 -1
505851 -1
506451 -1
507051 -1
507651 -1
508251 -1
508851 -1
509451 -1
510051 -1
510651 -1
511251 -1
511851 -1
512451 -1
513051 -1
513651 -1
514251 -1
514851 -1
515452 -1
516052 -1
516652 -1
517252 -1
517852 -1
518452 -1
519052 -1
519652 -1
520252 -1
520852 -1
521452 -1
522052 -1
522652 -1
523252 -1
523852 -1
524452 -1
525053 -1
525653 -1
526253 -1
526853 -1
527453 -1
528053 -1
528653 -1
529253 -1
529853 -1
530453 -1
531053 -1
531653 -1
532253 -1
532853 -1
533453 -1
534053 -1
534653 -1
535254 -1
535854 -1
536454 -1
537054 -1
537654 -1
538254 -1
538854 -1
539454 -1
540054 -1
540654 -1
541254 -1
541854 -1
542454 -1
543054 -1
543654 -1
544254 -1
544854 -1
545455 -1
546055 -1
546655 -1
547255 -1
547855 -1
548455 -1
549055 -1
549655 -1
550255 -1
550855 -1
551455 -1
552055 -1
552655 -1
553255 -1
553855 -1
554455 -1
555056 -1
555656 -1
556256 -1
556856 -1
557456 -1
558056 -1
558656 -1
559256 -1
559856 -1
560456 -1
561056 -1
561656 -1
562256 -1
562856 -1
563456 -1
564056 -1
564656 -1
565257 -1
565857 -1
566457 -1
567057 -1
567657 -1
568257 -1
568857 -1
569457 -1
570057 -1
570657 -1
571257 -1
571857 -1
572457 -1
573057 -1
573657 -1
574257 -1
574857 -1
575458 -1
576058 -1
576658 -1
577258 -1
577858 -1
578458 -1
579058 -1
579658 -1
580258 -1
580858 -1
581458 -1
582058 -1
582658 -1
583258 -1
583858 -1
584458 -1
585059 -1
585659 -1
586259 -1
586859 -1
587459 -1
588059 -1
588659 -1
589259 -1
589859 -1
590459 -1
591059 -1
591659 -1
592259 -1
592859 -1
593459 -1
594059 -1
594659 -1
595260 -1
595860 -1
596460 -1
597060 -1
597660 -1
598260 -1
598860 -1
599460 -1
600060 -1
600660 -1
601260 -1
601860 -1
602460 -1
603060 -1
603660 -1
604260 -1
604860 -1
605461 -1
606061 -1
606661 -1
607261 -1
607861 -1
608461 -1
609061 -1
609661 -1
610261 -1
610861 -1
611461 -1
612061 -1
612661 -1
613261 -1
613861 -1
614461 -1
615062 -1
615662 -1
616262 -1
616862 -1
617462 -1
618062 -1
618662 -1
619262 -1
619862 -1
620462 -1
621062 -1
621662 -1
622262 -1
622862 -1
623462 -1
624062 -1
624662 -1
625263 -1
625863 -1
626463 -1
627063 -1
627663 -1
628263 -1
628863 -1
629463 -1
630063 -1
630663 -1
631263 -1
631863 -1
632463 -1
633063 -1
633663 -1
634263 -1
634863 -1
635464 -1
636064 -1
636664 -1
637264 -1
637864 -1
638464 -1
639064 -1
639664 -1
640264 -1
640864 -1
641464 -1
642064 -1
642664 -1
643264 -1
643864 -1
644464 -1
645065 -1
645665 -1
646265 -1
646865 -1
647465 -1
648065 -1
648665 -1
649265 -1
649865 -1
650465 -1
651065 -1
651665 -1
652265 -1
652865 -1
653465 -1
654065 -1
654665 -1
655266 -1
655866 -1
656466 -1
657066 -1
657666 -1
658266 -1
658866 -1
659466 -1
660066 -1
660666 -1
661266 -1
661866 -1
662466 -1
663066 -1
663666 -1
664266 -1
664866 -1
665467 -1
666067 -1
666667 -1
667267 -1
667867 -1
668467 -1
669067 -1
669667 -1
670267 -1
670867 -1
671467 -1
672067 -1
672667 -1
673267 -1
673867 -1
674467 -1
675068 -1
675668 -1
676268 -1
676868 -1
677468 -1
678068 -1
678668 -1
679268 -1
679868 -1
680468 -1
681068 -1
681668 -1
682268 -1
682868 -1
683468 -1
684068 -1
684668 -1
685269 -1
685869 -1
686469 -1
687069 -1
687669 -1
688269 -1
688869 -1
689469 -1
690069 -1
690669 -1
691269 -1
691869 -1
692469 -1
693069 -1
693669 -1
694269 -1
694869 -1
695470 -1
696070 -1
696670 -1
697270 -1
697870 -1
698470 -1
699070 -1
699670 -1
700270 -1
700870 -1
701470 -1
702070 -1
702670 -1
703270 -1
703870 -1
704470 -1
705071 -1
705671 -1
706271 -1
706871 -1
707471 -1
708071 -1
708671 -1
709271 -1
709871 -1
710471 -1
711071 -1
711671 -1
712271 -1
712871 -1
713471 -1
714071 -1
714671 -1
715272 -1
715872 -1
716472 -1
717072 -1
717672 -1
718272 -1
718872 -1
719472 -1
720072 -1
720672 -1
721272 -1
721872 -1
722472 -1
723072 -1
723672 -1
724272 -1
724872 -1
725473 -1
726073 -1
726673 -1
727273 -1
727873 -1
728473 -1
729073 -1
729673 -1
730273 -1
730873 -1
731473 -1
732073 -1
732673 -1
733273 -1
733873 -1
734473 -1
735074 -1
735674 -1
736274 -1
736874 -1
737474 -1
738074 -1
738674 -1
739274 -1
739874 -1
740474 -1
741074 -1
741674 -1
742274 -1
742874 -1
743474 -1
744074 -1
744674 -1
745275 -1
745875 -1
746475 -1
747075 -1
747675 -1
748275 -1
748875 -1
749475 -1
750075 -1
750675 -1
751275 -1
751875 -1
752475 -1
753075 -1
753675 -1
754275 -1
754875 -1
755476 -1
756076 -1
756676 -1
757276 -1
757876 -1
758476 -1
759076 -1
759676 -1
760276 -1
760876 -1
761476 -1
762076 -1
762676 -1
763276 -1
763876 -1
764476 -1
765077 -1
765677 -1
766277 -1
766877 -1
767477 -1
768077 -1
768677 -1
769277 -1
769877 -1
770477 -1
771077 -1
771677 -1
772277 -1
772877 -1
773477 -1
774077 -1
774677 -1
775278 -1
775878 -1
776478 -1
777078 -1
777678 -1
778278 -1
778878 -1
779478 -1
780078 -1
780678 -1
781278 -1
781878 -1
782478 -1
783078 -1
783678 -1
784278 -1
784878 -1
785479 -1
786079 -1
786679 -1
787279 -1
787879 -1
788479 -1
789079 -1
789679 -1
790279 -1
790879 -1
791479 -1
792079 -1
792679 -1
793279 -1
793879 -1
794479 -1
795080 -1
795680 -1
796280 -1
796880 -1
797480 -1
798080 -1
798680 -1
799280 -1
799880 -1
800480 -1
801080 -1
801680 -1
802280 -1
802880 -1
803480 -1
804080 -1
804680 -1
805281 -1
805881 -1
806481 -1
807081 -1
807681 -1
808281 -1
808881 -1
809481 -1
810081 -1
810681 -1
811281 -1
811881 -1
812481 -1
813081 -1
813681 -1
814281 -1
814881 -1
815482 -1
816082 -1
816682 -1
817282 -1
817882 -1
818482 -1
819082 -1
819682 -1
820282 -1
820882 -1
821482 -1
822082 -1
822682 -1
823282 -1
823882 -1
824482 -1
825083 -1
825683 -1
826283 -1
826883 -1
827483 -1
828083 -1
828683 -1
829283 -1
829883 -1
830483 -1
831083 -1
831683 -1
832283 -1
832883 -1
833483 -1
834083 -1
834683 -1
835284 -1
835884 -1
836484 -1
837084 -1
837684 -1
838284 -1
838884 -1
839484 -1
840084 -1
840684 -1
841284 -1
841884 -1
842484 -1
843084 -1
843684 -1
844284 -1
844884 -1
845485 -1
846085 -1
846685 -1
847285 -1
847885 -1
848485 -1
849085 -1
849685 -1
850285 -1
850885 -1
851485 -1
852085 -1
852685 -1
853285 -1
853885 -1
854485 -1
855086 -1
855686 -1
856286 -1
856886 -1
857486 -1
858086 -1
858686 -1
859286 -1
859886 -1
860486 -1
861086 -1
861686 -1
862286 -1
862886 -1
863486 -1
864086 -1
864686 -1
865287 -1
865887 -1
866487 -1
867087 -1
867687 -1
868287 -1
868887 -1
869487 -1
870087 -1
870687 -1
871287 -1
871887 -1
872487 -1
873087 -1
873687 -1
874287 -1
874887 -1
875488 -1
876088 -1
876688 -1
877288 -1
877888 -1
878488 -1
879088 -1
879688 -1
880288 -1
880888 -1
881488 -1
882088 -1
882688 -1
883288 -1
883888 -1
884488 -1
885089 -1
885689 -1
886289 -1
886889 -1
887489 -1
888089 -1
888689 -1
889289 -1
889889 -1
890489 -1
891089 -1
891689 -1
892289 -1
892889 -1
893489 -1
894089 -1
894689 -1
895290 -1
895890 -1
896490 -1
897090 -1
897690 -1
898290 -1
898890 -1
899490 -1
900090 -1
900690 -1
901290 -1
901890 -1
902490 -1
903090 -1
903690 -1
904290 -1
904890 -1
905491 -1
906091 -1
906691 -1
907291 -1
907891 -1
908491 -1
909091 -1
909691 -1
910291 -1
910891 -1
911491 -1
912091 -1
912691 -1
913291 -1
913891 -1
914491 -1
915092 -1
915692 -1
916292 -1
916892 -1
917492 -1
918092 -1
918692 -1
919292 -1
919892 -1
920492 -1
921092 -1
921692 -1
922292 -1
922892 -1
923492 -1
924092 -1
924692 -1
925293 -1
925893 -1
926493 -1
927093 -1
927693 -1
928293 -1
928893 -1
929493 -1
930093 -1
930693 -1
931293 -1
931893 -1
932493 -1
933093 -1
933693 -1
934293 -1
934893 -1
935494 -1
936094 -1
936694 -1
937294 -1
937894 -1
938494 -1
939094 -1
939694 -1
940294 -1
940894 -1
941494 -1
942094 -1
942694 -1
943294 -1
943894 -1
944494 -1
945095 -1
945695 -1
946295 -1
946895 -1
947495 -1
948095 -1
948695 -1
949295 -1
949895 -1
950495 -1
951095 -1
951695 -1
952295 -1
952895 -1
953495 -1
954095 -1
954695 -1
955296 -1
955896 -1
956496 -1
957096 -1
957696 -1
958296 -1
958896 -1
959496 -1
960096 -1
960696 -1
961296 -1
961896 -1
962496 -1
963096 -1
963696 -1
964296 -1
964896 -1
965497 -1
966097 -1
966697 -1
967297 -1
967897 -1
968497 -1
969097 -1
969697 -1
970297 -1
970897 -1
971497 -1
972097 -1
972697 -1
973297 -1
973897 -1
974497 -1
975098 -1
975698 -1
976298 -1
976898 -1
977498 -1
978098 -1
978698 -1
979298 -1
979898 -1
980498 -1
981098 -1
981698 -1
982298 -1
982898 -1
983498 -1
984098 -1
984698 -1
985299 -1
985899 -1
986499 -1
987099 -1
987699 -1
988299 -1
988899 -1
989499 -1
990099 -1
990699 -1
991299 -1
991899 -1
992499 -1
993099 -1
993699 -1
994299 -1
994899 -1
995500 -1
996100 -1
996700 -1
997300 -1
997900 -1
998500 -1
999100 -1
999700 -1
1.0003e+06 -1
1.0009e+06 -1
1.0015e+06 -1
1.0021e+06 -1
1.0027e+06 -1
1.0033e+06 -1
1.0039e+06 -1
1.0045e+06 -1
1.0051e+06 -1
1.0057e+06 -1
1.0063e+06 -1
1.0069e+06 -1
1.0075e+06 -1
1.0081e+06 -1
1.0087e+06 -1
1.0093e+06 -1
1.0099e+06 -1
1.0105e+06 -1
1.0111e+06 -1
1.0117e+06 -1
1.0123e+06 -1
1.0129e+06 -1
1.0135e+06 -1
1.0141e+06 -1
1.0147e+06 -1
1.0153e+06 -1
1.0159e+06 -1
1.0165e+06 -1
1.0171e+06 -1
1.0177e+06 -1
1.0183e+06 -1
1.0189e+06 -1
1.0195e+06 -1
1.0201e+06 -1
1.0207e+06 -1
1.0213e+06 -1
1.0219e+06 -1
1.0225e+06 -1
1.0231e+06 -1
1.0237e+06 -1
1.0243e+06 -1
1.0249e+06 -1
1.0255e+06 -1
1.0261e+06 -1
1.0267e+06 -1
1.0273e+06 -1
1.0279e+06 -1
1.0285e+06 -1
1.0291e+06 -1
1.0297e+06 -1
1.0303e+06 -1
1.0309e+06 -1
1.0315e+06 -1
1.0321e+06 -1
1.0327e+06 -1
1.0333e+06 -1
1.0339e+06 -1
1.0345e+06 -1
1.0351e+06 -1
1.0357e+06 -1
1.0363e+06 -1
1.0369e+06 -1
1.0375e+06 -1
1.0381e+06 -1
1.0387e+06 -1
1.0393e+06 -1
1.0399e+06 -1
1.0405e+06 -1
1.0411e+06 -1
1.0417e+06 -1
1.0423e+06 -1
1.0429e+06 -1
1.0435e+06 -1
1.0441e+06 -1
1.0447e+06 -1
1.0453e+06 -1
1.0459e+06 -1
1.0465e+06 -1
1.0471e+06 -1
1.0477e+06 -1
1.0483e+06 -1
1.0489e+06 -1
1.0495e+06 -1
1.05011e+06 -1
1.05071e+06 -1
1.05131e+06 -1
1.05191e+06 -1
1.05251e+06 -1
1.05311e+06 -1
1.05371e+06 -1
1.05431e+06 -1
1.05491e+06 -1
1.05551e+06 -1
1.05611e+06 -1
1.05671e+06 -1
1.05731e+06 -1
1.05791e+06 -1
1.05851e+06 -1
1.05911e+06 -1
1.05971e+06 -1
1.06031e+06 -1
1.06091e+06 -1
1.06151e+06 -1
1.06211e+06 -1
1.06271e+06 -1
1.06331e+06 -1
1.06391e+06 -1
1.06451e+06 -1
1.06511e+06 -1
1.06571e+06 -1
1.06631e+06 -1
1.06691e+06 -1
1.06751e+06 -1
1.06811e+06 -1
1.06871e+06 -1
1.06931e+06 -1
1.06991e+06 -1
1.07051e+06 -1
1.07111e+06 -1
1.07171e+06 -1
1.07231e+06 -1
1.07291e+06 -1
1.07351e+06 -1
1.07411e+06 -1
1.07471e+06 -1
1.07531e+06 -1
1.07591e+06 -1
1.07651e+06 -1
1.07711e+06 -1
1.07771e+06 -1
1.07831e+06 -1
1.07891e+06 -1
1.07951e+06 -1
1.08011e+06 -1
1.08071e+06 -1
1.08131e+06 -1
1.08191e+06 -1
1.08251e+06 -1
1.08311e+06 -1
1.08371e+06 -1
1.08431e+06 -1
1.08491e+06 -1
1.08551e+06 -1
1.08611e+06 -1
1.08671e+06 -1
1.08731e+06 -1
1.08791e+06 -1
1.08851e+06 -1
1.08911e+06 -1
1.08971e+06 -1
1.09031e+06 -1
1.09091e+06 -1
1.09151e+06 -1
1.09211e+06 -1
1.09271e+06 -1
1.09331e+06 -1
1.09391e+06 -1
1.09451e+06 -1
1.09511e+06 -1
1.09571e+06 -1
1.09631e+06 -1
1.09691e+06 -1
1.09751e+06 -1
1.09811e+06 -1
1.09871e+06 -1
1.09931e+06 -1
1.09991e+06 -1
1.10051e+06 -1
1.10111e+06 -1
1.10171e+06 -1
1.10231e+06 -1
1.10291e+06 -1
1.10351e+06 -1
1.10411e+06 -1
1.10471e+06 -1
1.10531e+06 -1
1.10591e+06 -1
1.10651e+06 -1
1.10711e+06 -1
1.10771e+06 -1
1.10831e+06 -1
1.10891e+06 -1
1.10951e+06 -1
1.11011e+06 -1
1.11071e+06 -1
1.11131e+06 -1
1.11191e+06 -1
1.11251e+06 -1
1.11311e+06 -1
1.11371e+06 -1
1.11431e+06 -1
1.11491e+06 -1
1.11551e+06 -1
1.11611e+06 -1
1.11671e+06 -1
1.11731e+06 -1
1.11791e+06 -1
1.11851e+06 -1
1.11911e+06 -1
1.11971e+06 -1
1.12031e+06 -1
1.12091e+06 -1
1.12151e+06 -1
1.12211e+06 -1
1.12271e+06 -1
1.12331e+06 -1
1.12391e+06 -1
1.12451e+06 -1
1.12511e+06 -1
1.12571e+06 -1
1.12631e+06 -1
1.12691e+06 -1
1.12751e+06 -1
1.12811e+06 -1
1.12871e+06 -1
1.12931e+06 -1
1.12991e+06 -1
1.13051e+06 -1
1.13111e+06 -1
1.13171e+06 -1
1.13231e+06 -1
1.13291e+06 -1
1.13351e+06 -1
1.13411e+06 -1
1.13471e+06 -1
1.13531e+06 -1
1.13591e+06 -1
1.13651e+06 -1
1.13711e+06 -1
1.13771e+06 -1
1.13831e+06 -1
1.13891e+06 -1
1.13951e+06 -1
1.14011e+06 -1
1.14071e+06 -1
1.14131e+06 -1
1.14191e+06 -1
1.14251e+06 -1
1.14311e+06 -1
1.14371e+06 -1
1.14431e+06 -1
1.14491e+06 -1
1.14551e+06 -1
1.14611e+06 -1
1.14671e+06 -1
1.14731e+06 -1
1.14791e+06 -1
1.14851e+06 -1
1.14911e+06 -1
1.14971e+06 -1
1.15032e+06 -1
1.15092e+06 -1
1.15152e+06 -1
1.15212e+06 -1
1.15272e+06 -1
1.15332e+06 -1
1.15392e+06 -1
1.15452e+06 -1
1.15512e+06 -1
1.15572e+06 -1
1.15632e+06 -1
1.15692e+06 -1
1.15752e+06 -1
1.15812e+06 -1
1.15872e+06 -1
1.15932e+06 -1
1.15992e+06 -1
1.16052e+06 -1
1.16112e+06 -1
1.16172e+06 -1
1.16232e+06 -1
1.16292e+06 -1
1.16352e+06 -1
1.16412e+06 -1
1.16472e+06 -1
1.16532e+06 -1
1.16592e+06 -1
1.16652e+06 -1
1.16712e+06 -1
1.16772e+06 -1
1.16832e+06 -1
1.16892e+06 -1
1.16952e+06 -1
1.17012e+06 -1
1.17072e+06 -1
1.17132e+06 -1
1.17192e+06 -1
1.17252e+06 -1
1.17312e+06 -1
1.17372e+06 -1
1.17432e+06 -1
1.17492e+06 -1
1.17552e+06 -1
1.17612e+06 -1
1.17672e+06 -1
1.17732e+06 -1
1.17792e+06 -1
1.17852e+06 -1
1.17912e+06 -1
1.17972e+06 -1
1.18032e+06 -1
1.18092e+06 -1
1.18152e+06 -1
1.18212e+06 -1
1.18272e+06 -1
1.18332e+06 -1
1.18392e+06 -1
1.18452e+06 -1
1.18512e+06 -1
1.18572e+06 -1
1.18632e+06 -1
1.18692e+06 -1
1.18752e+06 -1
1.18812e+06 -1
1.18872e+06 -1
1.18932e+06 -1
1.18992e+06 -1
1.19052e+06 -1
1.19112e+06 -1
1.19172e+06 -1
1.19232e+06 -1
1.19292e+06 -1
1.19352e+06 -1
1.19412e+06 -1
1.19472e+06 -1
1.19532e+06 -1
1.19592e+06 -1
1.19652e+06 -1
1.19712e+06 -1
1.19772e+06 -1
1.19832e+06 -1
1.19892e+06 -1
1.19952e+06 -1
1.20012e+06 -1
1.20072e+06 -1
1.20132e+06 -1
1.20192e+06 -1
1.20252e+06 -1
1.20312e+06 -1
1.20372e+06 -1
1.20432e+06 -1
1.20492e+06 -1
1.20552e+06 -1
1.20612e+06 -1
1.20672e+06 -1
1.20732e+06 -1
1.20792e+06 -1
1.20852e+06 -1
1.20912e+06 -1
1.20972e+06 -1
1.21032e+06 -1
1.21092e+06 -1
1.21152e+06 -1
1.21212e+06 -1
1.21272e+06 -1
1.21332e+06 -1
1.21392e+06 -1
1.21452e+06 -1
1.21512e+06 -1
1.21572e+06 -1
1.21632e+06 -1
1.21692e+06 -1
1.21752e+06 -1
1.21812e+06 -1
1.21872e+06 -1
1.21932e+06 -1
1.21992e+06 -1
1.22052e+06 -1
1.22112e+06 -1
1.22172e+06 -1
1.22232e+06 -1
1.22292e+06 -1
1.22352e+06 -1
1.22412e+06 -1
1.22472e+06 -1
1.22532e+06 -1
1.22592e+06 -1
1.22652e+06 -1
1.22712e+06 -1
1.22772e+06 -1
1.22832e+06 -1
1.22892e+06 -1
1.22952e+06 -1
1.23012e+06 -1
1.23072e+06 -1
1.23132e+06 -1
1.23192e+06 -1
1.23252e+06 -1
1.23312e+06 -1
1.23372e+06 -1
1.23432e+06 -1
1.23492e+06 -1
1.23552e+06 -1
1.23612e+06 -1
1.23672e+06 -1
1.23732e+06 -1
1.23792e+06 -1
1.23852e+06 -1
1.23912e+06 -1
1.23972e+06 -1
1.24032e+06 -1
1.24092e+06 -1
1.24152e+06 -1
1.24212e+06 -1
1.24272e+06 -1
1.24332e+06 -1
1.24392e+06 -1
1.24452e+06 -1
1.24512e+06 -1
1.24572e+06 -1
1.24632e+06 -1
1.24692e+06 -1
1.24752e+06 -1
1.24812e+06 -1
1.24872e+06 -1
1.24932e+06 -1
1.24992e+06 -1
1.25053e+06 -1
1.25113e+06 -1
1.25173e+06 -1
1.25233e+06 -1
1.25293e+06 -1
1.25353e+06 -1
1.25413e+06 -1
1.25473e+06 -1
1.25533e+06 -1
1.25593e+06 -1
1.25653e+06 -1
1.25713e+06 -1
1.25773e+06 -1
1.25833e+06 -1
1.25893e+06 -1
1.25953e+06 -1
1.26013e+06 -1
1.26073e+06 -1
1.26133e+06 -1
1.26193e+06 -1
1.26253e+06 -1
1.26313e+06 -1
1.26373e+06 -1
1.26433e+06 -1
1.26493e+06 -1
1.26553e+06 -1
1.26613e+06 -1
1.26673e+06 -1
1.26733e+06 -1
1.26793e+06 -1
1.26853e+06 -1
1.26913e+06 -1
1.26973e+06 -1
1.27033e+06 -1
1.27093e+06 -1
1.27153e+06 -1
1.27213e+06 -1
1.27273e+06 -1
1.27333e+06 -1
1.27393e+06 -1
1.27453e+06 -1
1.27513e+06 -1
1.27573e+06 -1
1.27633e+06 -1
1.27693e+06 -1
1.27753e+06 -1
1.27813e+06 -1
1.27873e+06 -1
1.27933e+06 -1
1.27993e+06 -1
1.28053e+06 -1
1.28113e+06 -1
1.28173e+06 -1
1.28233e+06 -1
1.28293e+06 -1
1.28353e+06 -1
1.28413e+06 -1
1.28473e+06 -1
1.28533e+06 -1
1.28593e+06 -1
1.28653e+06 -1
1.28713e+06 -1
1.28773e+06 -1
1.28833e+06 -1
1.28893e+06 -1
1.28953e+06 -1
1.29013e+06 -1
1.29073e+06 -1
1.29133e+06 -1
1.29193e+06 -1
1.29253e+06 -1
1.29313e+06 -1
1.29373e+06 -1
1.29433e+06 -1
1.29493e+06 -1
1.29553e+06 -1
1.29613e+06 -1
1.29673e+06 -1
1.29733e+06 -1
1.29793e+06 -1
1.29853e+06 -1
1.29913e+06 -1
1.29973e+06 -1
1.30033e+06 -1
1.30093e+06 -1
1.30153e+06 -1
1.30213e+06 -1
1.30273e+06 -1
1.30333e+06 -1
1.30393e+06 -1
1.30453e+06 -1
1.30513e+06 -1
1.30573e+06 -1
1.30633e+06 -1
1.30693e+06 -1
1.30753e+06 -1
1.30813e+06 -1
1.30873e+06 -1
1.30933e+06 -1
1.30993e+06 -1
1.31053e+06 -1
1.31113e+06 -1
1.31173e+06 -1
1.31233e+06 -1
1.31293e+06 -1
1.31353e+06 -1
1.31413e+06 -1
1.31473e+06 -1
1.31533e+06 -1
1.31593e+06 -1
1.31653e+06 -1
1.31713e+06 -1
1.31773e+06 -1
1.31833e+06 -1
1.31893e+06 -1
1.31953e+06 -1
1.32013e+06 -1
1.32073e+06 -1
1.32133e+06 -1
1.32193e+06 -1
1.32253e+06 -1
1.32313e+06 -1
1.32373e+06 -1
1.32433e+06 -1
1.32493e+06 -1
1.32553e+06 -1
1.32613e+06 -1
1.32673e+06 -1
1.32733e+06 -1
1.32793e+06 -1
1.32853e+06 -1
1.32913e+06 -1
1.32973e+06 -1
1.33033e+06 -1
1.33093e+06 -1
1.33153e+06 -1
1.33213e+06 -1
1.33273e+06 -1
1.33333e+06 -1
1.33393e+06 -1
1.33453e+06 -1
1.33513e+06 -1
1.33573e+06 -1
1.33633e+06 -1
1.33693e+06 -1
1.33753e+06 -1
1.33813e+06 -1
1.33873e+06 -1
1.33933e+06 -1
1.33993e+06 -1
1.34053e+06 -1
1.34113e+06 -1
1.34173e+06 -1
1.34233e+06 -1
1.34293e+06 -1
1.34353e+06 -1
1.34413e+06 -1
1.34473e+06 -1
1.34533e+06 -1
1.34593e+06 -1
1.34653e+06 -1
1.34713e+06 -1
1.34773e+06 -1
1.34833e+06 -1
1.34893e+06 -1
1.34953e+06 -1
1.35014e+06 -1
1.35074e+06 -1
1.35134e+06 -1
1.35194e+06 -1
1.35254e+06 -1
1.35314e+06 -1
1.35374e+06 -1
1.35434e+06 -1
1.35494e+06 -1
1.35554e+06 -1
1.35614e+06 -1
1.35674e+06 -1
1.35734e+06 -1
1.35794e+06 -1
1.35854e+06 -1
1.35914e+06 -1
1.35974e+06 -1
1.36034e+06 -1
1.36094e+06 -1
1.36154e+06 -1
1.36214e+06 -1
1.36274e+06 -1
1.36334e+06 -1
1.36394e+06 -1
1.36454e+06 -1
1.36514e+06 -1
1.36574e+06 -1
1.36634e+06 -1
1.36694e+06 -1
1.36754e+06 -1
1.36814e+06 -1
1.36874e+06 -1
1.36934e+06 -1
1.36994e+06 -1
1.37054e+06 -1
1.37114e+06 -1
1.37174e+06 -1
1.37234e+06 -1
1.37294e+06 -1
1.37354e+06 -1
1.37414e+06 -1
1.37474e+06 -1
1.37534e+06 -1
1.37594e+06 -1
1.37654e+06 -1
1.37714e+06 -1
1.37774e+06 -1
1.37834e+06 -1
1.37894e+06 -1
1.37954e+06 -1
1.38014e+06 -1
1.38074e+06 -1
1.38134e+06 -1
1.38194e+06 -1
1.38254e+06 -1
1.38314e+06 -1
1.38374e+06 -1
1.38434e+06 -1
1.38494e+06 -1
1.38554e+06 -1
1.38614e+06 -1
1.38674e+06 -1
1.38734e+06 -1
1.38794e+06 -1
1.38854e+06 -1
1.38914e+06 -1
1.38974e+06 -1
1.39034e+06 -1
1.39094e+06 -1
1.39154e+06 -1
1.39214e+06 -1
1.39274e+06 -1
1.39334e+06 -1
1.39394e+06 -1
1.39454e+06 -1
1.39514e+06 -1
1.39574e+06 -1
1.39634e+06 -1
1.39694e+06 -1
1.39754e+06 -1
1.39814e+06 -1
1.39874e+06 -1
1.39934e+06 -1
1.39994e+06 -1
1.40054e+06 -1
1.40114e+06 -1
1.40174e+06 -1
1.40234e+06 -1
1.40294e+06 -1
1.40354e+06 -1
1.40414e+06 -1
1.40474e+06 -1
1.40534e+06 -1
1.40594e+06 -1
1.40654e+06 -1
1.40714e+06 -1
1.40774e+06 -1
1.40834e+06 -1
1.40894e+06 -1
1.40954e+06 -1
1.41014e+06 -1
1.41074e+06 -1
1.41134e+06 -1
1.41194e+06 -1
1.41254e+06 -1
1.41314e+06 -1
1.41374e+06 -1
1.41434e+06 -1
1.41494e+06 -1
1.41554e+06 -1
1.41614e+06 -1
1.41674e+06 -1
1.41734e+06 -1
1.41794e+06 -1
1.41854e+06 -1
1.41914e+06 -1
1.41974e+06 -1
1.42034e+06 -1
1.42094e+06 -1
1.42154e+06 -1
1.42214e+06 -1
1.42274e+06 -1
1.42334e+06 -1
1.42394e+06 -1
1.42454e+06 -1
1.42514e+06 -1
1.42574e+06 -1
1.42634e+06 -1
1.42694e+06 -1
1.42754e+06 -1
1.42814e+06 -1
1.42874e+06 -1
1.42934e+06 -1
1.42994e+06 -1
1.43054e+06 -1
1.43114e+06 -1
1.43174e+06 -1
1.43234e+06 -1
1.43294e+06 -1
1.43354e+06 -1
1.43414e+06 -1
1.43474e+06 -1
1.43534e+06 -1
1.43594e+06 -1
1.43654e+06 -1
1.43714e+06 -1
1.43774e+06 -1
1.43834e+06 -1
1.43894e+06 -1
1.43954e+06 -1
1.44014e+06 -1
1.44074e+06 -1
1.44134e+06 -1
1.44194e+06 -1
1.44254e+06 -1
1.44314e+06 -1
1.44374e+06 -1
1.44434e+06 -1
1.44494e+06 -1
1.44554e+06 -1
1.44614e+06 -1
1.44674e+06 -1
1.44734e+06 -1
1.44794e+06 -1
1.44854e+06 -1
1.44914e+06 -1
1.44974e+06 -1
1.45035e+06 -1
1.45095e+06 -1
1.45155e+06 -1
1.45215e+06 -1
1.45275e+06 -1
1.45335e+06 -1
1.45395e+06 -1
1.45455e+06 -1
1.45515e+06 -1
1.45575e+06 -1
1.45635e+06 -1
1.45695e+06 -1
1.45755e+06 -1
1.45815e+06 -1
1.45875e+06 -1
1.45935e+06 -1
1.45995e+06 -1
1.46055e+06 -1
1.46115e+06 -1
1.46175e+06 -1
1.46235e+06 -1
1.46295e+06 -1
1.46355e+06 -1
1.46415e+06 -1
1.46475e+06 -1
1.46535e+06 -1
1.46595e+06 -1
1.46655e+06 -1
1.46715e+06 -1
1.46775e+06 -1
1.46835e+06 -1
1.46895e+06 -1
1.46955e+06 -1
1.47015e+06 -1
1.47075e+06 -1
1.47135e+06 -1
1.47195e+06 -1
1.47255e+06 -1
1.47315e+06 -1
1.47375e+06 -1
1.47435e+06 -1
1.47495e+06 -1
1.47555e+06 -1
1.47615e+06 -1
1.47675e+06 -1
1.47735e+06 -1
1.47795e+06 -1
1.47855e+06 -1
1.47915e+06 -1
1.47975e+06 -1
1.48035e+06 -1
1.48095e+06 -1
1.48155e+06 -1
1.48215e+06 -1
1.48275e+06 -1
1.48335e+06 -1
1.48395e+06 -1
1.48455e+06 -1
1.48515e+06 -1
1.48575e+06 -1
1.48635e+06 -1
1.48695e+06 -1
1.48755e+06 -1
1.48815e+06 -1
1.48875e+06 -1
1.48935e+06 -1
1.48995e+06 -1
1.49055e+06 -1
1.49115e+06 -1
1.49175e+06 -1
1.49235e+06 -1
1.49295e+06 -1
1.49355e+06 -1
1.49415e+06 -1
1.49475e+06 -1
1.49535e+06 -1
1.49595e+06 -1
1.49655e+06 -1
1.49715e+06 -1
1.49775e+06 -1
1.49835e+06 -1
1.49895e+06 -1
1.49955e+06 -1
1.50015e+06 -1
1.50075e+06 -1
1.50135e+06 -1
1.50195e+06 -1
1.50255e+06 -1
1.50315e+06 -1
1.50375e+06 -1
1.50435e+06 -1
1.50495e+06 -1
1.50555e+06 -1
1.50615e+06 -1
1.50675e+06 -1
1.50735e+06 -1
1.50795e+06 -1
1.50855e+06 -1
1.50915e+06 -1
1.50975e+06 -1
1.51035e+06 -1
1.51095e+06 -1
1.51155e+06 -1
1.51215e+06 -1
1.51275e+06 -1
1.51335e+06 -1
1.51395e+06 -1
1.51455e+06 -1
1.51515e+06 -1
1.51575e+06 -1
1.51635e+06 -1
1.51695e+06 -1
1.51755e+06 -1
1.51815e+06 -1
1.51875e+06 -1
1.51935e+06 -1
1.51995e+06 -1
1.52055e+06 -1
1.52115e+06 -1
1.52175e+06 -1
1.52235e+06 -1
1.52295e+06 -1
1.52355e+06 -1
1.52415e+06 -1
1.52475e+06 -1
1.52535e+06 -1
1.52595e+06 -1
1.52655e+06 -1
1.52715e+06 -1
1.52775e+06 -1
1.52835e+06 -1
1.52895e+06 -1
1.52955e+06 -1
1.53015e+06 -1
1.53075e+06 -1
1.53135e+06 -1
1.53195e+06 -1
1.53255e+06 -1
1.53315e+06 -1
1.53375e+06 -1
1.53435e+06 -1
1.53495e+06 -1
1.53555e+06 -1
1.53615e+06 -1
1.53675e+06 -1
1.53735e+06 -1
1.53795e+06 -1
1.53855e+06 -1
1.53915e+06 -1
1.53975e+06 -1
1.54035e+06 -1
1.54095e+06 -1
1.54155e+06 -1
1.54215e+06 -1
1.54275e+06 -1
1.54335e+06 -1
1.54395e+06 -1
1.54455e+06 -1
1.54515e+06 -1
1.54575e+06 -1
1.54635e+06 -1
1.54695e+06 -1
1.54755e+06 -1
1.54815e+06 -1
1.54875e+06 -1
1.54935e+06 -1
1.54995e+06 -1
1.55056e+06 -1
1.55116e+06 -1
1.55176e+06 -1
1.55236e+06 -1
1.55296e+06 -1
1.55356e+06 -1
1.55416e+06 -1
1.55476e+06 -1
1.55536e+06 -1
1.55596e+06 -1
1.55656e+06 -1
1.55716e+06 -1
1.55776e+06 -1
1.55836e+06 -1
1.55896e+06 -1
1.55956e+06 -1
1.56016e+06 -1
1.56076e+06 -1
1.56136e+06 -1
1.56196e+06 -1
1.56256e+06 -1
1.56316e+06 -1
1.56376e+06 -1
1.56436e+06 -1
1.56496e+06 -1
1.56556e+06 -1
1.56616e+06 -1
1.56676e+06 -1
1.56736e+06 -1
1.56796e+06 -1
1.56856e+06 -1
1.56916e+06 -1
1.56976e+06 -1
1.57036e+06 -1
1.57096e+06 -1
1.57156e+06 -1
1.57216e+06 -1
1.57276e+06 -1
1.57336e+06 -1
1.57396e+06 -1
1.57456e+06 -1
1.57516e+06 -1
1.57576e+06 -1
1.57636e+06 -1
1.57696e+06 -1
1.57756e+06 -1
1.57816e+06 -1
1.57876e+06 -1
1.57936e+06 -1
1.57996e+06 -1
1.58056e+06 -1
1.58116e+06 -1
1.58176e+06 -1
1.58236e+06 -1
1.58296e+06 -1
1.58356e+06 -1
1.58416e+06 -1
1.58476e+06 -1
1.58536e+06 -1
1.58596e+06 -1
1.58656e+06 -1
1.58716e+06 -1
1.58776e+06 -1
1.58836e+06 -1
1.58896e+06 -1
1.58956e+06 -1
1.59016e+06 -1
1.59076e+06 -1
1.59136e+06 -1
1.59196e+06 -1
1.59256e+06 -1
1.59316e+06 -1
1.59376e+06 -1
1.59436e+06 -1
1.59496e+06 -1
1.59556e+06 -1
1.59616e+06 -1
1.59676e+06 -1
1.59736e+06 -1
1.59796e+06 -1
1.59856e+06 -1
1.59916e+06 -1
1.59976e+06 -1
1.60036e+06 -1
1.60096e+06 -1
1.60156e+06 -1
1.60216e+06 -1
1.60276e+06 -1
1.60336e+06 -1
1.60396e+06 -1
1.60456e+06 -1
1.60516e+06 -1
1.60576e+06 -1
1.60636e+06 -1
1.60696e+06 -1
1.60756e+06 -1
1.60816e+06 -1
1.60876e+06 -1
1.60936e+06 -1
1.60996e+06 -1
1.61056e+06 -1
1.61116e+06 -1
1.61176e+06 -1
1.61236e+06 -1
1.61296e+06 -1
1.61356e+06 -1
1.61416e+06 -1
1.61476e+06 -1
1.61536e+06 -1
1.61596e+06 -1
1.61656e+06 -1
1.61716e+06 -1
1.61776e+06 -1
1.61836e+06 -1
1.61896e+06 -1
1.61956e+06 -1
1.62016e+06 -1
1.62076e+06 -1
1.62136e+06 -1
1.62196e+06 -1
1.62256e+06 -1
1.62316e+06 -1
1.62376e+06 -1
1.62436e+06 -1
1.62496e+06 -1
1.62556e+06 -1
1.62616e+06 -1
1.62676e+06 -1
1.62736e+06 -1
1.62796e+06 -1
1.62856e+06 -1
1.62916e+06 -1
1.62976e+06 -1
1.63036e+06 -1
1.63096e+06 -1
1.63156e+06 -1
1.63216e+06 -1
1.63276e+06 -1
1.63336e+06 -1
1.63396e+06 -1
1.63456e+06 -1
1.63516e+06 -1
1.63576e+06 -1
1.63636e+06 -1
1.63696e+06 -1
1.63756e+06 -1
1.63816e+06 -1
1.63876e+06 -1
1.63936e+06 -1
1.63996e+06 -1
1.64056e+06 -1
1.64116e+06 -1
1.64176e+06 -1
1.64236e+06 -1
1.64296e+06 -1
1.64356e+06 -1
1.64416e+06 -1
1.64476e+06 -1
1.64536e+06 -1
1.64596e+06 -1
1.64656e+06 -1
1.64716e+06 -1
1.64776e+06 -1
1.64836e+06 -1
1.64896e+06 -1
1.64956e+06 -1
1.65017e+06 -1
1.65077e+06 -1
1.65137e+06 -1
1.65197e+06 -1
1.65257e+06 -1
1.65317e+06 -1
1.65377e+06 -1
1.65437e+06 -1
1.65497e+06 -1
1.65557e+06 -1
1.65617e+06 -1
1.65677e+06 -1
1.65737e+06 -1
1.65797e+06 -1
1.65857e+06 -1
1.65917e+06 -1
1.65977e+06 -1
1.66037e+06 -1
1.66097e+06 -1
1.66157e+06 -1
1.66217e+06 -1
1.66277e+06 -1
1.66337e+06 -1
1.66397e+06 -1
1.66457e+06 -1
1.66517e+06 -1
1.66577e+06 -1
1.66637e+06 -1
1.66697e+06 -1
1.66757e+06 -1
1.66817e+06 -1
1.66877e+06 -1
1.66937e+06 -1
1.66997e+06 -1
1.67057e+06 -1
1.67117e+06 -1
1.67177e+06 -1
1.67237e+06 -1
1.67297e+06 -1
1.67357e+06 -1
1.67417e+06 -1
1.67477e+06 -1
1.67537e+06 -1
1.67597e+06 -1
1.67657e+06 -1
1.67717e+06 -1
1.67777e+06 -1
1.67837e+06 -1
1.67897e+06 -1
1.67957e+06 -1
1.68017e+06 -1
1.68077e+06 -1
1.68137e+06 -1
1.68197e+06 -1
1.68257e+06 -1
1.68317e+06 -1
1.68377e+06 -1
1.68437e+06 -1
1.68497e+06 -1
1.68557e+06 -1
1.68617e+06 -1
1.68677e+06 -1
1.68737e+06 -1
1.68797e+06 -1
1.68857e+06 -1
1.68917e+06 -1
1.68977e+06 -1
1.69037e+06 -1
1.69097e+06 -1
1.69157e+06 -1
1.69217e+06 -1
1.69277e+06 -1
1.69337e+06 -1
1.69397e+06 -1
1.69457e+06 -1
1.69517e+06 -1
1.69577e+06 -1
1.69637e+06 -1
1.69697e+06 -1
1.69757e+06 -1
1.69817e+06 -1
1.69877e+06 -1
1.69937e+06 -1
1.69997e+06 -1
1.70057e+06 -1
1.70117e+06 -1
1.70177e+06 -1
1.70237e+06 -1
1.70297e+06 -1
1.70357e+06 -1
1.70417e+06 -1
1.70477e+06 -1
1.70537e+06 -1
1.70597e+06 -1
1.70657e+06 -1
1.70717e+06 -1
1.70777e+06 -1
1.70837e+06 -1
1.70897e+06 -1
1.70957e+06 -1
1.71017e+06 -1
1.71077e+06 -1
1.71137e+06 -1
1.71197e+06 -1
1.71257e+06 -1
1.71317e+06 -1
1.71377e+06 -1
1.71437e+06 -1
1.71497e+06 -1
1.71557e+06 -1
1.71617e+06 -1
1.71677e+06 -1
1.71737e+06 -1
1.71797e+06 -1
1.71857e+06 -1
1.71917e+06 -1
1.71977e+06 -1
1.72037e+06 -1
1.72097e+06 -1
1.72157e+06 -1
1.72217e+06 -1
1.72277e+06 -1
1.72337e+06 -1
1.72397e+06 -1
1.72457e+06 -1
1.72517e+06 -1
1.72577e+06 -1
1.72637e+06 -1
1.72697e+06 -1
1.72757e+06 -1
1.72817e+06 -1
1.72877e+06 -1
1.72937e+06 -1
1.72997e+06 -1
1.73057e+06 -1
1.73117e+06 -1
1.73177e+06 -1
1.73237e+06 -1
1.73297e+06 -1
1.73357e+06 -1
1.73417e+06 -1
1.73477e+06 -1
1.73537e+06 -1
1.73597e+06 -1
1.73657e+06 -1
1.73717e+06 -1
1.73777e+06 -1
1.73837e+06 -1
1.73897e+06 -1
1.73957e+06 -1
1.74017e+06 -1
1.74077e+06 -1
1.74137e+06 -1
1.74197e+06 -1
1.74257e+06 -1
1.74317e+06 -1
1.74377e+06 -1
1.74437e+06 -1
1.74497e+06 -1
1.74557e+06 -1
1.74617e+06 -1
1.74677e+06 -1
1.74737e+06 -1
1.74797e+06 -1
1.74857e+06 -1
1.74917e+06 -1
1.74977e+06 -1
1.75038e+06 -1
1.75098e+06 -1
1.75158e+06 -1
1.75218e+06 -1
1.75278e+06 -1
1.75338e+06 -1
1.75398e+06 -1
1.75458e+06 -1
1.75518e+06 -1
1.75578e+06 -1
1.75638e+06 -1
1.75698e+06 -1
1.75758e+06 -1
1.75818e+06 -1
1.75878e+06 -1
1.75938e+06 -1
1.75998e+06 -1
1.76058e+06 -1
1.76118e+06 -1
1.76178e+06 -1
1.76238e+06 -1
1.76298e+06 -1
1.76358e+06 -1
1.76418e+06 -1
1.76478e+06 -1
1.76538e+06 -1
1.76598e+06 -1
1.76658e+06 -1
1.76718e+06 -1
1.76778e+06 -1
1.76838e+06 -1
1.76898e+06 -1
1.76958e+06 -1
1.77018e+06 -1
1.77078e+06 -1
1.77138e+06 -1
1.77198e+06 -1
1.77258e+06 -1
1.77318e+06 -1
1.77378e+06 -1
1.77438e+06 -1
1.77498e+06 -1
1.77558e+06 -1
1.77618e+06 -1
1.77678e+06 -1
1.77738e+06 -1
1.77798e+06 -1
1.77858e+06 -1
1.77918e+06 -1
1.77978e+06 -1
1.78038e+06 -1
1.78098e+06 -1
1.78158e+06 -1
1.78218e+06 -1
1.78278e+06 -1
1.78338e+06 -1
1.78398e+06 -1
1.78458e+06 -1
1.78518e+06 -1
1.78578e+06 -1
1.78638e+06 -1
1.78698e+06 -1
1.78758e+06 -1
1.78818e+06 -1
1.78878e+06 -1
1.78938e+06 -1
1.78998e+06 -1
1.79058e+06 -1
1.79118e+06 -1
1.79178e+06 -1
1.79238e+06 -1
1.79298e+06 -1
1.79358e+06 -1
1.79418e+06 -1
1.79478e+06 -1
1.79538e+06 -1
1.79598e+06 -1
1.79658e+06 -1
1.79718e+06 -1
1.79778e+06 -1
1.79838e+06 -1
1.79898e+06 -1
1.79958e+06 -1
1.80018e+06 -1
1.80078e+06 -1
1.80138e+06 -1
1.80198e+06 -1
1.80258e+06 -1
1.80318e+06 -1
1.80378e+06 -1
1.80438e+06 -1
1.80498e+06 -1
1.80558e+06 -1
1.80618e+06 -1
1.80678e+06 -1
1.80738e+06 -1
1.80798e+06 -1
1.80858e+06 -1
1.80918e+06 -1
1.80978e+06 -1
1.81038e+06 -1
1.81098e+06 -1
1.81158e+06 -1
1.81218e+06 -1
1.81278e+06 -1
1.81338e+06 -1
1.81398e+06 -1
1.81458e+06 -1
1.81518e+06 -1
1.81578e+06 -1
1.81638e+06 -1
1.81698e+06 -1
1.81758e+06 -1
1.81818e+06 -1
1.81878e+06 -1
1.81938e+06 -1
1.81998e+06 -1
1.82058e+06 -1
1.82118e+06 -1
1.82178e+06 -1
1.82238e+06 -1
1.82298e+06 -1
1.82358e+06 -1
1.82418e+06 -1
1.82478e+06 -1
1.82538e+06 -1
1.82598e+06 -1
1.82658e+06 -1
1.82718e+06 -1
1.82778e+06 -1
1.82838e+06 -1
1.82898e+06 -1
1.82958e+06 -1
1.83018e+06 -1
1.83078e+06 -1
1.83138e+06 -1
1.83198e+06 -1
1.83258e+06 -1
1.83318e+06 -1
1.83378e+06 -1
1.83438e+06 -1
1.83498e+06 -1
1.83558e+06 -1
1.83618e+06 -1
1.83678e+06 -1
1.83738e+06 -1
1.83798e+06 -1
1.83858e+06 -1
1.83918e+06 -1
1.83978e+06 -1
1.84038e+06 -1
1.84098e+06 -1
1.84158e+06 -1
1.84218e+06 -1
1.84278e+06 -1
1.84338e+06 -1
1.84398e+06 -1
1.84458e+06 -1
1.84518e+06 -1
1.84578e+06 -1
1.84638e+06 -1
1.84698e+06 -1
1.84758e+06 -1
1.84818e+06 -1
1.84878e+06 -1
1.84938e+06 -1
1.84998e+06 -1
1.85059e+06 -1
1.85119e+06 -1
1.85179e+06 -1
1.85239e+06 -1
1.85299e+06 -1
1.85359e+06 -1
1.85419e+06 -1
1.85479e+06 -1
1.85539e+06 -1
1.85599e+06 -1
1.85659e+06 -1
1.85719e+06 -1
1.85779e+06 -1
1.85839e+06 -1
1.85899e+06 -1
1.85959e+06 -1
1.86019e+06 -1
1.86079e+06 -1
1.86139e+06 -1
1.86199e+06 -1
1.86259e+06 -1
1.86319e+06 -1
1.86379e+06 -1
1.86439e+06 -1
1.86499e+06 -1
1.86559e+06 -1
1.86619e+06 -1
1.86679e+06 -1
1.86739e+06 -1
1.86799e+06 -1
1.86859e+06 -1
1.86919e+06 -1
1.86979e+06 -1
1.87039e+06 -1
1.87099e+06 -1
1.87159e+06 -1
1.87219e+06 -1
1.87279e+06 -1
1.87339e+06 -1
1.87399e+06 -1
1.87459e+06 -1
1.87519e+06 -1
1.87579e+06 -1
1.87639e+06 -1
1.87699e+06 -1
1.87759e+06 -1
1.87819e+06 -1
1.87879e+06 -1
1.87939e+06 -1
1.87999e+06 -1
1.88059e+06 -1
1.88119e+06 -1
1.88179e+06 -1
1.88239e+06 -1
1.88299e+06 -1
1.88359e+06 -1
1.88419e+06 -1
1.88479e+06 -1
1.88539e+06 -1
1.88599e+06 -1
1.88659e+06 -1
1.88719e+06 -1
1.88779e+06 -1
1.88839e+06 -1
1.88899e+06 -1
1.88959e+06 -1
1.89019e+06 -1
1.89079e+06 -1
1.89139e+06 -1
1.89199e+06 -1
1.89259e+06 -1
1.89319e+06 -1
1.89379e+06 -1
1.89439e+06 -1
1.89499e+06 -1
1.89559e+06 -1
1.89619e+06 -1
1.89679e+06 -1
1.89739e+06 -1
1.89799e+06 -1
1.89859e+06 -1
1.89919e+06 -1
1.89979e+06 -1
1.90039e+06 -1
1.90099e+06 -1
1.90159e+06 -1
1.90219e+06 -1
1.90279e+06 -1
1.90339e+06 -1
1.90399e+06 -1
1.90459e+06 -1
1.90519e+06 -1
1.90579e+06 -1
1.90639e+06 -1
1.90699e+06 -1
1.90759e+06 -1
1.90819e+06 -1
1.90879e+06 -1
1.90939e+06 -1
1.90999e+06 -1
1.91059e+06 -1
1.91119e+06 -1
1.91179e+06 -1
1.91239e+06 -1
1.91299e+06 -1
1.91359e+06 -1
1.91419e+06 -1
1.91479e+06 -1
1.91539e+06 -1
1.91599e+06 -1
1.91659e+06 -1
1.91719e+06 -1
1.91779e+06 -1
1.91839e+06 -1
1.91899e+06 -1
1.91959e+06 -1
1.92019e+06 -1
1.92079e+06 -1
1.92139e+06 -1
1.92199e+06 -1
1.92259e+06 -1
1.92319e+06 -1
1.92379e+06 -1
1.92439e+06 -1
1.92499e+06 -1
1.92559e+06 -1
1.92619e+06 -1
1.92679e+06 -1
1.92739e+06 -1
1.92799e+06 -1
1.92859e+06 -1
1.92919e+06 -1
1.92979e+06 -1
1.93039e+06 -1
1.93099e+06 -1
1.93159e+06 -1
1.93219e+06 -1
1.93279e+06 -1
1.93339e+06 -1
1.93399e+06 -1
1.93459e+06 -1
1.93519e+06 -1
1.93579e+06 -1
1.93639e+06 -1
1.93699e+06 -1
1.93759e+06 -1
1.93819e+06 -1
1.93879e+06 -1
1.93939e+06 -1
1.93999e+06 -1
1.94059e+06 -1
1.94119e+06 -1
1.94179e+06 -1
1.94239e+06 -1
1.94299e+06 -1
1.94359e+06 -1
1.94419e+06 -1
1.94479e+06 -1
1.94539e+06 -1
1.94599e+06 -1
1.94659e+06 -1
1.94719e+06 -1
1.94779e+06 -1
1.94839e+06 -1
1.94899e+06 -1
1.94959e+06 -1
1.9502e+06 -1
1.9508e+06 -1
1.9514e+06 -1
1.952e+06 -1
1.9526e+06 -1
1.9532e+06 -1
1.9538e+06 -1
1.9544e+06 -1
1.955e+06 -1
1.9556e+06 -1
1.9562e+06 -1
1.9568e+06 -1
1.9574e+06 -1
1.958e+06 -1
1.9586e+06 -1
1.9592e+06 -1
1.9598e+06 -1
1.9604e+06 -1
1.961e+06 -1
1.9616e+06 -1
1.9622e+06 -1
1.9628e+06 -1
1.9634e+06 -1
1.964e+06 -1
1.9646e+06 -1
1.9652e+06 -1
1.9658e+06 -1
1.9664e+06 -1
1.967e+06 -1
1.9676e+06 -1
1.9682e+06 -1
1.9688e+06 -1
1.9694e+06 -1
1.97e+06 -1
1.9706e+06 -1
1.9712e+06 -1
1.9718e+06 -1
1.9724e+06 -1
1.973e+06 -1
1.9736e+06 -1
1.9742e+06 -1
1.9748e+06 -1
1.9754e+06 -1
1.976e+06 -1
1.9766e+06 -1
1.9772e+06 -1
1.9778e+06 -1
1.9784e+06 -1
1.979e+06 -1
1.9796e+06 -1
1.9802e+06 -1
1.9808e+06 -1
1.9814e+06 -1
1.982e+06 -1
1.9826e+06 -1
1.9832e+06 -1
1.9838e+06 -1
1.9844e+06 -1
1.985e+06 -1
1.9856e+06 -1
1.9862e+06 -1
1.9868e+06 -1
1.9874e+06 -1
1.988e+06 -1
1.9886e+06 -1
1.9892e+06 -1
1.9898e+06 -1
1.9904e+06 -1
1.991e+06 -1
1.9916e+06 -1
1.9922e+06 -1
1.9928e+06 -1
1.9934e+06 -1
1.994e+06 -1
1.9946e+06 -1
1.9952e+06 -1
1.9958e+06 -1
1.9964e+06 -1
1.997e+06 -1
1.9976e+06 -1
1.9982e+06 -1
1.9988e+06 -1
1.9994e+06 -1
2e+06 -1
2.0006e+06 -1
2.0012e+06 -1
2.0018e+06 -1
2.0024e+06 -1
2.003e+06 -1
2.0036e+06 -1
2.0042e+06 -1
2.0048e+06 -1
2.0054e+06 -1
2.006e+06 -1
2.0066e+06 -1
2.0072e+06 -1
2.0078e+06 -1
2.0084e+06 -1
2.009e+06 -1
2.0096e+06 -1
2.0102e+06 -1
2.0108e+06 -1
2.0114e+06 -1
2.012e+06 -1
2.0126e+06 -1
2.0132e+06 -1
2.0138e+06 -1
2.0144e+06 -1
2.015e+06 -1
2.0156e+06 -1
2.0162e+06 -1
2.0168e+06 -1
2.0174e+06 -1
2.018e+06 -1
2.0186e+06 -1
2.0192e+06 -1
2.0198e+06 -1
2.0204e+06 -1
2.021e+06 -1
2.0216e+06 -1
2.0222e+06 -1
2.0228e+06 -1
2.0234e+06 -1
2.024e+06 -1
2.0246e+06 -1
2.0252e+06 -1
2.0258e+06 -1
2.0264e+06 -1
2.027e+06 -1
2.0276e+06 -1
2.0282e+06 -1
2.0288e+06 -1
2.0294e+06 -1
2.03e+06 -1
2.0306e+06 -1
2.0312e+06 -1
2.0318e+06 -1
2.0324e+06 -1
2.033e+06 -1
2.0336e+06 -1
2.0342e+06 -1
2.0348e+06 -1
2.0354e+06 -1
2.036e+06 -1
2.0366e+06 -1
2.0372e+06 -1
2.0378e+06 -1
2.0384e+06 -1
2.039e+06 -1
2.0396e+06 -1
2.0402e+06 -1
2.0408e+06 -1
2.0414e+06 -1
2.042e+06 -1
2.0426e+06 -1
2.0432e+06 -1
2.0438e+06 -1
2.0444e+06 -1
2.045e+06 -1
2.0456e+06 -1
2.0462e+06 -1
2.0468e+06 -1
2.0474e+06 -1
2.048e+06 -1
2.0486e+06 -1
2.0492e+06 -1
2.0498e+06 -1
2.05041e+06 -1
2.05101e+06 -1
2.05161e+06 -1
2.05221e+06 -1
2.05281e+06 -1
2.05341e+06 -1
2.05401e+06 -1
2.05461e+06 -1
2.05521e+06 -1
2.05581e+06 -1
2.05641e+06 -1
2.05701e+06 -1
2.05761e+06 -1
2.05821e+06 -1
2.05881e+06 -1
2.05941e+06 -1
2.06001e+06 -1
2.06061e+06 -1
2.06121e+06 -1
2.06181e+06 -1
2.06241e+06 -1
2.06301e+06 -1
2.06361e+06 -1
2.06421e+06 -1
2.06481e+06 -1
2.06541e+06 -1
2.06601e+06 -1
2.06661e+06 -1
2.06721e+06 -1
2.06781e+06 -1
2.06841e+06 -1
2.06901e+06 -1
2.06961e+06 -1
2.07021e+06 -1
2.07081e+06 -1
2.07141e+06 -1
2.07201e+06 -1
2.07261e+06 -1
2.07321e+06 -1
2.07381e+06 -1
2.07441e+06 -1
2.07501e+06 -1
2.07561e+06 -1
2.07621e+06 -1
2.07681e+06 -1
2.07741e+06 -1
2.07801e+06 -1
2.07861e+06 -1
2.07921e+06 -1
2.07981e+06 -1
2.08041e+06 -1
2.08101e+06 -1
2.08161e+06 -1
2.08221e+06 -1
2.08281e+06 -1
2.08341e+06 -1
2.08401e+06 -1
2.08461e+06 -1
2.08521e+06 -1
2.08581e+06 -1
2.08641e+06 -1
2.08701e+06 -1
2.08761e+06 -1
2.08821e+06 -1
2.08881e+06 -1
2.08941e+06 -1
2.09001e+06 -1
2.09061e+06 -1
2.09121e+06 -1
2.09181e+06 -1
2.09241e+06 -1
2.09301e+06 -1
2.09361e+06 -1
2.09421e+06 -1
2.09481e+06 -1
2.09541e+06 -1
2.09601e+06 -1
2.09661e+06 -1
2.09721e+06 -1
2.09781e+06 -1
2.09841e+06 -1
2.09901e+06 -1
2.09961e+06 -1
2.10021e+06 -1
2.10081e+06 -1
2.10141e+06 -1
2.10201e+06 -1
2.10261e+06 -1
2.10321e+06 -1
2.10381e+06 -1
2.10441e+06 -1
2.10501e+06 -1
2.10561e+06 -1
2.10621e+06 -1
2.10681e+06 -1
2.10741e+06 -1
2.10801e+06 -1
2.10861e+06 -1
2.10921e+06 -1
2.10981e+06 -1
2.11041e+06 -1
2.11101e+06 -1
2.11161e+06 -1
2.11221e+06 -1
2.11281e+06 -1
2.11341e+06 -1
2.11401e+06 -1
2.11461e+06 -1
2.11521e+06 -1
2.11581e+06 -1
2.11641e+06 -1
2.11701e+06 -1
2.11761e+06 -1
2.11821e+06 -1
2.11881e+06 -1
2.11941e+06 -1
2.12001e+06 -1
2.12061e+06 -1
2.12121e+06 -1
2.12181e+06 -1
2.12241e+06 -1
2.12301e+06 -1
2.12361e+06 -1
2.12421e+06 -1
2.12481e+06 -1
2.12541e+06 -1
2.12601e+06 -1
2.12661e+06 -1
2.12721e+06 -1
2.12781e+06 -1
2.12841e+06 -1
2.12901e+06 -1
2.12961e+06 -1
2.13021e+06 -1
2.13081e+06 -1
2.13141e+06 -1
2.13201e+06 -1
2.13261e+06 -1
2.13321e+06 -1
2.13381e+06 -1
2.13441e+06 -1
2.13501e+06 -1
2.13561e+06 -1
2.13621e+06 -1
2.13681e+06 -1
2.13741e+06 -1
2.13801e+06 -1
2.13861e+06 -1
2.13921e+06 -1
2.13981e+06 -1
2.14041e+06 -1
2.14101e+06 -1
2.14161e+06 -1
2.14221e+06 -1
2.14281e+06 -1
2.14341e+06 -1
2.14401e+06 -1
2.14461e+06 -1
2.14521e+06 -1
2.14581e+06 -1
2.14641e+06 -1
2.14701e+06 -1
2.14761e+06 -1
2.14821e+06 -1
2.14881e+06 -1
2.14941e+06 -1
2.15002e+06 -1
2.15062e+06 -1
2.15122e+06 -1
2.15182e+06 -1
2.15242e+06 -1
2.15302e+06 -1
2.15362e+06 -1
2.15422e+06 -1
2.15482e+06 -1
2.15542e+06 -1
2.15602e+06 -1
2.15662e+06 -1
2.15722e+06 -1
2.15782e+06 -1
2.15842e+06 -1
2.15902e+06 -1
2.15962e+06 -1
2.16022e+06 -1
2.16082e+06 -1
2.16142e+06 -1
2.16202e+06 -1
2.16262e+06 -1
2.16322e+06 -1
2.16382e+06 -1
2.16442e+06 -1
2.16502e+06 -1
2.16562e+06 -1
2.16622e+06 -1
2.16682e+06 -1
2.16742e+06 -1
2.16802e+06 -1
2.16862e+06 -1
2.16922e+06 -1
2.16982e+06 -1
2.17042e+06 -1
2.17102e+06 -1
2.17162e+06 -1
2.17222e+06 -1
2.17282e+06 -1
2.17342e+06 -1
2.17402e+06 -1
2.17462e+06 -1
2.17522e+06 -1
2.17582e+06 -1
2.17642e+06 -1
2.17702e+06 -1
2.17762e+06 -1
2.17822e+06 -1
2.17882e+06 -1
2.17942e+06 -1
2.18002e+06 -1
2.18062e+06 -1
2.18122e+06 -1
2.18182e+06 -1
2.18242e+06 -1
2.18302e+06 -1
2.18362e+06 -1
2.18422e+06 -1
2.18482e+06 -1
2.18542e+06 -1
2.18602e+06 -1
2.18662e+06 -1
2.18722e+06 -1
2.18782e+06 -1
2.18842e+06 -1
2.18902e+06 -1
2.18962e+06 -1
2.19022e+06 -1
2.19082e+06 -1
2.19142e+06 -1
2.19202e+06 -1
2.19262e+06 -1
2.19322e+06 -1
2.19382e+06 -1
2.19442e+06 -1
2.19502e+06 -1
2.19562e+06 -1
2.19622e+06 -1
2.19682e+06 -1
2.19742e+06 -1
2.19802e+06 -1
2.19862e+06 -1
2.19922e+06 -1
2.19982e+06 -1
2.20042e+06 -1
2.20102e+06 -1
2.20162e+06 -1
2.20222e+06 -1
2.20282e+06 -1
2.20342e+06 -1
2.20402e+06 -1
2.20462e+06 -1
2.20522e+06 -1
2.20582e+06 -1
2.20642e+06 -1
2.20702e+06 -1
2.20762e+06 -1
2.20822e+06 -1
2.20882e+06 -1
2.20942e+06 -1
2.21002e+06 -1
2.21062e+06 -1
2.21122e+06 -1
2.21182e+06 -1
2.21242e+06 -1
2.21302e+06 -1
2.21362e+06 -1
2.21422e+06 -1
2.21482e+06 -1
2.21542e+06 -1
2.21602e+06 -1
2.21662e+06 -1
2.21722e+06 -1
2.21782e+06 -1
2.21842e+06 -1
2.21902e+06 -1
2.21962e+06 -1
2.22022e+06 -1
2.22082e+06 -1
2.22142e+06 -1
2.22202e+06 -1
2.22262e+06 -1
2.22322e+06 -1
2.22382e+06 -1
2.22442e+06 -1
2.22502e+06 -1
2.22562e+06 -1
2.22622e+06 -1
2.22682e+06 -1
2.22742e+06 -1
2.22802e+06 -1
2.22862e+06 -1
2.22922e+06 -1
2.22982e+06 -1
2.23042e+06 -1
2.23102e+06 -1
2.23162e+06 -1
2.23222e+06 -1
2.23282e+06 -1
2.23342e+06 -1
2.23402e+06 -1
2.23462e+06 -1
2.23522e+06 -1
2.23582e+06 -1
2.23642e+06 -1
2.23702e+06 -1
2.23762e+06 -1
2.23822e+06 -1
2.23882e+06 -1
2.23942e+06 -1
2.24002e+06 -1
2.24062e+06 -1
2.24122e+06 -1
2.24182e+06 -1
2.24242e+06 -1
2.24302e+06 -1
2.24362e+06 -1
2.24422e+06 -1
2.24482e+06 -1
2.24542e+06 -1
2.24602e+06 -1
2.24662e+06 -1
2.24722e+06 -1
2.24782e+06 -1
2.24842e+06 -1
2.24902e+06 -1
2.24962e+06 -1
2.25023e+06 -1
2.25083e+06 -1
2.25143e+06 -1
2.25203e+06 -1
2.25263e+06 -1
2.25323e+06 -1
2.25383e+06 -1
2.25443e+06 -1
2.25503e+06 -1
2.25563e+06 -1
2.25623e+06 -1
2.25683e+06 -1
2.25743e+06 -1
2.25803e+06 -1
2.25863e+06 -1
2.25923e+06 -1
2.25983e+06 -1
2.26043e+06 -1
2.26103e+06 -1
2.26163e+06 -1
2.26223e+06 -1
2.26283e+06 -1
2.26343e+06 -1
2.26403e+06 -1
2.26463e+06 -1
2.26523e+06 -1
2.26583e+06 -1
2.26643e+06 -1
2.26703e+06 -1
2.26763e+06 -1
2.26823e+06 -1
2.26883e+06 -1
2.26943e+06 -1
2.27003e+06 -1
2.27063e+06 -1
2.27123e+06 -1
2.27183e+06 -1
2.27243e+06 -1
2.27303e+06 -1
2.27363e+06 -1
2.27423e+06 -1
2.27483e+06 -1
2.27543e+06 -1
2.27603e+06 -1
2.27663e+06 -1
2.27723e+06 -1
2.27783e+06 -1
2.27843e+06 -1
2.27903e+06 -1
2.27963e+06 -1
2.28023e+06 -1
2.28083e+06 -1
2.28143e+06 -1
2.28203e+06 -1
2.28263e+06 -1
2.28323e+06 -1
2.28383e+06 -1
2.28443e+06 -1
2.28503e+06 -1
2.28563e+06 -1
2.28623e+06 -1
2.28683e+06 -1
2.28743e+06 -1
2.28803e+06 -1
2.28863e+06 -1
2.28923e+06 -1
2.28983e+06 -1
2.29043e+06 -1
2.29103e+06 -1
2.29163e+06 -1
2.29223e+06 -1
2.29283e+06 -1
2.29343e+06 -1
2.29403e+06 -1
2.29463e+06 -1
2.29523e+06 -1
2.29583e+06 -1
2.29643e+06 -1
2.29703e+06 -1
2.29763e+06 -1
2.29823e+06 -1
2.29883e+06 -1
2.29943e+06 -1
2.30003e+06 -1
2.30063e+06 -1
2.30123e+06 -1
2.30183e+06 -1
2.30243e+06 -1
2.30303e+06 -1
2.30363e+06 -1
2.30423e+06 -1
2.30483e+06 -1
2.30543e+06 -1
2.30603e+06 -1
2.30663e+06 -1
2.30723e+06 -1
2.30783e+06 -1
2.30843e+06 -1
2.30903e+06 -1
2.30963e+06 -1
2.31023e+06 -1
2.31083e+06 -1
2.31143e+06 -1
2.31203e+06 -1
2.31263e+06 -1
2.31323e+06 -1
2.31383e+06 -1
2.31443e+06 -1
2.31503e+06 -1
2.31563e+06 -1
2.31623e+06 -1
2.31683e+06 -1
2.31743e+06 -1
2.31803e+06 -1
2.31863e+06 -1
2.31923e+06 -1
2.31983e+06 -1
2.32043e+06 -1
2.32103e+06 -1
2.32163e+06 -1
2.32223e+06 -1
2.32283e+06 -1
2.32343e+06 -1
2.32403e+06 -1
2.32463e+06 -1
2.32523e+06 -1
2.32583e+06 -1
2.32643e+06 -1
2.32703e+06 -1
2.32763e+06 -1
2.32823e+06 -1
2.32883e+06 -1
2.32943e+06 -1
2.33003e+06 -1
2.33063e+06 -1
2.33123e+06 -1
2.33183e+06 -1
2.33243e+06 -1
2.33303e+06 -1
2.33363e+06 -1
2.33423e+06 -1
2.33483e+06 -1
2.33543e+06 -1
2.33603e+06 -1
2.33663e+06 -1
2.33723e+06 -1
2.33783e+06 -1
2.33843e+06 -1
2.33903e+06 -1
2.33963e+06 -1
2.34023e+06 -1
2.34083e+06 -1
2.34143e+06 -1
2.34203e+06 -1
2.34263e+06 -1
2.34323e+06 -1
2.34383e+06 -1
2.34443e+06 -1
2.34503e+06 -1
2.34563e+06 -1
2.34623e+06 -1
2.34683e+06 -1
2.34743e+06 -1
2.34803e+06 -1
2.34863e+06 -1
2.34923e+06 -1
2.34983e+06 -1
2.35044e+06 -1
2.35104e+06 -1
2.35164e+06 -1
2.35224e+06 -1
2.35284e+06 -1
2.35344e+06 -1
2.35404e+06 -1
2.35464e+06 -1
2.35524e+06 -1
2.35584e+06 -1
2.35644e+06 -1
2.35704e+06 -1
2.35764e+06 -1
2.35824e+06 -1
2.35884e+06 -1
2.35944e+06 -1
2.36004e+06 -1
2.36064e+06 -1
2.36124e+06 -1
2.36184e+06 -1
2.36244e+06 -1
2.36304e+06 -1
2.36364e+06 -1
2.36424e+06 -1
2.36484e+06 -1
2.36544e+06 -1
2.36604e+06 -1
2.36664e+06 -1
2.36724e+06 -1
2.36784e+06 -1
2.36844e+06 -1
2.36904e+06 -1
2.36964e+06 -1
2.37024e+06 -1
2.37084e+06 -1
2.37144e+06 -1
2.37204e+06 -1
2.37264e+06 -1
2.37324e+06 -1
2.37384e+06 -1
2.37444e+06 -1
2.37504e+06 -1
2.37564e+06 -1
2.37624e+06 -1
2.37684e+06 -1
2.37744e+06 -1
2.37804e+06 -1
2.37864e+06 -1
2.37924e+06 -1
2.37984e+06 -1
2.38044e+06 -1
2.38104e+06 -1
2.38164e+06 -1
2.38224e+06 -1
2.38284e+06 -1
2.38344e+06 -1
2.38404e+06 -1
2.38464e+06 -1
2.38524e+06 -1
2.38584e+06 -1
2.38644e+06 -1
2.38704e+06 -1
2.38764e+06 -1
2.38824e+06 -1
2.38884e+06 -1
2.38944e+06 -1
2.39004e+06 -1
2.39064e+06 -1
2.39124e+06 -1
2.39184e+06 -1
2.39244e+06 -1
2.39304e+06 -1
2.39364e+06 -1
2.39424e+06 -1
2.39484e+06 -1
2.39544e+06 -1
2.39604e+06 -1
2.39664e+06 -1
2.39724e+06 -1
2.39784e+06 -1
2.39844e+06 -1
2.39904e+06 -1
2.39964e+06 -1
2.40024e+06 -1
2.40084e+06 -1
2.40144e+06 -1
2.40204e+06 -1
2.40264e+06 -1
2.40324e+06 -1
2.40384e+06 -1
2.40444e+06 -1
2.40504e+06 -1
2.40564e+06 -1
2.40624e+06 -1
2.40684e+06 -1
2.40744e+06 -1
2.40804e+06 -1
2.40864e+06 -1
2.40924e+06 -1
2.40984e+06 -1
2.41044e+06 -1
2.41104e+06 -1
2.41164e+06 -1
2.41224e+06 -1
2.41284e+06 -1
2.41344e+06 -1
2.41404e+06 -1
2.41464e+06 -1
2.41524e+06 -1
2.41584e+06 -1
2.41644e+06 -1
2.41704e+06 -1
2.41764e+06 -1
2.41824e+06 -1
2.41884e+06 -1
2.41944e+06 -1
2.42004e+06 -1
2.42064e+06 -1
2.42124e+06 -1
2.42184e+06 -1
2.42244e+06 -1
2.42304e+06 -1
2.42364e+06 -1
2.42424e+06 -1
2.42484e+06 -1
2.42544e+06 -1
2.42604e+06 -1
2.42664e+06 -1
2.42724e+06 -1
2.42784e+06 -1
2.42844e+06 -1
2.42904e+06 -1
2.42964e+06 -1
2.43024e+06 -1
2.43084e+06 -1
2.43144e+06 -1
2.43204e+06 -1
2.43264e+06 -1
2.43324e+06 -1
2.43384e+06 -1
2.43444e+06 -1
2.43504e+06 -1
2.43564e+06 -1
2.43624e+06 -1
2.43684e+06 -1
2.43744e+06 -1
2.43804e+06 -1
2.43864e+06 -1
2.43924e+06 -1
2.43984e+06 -1
2.44044e+06 -1
2.44104e+06 -1
2.44164e+06 -1
2.44224e+06 -1
2.44284e+06 -1
2.44344e+06 -1
2.44404e+06 -1
2.44464e+06 -1
2.44524e+06 -1
2.44584e+06 -1
2.44644e+06 -1
2.44704e+06 -1
2.44764e+06 -1
2.44824e+06 -1
2.44884e+06 -1
2.44944e+06 -1
2.45005e+06 -1
2.45065e+06 -1
2.45125e+06 -1
2.45185e+06 -1
2.45245e+06 -1
2.45305e+06 -1
2.45365e+06 -1
2.45425e+06 -1
2.45485e+06 -1
2.45545e+06 -1
2.45605e+06 -1
2.45665e+06 -1
2.45725e+06 -1
2.45785e+06 -1
2.45845e+06 -1
2.45905e+06 -1
2.45965e+06 -1
2.46025e+06 -1
2.46085e+06 -1
2.46145e+06 -1
2.46205e+06 -1
2.46265e+06 -1
2.46325e+06 -1
2.46385e+06 -1
2.46445e+06 -1
2.46505e+06 -1
2.46565e+06 -1
2.46625e+06 -1
2.46685e+06 -1
2.46745e+06 -1
2.46805e+06 -1
2.46865e+06 -1
2.46925e+06 -1
2.46985e+06 -1
2.47045e+06 -1
2.47105e+06 -1
2.47165e+06 -1
2.47225e+06 -1
2.47285e+06 -1
2.47345e+06 -1
2.47405e+06 -1
2.47465e+06 -1
2.47525e+06 -1
2.47585e+06 -1
2.47645e+06 -1
2.47705e+06 -1
2.47765e+06 -1
2.47825e+06 -1
2.47885e+06 -1
2.47945e+06 -1
2.48005e+06 -1
2.48065e+06 -1
2.48125e+06 -1
2.48185e+06 -1
2.48245e+06 -1
2.48305e+06 -1
2.48365e+06 -1
2.48425e+06 -1
2.48485e+06 -1
2.48545e+06 -1
2.48605e+06 -1
2.48665e+06 -1
2.48725e+06 -1
2.48785e+06 -1
2.48845e+06 -1
2.48905e+06 -1
2.48965e+06 -1
2.49025e+06 -1
2.49085e+06 -1
2.49145e+06 -1
2.49205e+06 -1
2.49265e+06 -1
2.49325e+06 -1
2.49385e+06 -1
2.49445e+06 -1
2.49505e+06 -1
2.49565e+06 -1
2.49625e+06 -1
2.49685e+06 -1
2.49745e+06 -1
2.49805e+06 -1
2.49865e+06 -1
2.49925e+06 -1
2.49985e+06 -1
2.50045e+06 -1
2.50105e+06 -1
2.50165e+06 -1
2.50225e+06 -1
2.50285e+06 -1
2.50345e+06 -1
2.50405e+06 -1
2.50465e+06 -1
2.50525e+06 -1
2.50585e+06 -1
2.50645e+06 -1
2.50705e+06 -1
2.50765e+06 -1
2.50825e+06 -1
2.50885e+06 -1
2.50945e+06 -1
2.51005e+06 -1
2.51065e+06 -1
2.51125e+06 -1
2.51185e+06 -1
2.51245e+06 -1
2.51305e+06 -1
2.51365e+06 -1
2.51425e+06 -1
2.51485e+06 -1
2.51545e+06 -1
2.51605e+06 -1
2.51665e+06 -1
2.51725e+06 -1
2.51785e+06 -1
2.51845e+06 -1
2.51905e+06 -1
2.51965e+06 -1
2.52025e+06 -1
2.52085e+06 -1
2.52145e+06 -1
2.52205e+06 -1
2.52265e+06 -1
2.52325e+06 -1
2.52385e+06 -1
2.52445e+06 -1
2.52505e+06 -1
2.52565e+06 -1
2.52625e+06 -1
2.52685e+06 -1
2.52745e+06 -1
2.52805e+06 -1
2.52865e+06 -1
2.52925e+06 -1
2.52985e+06 -1
2.53045e+06 -1
2.53105e+06 -1
2.53165e+06 -1
2.53225e+06 -1
2.53285e+06 -1
2.53345e+06 -1
2.53405e+06 -1
2.53465e+06 -1
2.53525e+06 -1
2.53585e+06 -1
2.53645e+06 -1
2.53705e+06 -1
2.53765e+06 -1
2.53825e+06 -1
2.53885e+06 -1
2.53945e+06 -1
2.54005e+06 -1
2.54065e+06 -1
2.54125e+06 -1
2.54185e+06 -1
2.54245e+06 -1
2.54305e+06 -1
2.54365e+06 -1
2.54425e+06 -1
2.54485e+06 -1
2.54545e+06 -1
2.54605e+06 -1
2.54665e+06 -1
2.54725e+06 -1
2.54785e+06 -1
2.54845e+06 -1
2.54905e+06 -1
2.54965e+06 -1
2.55026e+06 -1
2.55086e+06 -1
2.55146e+06 -1
2.55206e+06 -1
2.55266e+06 -1
2.55326e+06 -1
2.55386e+06 -1
2.55446e+06 -1
2.55506e+06 -1
2.55566e+06 -1
2.55626e+06 -1
2.55686e+06 -1
2.55746e+06 -1
2.55806e+06 -1
2.55866e+06 -1
2.55926e+06 -1
2.55986e+06 -1
2.56046e+06 -1
2.56106e+06 -1
2.56166e+06 -1
2.56226e+06 -1
2.56286e+06 -1
2.56346e+06 -1
2.56406e+06 -1
2.56466e+06 -1
2.56526e+06 -1
2.56586e+06 -1
2.56646e+06 -1
2.56706e+06 -1
2.56766e+06 -1
2.56826e+06 -1
2.56886e+06 -1
2.56946e+06 -1
2.57006e+06 -1
2.57066e+06 -1
2.57126e+06 -1
2.57186e+06 -1
2.57246e+06 -1
2.57306e+06 -1
2.57366e+06 -1
2.57426e+06 -1
2.57486e+06 -1
2.57546e+06 -1
2.57606e+06 -1
2.57666e+06 -1
2.57726e+06 -1
2.57786e+06 -1
2.57846e+06 -1
2.57906e+06 -1
2.57966e+06 -1
2.58026e+06 -1
2.58086e+06 -1
2.58146e+06 -1
2.58206e+06 -1
2.58266e+06 -1
2.58326e+06 -1
2.58386e+06 -1
2.58446e+06 -1
2.58506e+06 -1
2.58566e+06 -1
2.58626e+06 -1
2.58686e+06 -1
2.58746e+06 -1
2.58806e+06 -1
2.58866e+06 -1
2.58926e+06 -1
2.58986e+06 -1
2.59046e+06 -1
2.59106e+06 -1
2.59166e+06 -1
2.59226e+06 -1
2.59286e+06 -1
2.59346e+06 -1
2.59406e+06 -1
2.59466e+06 -1
2.59526e+06 -1
2.59586e+06 -1
2.59646e+06 -1
2.59706e+06 -1
2.59766e+06 -1
2.59826e+06 -1
2.59886e+06 -1
2.59946e+06 -1
2.60006e+06 -1
2.60066e+06 -1
2.60126e+06 -1
2.60186e+06 -1
2.60246e+06 -1
2.60306e+06 -1
2.60366e+06 -1
2.60426e+06 -1
2.60486e+06 -1
2.60546e+06 -1
2.60606e+06 -1
2.60666e+06 -1
2.60726e+06 -1
2.60786e+06 -1
2.60846e+06 -1
2.60906e+06 -1
2.60966e+06 -1
2.61026e+06 -1
2.61086e+06 -1
2.61146e+06 -1
2.61206e+06 -1
2.61266e+06 -1
2.61326e+06 -1
2.61386e+06 -1
2.61446e+06 -1
2.61506e+06 -1
2.61566e+06 -1
2.61626e+06 -1
2.61686e+06 -1
2.61746e+06 -1
2.61806e+06 -1
2.61866e+06 -1
2.61926e+06 -1
2.61986e+06 -1
2.62046e+06 -1
2.62106e+06 -1
2.62166e+06 -1
2.62226e+06 -1
2.62286e+06 -1
2.62346e+06 -1
2.62406e+06 -1
2.62466e+06 -1
2.62526e+06 -1
2.62586e+06 -1
2.62646e+06 -1
2.62706e+06 -1
2.62766e+06 -1
2.62826e+06 -1
2.62886e+06 -1
2.62946e+06 -1
2.63006e+06 -1
2.63066e+06 -1
2.63126e+06 -1
2.63186e+06 -1
2.63246e+06 -1
2.63306e+06 -1
2.63366e+06 -1
2.63426e+06 -1
2.63486e+06 -1
2.63546e+06 -1
2.63606e+06 -1
2.63666e+06 -1
2.63726e+06 -1
2.63786e+06 -1
2.63846e+06 -1
2.63906e+06 -1
2.63966e+06 -1
2.64026e+06 -1
2.64086e+06 -1
2.64146e+06 -1
2.64206e+06 -1
2.64266e+06 -1
2.64326e+06 -1
2.64386e+06 -1
2.64446e+06 -1
2.64506e+06 -1
2.64566e+06 -1
2.64626e+06 -1
2.64686e+06 -1
2.64746e+06 -1
2.64806e+06 -1
2.64866e+06 -1
2.64926e+06 -1
2.64986e+06 -1
2.65047e+06 -1
2.65107e+06 -1
2.65167e+06 -1
2.65227e+06 -1
2.65287e+06 -1
2.65347e+06 -1
2.65407e+06 -1
2.65467e+06 -1
2.65527e+06 -1
2.65587e+06 -1
2.65647e+06 -1
2.65707e+06 -1
2.65767e+06 -1
2.65827e+06 -1
2.65887e+06 -1
2.65947e+06 -1
2.66007e+06 -1
2.66067e+06 -1
2.66127e+06 -1
2.66187e+06 -1
2.66247e+06 -1
2.66307e+06 -1
2.66367e+06 -1
2.66427e+06 -1
2.66487e+06 -1
2.66547e+06 -1
2.66607e+06 -1
2.66667e+06 -1
2.66727e+06 -1
2.66787e+06 -1
2.66847e+06 -1
2.66907e+06 -1
2.66967e+06 -1
2.67027e+06 -1
2.67087e+06 -1
2.67147e+06 -1
2.67207e+06 -1
2.67267e+06 -1
2.67327e+06 -1
2.67387e+06 -1
2.67447e+06 -1
2.67507e+06 -1
2.67567e+06 -1
2.67627e+06 -1
2.67687e+06 -1
2.67747e+06 -1
2.67807e+06 -1
2.67867e+06 -1
2.67927e+06 -1
2.67987e+06 -1
2.68047e+06 -1
2.68107e+06 -1
2.68167e+06 -1
2.68227e+06 -1
2.68287e+06 -1
2.68347e+06 -1
2.68407e+06 -1
2.68467e+06 -1
2.68527e+06 -1
2.68587e+06 -1
2.68647e+06 -1
2.68707e+06 -1
2.68767e+06 -1
2.68827e+06 -1
2.68887e+06 -1
2.68947e+06 -1
2.69007e+06 -1
2.69067e+06 -1
2.69127e+06 -1
2.69187e+06 -1
2.69247e+06 -1
2.69307e+06 -1
2.69367e+06 -1
2.69427e+06 -1
2.69487e+06 -1
2.69547e+06 -1
2.69607e+06 -1
2.69667e+06 -1
2.69727e+06 -1
2.69787e+06 -1
2.69847e+06 -1
2.69907e+06 -1
2.69967e+06 -1
2.70027e+06 -1
2.70087e+06 -1
2.70147e+06 -1
2.70207e+06 -1
2.70267e+06 -1
2.70327e+06 -1
2.70387e+06 -1
2.70447e+06 -1
2.70507e+06 -1
2.70567e+06 -1
2.70627e+06 -1
2.70687e+06 -1
2.70747e+06 -1
2.70807e+06 -1
2.70867e+06 -1
2.70927e+06 -1
2.70987e+06 -1
2.71047e+06 -1
2.71107e+06 -1
2.71167e+06 -1
2.71227e+06 -1
2.71287e+06 -1
2.71347e+06 -1
2.71407e+06 -1
2.71467e+06 -1
2.71527e+06 -1
2.71587e+06 -1
2.71647e+06 -1
2.71707e+06 -1
2.71767e+06 -1
2.71827e+06 -1
2.71887e+06 -1
2.71947e+06 -1
2.72007e+06 -1
2.72067e+06 -1
2.72127e+06 -1
2.72187e+06 -1
2.72247e+06 -1
2.72307e+06 -1
2.72367e+06 -1
2.72427e+06 -1
2.72487e+06 -1
2.72547e+06 -1
2.72607e+06 -1
2.72667e+06 -1
2.72727e+06 -1
2.72787e+06 -1
2.72847e+06 -1
2.72907e+06 -1
2.72967e+06 -1
2.73027e+06 -1
2.73087e+06 -1
2.73147e+06 -1
2.73207e+06 -1
2.73267e+06 -1
2.73327e+06 -1
2.73387e+06 -1
2.73447e+06 -1
2.73507e+06 -1
2.73567e+06 -1
2.73627e+06 -1
2.73687e+06 -1
2.73747e+06 -1
2.73807e+06 -1
2.73867e+06 -1
2.73927e+06 -1
2.73987e+06 -1
2.74047e+06 -1
2.74107e+06 -1
2.74167e+06 -1
2.74227e+06 -1
2.74287e+06 -1
2.74347e+06 -1
2.74407e+06 -1
2.74467e+06 -1
2.74527e+06 -1
2.74587e+06 -1
2.74647e+06 -1
2.74707e+06 -1
2.74767e+06 -1
2.74827e+06 -1
2.74887e+06 -1
2.74947e+06 -1
2.75008e+06 -1
2.75068e+06 -1
2.75128e+06 -1
2.75188e+06 -1
2.75248e+06 -1
2.75308e+06 -1
2.75368e+06 -1
2.75428e+06 -1
2.75488e+06 -1
2.75548e+06 -1
2.75608e+06 -1
2.75668e+06 -1
2.75728e+06 -1
2.75788e+06 -1
2.75848e+06 -1
2.75908e+06 -1
2.75968e+06 -1
2.76028e+06 -1
2.76088e+06 -1
2.76148e+06 -1
2.76208e+06 -1
2.76268e+06 -1
2.76328e+06 -1
2.76388e+06 -1
2.76448e+06 -1
2.76508e+06 -1
2.76568e+06 -1
2.76628e+06 -1
2.76688e+06 -1
2.76748e+06 -1
2.76808e+06 -1
2.76868e+06 -1
2.76928e+06 -1
2.76988e+06 -1
2.77048e+06 -1
2.77108e+06 -1
2.77168e+06 -1
2.77228e+06 -1
2.77288e+06 -1
2.77348e+06 -1
2.77408e+06 -1
2.77468e+06 -1
2.77528e+06 -1
2.77588e+06 -1
2.77648e+06 -1
2.77708e+06 -1
2.77768e+06 -1
2.77828e+06 -1
2.77888e+06 -1
2.77948e+06 -1
2.78008e+06 -1
2.78068e+06 -1
2.78128e+06 -1
2.78188e+06 -1
2.78248e+06 -1
2.78308e+06 -1
2.78368e+06 -1
2.78428e+06 -1
2.78488e+06 -1
2.78548e+06 -1
2.78608e+06 -1
2.78668e+06 -1
2.78728e+06 -1
2.78788e+06 -1
2.78848e+06 -1
2.78908e+06 -1
2.78968e+06 -1
2.79028e+06 -1
2.79088e+06 -1
2.79148e+06 -1
2.79208e+06 -1
2.79268e+06 -1
2.79328e+06 -1
2.79388e+06 -1
2.79448e+06 -1
2.79508e+06 -1
2.79568e+06 -1
2.79628e+06 -1
2.79688e+06 -1
2.79748e+06 -1
2.79808e+06 -1
2.79868e+06 -1
2.79928e+06 -1
2.79988e+06 -1
2.80048e+06 -1
2.80108e+06 -1
2.80168e+06 -1
2.80228e+06 -1
2.80288e+06 -1
2.80348e+06 -1
2.80408e+06 -1
2.80468e+06 -1
2.80528e+06 -1
2.80588e+06 -1
2.80648e+06 -1
2.80708e+06 -1
2.80768e+06 -1
2.80828e+06 -1
2.80888e+06 -1
2.80948e+06 -1
2.81008e+06 -1
2.81068e+06 -1
2.81128e+06 -1
2.81188e+06 -1
2.81248e+06 -1
2.81308e+06 -1
2.81368e+06 -1
2.81428e+06 -1
2.81488e+06 -1
2.81548e+06 -1
2.81608e+06 -1
2.81668e+06 -1
2.81728e+06 -1
2.81788e+06 -1
2.81848e+06 -1
2.81908e+06 -1
2.81968e+06 -1
2.82028e+06 -1
2.82088e+06 -1
2.82148e+06 -1
2.82208e+06 -1
2.82268e+06 -1
2.82328e+06 -1
2.82388e+06 -1
2.82448e+06 -1
2.82508e+06 -1
2.82568e+06 -1
2.82628e+06 -1
2.82688e+06 -1
2.82748e+06 -1
2.82808e+06 -1
2.82868e+06 -1
2.82928e+06 -1
2.82988e+06 -1
2.83048e+06 -1
2.83108e+06 -1
2.83168e+06 -1
2.83228e+06 -1
2.83288e+06 -1
2.83348e+06 -1
2.83408e+06 -1
2.83468e+06 -1
2.83528e+06 -1
2.83588e+06 -1
2.83648e+06 -1
2.83708e+06 -1
2.83768e+06 -1
2.83828e+06 -1
2.83888e+06 -1
2.83948e+06 -1
2.84008e+06 -1
2.84068e+06 -1
2.84128e+06 -1
2.84188e+06 -1
2.84248e+06 -1
2.84308e+06 -1
2.84368e+06 -1
2.84428e+06 -1
2.84488e+06 -1
2.84548e+06 -1
2.84608e+06 -1
2.84668e+06 -1
2.84728e+06 -1
2.84788e+06 -1
2.84848e+06 -1
2.84908e+06 -1
2.84968e+06 -1
2.85029e+06 -1
2.85089e+06 -1
2.85149e+06 -1
2.85209e+06 -1
2.85269e+06 -1
2.85329e+06 -1
2.85389e+06 -1
2.85449e+06 -1
2.85509e+06 -1
2.85569e+06 -1
2.85629e+06 -1
2.85689e+06 -1
2.85749e+06 -1
2.85809e+06 -1
2.85869e+06 -1
2.85929e+06 -1
2.85989e+06 -1
2.86049e+06 -1
2.86109e+06 -1
2.86169e+06 -1
2.86229e+06 -1
2.86289e+06 -1
2.86349e+06 -1
2.86409e+06 -1
2.86469e+06 -1
2.86529e+06 -1
2.86589e+06 -1
2.86649e+06 -1
2.86709e+06 -1
2.86769e+06 -1
2.86829e+06 -1
2.86889e+06 -1
2.86949e+06 -1
2.87009e+06 -1
2.87069e+06 -1
2.87129e+06 -1
2.87189e+06 -1
2.87249e+06 -1
2.87309e+06 -1
2.87369e+06 -1
2.87429e+06 -1
2.87489e+06 -1
2.87549e+06 -1
2.87609e+06 -1
2.87669e+06 -1
2.87729e+06 -1
2.87789e+06 -1
2.87849e+06 -1
2.87909e+06 -1
2.87969e+06 -1
2.88029e+06 -1
2.88089e+06 -1
2.88149e+06 -1
2.88209e+06 -1
2.88269e+06 -1
2.88329e+06 -1
2.88389e+06 -1
2.88449e+06 -1
2.88509e+06 -1
2.88569e+06 -1
2.88629e+06 -1
2.88689e+06 -1
2.88749e+06 -1
2.88809e+06 -1
2.88869e+06 -1
2.88929e+06 -1
2.88989e+06 -1
2.89049e+06 -1
2.89109e+06 -1
2.89169e+06 -1
2.89229e+06 -1
2.89289e+06 -1
2.89349e+06 -1
2.89409e+06 -1
2.89469e+06 -1
2.89529e+06 -1
2.89589e+06 -1
2.89649e+06 -1
2.89709e+06 -1
2.89769e+06 -1
2.89829e+06 -1
2.89889e+06 -1
2.89949e+06 -1
2.90009e+06 -1
2.90069e+06 -1
2.90129e+06 -1
2.90189e+06 -1
2.90249e+06 -1
2.90309e+06 -1
2.90369e+06 -1
2.90429e+06 -1
2.90489e+06 -1
2.90549e+06 -1
2.90609e+06 -1
2.90669e+06 -1
2.90729e+06 -1
2.90789e+06 -1
2.90849e+06 -1
2.90909e+06 -1
2.90969e+06 -1
2.91029e+06 -1
2.91089e+06 -1
2.91149e+06 -1
2.91209e+06 -1
2.91269e+06 -1
2.91329e+06 -1
2.91389e+06 -1
2.91449e+06 -1
2.91509e+06 -1
2.91569e+06 -1
2.91629e+06 -1
2.91689e+06 -1
2.91749e+06 -1
2.91809e+06 -1
2.91869e+06 -1
2.91929e+06 -1
2.91989e+06 -1
2.92049e+06 -1
2.92109e+06 -1
2.92169e+06 -1
2.92229e+06 -1
2.92289e+06 -1
2.92349e+06 -1
2.92409e+06 -1
2.92469e+06 -1
2.92529e+06 -1
2.92589e+06 -1
2.92649e+06 -1
2.92709e+06 -1
2.92769e+06 -1
2.92829e+06 -1
2.92889e+06 -1
2.92949e+06 -1
2.93009e+06 -1
2.93069e+06 -1
2.93129e+06 -1
2.93189e+06 -1
2.93249e+06 -1
2.93309e+06 -1
2.93369e+06 -1
2.93429e+06 -1
2.93489e+06 -1
2.93549e+06 -1
2.93609e+06 -1
2.93669e+06 -1
2.93729e+06 -1
2.93789e+06 -1
2.93849e+06 -1
2.93909e+06 -1
2.93969e+06 -1
2.94029e+06 -1
2.94089e+06 -1
2.94149e+06 -1
2.94209e+06 -1
2.94269e+06 -1
2.94329e+06 -1
2.94389e+06 -1
2.94449e+06 -1
2.94509e+06 -1
2.94569e+06 -1
2.94629e+06 -1
2.94689e+06 -1
2.94749e+06 -1
2.94809e+06 -1
2.94869e+06 -1
2.94929e+06 -1
2.94989e+06 -1
2.9505e+06 -1
2.9511e+06 -1
2.9517e+06 -1
2.9523e+06 -1
2.9529e+06 -1
2.9535e+06 -1
2.9541e+06 -1
2.9547e+06 -1
2.9553e+06 -1
2.9559e+06 -1
2.9565e+06 -1
2.9571e+06 -1
2.9577e+06 -1
2.9583e+06 -1
2.9589e+06 -1
2.9595e+06 -1
2.9601e+06 -1
2.9607e+06 -1
2.9613e+06 -1
2.9619e+06 -1
2.9625e+06 -1
2.9631e+06 -1
2.9637e+06 -1
2.9643e+06 -1
2.9649e+06 -1
2.9655e+06 -1
2.9661e+06 -1
2.9667e+06 -1
2.9673e+06 -1
2.9679e+06 -1
2.9685e+06 -1
2.9691e+06 -1
2.9697e+06 -1
2.9703e+06 -1
2.9709e+06 -1
2.9715e+06 -1
2.9721e+06 -1
2.9727e+06 -1
2.9733e+06 -1
2.9739e+06 -1
2.9745e+06 -1
2.9751e+06 -1
2.9757e+06 -1
2.9763e+06 -1
2.9769e+06 -1
2.9775e+06 -1
2.9781e+06 -1
2.9787e+06 -1
2.9793e+06 -1
2.9799e+06 -1
2.9805e+06 -1
2.9811e+06 -1
2.9817e+06 -1
2.9823e+06 -1
2.9829e+06 -1
2.9835e+06 -1
2.9841e+06 -1
2.9847e+06 -1
2.9853e+06 -1
2.9859e+06 -1
2.9865e+06 -1
2.9871e+06 -1
2.9877e+06 -1
2.9883e+06 -1
2.9889e+06 -1
2.9895e+06 -1
2.9901e+06 -1
2.9907e+06 -1
2.9913e+06 -1
2.9919e+06 -1
2.9925e+06 -1
2.9931e+06 -1
2.9937e+06 -1
2.9943e+06 -1
2.9949e+06 -1
2.9955e+06 -1
2.9961e+06 -1
2.9967e+06 -1
2.9973e+06 -1
2.9979e+06 -1
2.9985e+06 -1
2.9991e+06 -1
2.9997e+06 -1
3.0003e+06 -1
3.0009e+06 -1
3.0015e+06 -1
3.0021e+06 -1
3.0027e+06 -1
3.0033e+06 -1
3.0039e+06 -1
3.0045e+06 -1
3.0051e+06 -1
3.0057e+06 -1
3.0063e+06 -1
3.0069e+06 -1
3.0075e+06 -1
3.0081e+06 -1
3.0087e+06 -1
3.0093e+06 -1
3.0099e+06 -1
3.0105e+06 -1
3.0111e+06 -1
3.0117e+06 -1
3.0123e+06 -1
3.0129e+06 -1
3.0135e+06 -1
3.0141e+06 -1
3.0147e+06 -1
3.0153e+06 -1
3.0159e+06 -1
3.0165e+06 -1
3.0171e+06 -1
3.0177e+06 -1
3.0183e+06 -1
3.0189e+06 -1
3.0195e+06 -1
3.0201e+06 -1
3.0207e+06 -1
3.0213e+06 -1
3.0219e+06 -1
3.0225e+06 -1
3.0231e+06 -1
3.0237e+06 -1
3.0243e+06 -1
3.0249e+06 -1
3.0255e+06 -1
3.0261e+06 -1
3.0267e+06 -1
3.0273e+06 -1
3.0279e+06 -1
3.0285e+06 -1
3.0291e+06 -1
3.0297e+06 -1
3.0303e+06 -1
3.0309e+06 -1
3.0315e+06 -1
3.0321e+06 -1
3.0327e+06 -1
3.0333e+06 -1
3.0339e+06 -1
3.0345e+06 -1
3.0351e+06 -1
3.0357e+06 -1
3.0363e+06 -1
3.0369e+06 -1
3.0375e+06 -1
3.0381e+06 -1
3.0387e+06 -1
3.0393e+06 -1
3.0399e+06 -1
3.0405e+06 -1
3.0411e+06 -1
3.0417e+06 -1
3.0423e+06 -1
3.0429e+06 -1
3.0435e+06 -1
3.0441e+06 -1
3.0447e+06 -1
3.0453e+06 -1
3.0459e+06 -1
3.0465e+06 -1
3.0471e+06 -1
3.0477e+06 -1
3.0483e+06 -1
3.0489e+06 -1
3.0495e+06 -1
3.05011e+06 -1
3.05071e+06 -1
3.05131e+06 -1
3.05191e+06 -1
3.05251e+06 -1
3.05311e+06 -1
3.05371e+06 -1
3.05431e+06 -1
3.05491e+06 -1
3.05551e+06 -1
3.05611e+06 -1
3.05671e+06 -1
3.05731e+06 -1
3.05791e+06 -1
3.05851e+06 -1
3.05911e+06 -1
3.05971e+06 -1
3.06031e+06 -1
3.06091e+06 -1
3.06151e+06 -1
3.06211e+06 -1
3.06271e+06 -1
3.06331e+06 -1
3.06391e+06 -1
3.06451e+06 -1
3.06511e+06 -1
3.06571e+06 -1
3.06631e+06 -1
3.06691e+06 -1
3.06751e+06 -1
3.06811e+06 -1
3.06871e+06 -1
3.06931e+06 -1
3.06991e+06 -1
3.07051e+06 -1
3.07111e+06 -1
3.07171e+06 -1
3.07231e+06 -1
3.07291e+06 -1
3.07351e+06 -1
3.07411e+06 -1
3.07471e+06 -1
3.07531e+06 -1
3.07591e+06 -1
3.07651e+06 -1
3.07711e+06 -1
3.07771e+06 -1
3.07831e+06 -1
3.07891e+06 -1
3.07951e+06 -1
3.08011e+06 -1
3.08071e+06 -1
3.08131e+06 -1
3.08191e+06 -1
3.08251e+06 -1
3.08311e+06 -1
3.08371e+06 -1
3.08431e+06 -1
3.08491e+06 -1
3.08551e+06 -1
3.08611e+06 -1
3.08671e+06 -1
3.08731e+06 -1
3.08791e+06 -1
3.08851e+06 -1
3.08911e+06 -1
3.08971e+06 -1
3.09031e+06 -1
3.09091e+06 -1
3.09151e+06 -1
3.09211e+06 -1
3.09271e+06 -1
3.09331e+06 -1
3.09391e+06 -1
3.09451e+06 -1
3.09511e+06 -1
3.09571e+06 -1
3.09631e+06 -1
3.09691e+06 -1
3.09751e+06 -1
3.09811e+06 -1
3.09871e+06 -1
3.09931e+06 -1
3.09991e+06 -1
3.10051e+06 -1
3.10111e+06 -1
3.10171e+06 -1
3.10231e+06 -1
3.10291e+06 -1
3.10351e+06 -1
3.10411e+06 -1
3.10471e+06 -1
3.10531e+06 -1
3.10591e+06 -1
3.10651e+06 -1
3.10711e+06 -1
3.10771e+06 -1
3.10831e+06 -1
3.10891e+06 -1
3.10951e+06 -1
3.11011e+06 -1
3.11071e+06 -1
3.11131e+06 -1
3.11191e+06 -1
3.11251e+06 -1
3.11311e+06 -1
3.11371e+06 -1
3.11431e+06 -1
3.11491e+06 -1
3.11551e+06 -1
3.11611e+06 -1
3.11671e+06 -1
3.11731e+06 -1
3.11791e+06 -1
3.11851e+06 -1
3.11911e+06 -1
3.11971e+06 -1
3.12031e+06 -1
3.12091e+06 -1
3.12151e+06 -1
3.12211e+06 -1
3.12271e+06 -1
3.12331e+06 -1
3.12391e+06 -1
3.12451e+06 -1
3.12511e+06 -1
3.12571e+06 -1
3.12631e+06 -1
3.12691e+06 -1
3.12751e+06 -1
3.12811e+06 -1
3.12871e+06 -1
3.12931e+06 -1
3.12991e+06 -1
3.13051e+06 -1
3.13111e+06 -1
3.13171e+06 -1
3.13231e+06 -1
3.13291e+06 -1
3.13351e+06 -1
3.13411e+06 -1
3.13471e+06 -1
3.13531e+06 -1
3.13591e+06 -1
3.13651e+06 -1
3.13711e+06 -1
3.13771e+06 -1
3.13831e+06 -1
3.13891e+06 -1
3.13951e+06 -1
3.14011e+06 -1
3.14071e+06 -1
3.14131e+06 -1
3.14191e+06 -1
3.14251e+06 -1
3.14311e+06 -1
3.14371e+06 -1
3.14431e+06 -1
3.14491e+06 -1
3.14551e+06 -1
3.14611e+06 -1
3.14671e+06 -1
3.14731e+06 -1
3.14791e+06 -1
3.14851e+06 -1
3.14911e+06 -1
3.14971e+06 -1
3.15032e+06 -1
3.15092e+06 -1
3.15152e+06 -1
3.15212e+06 -1
3.15272e+06 -1
3.15332e+06 -1
3.15392e+06 -1
3.15452e+06 -1
3.15512e+06 -1
3.15572e+06 -1
3.15632e+06 -1
3.15692e+06 -1
3.15752e+06 -1
3.15812e+06 -1
3.15872e+06 -1
3.15932e+06 -1
3.15992e+06 -1
3.16052e+06 -1
3.16112e+06 -1
3.16172e+06 -1
3.16232e+06 -1
3.16292e+06 -1
3.16352e+06 -1
3.16412e+06 -1
3.16472e+06 -1
3.16532e+06 -1
3.16592e+06 -1
3.16652e+06 -1
3.16712e+06 -1
3.16772e+06 -1
3.16832e+06 -1
3.16892e+06 -1
3.16952e+06 -1
3.17012e+06 -1
3.17072e+06 -1
3.17132e+06 -1
3.17192e+06 -1
3.17252e+06 -1
3.17312e+06 -1
3.17372e+06 -1
3.17432e+06 -1
3.17492e+06 -1
3.17552e+06 -1
3.17612e+06 -1
3.17672e+06 -1
3.17732e+06 -1
3.17792e+06 -1
3.17852e+06 -1
3.17912e+06 -1
3.17972e+06 -1
3.18032e+06 -1
3.18092e+06 -1
3.18152e+06 -1
3.18212e+06 -1
3.18272e+06 -1
3.18332e+06 -1
3.18392e+06 -1
3.18452e+06 -1
3.18512e+06 -1
3.18572e+06 -1
3.18632e+06 -1
3.18692e+06 -1
3.18752e+06 -1
3.18812e+06 -1
3.18872e+06 -1
3.18932e+06 -1
3.18992e+06 -1
3.19052e+06 -1
3.19112e+06 -1
3.19172e+06 -1
3.19232e+06 -1
3.19292e+06 -1
3.19352e+06 -1
3.19412e+06 -1
3.19472e+06 -1
3.19532e+06 -1
3.19592e+06 -1
3.19652e+06 -1
3.19712e+06 -1
3.19772e+06 -1
3.19832e+06 -1
3.19892e+06 -1
3.19952e+06 -1
3.20012e+06 -1
3.20072e+06 -1
3.20132e+06 -1
3.20192e+06 -1
3.20252e+06 -1
3.20312e+06 -1
3.20372e+06 -1
3.20432e+06 -1
3.20492e+06 -1
3.20552e+06 -1
3.20612e+06 -1
3.20672e+06 -1
3.20732e+06 -1
3.20792e+06 -1
3.20852e+06 -1
3.20912e+06 -1
3.20972e+06 -1
3.21032e+06 -1
3.21092e+06 -1
3.21152e+06 -1
3.21212e+06 -1
3.21272e+06 -1
3.21332e+06 -1
3.21392e+06 -1
3.21452e+06 -1
3.21512e+06 -1
3.21572e+06 -1
3.21632e+06 -1
3.21692e+06 -1
3.21752e+06 -1
3.21812e+06 -1
3.21872e+06 -1
3.21932e+06 -1
3.21992e+06 -1
3.22052e+06 -1
3.22112e+06 -1
3.22172e+06 -1
3.22232e+06 -1
3.22292e+06 -1
3.22352e+06 -1
3.22412e+06 -1
3.22472e+06 -1
3.22532e+06 -1
3.22592e+06 -1
3.22652e+06 -1
3.22712e+06 -1
3.22772e+06 -1
3.22832e+06 -1
3.22892e+06 -1
3.22952e+06 -1
3.23012e+06 -1
3.23072e+06 -1
3.23132e+06 -1
3.23192e+06 -1
3.23252e+06 -1
3.23312e+06 -1
3.23372e+06 -1
3.23432e+06 -1
3.23492e+06 -1
3.23552e+06 -1
3.23612e+06 -1
3.23672e+06 -1
3.23732e+06 -1
3.23792e+06 -1
3.23852e+06 -1
3.23912e+06 -1
3.23972e+06 -1
3.24032e+06 -1
3.24092e+06 -1
3.24152e+06 -1
3.24212e+06 -1
3.24272e+06 -1
3.24332e+06 -1
3.24392e+06 -1
3.24452e+06 -1
3.24512e+06 -1
3.24572e+06 -1
3.24632e+06 -1
3.24692e+06 -1
3.24752e+06 -1
3.24812e+06 -1
3.24872e+06 -1
3.24932e+06 -1
3.24992e+06 -1
3.25053e+06 -1
3.25113e+06 -1
3.25173e+06 -1
3.25233e+06 -1
3.25293e+06 -1
3.25353e+06 -1
3.25413e+06 -1
3.25473e+06 -1
3.25533e+06 -1
3.25593e+06 -1
3.25653e+06 -1
3.25713e+06 -1
3.25773e+06 -1
3.25833e+06 -1
3.25893e+06 -1
3.25953e+06 -1
3.26013e+06 -1
3.26073e+06 -1
3.26133e+06 -1
3.26193e+06 -1
3.26253e+06 -1
3.26313e+06 -1
3.26373e+06 -1
3.26433e+06 -1
3.26493e+06 -1
3.26553e+06 -1
3.26613e+06 -1
3.26673e+06 -1
3.26733e+06 -1
3.26793e+06 -1
3.26853e+06 -1
3.26913e+06 -1
3.26973e+06 -1
3.27033e+06 -1
3.27093e+06 -1
3.27153e+06 -1
3.27213e+06 -1
3.27273e+06 -1
3.27333e+06 -1
3.27393e+06 -1
3.27453e+06 -1
3.27513e+06 -1
3.27573e+06 -1
3.27633e+06 -1
3.27693e+06 -1
3.27753e+06 -1
3.27813e+06 -1
3.27873e+06 -1
3.27933e+06 -1
3.27993e+06 -1
3.28053e+06 -1
3.28113e+06 -1
3.28173e+06 -1
3.28233e+06 -1
3.28293e+06 -1
3.28353e+06 -1
3.28413e+06 -1
3.28473e+06 -1
3.28533e+06 -1
3.28593e+06 -1
3.28653e+06 -1
3.28713e+06 -1
3.28773e+06 -1
3.28833e+06 -1
3.28893e+06 -1
3.28953e+06 -1
3.29013e+06 -1
3.29073e+06 -1
3.29133e+06 -1
3.29193e+06 -1
3.29253e+06 -1
3.29313e+06 -1
3.29373e+06 -1
3.29433e+06 -1
3.29493e+06 -1
3.29553e+06 -1
3.29613e+06 -1
3.29673e+06 -1
3.29733e+06 -1
3.29793e+06 -1
3.29853e+06 -1
3.29913e+06 -1
3.29973e+06 -1
3.30033e+06 -1
3.30093e+06 -1
3.30153e+06 -1
3.30213e+06 -1
3.30273e+06 -1
3.30333e+06 -1
3.30393e+06 -1
3.30453e+06 -1
3.30513e+06 -1
3.30573e+06 -1
3.30633e+06 -1
3.30693e+06 -1
3.30753e+06 -1
3.30813e+06 -1
3.30873e+06 -1
3.30933e+06 -1
3.30993e+06 -1
3.31053e+06 -1
3.31113e+06 -1
3.31173e+06 -1
3.31233e+06 -1
3.31293e+06 -1
3.31353e+06 -1
3.31413e+06 -1
3.31473e+06 -1
3.31533e+06 -1
3.31593e+06 -1
3.31653e+06 -1
3.31713e+06 -1
3.31773e+06 -1
3.31833e+06 -1
3.31893e+06 -1
3.31953e+06 1
3.32013e+06 1
3.32073e+06 1
3.32133e+06 1
3.32193e+06 1
3.32253e+06 1
3.32313e+06 1
3.32373e+06 1
3.32433e+06 1
3.32493e+06 1
3.32553e+06 1
3.32613e+06 1
3.32673e+06 1
3.32733e+06 1
3.32793e+06 1
3.32853e+06 1
3.32913e+06 1
3.32973e+06 1
3.33033e+06 1
3.33093e+06 1
3.33153e+06 1
3.33213e+06 1
3.33273e+06 1
3.33333e+06 1
3.33393e+06 1
3.33453e+06 1
3.33513e+06 1
3.33573e+06 1
3.33633e+06 1
3.33693e+06 1
3.33753e+06 1
3.33813e+06 1
3.33873e+06 1
3.33933e+06 1
3.33993e+06 1
3.34053e+06 1
3.34113e+06 1
3.34173e+06 1
3.34233e+06 1
3.34293e+06 1
3.34353e+06 1
3.34413e+06 1
3.34473e+06 1
3.34533e+06 1
3.34593e+06 1
3.34653e+06 1
3.34713e+06 1
3.34773e+06 1
3.34833e+06 1
3.34893e+06 1
3.34953e+06 1
3.35014e+06 1
3.35074e+06 1
3.35134e+06 1
3.35194e+06 1
3.35254e+06 1
3.35314e+06 1
3.35374e+06 1
3.35434e+06 1
3.35494e+06 1
3.35554e+06 1
3.35614e+06 1
3.35674e+06 1
3.35734e+06 1
3.35794e+06 1
3.35854e+06 1
3.35914e+06 1
3.35974e+06 1
3.36034e+06 1
3.36094e+06 1
3.36154e+06 1
3.36214e+06 1
3.36274e+06 1
3.36334e+06 1
3.36394e+06 1
3.36454e+06 1
3.36514e+06 1
3.36574e+06 1
3.36634e+06 1
3.36694e+06 1
3.36754e+06 1
3.36814e+06 1
3.36874e+06 1
3.36934e+06 1
3.36994e+06 1
3.37054e+06 1
3.37114e+06 1
3.37174e+06 1
3.37234e+06 1
3.37294e+06 1
3.37354e+06 1
3.37414e+06 1
3.37474e+06 1
3.37534e+06 1
3.37594e+06 1
3.37654e+06 1
3.37714e+06 1
3.37774e+06 1
3.37834e+06 1
3.37894e+06 1
3.37954e+06 1
3.38014e+06 1
3.38074e+06 1
3.38134e+06 1
3.38194e+06 1
3.38254e+06 1
3.38314e+06 1
3.38374e+06 1
3.38434e+06 1
3.38494e+06 1
3.38554e+06 1
3.38614e+06 1
3.38674e+06 1
3.38734e+06 1
3.38794e+06 1
3.38854e+06 1
3.38914e+06 1
3.38974e+06 1
3.39034e+06 1
3.39094e+06 1
3.39154e+06 1
3.39214e+06 1
3.39274e+06 1
3.39334e+06 1
3.39394e+06 1
3.39454e+06 1
3.39514e+06 1
3.39574e+06 1
3.39634e+06 1
3.39694e+06 1
3.39754e+06 1
3.39814e+06 1
3.39874e+06 1
3.39934e+06 1
3.39994e+06 1
3.40054e+06 1
3.40114e+06 1
3.40174e+06 1
3.40234e+06 1
3.40294e+06 1
3.40354e+06 1
3.40414e+06 1
3.40474e+06 1
3.40534e+06 1
3.40594e+06 1
3.40654e+06 1
3.40714e+06 1
3.40774e+06 1
3.40834e+06 1
3.40894e+06 1
3.40954e+06 1
3.41014e+06 1
3.41074e+06 1
3.41134e+06 1
3.41194e+06 1
3.41254e+06 1
3.41314e+06 1
3.41374e+06 1
3.41434e+06 1
3.41494e+06 1
3.41554e+06 1
3.41614e+06 1
3.41674e+06 1
3.41734e+06 1
3.41794e+06 1
3.41854e+06 1
3.41914e+06 1
3.41974e+06 1
3.42034e+06 1
3.42094e+06 1
3.42154e+06 1
3.42214e+06 1
3.42274e+06 1
3.42334e+06 1
3.42394e+06 1
3.42454e+06 1
3.42514e+06 1
3.42574e+06 1
3.42634e+06 1
3.42694e+06 1
3.42754e+06 1
3.42814e+06 1
3.42874e+06 1
3.42934e+06 1
3.42994e+06 1
3.43054e+06 1
3.43114e+06 1
3.43174e+06 1
3.43234e+06 1
3.43294e+06 1
3.43354e+06 1
3.43414e+06 1
3.43474e+06 1
3.43534e+06 1
3.43594e+06 1
3.43654e+06 1
3.43714e+06 1
3.43774e+06 1
3.43834e+06 1
3.43894e+06 1
3.43954e+06 1
3.44014e+06 1
3.44074e+06 1
3.44134e+06 1
3.44194e+06 1
3.44254e+06 1
3.44314e+06 1
3.44374e+06 1
3.44434e+06 1
3.44494e+06 1
3.44554e+06 1
3.44614e+06 1
3.44674e+06 1
3.44734e+06 1
3.44794e+06 1
3.44854e+06 1
3.44914e+06 1
3.44974e+06 1
3.45035e+06 1
3.45095e+06 1
3.45155e+06 1
3.45215e+06 1
3.45275e+06 1
3.45335e+06 1
3.45395e+06 1
3.45455e+06 1
3.45515e+06 1
3.45575e+06 1
3.45635e+06 1
3.45695e+06 1
3.45755e+06 1
3.45815e+06 1
3.45875e+06 1
3.45935e+06 1
3.45995e+06 1
3.46055e+06 1
3.46115e+06 1
3.46175e+06 1
3.46235e+06 1
3.46295e+06 1
3.46355e+06 1
3.46415e+06 1
3.46475e+06 1
3.46535e+06 1
3.46595e+06 1
3.46655e+06 1
3.46715e+06 1
3.46775e+06 1
3.46835e+06 1
3.46895e+06 1
3.46955e+06 1
3.47015e+06 1
3.47075e+06 1
3.47135e+06 1
3.47195e+06 1
3.47255e+06 1
3.47315e+06 1
3.47375e+06 1
3.47435e+06 1
3.47495e+06 1
3.47555e+06 1
3.47615e+06 1
3.47675e+06 1
3.47735e+06 1
3.47795e+06 1
3.47855e+06 1
3.47915e+06 1
3.47975e+06 1
3.48035e+06 1
3.48095e+06 1
3.48155e+06 1
3.48215e+06 1
3.48275e+06 1
3.48335e+06 1
3.48395e+06 1
3.48455e+06 1
3.48515e+06 1
3.48575e+06 1
3.48635e+06 1
3.48695e+06 1
3.48755e+06 1
3.48815e+06 1
3.48875e+06 1
3.48935e+06 1
3.48995e+06 1
3.49055e+06 1
3.49115e+06 1
3.49175e+06 1
3.49235e+06 1
3.49295e+06 1
3.49355e+06 1
3.49415e+06 1
3.49475e+06 1
3.49535e+06 1
3.49595e+06 1
3.49655e+06 1
3.49715e+06 1
3.49775e+06 1
3.49835e+06 1
3.49895e+06 1
3.49955e+06 1
3.50015e+06 1
3.50075e+06 1
3.50135e+06 1
3.50195e+06 1
3.50255e+06 1
3.50315e+06 1
3.50375e+06 1
3.50435e+06 1
3.50495e+06 1
3.50555e+06 1
3.50615e+06 1
3.50675e+06 1
3.50735e+06 1
3.50795e+06 1
3.50855e+06 1
3.50915e+06 1
3.50975e+06 1
3.51035e+06 1
3.51095e+06 1
3.51155e+06 1
3.51215e+06 1
3.51275e+06 1
3.51335e+06 1
3.51395e+06 1
3.51455e+06 1
3.51515e+06 1
3.51575e+06 1
3.51635e+06 1
3.51695e+06 1
3.51755e+06 1
3.51815e+06 1
3.51875e+06 1
3.51935e+06 1
3.51995e+06 1
3.52055e+06 1
3.52115e+06 1
3.52175e+06 1
3.52235e+06 1
3.52295e+06 1
3.52355e+06 1
3.52415e+06 1
3.52475e+06 1
3.52535e+06 1
3.52595e+06 1
3.52655e+06 1
3.52715e+06 1
3.52775e+06 1
3.52835e+06 1
3.52895e+06 1
3.52955e+06 1
3.53015e+06 1
3.53075e+06 1
3.53135e+06 1
3.53195e+06 1
3.53255e+06 1
3.53315e+06 1
3.53375e+06 1
3.53435e+06 1
3.53495e+06 1
3.53555e+06 1
3.53615e+06 1
3.53675e+06 1
3.53735e+06 1
3.53795e+06 1
3.53855e+06 1
3.53915e+06 1
3.53975e+06 1
3.54035e+06 1
3.54095e+06 1
3.54155e+06 1
3.54215e+06 1
3.54275e+06 1
3.54335e+06 1
3.54395e+06 1
3.54455e+06 1
3.54515e+06 1
3.54575e+06 1
3.54635e+06 1
3.54695e+06 1
3.54755e+06 1
3.54815e+06 1
3.54875e+06 1
3.54935e+06 1
3.54995e+06 1
3.55056e+06 1
3.55116e+06 1
3.55176e+06 1
3.55236e+06 1
3.55296e+06 1
3.55356e+06 1
3.55416e+06 1
3.55476e+06 1
3.55536e+06 1
3.55596e+06 1
3.55656e+06 1
3.55716e+06 1
3.55776e+06 1
3.55836e+06 1
3.55896e+06 1
3.55956e+06 1
3.56016e+06 1
3.56076e+06 1
3.56136e+06 1
3.56196e+06 1
3.56256e+06 1
3.56316e+06 1
3.56376e+06 1
3.56436e+06 1
3.56496e+06 1
3.56556e+06 1
3.56616e+06 1
3.56676e+06 1
3.56736e+06 1
3.56796e+06 1
3.56856e+06 1
3.56916e+06 1
3.56976e+06 1
3.57036e+06 1
3.57096e+06 1
3.57156e+06 1
3.57216e+06 1
3.57276e+06 1
3.57336e+06 1
3.57396e+06 1
3.57456e+06 1
3.57516e+06 1
3.57576e+06 1
3.57636e+06 1
3.57696e+06 1
3.57756e+06 1
3.57816e+06 1
3.57876e+06 1
3.57936e+06 1
3.57996e+06 1
3.58056e+06 1
3.58116e+06 1
3.58176e+06 1
3.58236e+06 1
3.58296e+06 1
3.58356e+06 1
3.58416e+06 1
3.58476e+06 1
3.58536e+06 1
3.58596e+06 1
3.58656e+06 1
3.58716e+06 1
3.58776e+06 1
3.58836e+06 1
3.58896e+06 1
3.58956e+06 1
3.59016e+06 1
3.59076e+06 1
3.59136e+06 1
3.59196e+06 1
3.59256e+06 1
3.59316e+06 1
3.59376e+06 1
3.59436e+06 1
3.59496e+06 1
3.59556e+06 1
3.59616e+06 1
3.59676e+06 1
3.59736e+06 1
3.59796e+06 1
3.59856e+06 1
3.59916e+06 1
3.59976e+06 1
3.60036e+06 1
3.60096e+06 1
3.60156e+06 1
3.60216e+06 1
3.60276e+06 1
3.60336e+06 1
3.60396e+06 1
3.60456e+06 1
3.60516e+06 1
3.60576e+06 1
3.60636e+06 1
3.60696e+06 1
3.60756e+06 1
3.60816e+06 1
3.60876e+06 1
3.60936e+06 1
3.60996e+06 1
3.61056e+06 1
3.61116e+06 1
3.61176e+06 1
3.61236e+06 1
3.61296e+06 1
3.61356e+06 1
3.61416e+06 1
3.61476e+06 1
3.61536e+06 1
3.61596e+06 1
3.61656e+06 1
3.61716e+06 1
3.61776e+06 1
3.61836e+06 1
3.61896e+06 1
3.61956e+06 1
3.62016e+06 1
3.62076e+06 1
3.62136e+06 1
3.62196e+06 1
3.62256e+06 1
3.62316e+06 1
3.62376e+06 1
3.62436e+06 1
3.62496e+06 1
3.62556e+06 1
3.62616e+06 1
3.62676e+06 1
3.62736e+06 1
3.62796e+06 1
3.62856e+06 1
3.62916e+06 1
3.62976e+06 1
3.63036e+06 1
3.63096e+06 1
3.63156e+06 1
3.63216e+06 1
3.63276e+06 1
3.63336e+06 1
3.63396e+06 1
3.63456e+06 1
3.63516e+06 1
3.63576e+06 1
3.63636e+06 1
3.63696e+06 1
3.63756e+06 1
3.63816e+06 1
3.63876e+06 1
3.63936e+06 1
3.63996e+06 1
3.64056e+06 1
3.64116e+06 1
3.64176e+06 1
3.64236e+06 1
3.64296e+06 1
3.64356e+06 1
3.64416e+06 1
3.64476e+06 1
3.64536e+06 1
3.64596e+06 1
3.64656e+06 1
3.64716e+06 1
3.64776e+06 1
3.64836e+06 1
3.64896e+06 1
3.64956e+06 1
3.65017e+06 1
3.65077e+06 1
3.65137e+06 1
3.65197e+06 1
3.65257e+06 1
3.65317e+06 1
3.65377e+06 1
3.65437e+06 1
3.65497e+06 1
3.65557e+06 1
3.65617e+06 1
3.65677e+06 1
3.65737e+06 1
3.65797e+06 1
3.65857e+06 1
3.65917e+06 1
3.65977e+06 1
3.66037e+06 1
3.66097e+06 1
3.66157e+06 1
3.66217e+06 1
3.66277e+06 1
3.66337e+06 1
3.66397e+06 1
3.66457e+06 1
3.66517e+06 1
3.66577e+06 1
3.66637e+06 1
3.66697e+06 1
3.66757e+06 1
3.66817e+06 1
3.66877e+06 1
3.66937e+06 1
3.66997e+06 1
3.67057e+06 1
3.67117e+06 1
3.67177e+06 1
3.67237e+06 1
3.67297e+06 1
3.67357e+06 1
3.67417e+06 1
3.67477e+06 1
3.67537e+06 1
3.67597e+06 1
3.67657e+06 1
3.67717e+06 1
3.67777e+06 1
3.67837e+06 1
3.67897e+06 1
3.67957e+06 1
3.68017e+06 1
3.68077e+06 1
3.68137e+06 1
3.68197e+06 1
3.68257e+06 1
3.68317e+06 1
3.68377e+06 1
3.68437e+06 1
3.68497e+06 1
3.68557e+06 1
3.68617e+06 1
3.68677e+06 1
3.68737e+06 1
3.68797e+06 1
3.68857e+06 1
3.68917e+06 1
3.68977e+06 1
3.69037e+06 1
3.69097e+06 1
3.69157e+06 1
3.69217e+06 1
3.69277e+06 1
3.69337e+06 1
3.69397e+06 1
3.69457e+06 1
3.69517e+06 1
3.69577e+06 1
3.69637e+06 1
3.69697e+06 1
3.69757e+06 1
3.69817e+06 1
3.69877e+06 1
3.69937e+06 1
3.69997e+06 1
3.70057e+06 1
3.70117e+06 1
3.70177e+06 1
3.70237e+06 1
3.70297e+06 1
3.70357e+06 1
3.70417e+06 1
3.70477e+06 1
3.70537e+06 1
3.70597e+06 1
3.70657e+06 1
3.70717e+06 1
3.70777e+06 1
3.70837e+06 1
3.70897e+06 1
3.70957e+06 1
3.71017e+06 1
3.71077e+06 1
3.71137e+06 1
3.71197e+06 1
3.71257e+06 1
3.71317e+06 1
3.71377e+06 1
3.71437e+06 1
3.71497e+06 1
3.71557e+06 1
3.71617e+06 1
3.71677e+06 1
3.71737e+06 1
3.71797e+06 1
3.71857e+06 1
3.71917e+06 1
3.71977e+06 1
3.72037e+06 1
3.72097e+06 1
3.72157e+06 1
3.72217e+06 1
3.72277e+06 1
3.72337e+06 1
3.72397e+06 1
3.72457e+06 1
3.72517e+06 1
3.72577e+06 1
3.72637e+06 1
3.72697e+06 1
3.72757e+06 1
3.72817e+06 1
3.72877e+06 1
3.72937e+06 1
3.72997e+06 1
3.73057e+06 1
3.73117e+06 1
3.73177e+06 1
3.73237e+06 1
3.73297e+06 1
3.73357e+06 1
3.73417e+06 1
3.73477e+06 1
3.73537e+06 1
3.73597e+06 1
3.73657e+06 1
3.73717e+06 1
3.73777e+06 1
3.73837e+06 1
3.73897e+06 1
3.73957e+06 1
3.74017e+06 1
3.74077e+06 1
3.74137e+06 1
3.74197e+06 1
3.74257e+06 1
3.74317e+06 1
3.74377e+06 1
3.74437e+06 1
3.74497e+06 1
3.74557e+06 1
3.74617e+06 1
3.74677e+06 1
3.74737e+06 1
3.74797e+06 1
3.74857e+06 1
3.74917e+06 1
3.74977e+06 1
3.75038e+06 1
3.75098e+06 1
3.75158e+06 1
3.75218e+06 1
3.75278e+06 1
3.75338e+06 1
3.75398e+06 1
3.75458e+06 1
3.75518e+06 1
3.75578e+06 1
3.75638e+06 1
3.75698e+06 1
3.75758e+06 1
3.75818e+06 1
3.75878e+06 1
3.75938e+06 1
3.75998e+06 1
3.76058e+06 1
3.76118e+06 1
3.76178e+06 1
3.76238e+06 1
3.76298e+06 1
3.76358e+06 1
3.76418e+06 1
3.76478e+06 1
3.76538e+06 1
3.76598e+06 1
3.76658e+06 1
3.76718e+06 1
3.76778e+06 1
3.76838e+06 1
3.76898e+06 1
3.76958e+06 1
3.77018e+06 1
3.77078e+06 1
3.77138e+06 1
3.77198e+06 1
3.77258e+06 1
3.77318e+06 1
3.77378e+06 1
3.77438e+06 1
3.77498e+06 1
3.77558e+06 1
3.77618e+06 1
3.77678e+06 1
3.77738e+06 1
3.77798e+06 1
3.77858e+06 1
3.77918e+06 1
3.77978e+06 1
3.78038e+06 1
3.78098e+06 1
3.78158e+06 1
3.78218e+06 1
3.78278e+06 1
3.78338e+06 1
3.78398e+06 1
3.78458e+06 1
3.78518e+06 1
3.78578e+06 1
3.78638e+06 1
3.78698e+06 1
3.78758e+06 1
3.78818e+06 1
3.78878e+06 1
3.78938e+06 1
3.78998e+06 1
3.79058e+06 1
3.79118e+06 1
3.79178e+06 1
3.79238e+06 1
3.79298e+06 1
3.79358e+06 1
3.79418e+06 1
3.79478e+06 1
3.79538e+06 1
3.79598e+06 1
3.79658e+06 1
3.79718e+06 1
3.79778e+06 1
3.79838e+06 1
3.79898e+06 1
3.79958e+06 1
3.80018e+06 1
3.80078e+06 1
3.80138e+06 1
3.80198e+06 1
3.80258e+06 1
3.80318e+06 1
3.80378e+06 1
3.80438e+06 1
3.80498e+06 1
3.80558e+06 1
3.80618e+06 1
3.80678e+06 1
3.80738e+06 1
3.80798e+06 1
3.80858e+06 1
3.80918e+06 1
3.80978e+06 1
3.81038e+06 1
3.81098e+06 1
3.81158e+06 1
3.81218e+06 1
3.81278e+06 1
3.81338e+06 1
3.81398e+06 1
3.81458e+06 1
3.81518e+06 1
3.81578e+06 1
3.81638e+06 1
3.81698e+06 1
3.81758e+06 1
3.81818e+06 1
3.81878e+06 1
3.81938e+06 1
3.81998e+06 1
3.82058e+06 1
3.82118e+06 1
3.82178e+06 1
3.82238e+06 1
3.82298e+06 1
3.82358e+06 1
3.82418e+06 1
3.82478e+06 1
3.82538e+06 1
3.82598e+06 1
3.82658e+06 1
3.82718e+06 1
3.82778e+06 1
3.82838e+06 1
3.82898e+06 1
3.82958e+06 1
3.83018e+06 1
3.83078e+06 1
3.83138e+06 1
3.83198e+06 1
3.83258e+06 1
3.83318e+06 1
3.83378e+06 1
3.83438e+06 1
3.83498e+06 1
3.83558e+06 1
3.83618e+06 1
3.83678e+06 1
3.83738e+06 1
3.83798e+06 1
3.83858e+06 1
3.83918e+06 1
3.83978e+06 1
3.84038e+06 1
3.84098e+06 1
3.84158e+06 1
3.84218e+06 1
3.84278e+06 1
3.84338e+06 1
3.84398e+06 1
3.84458e+06 1
3.84518e+06 1
3.84578e+06 1
3.84638e+06 1
3.84698e+06 1
3.84758e+06 1
3.84818e+06 1
3.84878e+06 1
3.84938e+06 1
3.84998e+06 1
3.85059e+06 1
3.85119e+06 1
3.85179e+06 1
3.85239e+06 1
3.85299e+06 1
3.85359e+06 1
3.85419e+06 1
3.85479e+06 1
3.85539e+06 1
3.85599e+06 1
3.85659e+06 1
3.85719e+06 1
3.85779e+06 1
3.85839e+06 1
3.85899e+06 1
3.85959e+06 1
3.86019e+06 1
3.86079e+06 1
3.86139e+06 1
3.86199e+06 1
3.86259e+06 1
3.86319e+06 1
3.86379e+06 1
3.86439e+06 1
3.86499e+06 1
3.86559e+06 1
3.86619e+06 1
3.86679e+06 1
3.86739e+06 1
3.86799e+06 1
3.86859e+06 1
3.86919e+06 1
3.86979e+06 1
3.87039e+06 1
3.87099e+06 1
3.87159e+06 1
3.87219e+06 1
3.87279e+06 1
3.87339e+06 1
3.87399e+06 1
3.87459e+06 1
3.87519e+06 1
3.87579e+06 1
3.87639e+06 1
3.87699e+06 1
3.87759e+06 1
3.87819e+06 1
3.87879e+06 1
3.87939e+06 1
3.87999e+06 1
3.88059e+06 1
3.88119e+06 1
3.88179e+06 1
3.88239e+06 1
3.88299e+06 1
3.88359e+06 1
3.88419e+06 1
3.88479e+06 1
3.88539e+06 1
3.88599e+06 1
3.88659e+06 1
3.88719e+06 1
3.88779e+06 1
3.88839e+06 1
3.88899e+06 1
3.88959e+06 1
3.89019e+06 1
3.89079e+06 1
3.89139e+06 1
3.89199e+06 1
3.89259e+06 1
3.89319e+06 1
3.89379e+06 1
3.89439e+06 1
3.89499e+06 1
3.89559e+06 1
3.89619e+06 1
3.89679e+06 1
3.89739e+06 1
3.89799e+06 1
3.89859e+06 1
3.89919e+06 1
3.89979e+06 1
3.90039e+06 1
3.90099e+06 1
3.90159e+06 1
3.90219e+06 1
3.90279e+06 1
3.90339e+06 1
3.90399e+06 1
3.90459e+06 1
3.90519e+06 1
3.90579e+06 1
3.90639e+06 1
3.90699e+06 1
3.90759e+06 1
3.90819e+06 1
3.90879e+06 1
3.90939e+06 1
3.90999e+06 1
3.91059e+06 1
3.91119e+06 1
3.91179e+06 1
3.91239e+06 1
3.91299e+06 1
3.91359e+06 1
3.91419e+06 1
3.91479e+06 1
3.91539e+06 1
3.91599e+06 1
3.91659e+06 1
3.91719e+06 1
3.91779e+06 1
3.91839e+06 1
3.91899e+06 1
3.91959e+06 1
3.92019e+06 1
3.92079e+06 1
3.92139e+06 1
3.92199e+06 1
3.92259e+06 1
3.92319e+06 1
3.92379e+06 1
3.92439e+06 1
3.92499e+06 1
3.92559e+06 1
3.92619e+06 1
3.92679e+06 1
3.92739e+06 1
3.92799e+06 1
3.92859e+06 1
3.92919e+06 1
3.92979e+06 1
3.93039e+06 1
3.93099e+06 1
3.93159e+06 1
3.93219e+06 1
3.93279e+06 1
3.93339e+06 1
3.93399e+06 1
3.93459e+06 1
3.93519e+06 1
3.93579e+06 1
3.93639e+06 1
3.93699e+06 1
3.93759e+06 1
3.93819e+06 1
3.93879e+06 1
3.93939e+06 1
3.93999e+06 1
3.94059e+06 1
3.94119e+06 1
3.94179e+06 1
3.94239e+06 1
3.94299e+06 1
3.94359e+06 1
3.94419e+06 1
3.94479e+06 1
3.94539e+06 1
3.94599e+06 1
3.94659e+06 1
3.94719e+06 1
3.94779e+06 1
3.94839e+06 1
3.94899e+06 1
3.94959e+06 1
3.9502e+06 1
3.9508e+06 1
3.9514e+06 1
3.952e+06 1
3.9526e+06 1
3.9532e+06 1
3.9538e+06 1
3.9544e+06 1
3.955e+06 1
3.9556e+06 1
3.9562e+06 1
3.9568e+06 1
3.9574e+06 1
3.958e+06 1
3.9586e+06 1
3.9592e+06 1
3.9598e+06 1
3.9604e+06 1
3.961e+06 1
3.9616e+06 1
3.9622e+06 1
3.9628e+06 1
3.9634e+06 1
3.964e+06 1
3.9646e+06 1
3.9652e+06 1
3.9658e+06 1
3.9664e+06 1
3.967e+06 1
3.9676e+06 1
3.9682e+06 1
3.9688e+06 1
3.9694e+06 1
3.97e+06 1
3.9706e+06 1
3.9712e+06 1
3.9718e+06 1
3.9724e+06 1
3.973e+06 1
3.9736e+06 1
3.9742e+06 1
3.9748e+06 1
3.9754e+06 1
3.976e+06 1
3.9766e+06 1
3.9772e+06 1
3.9778e+06 1
3.9784e+06 1
3.979e+06 1
3.9796e+06 1
3.9802e+06 1
3.9808e+06 1
3.9814e+06 1
3.982e+06 1
3.9826e+06 1
3.9832e+06 1
3.9838e+06 1
3.9844e+06 1
3.985e+06 1
3.9856e+06 1
3.9862e+06 1
3.9868e+06 1
3.9874e+06 1
3.988e+06 1
3.9886e+06 1
3.9892e+06 1
3.9898e+06 1
3.9904e+06 1
3.991e+06 1
3.9916e+06 1
3.9922e+06 1
3.9928e+06 1
3.9934e+06 1
3.994e+06 1
3.9946e+06 1
3.9952e+06 1
3.9958e+06 1
3.9964e+06 1
3.997e+06 1
3.9976e+06 1
3.9982e+06 1
3.9988e+06 1
3.9994e+06 1
4e+06 1
4.0006e+06 1
4.0012e+06 1
4.0018e+06 1
4.0024e+06 1
4.003e+06 1
4.0036e+06 1
4.0042e+06 1
4.0048e+06 1
4.0054e+06 1
4.006e+06 1
4.0066e+06 1
4.0072e+06 1
4.0078e+06 1
4.0084e+06 1
4.009e+06 1
4.0096e+06 1
4.0102e+06 1
4.0108e+06 1
4.0114e+06 1
4.012e+06 1
4.0126e+06 1
4.0132e+06 1
4.0138e+06 1
4.0144e+06 1
4.015e+06 1
4.0156e+06 1
4.0162e+06 1
4.0168e+06 1
4.0174e+06 1
4.018e+06 1
4.0186e+06 1
4.0192e+06 1
4.0198e+06 1
4.0204e+06 1
4.021e+06 1
4.0216e+06 1
4.0222e+06 1
4.0228e+06 1
4.0234e+06 1
4.024e+06 1
4.0246e+06 1
4.0252e+06 1
4.0258e+06 1
4.0264e+06 1
4.027e+06 1
4.0276e+06 1
4.0282e+06 1
4.0288e+06 1
4.0294e+06 1
4.03e+06 1
4.0306e+06 1
4.0312e+06 1
4.0318e+06 1
4.0324e+06 1
4.033e+06 1
4.0336e+06 1
4.0342e+06 1
4.0348e+06 1
4.0354e+06 1
4.036e+06 1
4.0366e+06 1
4.0372e+06 1
4.0378e+06 1
4.0384e+06 1
4.039e+06 1
4.0396e+06 1
4.0402e+06 1
4.0408e+06 1
4.0414e+06 1
4.042e+06 1
4.0426e+06 1
4.0432e+06 1
4.0438e+06 1
4.0444e+06 1
4.045e+06 1
4.0456e+06 1
4.0462e+06 1
4.0468e+06 1
4.0474e+06 1
4.048e+06 1
4.0486e+06 1
4.0492e+06 1
4.0498e+06 1
4.05041e+06 1
4.05101e+06 1
4.05161e+06 1
4.05221e+06 1
4.05281e+06 1
4.05341e+06 1
4.05401e+06 1
4.05461e+06 1
4.05521e+06 1
4.05581e+06 1
4.05641e+06 1
4.05701e+06 1
4.05761e+06 1
4.05821e+06 1
4.05881e+06 1
4.05941e+06 1
4.06001e+06 1
4.06061e+06 1
4.06121e+06 1
4.06181e+06 1
4.06241e+06 1
4.06301e+06 1
4.06361e+06 1
4.06421e+06 1
4.06481e+06 1
4.06541e+06 1
4.06601e+06 1
4.06661e+06 1
4.06721e+06 1
4.06781e+06 1
4.06841e+06 1
4.06901e+06 1
4.06961e+06 1
4.07021e+06 1
4.07081e+06 1
4.07141e+06 1
4.07201e+06 1
4.07261e+06 1
4.07321e+06 1
4.07381e+06 1
4.07441e+06 1
4.07501e+06 1
4.07561e+06 1
4.07621e+06 1
4.07681e+06 1
4.07741e+06 1
4.07801e+06 1
4.07861e+06 1
4.07921e+06 1
4.07981e+06 1
4.08041e+06 1
4.08101e+06 1
4.08161e+06 1
4.08221e+06 1
4.08281e+06 1
4.08341e+06 1
4.08401e+06 1
4.08461e+06 1
4.08521e+06 1
4.08581e+06 1
4.08641e+06 1
4.08701e+06 1
4.08761e+06 1
4.08821e+06 1
4.08881e+06 1
4.08941e+06 1
4.09001e+06 1
4.09061e+06 1
4.09121e+06 1
4.09181e+06 1
4.09241e+06 1
4.09301e+06 1
4.09361e+06 1
4.09421e+06 1
4.09481e+06 1
4.09541e+06 1
4.09601e+06 1
4.09661e+06 1
4.09721e+06 1
4.09781e+06 1
4.09841e+06 1
4.09901e+06 1
4.09961e+06 1
4.10021e+06 1
4.10081e+06 1
4.10141e+06 1
4.10201e+06 1
4.10261e+06 1
4.10321e+06 1
4.10381e+06 1
4.10441e+06 1
4.10501e+06 1
4.10561e+06 1
4.10621e+06 1
4.10681e+06 1
4.10741e+06 1
4.10801e+06 1
4.10861e+06 1
4.10921e+06 1
4.10981e+06 1
4.11041e+06 1
4.11101e+06 1
4.11161e+06 1
4.11221e+06 1
4.11281e+06 1
4.11341e+06 1
4.11401e+06 1
4.11461e+06 1
4.11521e+06 1
4.11581e+06 1
4.11641e+06 1
4.11701e+06 1
4.11761e+06 1
4.11821e+06 1
4.11881e+06 1
4.11941e+06 1
4.12001e+06 1
4.12061e+06 1
4.12121e+06 1
4.12181e+06 1
4.12241e+06 1
4.12301e+06 1
4.12361e+06 1
4.12421e+06 1
4.12481e+06 1
4.12541e+06 1
4.12601e+06 1
4.12661e+06 1
4.12721e+06 1
4.12781e+06 1
4.12841e+06 1
4.12901e+06 1
4.12961e+06 1
4.13021e+06 1
4.13081e+06 1
4.13141e+06 1
4.13201e+06 1
4.13261e+06 1
4.13321e+06 1
4.13381e+06 1
4.13441e+06 1
4.13501e+06 1
4.13561e+06 1
4.13621e+06 1
4.13681e+06 1
4.13741e+06 1
4.13801e+06 1
4.13861e+06 1
4.13921e+06 1
4.13981e+06 1
4.14041e+06 1
4.14101e+06 1
4.14161e+06 1
4.14221e+06 1
4.14281e+06 1
4.14341e+06 1
4.14401e+06 1
4.14461e+06 1
4.14521e+06 1
4.14581e+06 1
4.14641e+06 1
4.14701e+06 1
4.14761e+06 1
4.14821e+06 1
4.14881e+06 1
4.14941e+06 1
4.15002e+06 1
4.15062e+06 1
4.15122e+06 1
4.15182e+06 1
4.15242e+06 1
4.15302e+06 1
4.15362e+06 1
4.15422e+06 1
4.15482e+06 1
4.15542e+06 1
4.15602e+06 1
4.15662e+06 1
4.15722e+06 1
4.15782e+06 1
4.15842e+06 1
4.15902e+06 1
4.15962e+06 1
4.16022e+06 1
4.16082e+06 1
4.16142e+06 1
4.16202e+06 1
4.16262e+06 1
4.16322e+06 1
4.16382e+06 1
4.16442e+06 1
4.16502e+06 1
4.16562e+06 1
4.16622e+06 1
4.16682e+06 1
4.16742e+06 1
4.16802e+06 1
4.16862e+06 1
4.16922e+06 1
4.16982e+06 1
4.17042e+06 1
4.17102e+06 1
4.17162e+06 1
4.17222e+06 1
4.17282e+06 1
4.17342e+06 1
4.17402e+06 1
4.17462e+06 1
4.17522e+06 1
4.17582e+06 1
4.17642e+06 1
4.17702e+06 1
4.17762e+06 1
4.17822e+06 1
4.17882e+06 1
4.17942e+06 1
4.18002e+06 1
4.18062e+06 1
4.18122e+06 1
4.18182e+06 1
4.18242e+06 1
4.18302e+06 1
4.18362e+06 1
4.18422e+06 1
4.18482e+06 1
4.18542e+06 1
4.18602e+06 1
4.18662e+06 1
4.18722e+06 1
4.18782e+06 1
4.18842e+06 1
4.18902e+06 1
4.18962e+06 1
4.19022e+06 1
4.19082e+06 1
4.19142e+06 1
4.19202e+06 1
4.19262e+06 1
4.19322e+06 1
4.19382e+06 1
4.19442e+06 1
4.19502e+06 1
4.19562e+06 1
4.19622e+06 1
4.19682e+06 1
4.19742e+06 1
4.19802e+06 1
4.19862e+06 1
4.19922e+06 1
4.19982e+06 1
4.20042e+06 1
4.20102e+06 1
4.20162e+06 1
4.20222e+06 1
4.20282e+06 1
4.20342e+06 1
4.20402e+06 1
4.20462e+06 1
4.20522e+06 1
4.20582e+06 1
4.20642e+06 1
4.20702e+06 1
4.20762e+06 1
4.20822e+06 1
4.20882e+06 1
4.20942e+06 1
4.21002e+06 1
4.21062e+06 1
4.21122e+06 1
4.21182e+06 1
4.21242e+06 1
4.21302e+06 1
4.21362e+06 1
4.21422e+06 1
4.21482e+06 1
4.21542e+06 1
4.21602e+06 1
4.21662e+06 1
4.21722e+06 1
4.21782e+06 1
4.21842e+06 1
4.21902e+06 1
4.21962e+06 1
4.22022e+06 1
4.22082e+06 1
4.22142e+06 1
4.22202e+06 1
4.22262e+06 1
4.22322e+06 1
4.22382e+06 1
4.22442e+06 1
4.22502e+06 1
4.22562e+06 1
4.22622e+06 1
4.22682e+06 1
4.22742e+06 1
4.22802e+06 1
4.22862e+06 1
4.22922e+06 1
4.22982e+06 1
4.23042e+06 1
4.23102e+06 1
4.23162e+06 1
4.23222e+06 1
4.23282e+06 1
4.23342e+06 1
4.23402e+06 1
4.23462e+06 1
4.23522e+06 1
4.23582e+06 1
4.23642e+06 1
4.23702e+06 1
4.23762e+06 1
4.23822e+06 1
4.23882e+06 1
4.23942e+06 1
4.24002e+06 1
4.24062e+06 1
4.24122e+06 1
4.24182e+06 1
4.24242e+06 1
4.24302e+06 1
4.24362e+06 1
4.24422e+06 1
4.24482e+06 1
4.24542e+06 1
4.24602e+06 1
4.24662e+06 1
4.24722e+06 1
4.24782e+06 1
4.24842e+06 1
4.24902e+06 1
4.24962e+06 1
4.25023e+06 1
4.25083e+06 1
4.25143e+06 1
4.25203e+06 1
4.25263e+06 1
4.25323e+06 1
4.25383e+06 1
4.25443e+06 1
4.25503e+06 1
4.25563e+06 1
4.25623e+06 1
4.25683e+06 1
4.25743e+06 1
4.25803e+06 1
4.25863e+06 1
4.25923e+06 1
4.25983e+06 1
4.26043e+06 1
4.26103e+06 1
4.26163e+06 1
4.26223e+06 1
4.26283e+06 1
4.26343e+06 1
4.26403e+06 1
4.26463e+06 1
4.26523e+06 1
4.26583e+06 1
4.26643e+06 1
4.26703e+06 1
4.26763e+06 1
4.26823e+06 1
4.26883e+06 1
4.26943e+06 1
4.27003e+06 1
4.27063e+06 1
4.27123e+06 1
4.27183e+06 1
4.27243e+06 1
4.27303e+06 1
4.27363e+06 1
4.27423e+06 1
4.27483e+06 1
4.27543e+06 1
4.27603e+06 1
4.27663e+06 1
4.27723e+06 1
4.27783e+06 1
4.27843e+06 1
4.27903e+06 1
4.27963e+06 1
4.28023e+06 1
4.28083e+06 1
4.28143e+06 1
4.28203e+06 1
4.28263e+06 1
4.28323e+06 1
4.28383e+06 1
4.28443e+06 1
4.28503e+06 1
4.28563e+06 1
4.28623e+06 1
4.28683e+06 1
4.28743e+06 1
4.28803e+06 1
4.28863e+06 1
4.28923e+06 1
4.28983e+06 1
4.29043e+06 1
4.29103e+06 1
4.29163e+06 1
4.29223e+06 1
4.29283e+06 1
4.29343e+06 1
4.29403e+06 1
4.29463e+06 1
4.29523e+06 1
4.29583e+06 1
4.29643e+06 1
4.29703e+06 1
4.29763e+06 1
4.29823e+06 1
4.29883e+06 1
4.29943e+06 1
4.30003e+06 1
4.30063e+06 1
4.30123e+06 1
4.30183e+06 1
4.30243e+06 1
4.30303e+06 1
4.30363e+06 1
4.30423e+06 1
4.30483e+06 1
4.30543e+06 1
4.30603e+06 1
4.30663e+06 1
4.30723e+06 1
4.30783e+06 1
4.30843e+06 1
4.30903e+06 1
4.30963e+06 1
4.31023e+06 1
4.31083e+06 1
4.31143e+06 1
4.31203e+06 1
4.31263e+06 1
4.31323e+06 1
4.31383e+06 1
4.31443e+06 1
4.31503e+06 1
4.31563e+06 1
4.31623e+06 1
4.31683e+06 1
4.31743e+06 1
4.31803e+06 1
4.31863e+06 1
4.31923e+06 1
4.31983e+06 1
4.32043e+06 1
4.32103e+06 1
4.32163e+06 1
4.32223e+06 1
4.32283e+06 1
4.32343e+06 1
4.32403e+06 1
4.32463e+06 1
4.32523e+06 1
4.32583e+06 1
4.32643e+06 1
4.32703e+06 1
4.32763e+06 1
4.32823e+06 1
4.32883e+06 1
4.32943e+06 1
4.33003e+06 1
4.33063e+06 1
4.33123e+06 1
4.33183e+06 1
4.33243e+06 1
4.33303e+06 1
4.33363e+06 1
4.33423e+06 1
4.33483e+06 1
4.33543e+06 1
4.33603e+06 1
4.33663e+06 1
4.33723e+06 1
4.33783e+06 1
4.33843e+06 1
4.33903e+06 1
4.33963e+06 1
4.34023e+06 1
4.34083e+06 1
4.34143e+06 1
4.34203e+06 1
4.34263e+06 1
4.34323e+06 1
4.34383e+06 1
4.34443e+06 1
4.34503e+06 1
4.34563e+06 1
4.34623e+06 1
4.34683e+06 1
4.34743e+06 1
4.34803e+06 1
4.34863e+06 1
4.34923e+06 1
4.34983e+06 1
4.35044e+06 1
4.35104e+06 1
4.35164e+06 1
4.35224e+06 1
4.35284e+06 1
4.35344e+06 1
4.35404e+06 1
4.35464e+06 1
4.35524e+06 1
4.35584e+06 1
4.35644e+06 1
4.35704e+06 1
4.35764e+06 1
4.35824e+06 1
4.35884e+06 1
4.35944e+06 1
4.36004e+06 1
4.36064e+06 1
4.36124e+06 1
4.36184e+06 1
4.36244e+06 1
4.36304e+06 1
4.36364e+06 1
4.36424e+06 1
4.36484e+06 1
4.36544e+06 1
4.36604e+06 1
4.36664e+06 1
4.36724e+06 1
4.36784e+06 1
4.36844e+06 1
4.36904e+06 1
4.36964e+06 1
4.37024e+06 1
4.37084e+06 1
4.37144e+06 1
4.37204e+06 1
4.37264e+06 1
4.37324e+06 1
4.37384e+06 1
4.37444e+06 1
4.37504e+06 1
4.37564e+06 1
4.37624e+06 1
4.37684e+06 1
4.37744e+06 1
4.37804e+06 1
4.37864e+06 1
4.37924e+06 1
4.37984e+06 1
4.38044e+06 1
4.38104e+06 1
4.38164e+06 1
4.38224e+06 1
4.38284e+06 1
4.38344e+06 1
4.38404e+06 1
4.38464e+06 1
4.38524e+06 1
4.38584e+06 1
4.38644e+06 1
4.38704e+06 1
4.38764e+06 1
4.38824e+06 1
4.38884e+06 1
4.38944e+06 1
4.39004e+06 1
4.39064e+06 1
4.39124e+06 1
4.39184e+06 1
4.39244e+06 1
4.39304e+06 1
4.39364e+06 1
4.39424e+06 1
4.39484e+06 1
4.39544e+06 1
4.39604e+06 1
4.39664e+06 1
4.39724e+06 1
4.39784e+06 1
4.39844e+06 1
4.39904e+06 1
4.39964e+06 1
4.40024e+06 1
4.40084e+06 1
4.40144e+06 1
4.40204e+06 1
4.40264e+06 1
4.40324e+06 1
4.40384e+06 1
4.40444e+06 1
4.40504e+06 1
4.40564e+06 1
4.40624e+06 1
4.40684e+06 1
4.40744e+06 1
4.40804e+06 1
4.40864e+06 1
4.40924e+06 1
4.40984e+06 1
4.41044e+06 1
4.41104e+06 1
4.41164e+06 1
4.41224e+06 1
4.41284e+06 1
4.41344e+06 1
4.41404e+06 1
4.41464e+06 1
4.41524e+06 1
4.41584e+06 1
4.41644e+06 1
4.41704e+06 1
4.41764e+06 1
4.41824e+06 1
4.41884e+06 1
4.41944e+06 1
4.42004e+06 1
4.42064e+06 1
4.42124e+06 1
4.42184e+06 1
4.42244e+06 1
4.42304e+06 1
4.42364e+06 1
4.42424e+06 1
4.42484e+06 1
4.42544e+06 1
4.42604e+06 1
4.42664e+06 1
4.42724e+06 1
4.42784e+06 1
4.42844e+06 1
4.42904e+06 1
4.42964e+06 1
4.43024e+06 1
4.43084e+06 1
4.43144e+06 1
4.43204e+06 1
4.43264e+06 1
4.43324e+06 1
4.43384e+06 1
4.43444e+06 1
4.43504e+06 1
4.43564e+06 1
4.43624e+06 1
4.43684e+06 1
4.43744e+06 1
4.43804e+06 1
4.43864e+06 1
4.43924e+06 1
4.43984e+06 1
4.44044e+06 1
4.44104e+06 1
4.44164e+06 1
4.44224e+06 1
4.44284e+06 1
4.44344e+06 1
4.44404e+06 1
4.44464e+06 1
4.44524e+06 1
4.44584e+06 1
4.44644e+06 1
4.44704e+06 1
4.44764e+06 1
4.44824e+06 1
4.44884e+06 1
4.44944e+06 1
4.45005e+06 1
4.45065e+06 1
4.45125e+06 1
4.45185e+06 1
4.45245e+06 1
4.45305e+06 1
4.45365e+06 1
4.45425e+06 1
4.45485e+06 1
4.45545e+06 1
4.45605e+06 1
4.45665e+06 1
4.45725e+06 1
4.45785e+06 1
4.45845e+06 1
4.45905e+06 1
4.45965e+06 1
4.46025e+06 1
4.46085e+06 1
4.46145e+06 1
4.46205e+06 1
4.46265e+06 1
4.46325e+06 1
4.46385e+06 1
4.46445e+06 1
4.46505e+06 1
4.46565e+06 1
4.46625e+06 1
4.46685e+06 1
4.46745e+06 1
4.46805e+06 1
4.46865e+06 1
4.46925e+06 1
4.46985e+06 1
4.47045e+06 1
4.47105e+06 1
4.47165e+06 1
4.47225e+06 1
4.47285e+06 1
4.47345e+06 1
4.47405e+06 1
4.47465e+06 1
4.47525e+06 1
4.47585e+06 1
4.47645e+06 1
4.47705e+06 1
4.47765e+06 1
4.47825e+06 1
4.47885e+06 1
4.47945e+06 1
4.48005e+06 1
4.48065e+06 1
4.48125e+06 1
4.48185e+06 1
4.48245e+06 1
4.48305e+06 1
4.48365e+06 1
4.48425e+06 1
4.48485e+06 1
4.48545e+06 1
4.48605e+06 1
4.48665e+06 1
4.48725e+06 1
4.48785e+06 1
4.48845e+06 1
4.48905e+06 1
4.48965e+06 1
4.49025e+06 1
4.49085e+06 1
4.49145e+06 1
4.49205e+06 1
4.49265e+06 1
4.49325e+06 1
4.49385e+06 1
4.49445e+06 1
4.49505e+06 1
4.49565e+06 1
4.49625e+06 1
4.49685e+06 1
4.49745e+06 1
4.49805e+06 1
4.49865e+06 1
4.49925e+06 1
4.49985e+06 1
4.50045e+06 1
4.50105e+06 1
4.50165e+06 1
4.50225e+06 1
4.50285e+06 1
4.50345e+06 1
4.50405e+06 1
4.50465e+06 1
4.50525e+06 1
4.50585e+06 1
4.50645e+06 1
4.50705e+06 1
4.50765e+06 1
4.50825e+06 1
4.50885e+06 1
4.50945e+06 1
4.51005e+06 1
4.51065e+06 1
4.51125e+06 1
4.51185e+06 1
4.51245e+06 1
4.51305e+06 1
4.51365e+06 1
4.51425e+06 1
4.51485e+06 1
4.51545e+06 1
4.51605e+06 1
4.51665e+06 1
4.51725e+06 1
4.51785e+06 1
4.51845e+06 1
4.51905e+06 1
4.51965e+06 1
4.52025e+06 1
4.52085e+06 1
4.52145e+06 1
4.52205e+06 1
4.52265e+06 1
4.52325e+06 1
4.52385e+06 1
4.52445e+06 1
4.52505e+06 1
4.52565e+06 1
4.52625e+06 1
4.52685e+06 1
4.52745e+06 1
4.52805e+06 1
4.52865e+06 1
4.52925e+06 1
4.52985e+06 1
4.53045e+06 1
4.53105e+06 1
4.53165e+06 1
4.53225e+06 1
4.53285e+06 1
4.53345e+06 1
4.53405e+06 1
4.53465e+06 1
4.53525e+06 1
4.53585e+06 1
4.53645e+06 1
4.53705e+06 1
4.53765e+06 1
4.53825e+06 1
4.53885e+06 1
4.53945e+06 1
4.54005e+06 1
4.54065e+06 1
4.54125e+06 1
4.54185e+06 1
4.54245e+06 1
4.54305e+06 1
4.54365e+06 1
4.54425e+06 1
4.54485e+06 1
4.54545e+06 1
4.54605e+06 1
4.54665e+06 1
4.54725e+06 1
4.54785e+06 1
4.54845e+06 1
4.54905e+06 1
4.54965e+06 1
4.55026e+06 1
4.55086e+06 1
4.55146e+06 1
4.55206e+06 1
4.55266e+06 1
4.55326e+06 1
4.55386e+06 1
4.55446e+06 1
4.55506e+06 1
4.55566e+06 1
4.55626e+06 1
4.55686e+06 1
4.55746e+06 1
4.55806e+06 1
4.55866e+06 1
4.55926e+06 1
4.55986e+06 1
4.56046e+06 1
4.56106e+06 1
4.56166e+06 1
4.56226e+06 1
4.56286e+06 1
4.56346e+06 1
4.56406e+06 1
4.56466e+06 1
4.56526e+06 1
4.56586e+06 1
4.56646e+06 1
4.56706e+06 1
4.56766e+06 1
4.56826e+06 1
4.56886e+06 1
4.56946e+06 1
4.57006e+06 1
4.57066e+06 1
4.57126e+06 1
4.57186e+06 1
4.57246e+06 1
4.57306e+06 1
4.57366e+06 1
4.57426e+06 1
4.57486e+06 1
4.57546e+06 1
4.57606e+06 1
4.57666e+06 1
4.57726e+06 1
4.57786e+06 1
4.57846e+06 1
4.57906e+06 1
4.57966e+06 1
4.58026e+06 1
4.58086e+06 1
4.58146e+06 1
4.58206e+06 1
4.58266e+06 1
4.58326e+06 1
4.58386e+06 1
4.58446e+06 1
4.58506e+06 1
4.58566e+06 1
4.58626e+06 1
4.58686e+06 1
4.58746e+06 1
4.58806e+06 1
4.58866e+06 1
4.58926e+06 1
4.58986e+06 1
4.59046e+06 1
4.59106e+06 1
4.59166e+06 1
4.59226e+06 1
4.59286e+06 1
4.59346e+06 1
4.59406e+06 1
4.59466e+06 1
4.59526e+06 1
4.59586e+06 1
4.59646e+06 1
4.59706e+06 1
4.59766e+06 1
4.59826e+06 1
4.59886e+06 1
4.59946e+06 1
4.60006e+06 1
4.60066e+06 1
4.60126e+06 1
4.60186e+06 1
4.60246e+06 1
4.60306e+06 1
4.60366e+06 1
4.60426e+06 1
4.60486e+06 1
4.60546e+06 1
4.60606e+06 1
4.60666e+06 1
4.60726e+06 1
4.60786e+06 1
4.60846e+06 1
4.60906e+06 1
4.60966e+06 1
4.61026e+06 1
4.61086e+06 1
4.61146e+06 1
4.61206e+06 1
4.61266e+06 1
4.61326e+06 1
4.61386e+06 1
4.61446e+06 1
4.61506e+06 1
4.61566e+06 1
4.61626e+06 1
4.61686e+06 1
4.61746e+06 1
4.61806e+06 1
4.61866e+06 1
4.61926e+06 1
4.61986e+06 1
4.62046e+06 1
4.62106e+06 1
4.62166e+06 1
4.62226e+06 1
4.62286e+06 1
4.62346e+06 1
4.62406e+06 1
4.62466e+06 1
4.62526e+06 1
4.62586e+06 1
4.62646e+06 1
4.62706e+06 1
4.62766e+06 1
4.62826e+06 1
4.62886e+06 1
4.62946e+06 1
4.63006e+06 1
4.63066e+06 1
4.63126e+06 1
4.63186e+06 1
4.63246e+06 1
4.63306e+06 1
4.63366e+06 1
4.63426e+06 1
4.63486e+06 1
4.63546e+06 1
4.63606e+06 1
4.63666e+06 1
4.63726e+06 1
4.63786e+06 1
4.63846e+06 1
4.63906e+06 1
4.63966e+06 1
4.64026e+06 1
4.64086e+06 1
4.64146e+06 1
4.64206e+06 1
4.64266e+06 1
4.64326e+06 1
4.64386e+06 1
4.64446e+06 1
4.64506e+06 1
4.64566e+06 1
4.64626e+06 1
4.64686e+06 1
4.64746e+06 1
4.64806e+06 1
4.64866e+06 1
4.64926e+06 1
4.64986e+06 1
4.65047e+06 1
4.65107e+06 1
4.65167e+06 1
4.65227e+06 1
4.65287e+06 1
4.65347e+06 1
4.65407e+06 1
4.65467e+06 1
4.65527e+06 1
4.65587e+06 1
4.65647e+06 1
4.65707e+06 1
4.65767e+06 1
4.65827e+06 1
4.65887e+06 1
4.65947e+06 1
4.66007e+06 1
4.66067e+06 1
4.66127e+06 1
4.66187e+06 1
4.66247e+06 1
4.66307e+06 1
4.66367e+06 1
4.66427e+06 1
4.66487e+06 1
4.66547e+06 1
4.66607e+06 1
4.66667e+06 1
4.66727e+06 1
4.66787e+06 1
4.66847e+06 1
4.66907e+06 1
4.66967e+06 1
4.67027e+06 1
4.67087e+06 1
4.67147e+06 1
4.67207e+06 1
4.67267e+06 1
4.67327e+06 1
4.67387e+06 1
4.67447e+06 1
4.67507e+06 1
4.67567e+06 1
4.67627e+06 1
4.67687e+06 1
4.67747e+06 1
4.67807e+06 1
4.67867e+06 1
4.67927e+06 1
4.67987e+06 1
4.68047e+06 1
4.68107e+06 1
4.68167e+06 1
4.68227e+06 1
4.68287e+06 1
4.68347e+06 1
4.68407e+06 1
4.68467e+06 1
4.68527e+06 1
4.68587e+06 1
4.68647e+06 1
4.68707e+06 1
4.68767e+06 1
4.68827e+06 1
4.68887e+06 1
4.68947e+06 1
4.69007e+06 1
4.69067e+06 1
4.69127e+06 1
4.69187e+06 1
4.69247e+06 1
4.69307e+06 1
4.69367e+06 1
4.69427e+06 1
4.69487e+06 1
4.69547e+06 1
4.69607e+06 1
4.69667e+06 1
4.69727e+06 1
4.69787e+06 1
4.69847e+06 1
4.69907e+06 1
4.69967e+06 1
4.70027e+06 1
4.70087e+06 1
4.70147e+06 1
4.70207e+06 1
4.70267e+06 1
4.70327e+06 1
4.70387e+06 1
4.70447e+06 1
4.70507e+06 1
4.70567e+06 1
4.70627e+06 1
4.70687e+06 1
4.70747e+06 1
4.70807e+06 1
4.70867e+06 1
4.70927e+06 1
4.70987e+06 1
4.71047e+06 1
4.71107e+06 1
4.71167e+06 1
4.71227e+06 1
4.71287e+06 1
4.71347e+06 1
4.71407e+06 1
4.71467e+06 1
4.71527e+06 1
4.71587e+06 1
4.71647e+06 1
4.71707e+06 1
4.71767e+06 1
4.71827e+06 1
4.71887e+06 1
4.71947e+06 1
4.72007e+06 1
4.72067e+06 1
4.72127e+06 1
4.72187e+06 1
4.72247e+06 1
4.72307e+06 1
4.72367e+06 1
4.72427e+06 1
4.72487e+06 1
4.72547e+06 1
4.72607e+06 1
4.72667e+06 1
4.72727e+06 1
4.72787e+06 1
4.72847e+06 1
4.72907e+06 1
4.72967e+06 1
4.73027e+06 1
4.73087e+06 1
4.73147e+06 1
4.73207e+06 1
4.73267e+06 1
4.73327e+06 1
4.73387e+06 1
4.73447e+06 1
4.73507e+06 1
4.73567e+06 1
4.73627e+06 1
4.73687e+06 1
4.73747e+06 1
4.73807e+06 1
4.73867e+06 1
4.73927e+06 1
4.73987e+06 1
4.74047e+06 1
4.74107e+06 1
4.74167e+06 1
4.74227e+06 1
4.74287e+06 1
4.74347e+06 1
4.74407e+06 1
4.74467e+06 1
4.74527e+06 1
4.74587e+06 1
4.74647e+06 1
4.74707e+06 1
4.74767e+06 1
4.74827e+06 1
4.74887e+06 1
4.74947e+06 1
4.75008e+06 1
4.75068e+06 1
4.75128e+06 1
4.75188e+06 1
4.75248e+06 1
4.75308e+06 1
4.75368e+06 1
4.75428e+06 1
4.75488e+06 1
4.75548e+06 1
4.75608e+06 1
4.75668e+06 1
4.75728e+06 1
4.75788e+06 1
4.75848e+06 1
4.75908e+06 1
4.75968e+06 1
4.76028e+06 1
4.76088e+06 1
4.76148e+06 1
4.76208e+06 1
4.76268e+06 1
4.76328e+06 1
4.76388e+06 1
4.76448e+06 1
4.76508e+06 1
4.76568e+06 1
4.76628e+06 1
4.76688e+06 1
4.76748e+06 1
4.76808e+06 1
4.76868e+06 1
4.76928e+06 1
4.76988e+06 1
4.77048e+06 1
4.77108e+06 1
4.77168e+06 1
4.77228e+06 1
4.77288e+06 1
4.77348e+06 1
4.77408e+06 1
4.77468e+06 1
4.77528e+06 1
4.77588e+06 1
4.77648e+06 1
4.77708e+06 1
4.77768e+06 1
4.77828e+06 1
4.77888e+06 1
4.77948e+06 1
4.78008e+06 1
4.78068e+06 1
4.78128e+06 1
4.78188e+06 1
4.78248e+06 1
4.78308e+06 1
4.78368e+06 1
4.78428e+06 1
4.78488e+06 1
4.78548e+06 1
4.78608e+06 1
4.78668e+06 1
4.78728e+06 1
4.78788e+06 1
4.78848e+06 1
4.78908e+06 1
4.78968e+06 1
4.79028e+06 1
4.79088e+06 1
4.79148e+06 1
4.79208e+06 1
4.79268e+06 1
4.79328e+06 1
4.79388e+06 1
4.79448e+06 1
4.79508e+06 1
4.79568e+06 1
4.79628e+06 1
4.79688e+06 1
4.79748e+06 1
4.79808e+06 1
4.79868e+06 1
4.79928e+06 1
4.79988e+06 1
4.80048e+06 1
4.80108e+06 1
4.80168e+06 1
4.80228e+06 1
4.80288e+06 1
4.80348e+06 1
4.80408e+06 1
4.80468e+06 1
4.80528e+06 1
4.80588e+06 1
4.80648e+06 1
4.80708e+06 1
4.80768e+06 1
4.80828e+06 1
4.80888e+06 1
4.80948e+06 1
4.81008e+06 1
4.81068e+06 1
4.81128e+06 1
4.81188e+06 1
4.81248e+06 1
4.81308e+06 1
4.81368e+06 1
4.81428e+06 1
4.81488e+06 1
4.81548e+06 1
4.81608e+06 1
4.81668e+06 1
4.81728e+06 1
4.81788e+06 1
4.81848e+06 1
4.81908e+06 1
4.81968e+06 1
4.82028e+06 1
4.82088e+06 1
4.82148e+06 1
4.82208e+06 1
4.82268e+06 1
4.82328e+06 1
4.82388e+06 1
4.82448e+06 1
4.82508e+06 1
4.82568e+06 1
4.82628e+06 1
4.82688e+06 1
4.82748e+06 1
4.82808e+06 1
4.82868e+06 1
4.82928e+06 1
4.82988e+06 1
4.83048e+06 1
4.83108e+06 1
4.83168e+06 1
4.83228e+06 1
4.83288e+06 1
4.83348e+06 1
4.83408e+06 1
4.83468e+06 1
4.83528e+06 1
4.83588e+06 1
4.83648e+06 1
4.83708e+06 1
4.83768e+06 1
4.83828e+06 1
4.83888e+06 1
4.83948e+06 1
4.84008e+06 1
4.84068e+06 1
4.84128e+06 1
4.84188e+06 1
4.84248e+06 1
4.84308e+06 1
4.84368e+06 1
4.84428e+06 1
4.84488e+06 1
4.84548e+06 1
4.84608e+06 1
4.84668e+06 1
4.84728e+06 1
4.84788e+06 1
4.84848e+06 1
4.84908e+06 1
4.84968e+06 1
4.85029e+06 1
4.85089e+06 1
4.85149e+06 1
4.85209e+06 1
4.85269e+06 1
4.85329e+06 1
4.85389e+06 1
4.85449e+06 1
4.85509e+06 1
4.85569e+06 1
4.85629e+06 1
4.85689e+06 1
4.85749e+06 1
4.85809e+06 1
4.85869e+06 1
4.85929e+06 1
4.85989e+06 1
4.86049e+06 1
4.86109e+06 1
4.86169e+06 1
4.86229e+06 1
4.86289e+06 1
4.86349e+06 1
4.86409e+06 1
4.86469e+06 1
4.86529e+06 1
4.86589e+06 1
4.86649e+06 1
4.86709e+06 1
4.86769e+06 1
4.86829e+06 1
4.86889e+06 1
4.86949e+06 1
4.87009e+06 1
4.87069e+06 1
4.87129e+06 1
4.87189e+06 1
4.87249e+06 1
4.87309e+06 1
4.87369e+06 1
4.87429e+06 1
4.87489e+06 1
4.87549e+06 1
4.87609e+06 1
4.87669e+06 1
4.87729e+06 1
4.87789e+06 1
4.87849e+06 1
4.87909e+06 1
4.87969e+06 1
4.88029e+06 1
4.88089e+06 1
4.88149e+06 1
4.88209e+06 1
4.88269e+06 1
4.88329e+06 1
4.88389e+06 1
4.88449e+06 1
4.88509e+06 1
4.88569e+06 1
4.88629e+06 1
4.88689e+06 1
4.88749e+06 1
4.88809e+06 1
4.88869e+06 1
4.88929e+06 1
4.88989e+06 1
4.89049e+06 1
4.89109e+06 1
4.89169e+06 1
4.89229e+06 1
4.89289e+06 1
4.89349e+06 1
4.89409e+06 1
4.89469e+06 1
4.89529e+06 1
4.89589e+06 1
4.89649e+06 1
4.89709e+06 1
4.89769e+06 1
4.89829e+06 1
4.89889e+06 1
4.89949e+06 1
4.90009e+06 1
4.90069e+06 1
4.90129e+06 1
4.90189e+06 1
4.90249e+06 1
4.90309e+06 1
4.90369e+06 1
4.90429e+06 1
4.90489e+06 1
4.90549e+06 1
4.90609e+06 1
4.90669e+06 1
4.90729e+06 1
4.90789e+06 1
4.90849e+06 1
4.90909e+06 1
4.90969e+06 1
4.91029e+06 1
4.91089e+06 1
4.91149e+06 1
4.91209e+06 1
4.91269e+06 1
4.91329e+06 1
4.91389e+06 1
4.91449e+06 1
4.91509e+06 1
4.91569e+06 1
4.91629e+06 1
4.91689e+06 1
4.91749e+06 1
4.91809e+06 1
4.91869e+06 1
4.91929e+06 1
4.91989e+06 1
4.92049e+06 1
4.92109e+06 1
4.92169e+06 1
4.92229e+06 1
4.92289e+06 1
4.92349e+06 1
4.92409e+06 1
4.92469e+06 1
4.92529e+06 1
4.92589e+06 1
4.92649e+06 1
4.92709e+06 1
4.92769e+06 1
4.92829e+06 1
4.92889e+06 1
4.92949e+06 1
4.93009e+06 1
4.93069e+06 1
4.93129e+06 1
4.93189e+06 1
4.93249e+06 1
4.93309e+06 1
4.93369e+06 1
4.93429e+06 1
4.93489e+06 1
4.93549e+06 1
4.93609e+06 1
4.93669e+06 1
4.93729e+06 1
4.93789e+06 1
4.93849e+06 1
4.93909e+06 1
4.93969e+06 1
4.94029e+06 1
4.94089e+06 1
4.94149e+06 1
4.94209e+06 1
4.94269e+06 1
4.94329e+06 1
4.94389e+06 1
4.94449e+06 1
4.94509e+06 1
4.94569e+06 1
4.94629e+06 1
4.94689e+06 1
4.94749e+06 1
4.94809e+06 1
4.94869e+06 1
4.94929e+06 1
4.94989e+06 1
4.9505e+06 1
4.9511e+06 1
4.9517e+06 1
4.9523e+06 1
4.9529e+06 1
4.9535e+06 1
4.9541e+06 1
4.9547e+06 1
4.9553e+06 1
4.9559e+06 1
4.9565e+06 1
4.9571e+06 1
4.9577e+06 1
4.9583e+06 1
4.9589e+06 1
4.9595e+06 1
4.9601e+06 1
4.9607e+06 1
4.9613e+06 1
4.9619e+06 1
4.9625e+06 1
4.9631e+06 1
4.9637e+06 1
4.9643e+06 1
4.9649e+06 1
4.9655e+06 1
4.9661e+06 1
4.9667e+06 1
4.9673e+06 1
4.9679e+06 1
4.9685e+06 1
4.9691e+06 1
4.9697e+06 1
4.9703e+06 1
4.9709e+06 1
4.9715e+06 1
4.9721e+06 1
4.9727e+06 1
4.9733e+06 1
4.9739e+06 1
4.9745e+06 1
4.9751e+06 1
4.9757e+06 1
4.9763e+06 1
4.9769e+06 1
4.9775e+06 1
4.9781e+06 1
4.9787e+06 1
4.9793e+06 1
4.9799e+06 1
4.9805e+06 1
4.9811e+06 1
4.9817e+06 1
4.9823e+06 1
4.9829e+06 1
4.9835e+06 1
4.9841e+06 1
4.9847e+06 1
4.9853e+06 1
4.9859e+06 1
4.9865e+06 1
4.9871e+06 1
4.9877e+06 1
4.9883e+06 1
4.9889e+06 1
4.9895e+06 1
4.9901e+06 1
4.9907e+06 1
4.9913e+06 1
4.9919e+06 1
4.9925e+06 1
4.9931e+06 1
4.9937e+06 1
4.9943e+06 1
4.9949e+06 1
4.9955e+06 1
4.9961e+06 1
4.9967e+06 1
4.9973e+06 1
4.9979e+06 1
4.9985e+06 1
4.9991e+06 1
4.9997e+06 1
5.0003e+06 1
5.0009e+06 1
5.0015e+06 1
5.0021e+06 1
5.0027e+06 1
5.0033e+06 1
5.0039e+06 1
5.0045e+06 1
5.0051e+06 1
5.0057e+06 1
5.0063e+06 1
5.0069e+06 1
5.0075e+06 1
5.0081e+06 1
5.0087e+06 1
5.0093e+06 1
5.0099e+06 1
5.0105e+06 1
5.0111e+06 1
5.0117e+06 1
5.0123e+06 1
5.0129e+06 1
5.0135e+06 1
5.0141e+06 1
5.0147e+06 1
5.0153e+06 1
5.0159e+06 1
5.0165e+06 1
5.0171e+06 1
5.0177e+06 1
5.0183e+06 1
5.0189e+06 1
5.0195e+06 1
5.0201e+06 1
5.0207e+06 1
5.0213e+06 1
5.0219e+06 1
5.0225e+06 1
5.0231e+06 1
5.0237e+06 1
5.0243e+06 1
5.0249e+06 1
5.0255e+06 1
5.0261e+06 1
5.0267e+06 1
5.0273e+06 1
5.0279e+06 1
5.0285e+06 1
5.0291e+06 1
5.0297e+06 1
5.0303e+06 1
5.0309e+06 1
5.0315e+06 1
5.0321e+06 1
5.0327e+06 1
5.0333e+06 1
5.0339e+06 1
5.0345e+06 1
5.0351e+06 1
5.0357e+06 1
5.0363e+06 1
5.0369e+06 1
5.0375e+06 1
5.0381e+06 1
5.0387e+06 1
5.0393e+06 1
5.0399e+06 1
5.0405e+06 1
5.0411e+06 1
5.0417e+06 1
5.0423e+06 1
5.0429e+06 1
5.0435e+06 1
5.0441e+06 1
5.0447e+06 1
5.0453e+06 1
5.0459e+06 1
5.0465e+06 1
5.0471e+06 1
5.0477e+06 1
5.0483e+06 1
5.0489e+06 1
5.0495e+06 1
5.05011e+06 1
5.05071e+06 1
5.05131e+06 1
5.05191e+06 1
5.05251e+06 1
5.05311e+06 1
5.05371e+06 1
5.05431e+06 1
5.05491e+06 1
5.05551e+06 1
5.05611e+06 1
5.05671e+06 1
5.05731e+06 1
5.05791e+06 1
5.05851e+06 1
5.05911e+06 1
5.05971e+06 1
5.06031e+06 1
5.06091e+06 1
5.06151e+06 1
5.06211e+06 1
5.06271e+06 1
5.06331e+06 1
5.06391e+06 1
5.06451e+06 1
5.06511e+06 1
5.06571e+06 1
5.06631e+06 1
5.06691e+06 1
5.06751e+06 1
5.06811e+06 1
5.06871e+06 1
5.06931e+06 1
5.06991e+06 1
5.07051e+06 1
5.07111e+06 1
5.07171e+06 1
5.07231e+06 1
5.07291e+06 1
5.07351e+06 1
5.07411e+06 1
5.07471e+06 1
5.07531e+06 1
5.07591e+06 1
5.07651e+06 1
5.07711e+06 1
5.07771e+06 1
5.07831e+06 1
5.07891e+06 1
5.07951e+06 1
5.08011e+06 1
5.08071e+06 1
5.08131e+06 1
5.08191e+06 1
5.08251e+06 1
5.08311e+06 1
5.08371e+06 1
5.08431e+06 1
5.08491e+06 1
5.08551e+06 1
5.08611e+06 1
5.08671e+06 1
5.08731e+06 1
5.08791e+06 1
5.08851e+06 1
5.08911e+06 1
5.08971e+06 1
5.09031e+06 1
5.09091e+06 1
5.09151e+06 1
5.09211e+06 1
5.09271e+06 1
5.09331e+06 1
5.09391e+06 1
5.09451e+06 1
5.09511e+06 1
5.09571e+06 1
5.09631e+06 1
5.09691e+06 1
5.09751e+06 1
5.09811e+06 1
5.09871e+06 1
5.09931e+06 1
5.09991e+06 1
5.10051e+06 1
5.10111e+06 1
5.10171e+06 1
5.10231e+06 1
5.10291e+06 1
5.10351e+06 1
5.10411e+06 1
5.10471e+06 1
5.10531e+06 1
5.10591e+06 1
5.10651e+06 1
5.10711e+06 1
5.10771e+06 1
5.10831e+06 1
5.10891e+06 1
5.10951e+06 1
5.11011e+06 1
5.11071e+06 1
5.11131e+06 1
5.11191e+06 1
5.11251e+06 1
5.11311e+06 1
5.11371e+06 1
5.11431e+06 1
5.11491e+06 1
5.11551e+06 1
5.11611e+06 1
5.11671e+06 1
5.11731e+06 1
5.11791e+06 1
5.11851e+06 1
5.11911e+06 1
5.11971e+06 1
5.12031e+06 1
5.12091e+06 1
5.12151e+06 1
5.12211e+06 1
5.12271e+06 1
5.12331e+06 1
5.12391e+06 1
5.12451e+06 1
5.12511e+06 1
5.12571e+06 1
5.12631e+06 1
5.12691e+06 1
5.12751e+06 1
5.12811e+06 1
5.12871e+06 1
5.12931e+06 1
5.12991e+06 1
5.13051e+06 1
5.13111e+06 1
5.13171e+06 1
5.13231e+06 1
5.13291e+06 1
5.13351e+06 1
5.13411e+06 1
5.13471e+06 1
5.13531e+06 1
5.13591e+06 1
5.13651e+06 1
5.13711e+06 1
5.13771e+06 1
5.13831e+06 1
5.13891e+06 1
5.13951e+06 1
5.14011e+06 1
5.14071e+06 1
5.14131e+06 1
5.14191e+06 1
5.14251e+06 1
5.14311e+06 1
5.14371e+06 1
5.14431e+06 1
5.14491e+06 1
5.14551e+06 1
5.14611e+06 1
5.14671e+06 1
5.14731e+06 1
5.14791e+06 1
5.14851e+06 1
5.14911e+06 1
5.14971e+06 1
5.15032e+06 1
5.15092e+06 1
5.15152e+06 1
5.15212e+06 1
5.15272e+06 1
5.15332e+06 1
5.15392e+06 1
5.15452e+06 1
5.15512e+06 1
5.15572e+06 1
5.15632e+06 1
5.15692e+06 1
5.15752e+06 1
5.15812e+06 1
5.15872e+06 1
5.15932e+06 1
5.15992e+06 1
5.16052e+06 1
5.16112e+06 1
5.16172e+06 1
5.16232e+06 1
5.16292e+06 1
5.16352e+06 1
5.16412e+06 1
5.16472e+06 1
5.16532e+06 1
5.16592e+06 1
5.16652e+06 1
5.16712e+06 1
5.16772e+06 1
5.16832e+06 1
5.16892e+06 1
5.16952e+06 1
5.17012e+06 1
5.17072e+06 1
5.17132e+06 1
5.17192e+06 1
5.17252e+06 1
5.17312e+06 1
5.17372e+06 1
5.17432e+06 1
5.17492e+06 1
5.17552e+06 1
5.17612e+06 1
5.17672e+06 1
5.17732e+06 1
5.17792e+06 1
5.17852e+06 1
5.17912e+06 1
5.17972e+06 1
5.18032e+06 1
5.18092e+06 1
5.18152e+06 1
5.18212e+06 1
5.18272e+06 1
5.18332e+06 1
5.18392e+06 1
5.18452e+06 1
5.18512e+06 1
5.18572e+06 1
5.18632e+06 1
5.18692e+06 1
5.18752e+06 1
5.18812e+06 1
5.18872e+06 1
5.18932e+06 1
5.18992e+06 1
5.19052e+06 1
5.19112e+06 1
5.19172e+06 1
5.19232e+06 1
5.19292e+06 1
5.19352e+06 1
5.19412e+06 1
5.19472e+06 1
5.19532e+06 1
5.19592e+06 1
5.19652e+06 1
5.19712e+06 1
5.19772e+06 1
5.19832e+06 1
5.19892e+06 1
5.19952e+06 1
5.20012e+06 1
5.20072e+06 1
5.20132e+06 1
5.20192e+06 1
5.20252e+06 1
5.20312e+06 1
5.20372e+06 1
5.20432e+06 1
5.20492e+06 1
5.20552e+06 1
5.20612e+06 1
5.20672e+06 1
5.20732e+06 1
5.20792e+06 1
5.20852e+06 1
5.20912e+06 1
5.20972e+06 1
5.21032e+06 1
5.21092e+06 1
5.21152e+06 1
5.21212e+06 1
5.21272e+06 1
5.21332e+06 1
5.21392e+06 1
5.21452e+06 1
5.21512e+06 1
5.21572e+06 1
5.21632e+06 1
5.21692e+06 1
5.21752e+06 1
5.21812e+06 1
5.21872e+06 1
5.21932e+06 1
5.21992e+06 1
5.22052e+06 1
5.22112e+06 1
5.22172e+06 1
5.22232e+06 1
5.22292e+06 1
5.22352e+06 1
5.22412e+06 1
5.22472e+06 1
5.22532e+06 1
5.22592e+06 1
5.22652e+06 1
5.22712e+06 1
5.22772e+06 1
5.22832e+06 1
5.22892e+06 1
5.22952e+06 1
5.23012e+06 1
5.23072e+06 1
5.23132e+06 1
5.23192e+06 1
5.23252e+06 1
5.23312e+06 1
5.23372e+06 1
5.23432e+06 1
5.23492e+06 1
5.23552e+06 1
5.23612e+06 1
5.23672e+06 1
5.23732e+06 1
5.23792e+06 1
5.23852e+06 1
5.23912e+06 1
5.23972e+06 1
5.24032e+06 1
5.24092e+06 1
5.24152e+06 1
5.24212e+06 1
5.24272e+06 1
5.24332e+06 1
5.24392e+06 1
5.24452e+06 1
5.24512e+06 1
5.24572e+06 1
5.24632e+06 1
5.24692e+06 1
5.24752e+06 1
5.24812e+06 1
5.24872e+06 1
5.24932e+06 1
5.24992e+06 1
5.25053e+06 1
5.25113e+06 1
5.25173e+06 1
5.25233e+06 1
5.25293e+06 1
5.25353e+06 1
5.25413e+06 1
5.25473e+06 1
5.25533e+06 1
5.25593e+06 1
5.25653e+06 1
5.25713e+06 1
5.25773e+06 1
5.25833e+06 1
5.25893e+06 1
5.25953e+06 1
5.26013e+06 1
5.26073e+06 1
5.26133e+06 1
5.26193e+06 1
5.26253e+06 1
5.26313e+06 1
5.26373e+06 1
5.26433e+06 1
5.26493e+06 1
5.26553e+06 1
5.26613e+06 1
5.26673e+06 1
5.26733e+06 1
5.26793e+06 1
5.26853e+06 1
5.26913e+06 1
5.26973e+06 1
5.27033e+06 1
5.27093e+06 1
5.27153e+06 1
5.27213e+06 1
5.27273e+06 1
5.27333e+06 1
5.27393e+06 1
5.27453e+06 1
5.27513e+06 1
5.27573e+06 1
5.27633e+06 1
5.27693e+06 1
5.27753e+06 1
5.27813e+06 1
5.27873e+06 1
5.27933e+06 1
5.27993e+06 1
5.28053e+06 1
5.28113e+06 1
5.28173e+06 1
5.28233e+06 1
5.28293e+06 1
5.28353e+06 1
5.28413e+06 1
5.28473e+06 1
5.28533e+06 1
5.28593e+06 1
5.28653e+06 1
5.28713e+06 1
5.28773e+06 1
5.28833e+06 1
5.28893e+06 1
5.28953e+06 1
5.29013e+06 1
5.29073e+06 1
5.29133e+06 1
5.29193e+06 1
5.29253e+06 1
5.29313e+06 1
5.29373e+06 1
5.29433e+06 1
5.29493e+06 1
5.29553e+06 1
5.29613e+06 1
5.29673e+06 1
5.29733e+06 1
5.29793e+06 1
5.29853e+06 1
5.29913e+06 1
5.29973e+06 1
5.30033e+06 1
5.30093e+06 1
5.30153e+06 1
5.30213e+06 1
5.30273e+06 1
5.30333e+06 1
5.30393e+06 1
5.30453e+06 1
5.30513e+06 1
5.30573e+06 1
5.30633e+06 1
5.30693e+06 1
5.30753e+06 1
5.30813e+06 1
5.30873e+06 1
5.30933e+06 1
5.30993e+06 1
5.31053e+06 1
5.31113e+06 1
5.31173e+06 1
5.31233e+06 1
5.31293e+06 1
5.31353e+06 1
5.31413e+06 1
5.31473e+06 1
5.31533e+06 1
5.31593e+06 1
5.31653e+06 1
5.31713e+06 1
5.31773e+06 1
5.31833e+06 1
5.31893e+06 1
5.31953e+06 1
5.32013e+06 1
5.32073e+06 1
5.32133e+06 1
5.32193e+06 1
5.32253e+06 1
5.32313e+06 1
5.32373e+06 1
5.32433e+06 1
5.32493e+06 1
5.32553e+06 1
5.32613e+06 1
5.32673e+06 1
5.32733e+06 1
5.32793e+06 1
5.32853e+06 1
5.32913e+06 1
5.32973e+06 1
5.33033e+06 1
5.33093e+06 1
5.33153e+06 1
5.33213e+06 1
5.33273e+06 1
5.33333e+06 1
5.33393e+06 1
5.33453e+06 1
5.33513e+06 1
5.33573e+06 1
5.33633e+06 1
5.33693e+06 1
5.33753e+06 1
5.33813e+06 1
5.33873e+06 1
5.33933e+06 1
5.33993e+06 1
5.34053e+06 1
5.34113e+06 1
5.34173e+06 1
5.34233e+06 1
5.34293e+06 1
5.34353e+06 1
5.34413e+06 1
5.34473e+06 1
5.34533e+06 1
5.34593e+06 1
5.34653e+06 1
5.34713e+06 1
5.34773e+06 1
5.34833e+06 1
5.34893e+06 1
5.34953e+06 1
5.35014e+06 1
5.35074e+06 1
5.35134e+06 1
5.35194e+06 1
5.35254e+06 1
5.35314e+06 1
5.35374e+06 1
5.35434e+06 1
5.35494e+06 1
5.35554e+06 1
5.35614e+06 1
5.35674e+06 1
5.35734e+06 1
5.35794e+06 1
5.35854e+06 1
5.35914e+06 1
5.35974e+06 1
5.36034e+06 1
5.36094e+06 1
5.36154e+06 1
5.36214e+06 1
5.36274e+06 1
5.36334e+06 1
5.36394e+06 1
5.36454e+06 1
5.36514e+06 1
5.36574e+06 1
5.36634e+06 1
5.36694e+06 1
5.36754e+06 1
5.36814e+06 1
5.36874e+06 1
5.36934e+06 1
5.36994e+06 1
5.37054e+06 1
5.37114e+06 1
5.37174e+06 1
5.37234e+06 1
5.37294e+06 1
5.37354e+06 1
5.37414e+06 1
5.37474e+06 1
5.37534e+06 1
5.37594e+06 1
5.37654e+06 1
5.37714e+06 1
5.37774e+06 1
5.37834e+06 1
5.37894e+06 1
5.37954e+06 1
5.38014e+06 1
5.38074e+06 1
5.38134e+06 1
5.38194e+06 1
5.38254e+06 1
5.38314e+06 1
5.38374e+06 1
5.38434e+06 1
5.38494e+06 1
5.38554e+06 1
5.38614e+06 1
5.38674e+06 1
5.38734e+06 1
5.38794e+06 1
5.38854e+06 1
5.38914e+06 1
5.38974e+06 1
5.39034e+06 1
5.39094e+06 1
5.39154e+06 1
5.39214e+06 1
5.39274e+06 1
5.39334e+06 1
5.39394e+06 1
5.39454e+06 1
5.39514e+06 1
5.39574e+06 1
5.39634e+06 1
5.39694e+06 1
5.39754e+06 1
5.39814e+06 1
5.39874e+06 1
5.39934e+06 1
5.39994e+06 1
5.40054e+06 1
5.40114e+06 1
5.40174e+06 1
5.40234e+06 1
5.40294e+06 1
5.40354e+06 1
5.40414e+06 1
5.40474e+06 1
5.40534e+06 1
5.40594e+06 1
5.40654e+06 1
5.40714e+06 1
5.40774e+06 1
5.40834e+06 1
5.40894e+06 1
5.40954e+06 1
5.41014e+06 1
5.41074e+06 1
5.41134e+06 1
5.41194e+06 1
5.41254e+06 1
5.41314e+06 1
5.41374e+06 1
5.41434e+06 1
5.41494e+06 1
5.41554e+06 1
5.41614e+06 1
5.41674e+06 1
5.41734e+06 1
5.41794e+06 1
5.41854e+06 1
5.41914e+06 1
5.41974e+06 1
5.42034e+06 1
5.42094e+06 1
5.42154e+06 1
5.42214e+06 1
5.42274e+06 1
5.42334e+06 1
5.42394e+06 1
5.42454e+06 1
5.42514e+06 1
5.42574e+06 1
5.42634e+06 1
5.42694e+06 1
5.42754e+06 1
5.42814e+06 1
5.42874e+06 1
5.42934e+06 1
5.42994e+06 1
5.43054e+06 1
5.43114e+06 1
5.43174e+06 1
5.43234e+06 1
5.43294e+06 1
5.43354e+06 1
5.43414e+06 1
5.43474e+06 1
5.43534e+06 1
5.43594e+06 1
5.43654e+06 1
5.43714e+06 1
5.43774e+06 1
5.43834e+06 1
5.43894e+06 1
5.43954e+06 1
5.44014e+06 1
5.44074e+06 1
5.44134e+06 1
5.44194e+06 1
5.44254e+06 1
5.44314e+06 1
5.44374e+06 1
5.44434e+06 1
5.44494e+06 1
5.44554e+06 1
5.44614e+06 1
5.44674e+06 1
5.44734e+06 1
5.44794e+06 1
5.44854e+06 1
5.44914e+06 1
5.44974e+06 1
5.45035e+06 1
5.45095e+06 1
5.45155e+06 1
5.45215e+06 1
5.45275e+06 1
5.45335e+06 1
5.45395e+06 1
5.45455e+06 1
5.45515e+06 1
5.45575e+06 1
5.45635e+06 1
5.45695e+06 1
5.45755e+06 1
5.45815e+06 1
5.45875e+06 1
5.45935e+06 1
5.45995e+06 1
5.46055e+06 1
5.46115e+06 1
5.46175e+06 1
5.46235e+06 1
5.46295e+06 1
5.46355e+06 1
5.46415e+06 1
5.46475e+06 1
5.46535e+06 1
5.46595e+06 1
5.46655e+06 1
5.46715e+06 1
5.46775e+06 1
5.46835e+06 1
5.46895e+06 1
5.46955e+06 1
5.47015e+06 1
5.47075e+06 1
5.47135e+06 1
5.47195e+06 1
5.47255e+06 1
5.47315e+06 1
5.47375e+06 1
5.47435e+06 1
5.47495e+06 1
5.47555e+06 1
5.47615e+06 1
5.47675e+06 1
5.47735e+06 1
5.47795e+06 1
5.47855e+06 1
5.47915e+06 1
5.47975e+06 1
5.48035e+06 1
5.48095e+06 1
5.48155e+06 1
5.48215e+06 1
5.48275e+06 1
5.48335e+06 1
5.48395e+06 1
5.48455e+06 1
5.48515e+06 1
5.48575e+06 1
5.48635e+06 1
5.48695e+06 1
5.48755e+06 1
5.48815e+06 1
5.48875e+06 1
5.48935e+06 1
5.48995e+06 1
5.49055e+06 1
5.49115e+06 1
5.49175e+06 1
5.49235e+06 1
5.49295e+06 1
5.49355e+06 1
5.49415e+06 1
5.49475e+06 1
5.49535e+06 1
5.49595e+06 1
5.49655e+06 1
5.49715e+06 1
5.49775e+06 1
5.49835e+06 1
5.49895e+06 1
5.49955e+06 1
5.50015e+06 1
5.50075e+06 1
5.50135e+06 1
5.50195e+06 1
5.50255e+06 1
5.50315e+06 1
5.50375e+06 1
5.50435e+06 1
5.50495e+06 1
5.50555e+06 1
5.50615e+06 1
5.50675e+06 1
5.50735e+06 1
5.50795e+06 1
5.50855e+06 1
5.50915e+06 1
5.50975e+06 1
5.51035e+06 1
5.51095e+06 1
5.51155e+06 1
5.51215e+06 1
5.51275e+06 1
5.51335e+06 1
5.51395e+06 1
5.51455e+06 1
5.51515e+06 1
5.51575e+06 1
5.51635e+06 1
5.51695e+06 1
5.51755e+06 1
5.51815e+06 1
5.51875e+06 1
5.51935e+06 1
5.51995e+06 1
5.52055e+06 1
5.52115e+06 1
5.52175e+06 1
5.52235e+06 1
5.52295e+06 1
5.52355e+06 1
5.52415e+06 1
5.52475e+06 1
5.52535e+06 1
5.52595e+06 1
5.52655e+06 1
5.52715e+06 1
5.52775e+06 1
5.52835e+06 1
5.52895e+06 1
5.52955e+06 1
5.53015e+06 1
5.53075e+06 1
5.53135e+06 1
5.53195e+06 1
5.53255e+06 1
5.53315e+06 1
5.53375e+06 1
5.53435e+06 1
5.53495e+06 1
5.53555e+06 1
5.53615e+06 1
5.53675e+06 1
5.53735e+06 1
5.53795e+06 1
5.53855e+06 1
5.53915e+06 1
5.53975e+06 1
5.54035e+06 1
5.54095e+06 1
5.54155e+06 1
5.54215e+06 1
5.54275e+06 1
5.54335e+06 1
5.54395e+06 1
5.54455e+06 1
5.54515e+06 1
5.54575e+06 1
5.54635e+06 1
5.54695e+06 1
5.54755e+06 1
5.54815e+06 1
5.54875e+06 1
5.54935e+06 1
5.54995e+06 1
5.55056e+06 1
5.55116e+06 1
5.55176e+06 1
5.55236e+06 1
5.55296e+06 1
5.55356e+06 1
5.55416e+06 1
5.55476e+06 1
5.55536e+06 1
5.55596e+06 1
5.55656e+06 1
5.55716e+06 1
5.55776e+06 1
5.55836e+06 1
5.55896e+06 1
5.55956e+06 1
5.56016e+06 1
5.56076e+06 1
5.56136e+06 1
5.56196e+06 1
5.56256e+06 1
5.56316e+06 1
5.56376e+06 1
5.56436e+06 1
5.56496e+06 1
5.56556e+06 1
5.56616e+06 1
5.56676e+06 1
5.56736e+06 1
5.56796e+06 1
5.56856e+06 1
5.56916e+06 1
5.56976e+06 1
5.57036e+06 1
5.57096e+06 1
5.57156e+06 1
5.57216e+06 1
5.57276e+06 1
5.57336e+06 1
5.57396e+06 1
5.57456e+06 1
5.57516e+06 1
5.57576e+06 1
5.57636e+06 1
5.57696e+06 1
5.57756e+06 1
5.57816e+06 1
5.57876e+06 1
5.57936e+06 1
5.57996e+06 1
5.58056e+06 1
5.58116e+06 1
5.58176e+06 1
5.58236e+06 1
5.58296e+06 1
5.58356e+06 1
5.58416e+06 1
5.58476e+06 1
5.58536e+06 1
5.58596e+06 1
5.58656e+06 1
5.58716e+06 1
5.58776e+06 1
5.58836e+06 1
5.58896e+06 1
5.58956e+06 1
5.59016e+06 1
5.59076e+06 1
5.59136e+06 1
5.59196e+06 1
5.59256e+06 1
5.59316e+06 1
5.59376e+06 1
5.59436e+06 1
5.59496e+06 1
5.59556e+06 1
5.59616e+06 1
5.59676e+06 1
5.59736e+06 1
5.59796e+06 1
5.59856e+06 1
5.59916e+06 1
5.59976e+06 1
5.60036e+06 1
5.60096e+06 1
5.60156e+06 1
5.60216e+06 1
5.60276e+06 1
5.60336e+06 1
5.60396e+06 1
5.60456e+06 1
5.60516e+06 1
5.60576e+06 1
5.60636e+06 1
5.60696e+06 1
5.60756e+06 1
5.60816e+06 1
5.60876e+06 1
5.60936e+06 1
5.60996e+06 1
5.61056e+06 1
5.61116e+06 1
5.61176e+06 1
5.61236e+06 1
5.61296e+06 1
5.61356e+06 1
5.61416e+06 1
5.61476e+06 1
5.61536e+06 1
5.61596e+06 1
5.61656e+06 1
5.61716e+06 1
5.61776e+06 1
5.61836e+06 1
5.61896e+06 1
5.61956e+06 1
5.62016e+06 1
5.62076e+06 1
5.62136e+06 1
5.62196e+06 1
5.62256e+06 1
5.62316e+06 1
5.62376e+06 1
5.62436e+06 1
5.62496e+06 1
5.62556e+06 1
5.62616e+06 1
5.62676e+06 1
5.62736e+06 1
5.62796e+06 1
5.62856e+06 1
5.62916e+06 1
5.62976e+06 1
5.63036e+06 1
5.63096e+06 1
5.63156e+06 1
5.63216e+06 1
5.63276e+06 1
5.63336e+06 1
5.63396e+06 1
5.63456e+06 1
5.63516e+06 1
5.63576e+06 1
5.63636e+06 1
5.63696e+06 1
5.63756e+06 1
5.63816e+06 1
5.63876e+06 1
5.63936e+06 1
5.63996e+06 1
5.64056e+06 1
5.64116e+06 1
5.64176e+06 1
5.64236e+06 1
5.64296e+06 1
5.64356e+06 1
5.64416e+06 1
5.64476e+06 1
5.64536e+06 1
5.64596e+06 1
5.64656e+06 1
5.64716e+06 1
5.64776e+06 1
5.64836e+06 1
5.64896e+06 1
5.64956e+06 1
5.65017e+06 1
5.65077e+06 1
5.65137e+06 1
5.65197e+06 1
5.65257e+06 1
5.65317e+06 1
5.65377e+06 1
5.65437e+06 1
5.65497e+06 1
5.65557e+06 1
5.65617e+06 1
5.65677e+06 1
5.65737e+06 1
5.65797e+06 1
5.65857e+06 1
5.65917e+06 1
5.65977e+06 1
5.66037e+06 1
5.66097e+06 1
5.66157e+06 1
5.66217e+06 1
5.66277e+06 1
5.66337e+06 1
5.66397e+06 1
5.66457e+06 1
5.66517e+06 1
5.66577e+06 1
5.66637e+06 1
5.66697e+06 1
5.66757e+06 1
5.66817e+06 1
5.66877e+06 1
5.66937e+06 1
5.66997e+06 1
5.67057e+06 1
5.67117e+06 1
5.67177e+06 1
5.67237e+06 1
5.67297e+06 1
5.67357e+06 1
5.67417e+06 1
5.67477e+06 1
5.67537e+06 1
5.67597e+06 1
5.67657e+06 1
5.67717e+06 1
5.67777e+06 1
5.67837e+06 1
5.67897e+06 1
5.67957e+06 1
5.68017e+06 1
5.68077e+06 1
5.68137e+06 1
5.68197e+06 1
5.68257e+06 1
5.68317e+06 1
5.68377e+06 1
5.68437e+06 1
5.68497e+06 1
5.68557e+06 1
5.68617e+06 1
5.68677e+06 1
5.68737e+06 1
5.68797e+06 1
5.68857e+06 1
5.68917e+06 1
5.68977e+06 1
5.69037e+06 1
5.69097e+06 1
5.69157e+06 1
5.69217e+06 1
5.69277e+06 1
5.69337e+06 1
5.69397e+06 1
5.69457e+06 1
5.69517e+06 1
5.69577e+06 1
5.69637e+06 1
5.69697e+06 1
5.69757e+06 1
5.69817e+06 1
5.69877e+06 1
5.69937e+06 1
5.69997e+06 1
5.70057e+06 1
5.70117e+06 1
5.70177e+06 1
5.70237e+06 1
5.70297e+06 1
5.70357e+06 1
5.70417e+06 1
5.70477e+06 1
5.70537e+06 1
5.70597e+06 1
5.70657e+06 1
5.70717e+06 1
5.70777e+06 1
5.70837e+06 1
5.70897e+06 1
5.70957e+06 1
5.71017e+06 1
5.71077e+06 1
5.71137e+06 1
5.71197e+06 1
5.71257e+06 1
5.71317e+06 1
5.71377e+06 1
5.71437e+06 1
5.71497e+06 1
5.71557e+06 1
5.71617e+06 1
5.71677e+06 1
5.71737e+06 1
5.71797e+06 1
5.71857e+06 1
5.71917e+06 1
5.71977e+06 1
5.72037e+06 1
5.72097e+06 1
5.72157e+06 1
5.72217e+06 1
5.72277e+06 1
5.72337e+06 1
5.72397e+06 1
5.72457e+06 1
5.72517e+06 1
5.72577e+06 1
5.72637e+06 1
5.72697e+06 1
5.72757e+06 1
5.72817e+06 1
5.72877e+06 1
5.72937e+06 1
5.72997e+06 1
5.73057e+06 1
5.73117e+06 1
5.73177e+06 1
5.73237e+06 1
5.73297e+06 1
5.73357e+06 1
5.73417e+06 1
5.73477e+06 1
5.73537e+06 1
5.73597e+06 1
5.73657e+06 1
5.73717e+06 1
5.73777e+06 1
5.73837e+06 1
5.73897e+06 1
5.73957e+06 1
5.74017e+06 1
5.74077e+06 1
5.74137e+06 1
5.74197e+06 1
5.74257e+06 1
5.74317e+06 1
5.74377e+06 1
5.74437e+06 1
5.74497e+06 1
5.74557e+06 1
5.74617e+06 1
5.74677e+06 1
5.74737e+06 1
5.74797e+06 1
5.74857e+06 1
5.74917e+06 1
5.74977e+06 1
5.75038e+06 1
5.75098e+06 1
5.75158e+06 1
5.75218e+06 1
5.75278e+06 1
5.75338e+06 1
5.75398e+06 1
5.75458e+06 1
5.75518e+06 1
5.75578e+06 1
5.75638e+06 1
5.75698e+06 1
5.75758e+06 1
5.75818e+06 1
5.75878e+06 1
5.75938e+06 1
5.75998e+06 1
5.76058e+06 1
5.76118e+06 1
5.76178e+06 1
5.76238e+06 1
5.76298e+06 1
5.76358e+06 1
5.76418e+06 1
5.76478e+06 1
5.76538e+06 1
5.76598e+06 1
5.76658e+06 1
5.76718e+06 1
5.76778e+06 1
5.76838e+06 1
5.76898e+06 1
5.76958e+06 1
5.77018e+06 1
5.77078e+06 1
5.77138e+06 1
5.77198e+06 1
5.77258e+06 1
5.77318e+06 1
5.77378e+06 1
5.77438e+06 1
5.77498e+06 1
5.77558e+06 1
5.77618e+06 1
5.77678e+06 1
5.77738e+06 1
5.77798e+06 1
5.77858e+06 1
5.77918e+06 1
5.77978e+06 1
5.78038e+06 1
5.78098e+06 1
5.78158e+06 1
5.78218e+06 1
5.78278e+06 1
5.78338e+06 1
5.78398e+06 1
5.78458e+06 1
5.78518e+06 1
5.78578e+06 1
5.78638e+06 1
5.78698e+06 1
5.78758e+06 1
5.78818e+06 1
5.78878e+06 1
5.78938e+06 1
5.78998e+06 1
5.79058e+06 1
5.79118e+06 1
5.79178e+06 1
5.79238e+06 1
5.79298e+06 1
5.79358e+06 1
5.79418e+06 1
5.79478e+06 1
5.79538e+06 1
5.79598e+06 1
5.79658e+06 1
5.79718e+06 1
5.79778e+06 1
5.79838e+06 1
5.79898e+06 1
5.79958e+06 1
5.80018e+06 1
5.80078e+06 1
5.80138e+06 1
5.80198e+06 1
5.80258e+06 1
5.80318e+06 1
5.80378e+06 1
5.80438e+06 1
5.80498e+06 1
5.80558e+06 1
5.80618e+06 1
5.80678e+06 1
5.80738e+06 1
5.80798e+06 1
5.80858e+06 1
5.80918e+06 1
5.80978e+06 1
5.81038e+06 1
5.81098e+06 1
5.81158e+06 1
5.81218e+06 1
5.81278e+06 1
5.81338e+06 1
5.81398e+06 1
5.81458e+06 1
5.81518e+06 1
5.81578e+06 1
5.81638e+06 1
5.81698e+06 1
5.81758e+06 1
5.81818e+06 1
5.81878e+06 1
5.81938e+06 1
5.81998e+06 1
5.82058e+06 1
5.82118e+06 1
5.82178e+06 1
5.82238e+06 1
5.82298e+06 1
5.82358e+06 1
5.82418e+06 1
5.82478e+06 1
5.82538e+06 1
5.82598e+06 1
5.82658e+06 1
5.82718e+06 1
5.82778e+06 1
5.82838e+06 1
5.82898e+06 1
5.82958e+06 1
5.83018e+06 1
5.83078e+06 1
5.83138e+06 1
5.83198e+06 1
5.83258e+06 1
5.83318e+06 1
5.83378e+06 1
5.83438e+06 1
5.83498e+06 1
5.83558e+06 1
5.83618e+06 1
5.83678e+06 1
5.83738e+06 1
5.83798e+06 1
5.83858e+06 1
5.83918e+06 1
5.83978e+06 1
5.84038e+06 1
5.84098e+06 1
5.84158e+06 1
5.84218e+06 1
5.84278e+06 1
5.84338e+06 1
5.84398e+06 1
5.84458e+06 1
5.84518e+06 1
5.84578e+06 1
5.84638e+06 1
5.84698e+06 1
5.84758e+06 1
5.84818e+06 1
5.84878e+06 1
5.84938e+06 1
5.84998e+06 1
5.85059e+06 1
5.85119e+06 1
5.85179e+06 1
5.85239e+06 1
5.85299e+06 1
5.85359e+06 1
5.85419e+06 1
5.85479e+06 1
5.85539e+06 1
5.85599e+06 1
5.85659e+06 1
5.85719e+06 1
5.85779e+06 1
5.85839e+06 1
5.85899e+06 1
5.85959e+06 1
5.86019e+06 1
5.86079e+06 1
5.86139e+06 1
5.86199e+06 1
5.86259e+06 1
5.86319e+06 1
5.86379e+06 1
5.86439e+06 1
5.86499e+06 1
5.86559e+06 1
5.86619e+06 1
5.86679e+06 1
5.86739e+06 1
5.86799e+06 1
5.86859e+06 1
5.86919e+06 1
5.86979e+06 1
5.87039e+06 1
5.87099e+06 1
5.87159e+06 1
5.87219e+06 1
5.87279e+06 1
5.87339e+06 1
5.87399e+06 1
5.87459e+06 1
5.87519e+06 1
5.87579e+06 1
5.87639e+06 1
5.87699e+06 1
5.87759e+06 1
5.87819e+06 1
5.87879e+06 1
5.87939e+06 1
5.87999e+06 1
5.88059e+06 1
5.88119e+06 1
5.88179e+06 1
5.88239e+06 1
5.88299e+06 1
5.88359e+06 1
5.88419e+06 1
5.88479e+06 1
5.88539e+06 1
5.88599e+06 1
5.88659e+06 1
5.88719e+06 1
5.88779e+06 1
5.88839e+06 1
5.88899e+06 1
5.88959e+06 1
5.89019e+06 1
5.89079e+06 1
5.89139e+06 1
5.89199e+06 1
5.89259e+06 1
5.89319e+06 1
5.89379e+06 1
5.89439e+06 1
5.89499e+06 1
5.89559e+06 1
5.89619e+06 1
5.89679e+06 1
5.89739e+06 1
5.89799e+06 1
5.89859e+06 1
5.89919e+06 1
5.89979e+06 1
5.90039e+06 1
5.90099e+06 1
5.90159e+06 1
5.90219e+06 1
5.90279e+06 1
5.90339e+06 1
5.90399e+06 1
5.90459e+06 1
5.90519e+06 1
5.90579e+06 1
5.90639e+06 1
5.90699e+06 1
5.90759e+06 1
5.90819e+06 1
5.90879e+06 1
5.90939e+06 1
5.90999e+06 1
5.91059e+06 1
5.91119e+06 1
5.91179e+06 1
5.91239e+06 1
5.91299e+06 1
5.91359e+06 1
5.91419e+06 1
5.91479e+06 1
5.91539e+06 1
5.91599e+06 1
5.91659e+06 1
5.91719e+06 1
5.91779e+06 1
5.91839e+06 1
5.91899e+06 1
5.91959e+06 1
5.92019e+06 1
5.92079e+06 1
5.92139e+06 1
5.92199e+06 1
5.92259e+06 1
5.92319e+06 1
5.92379e+06 1
5.92439e+06 1
5.92499e+06 1
5.92559e+06 1
5.92619e+06 1
5.92679e+06 1
5.92739e+06 1
5.92799e+06 1
5.92859e+06 1
5.92919e+06 1
5.92979e+06 1
5.93039e+06 1
5.93099e+06 1
5.93159e+06 1
5.93219e+06 1
5.93279e+06 1
5.93339e+06 1
5.93399e+06 1
5.93459e+06 1
5.93519e+06 1
5.93579e+06 1
5.93639e+06 1
5.93699e+06 1
5.93759e+06 1
5.93819e+06 1
5.93879e+06 1
5.93939e+06 1
5.93999e+06 1
5.94059e+06 1
5.94119e+06 1
5.94179e+06 1
5.94239e+06 1
5.94299e+06 1
5.94359e+06 1
5.94419e+06 1
5.94479e+06 1
5.94539e+06 1
5.94599e+06 1
5.94659e+06 1
5.94719e+06 1
5.94779e+06 1
5.94839e+06 1
5.94899e+06 1
5.94959e+06 1
5.9502e+06 1
5.9508e+06 1
5.9514e+06 1
5.952e+06 1
5.9526e+06 1
5.9532e+06 1
5.9538e+06 1
5.9544e+06 1
5.955e+06 1
5.9556e+06 1
5.9562e+06 1
5.9568e+06 1
5.9574e+06 1
5.958e+06 1
5.9586e+06 1
5.9592e+06 1
5.9598e+06 1
5.9604e+06 1
5.961e+06 1
5.9616e+06 1
5.9622e+06 1
5.9628e+06 1
5.9634e+06 1
5.964e+06 1
5.9646e+06 1
5.9652e+06 1
5.9658e+06 1
5.9664e+06 1
5.967e+06 1
5.9676e+06 1
5.9682e+06 1
5.9688e+06 1
5.9694e+06 1
5.97e+06 1
5.9706e+06 1
5.9712e+06 1
5.9718e+06 1
5.9724e+06 1
5.973e+06 1
5.9736e+06 1
5.9742e+06 1
5.9748e+06 1
5.9754e+06 1
5.976e+06 1
5.9766e+06 1
5.9772e+06 1
5.9778e+06 1
5.9784e+06 1
5.979e+06 1
5.9796e+06 1
5.9802e+06 1
5.9808e+06 1
5.9814e+06 1
5.982e+06 1
5.9826e+06 1
5.9832e+06 1
5.9838e+06 1
5.9844e+06 1
5.985e+06 1
5.9856e+06 1
5.9862e+06 1
5.9868e+06 1
5.9874e+06 1
5.988e+06 1
5.9886e+06 1
5.9892e+06 1
5.9898e+06 1
5.9904e+06 1
5.991e+06 1
5.9916e+06 1
5.9922e+06 1
5.9928e+06 1
5.9934e+06 1
5.994e+06 1
5.9946e+06 1
5.9952e+06 1
5.9958e+06 1
5.9964e+06 1
5.997e+06 1
5.9976e+06 1
5.9982e+06 1
5.9988e+06 1
5.9994e+06 1
6e+06 1
