0 269.685
600.06 269.687
1200.12 269.687
1800.18 269.687
2400.24 269.687
3000.3 269.687
3600.36 269.687
4200.42 269.687
4800.48 269.687
5400.54 269.687
6000.6 269.687
6600.66 269.687
7200.72 269.687
7800.78 269.687
8400.84 269.687
9000.9 269.687
9600.96 269.688
10201 269.688
10801.1 269.688
11401.1 269.688
12001.2 269.688
12601.3 269.688
13201.3 269.688
13801.4 269.688
14401.4 269.688
15001.5 269.688
15601.6 269.688
16201.6 269.688
16801.7 269.688
17401.7 269.688
18001.8 269.688
18601.9 269.689
19201.9 269.689
19802 269.689
20402 269.689
21002.1 269.689
21602.2 269.689
22202.2 269.689
22802.3 269.689
23402.3 269.689
24002.4 269.689
24602.5 269.689
25202.5 269.689
25802.6 269.69
26402.6 269.69
27002.7 269.69
27602.8 269.69
28202.8 269.69
28802.9 269.69
29402.9 269.69
30003 269.69
30603.1 269.69
31203.1 269.69
31803.2 269.69
32403.2 269.691
33003.3 269.691
33603.4 269.691
34203.4 269.691
34803.5 269.691
35403.5 269.691
36003.6 269.691
36603.7 269.691
37203.7 269.691
37803.8 269.691
38403.8 269.692
39003.9 269.692
39604 269.692
40204 269.692
40804.1 269.692
41404.1 269.692
42004.2 269.692
42604.3 269.692
43204.3 269.692
43804.4 269.692
44404.4 269.693
45004.5 269.693
45604.6 269.693
46204.6 269.693
46804.7 269.693
47404.7 269.693
48004.8 269.693
48604.9 269.693
49204.9 269.693
49805 269.694
50405 269.694
51005.1 269.694
51605.2 269.694
52205.2 269.694
52805.3 269.694
53405.3 269.694
54005.4 269.694
54605.5 269.695
55205.5 269.695
55805.6 269.695
56405.6 269.695
57005.7 269.695
57605.8 269.695
58205.8 269.695
58805.9 269.695
59405.9 269.696
60006 269.696
60606.1 269.696
61206.1 269.696
61806.2 269.696
62406.2 269.696
63006.3 269.696
63606.4 269.697
64206.4 269.697
64806.5 269.697
65406.5 269.697
66006.6 269.697
66606.7 269.697
67206.7 269.697
67806.8 269.698
68406.8 269.698
69006.9 269.698
69607 269.698
70207 269.698
70807.1 269.698
71407.1 269.698
72007.2 269.699
72607.3 269.699
73207.3 269.699
73807.4 269.699
74407.4 269.699
75007.5 269.699
75607.6 269.699
76207.6 269.7
76807.7 269.7
77407.7 269.7
78007.8 269.7
78607.9 269.7
79207.9 269.7
79808 269.701
80408 269.701
81008.1 269.701
81608.2 269.701
82208.2 269.701
82808.3 269.701
83408.3 269.702
84008.4 269.702
84608.5 269.702
85208.5 269.702
85808.6 269.702
86408.6 269.702
87008.7 269.703
87608.8 269.703
88208.8 269.703
88808.9 269.703
89408.9 269.703
90009 269.703
90609.1 269.704
91209.1 269.704
91809.2 269.704
92409.2 269.704
93009.3 269.704
93609.4 269.704
94209.4 269.705
94809.5 269.705
95409.5 269.705
96009.6 269.705
96609.7 269.705
97209.7 269.705
97809.8 269.706
98409.8 269.706
99009.9 269.706
99610 269.706
100210 269.706
100810 269.707
101410 269.707
102010 269.707
102610 269.707
103210 269.707
103810 269.708
104410 269.708
105011 269.708
105611 269.708
106211 269.708
106811 269.709
107411 269.709
108011 269.709
108611 269.709
109211 269.709
109811 269.71
110411 269.71
111011 269.71
111611 269.71
112211 269.71
112811 269.711
113411 269.711
114011 269.711
114611 269.711
115212 269.711
115812 269.712
116412 269.712
117012 269.712
117612 269.712
118212 269.712
118812 269.713
119412 269.713
120012 269.713
120612 269.713
121212 269.713
121812 269.714
122412 269.714
123012 269.714
123612 269.714
124212 269.715
124812 269.715
125413 269.715
126013 269.715
126613 269.715
127213 269.716
127813 269.716
128413 269.716
129013 269.716
129613 269.717
130213 269.717
130813 269.717
131413 269.717
132013 269.718
132613 269.718
133213 269.718
133813 269.718
134413 269.718
135014 269.719
135614 269.719
136214 269.719
136814 269.719
137414 269.72
138014 269.72
138614 269.72
139214 269.72
139814 269.721
140414 269.721
141014 269.721
141614 269.721
142214 269.722
142814 269.722
143414 269.722
144014 269.722
144614 269.723
145215 269.723
145815 269.723
146415 269.723
147015 269.724
147615 269.724
148215 269.724
148815 269.724
149415 269.725
150015 269.725
150615 269.725
151215 269.725
151815 269.726
152415 269.726
153015 269.726
153615 269.726
154215 269.727
154815 269.727
155416 269.727
156016 269.727
156616 269.728
157216 269.728
157816 269.728
158416 269.729
159016 269.729
159616 269.729
160216 269.729
160816 269.73
161416 269.73
162016 269.73
162616 269.73
163216 269.731
163816 269.731
164416 269.731
165017 269.732
165617 269.732
166217 269.732
166817 269.732
167417 269.733
168017 269.733
168617 269.733
169217 269.733
169817 269.734
170417 269.734
171017 269.734
171617 269.735
172217 269.735
172817 269.735
173417 269.735
174017 269.736
174617 269.736
175218 269.736
175818 269.737
176418 269.737
177018 269.737
177618 269.738
178218 269.738
178818 269.738
179418 269.738
180018 269.739
180618 269.739
181218 269.739
181818 269.74
182418 269.74
183018 269.74
183618 269.74
184218 269.741
184818 269.741
185419 269.741
186019 269.742
186619 269.742
187219 269.742
187819 269.743
188419 269.743
189019 269.743
189619 269.744
190219 269.744
190819 269.744
191419 269.745
192019 269.745
192619 269.745
193219 269.745
193819 269.746
194419 269.746
195020 269.746
195620 269.747
196220 269.747
196820 269.747
197420 269.748
198020 269.748
198620 269.748
199220 269.749
199820 269.749
200420 269.749
201020 269.75
201620 269.75
202220 269.75
202820 269.751
203420 269.751
204020 269.751
204620 269.752
205221 269.752
205821 269.752
206421 269.753
207021 269.753
207621 269.753
208221 269.754
208821 269.754
209421 269.754
210021 269.755
210621 269.755
211221 269.755
211821 269.756
212421 269.756
213021 269.756
213621 269.757
214221 269.757
214821 269.757
215422 269.758
216022 269.758
216622 269.758
217222 269.759
217822 269.759
218422 269.759
219022 269.76
219622 269.76
220222 269.761
220822 269.761
221422 269.761
222022 269.762
222622 269.762
223222 269.762
223822 269.763
224422 269.763
225023 269.763
225623 269.764
226223 269.764
226823 269.764
227423 269.765
228023 269.765
228623 269.766
229223 269.766
229823 269.766
230423 269.767
231023 269.767
231623 269.767
232223 269.768
232823 269.768
233423 269.769
234023 269.769
234623 269.769
235224 269.77
235824 269.77
236424 269.77
237024 269.771
237624 269.771
238224 269.772
238824 269.772
239424 269.772
240024 269.773
240624 269.773
241224 269.773
241824 269.774
242424 269.774
243024 269.775
243624 269.775
244224 269.775
244824 269.776
245425 269.776
246025 269.777
246625 269.777
247225 269.777
247825 269.778
248425 269.778
249025 269.779
249625 269.779
250225 269.779
250825 269.78
251425 269.78
252025 269.781
252625 269.781
253225 269.781
253825 269.782
254425 269.782
255026 269.783
255626 269.783
256226 269.783
256826 269.784
257426 269.784
258026 269.785
258626 269.785
259226 269.785
259826 269.786
260426 269.786
261026 269.787
261626 269.787
262226 269.787
262826 269.788
263426 269.788
264026 269.789
264626 269.789
265227 269.79
265827 269.79
266427 269.79
267027 269.791
267627 269.791
268227 269.792
268827 269.792
269427 269.792
270027 269.793
270627 269.793
271227 269.794
271827 269.794
272427 269.795
273027 269.795
273627 269.795
274227 269.796
274827 269.796
275428 269.797
276028 269.797
276628 269.798
277228 269.798
277828 269.798
278428 269.799
279028 269.799
279628 269.8
280228 269.8
280828 269.801
281428 269.801
282028 269.802
282628 269.802
283228 269.802
283828 269.803
284428 269.803
285029 269.804
285629 269.804
286229 269.805
286829 269.805
287429 269.806
288029 269.806
288629 269.806
289229 269.807
289829 269.807
290429 269.808
291029 269.808
291629 269.809
292229 269.809
292829 269.81
293429 269.81
294029 269.811
294629 269.811
295230 269.811
295830 269.812
296430 269.812
297030 269.813
297630 269.813
298230 269.814
298830 269.814
299430 269.815
300030 269.815
300630 269.816
301230 269.816
301830 269.817
302430 269.817
303030 269.818
303630 269.818
304230 269.819
304830 269.819
305431 269.819
306031 269.82
306631 269.82
307231 269.821
307831 269.821
308431 269.822
309031 269.822
309631 269.823
310231 269.823
310831 269.824
311431 269.824
312031 269.825
312631 269.825
313231 269.826
313831 269.826
314431 269.827
315032 269.827
315632 269.828
316232 269.828
316832 269.829
317432 269.829
318032 269.83
318632 269.83
319232 269.831
319832 269.831
320432 269.832
321032 269.832
321632 269.833
322232 269.833
322832 269.834
323432 269.834
324032 269.835
324632 269.835
325233 269.836
325833 269.836
326433 269.837
327033 269.837
327633 269.838
328233 269.838
328833 269.839
329433 269.839
330033 269.84
330633 269.84
331233 269.841
331833 269.841
332433 269.842
333033 269.842
333633 269.843
334233 269.843
334833 269.844
335434 269.844
336034 269.845
336634 269.845
337234 269.846
337834 269.846
338434 269.847
339034 269.848
339634 269.848
340234 269.849
340834 269.849
341434 269.85
342034 269.85
342634 269.851
343234 269.851
343834 269.852
344434 269.852
345035 269.853
345635 269.853
346235 269.854
346835 269.854
347435 269.855
348035 269.856
348635 269.856
349235 269.857
349835 269.857
350435 269.858
351035 269.858
351635 269.859
352235 269.859
352835 269.86
353435 269.86
354035 269.861
354635 269.861
355236 269.862
355836 269.863
356436 269.863
357036 269.864
357636 269.864
358236 269.865
358836 269.865
359436 269.866
360036 269.866
360636 269.867
361236 269.868
361836 269.868
362436 269.869
363036 269.869
363636 269.87
364236 269.87
364836 269.871
365437 269.872
366037 269.872
366637 269.873
367237 269.873
367837 269.874
368437 269.874
369037 269.875
369637 269.875
370237 269.876
370837 269.877
371437 269.877
372037 269.878
372637 269.878
373237 269.879
373837 269.88
374437 269.88
375038 269.881
375638 269.881
376238 269.882
376838 269.882
377438 269.883
378038 269.884
378638 269.884
379238 269.885
379838 269.885
380438 269.886
381038 269.887
381638 269.887
382238 269.888
382838 269.888
383438 269.889
384038 269.889
384638 269.89
385239 269.891
385839 269.891
386439 269.892
387039 269.892
387639 269.893
388239 269.894
388839 269.894
389439 269.895
390039 269.895
390639 269.896
391239 269.897
391839 269.897
392439 269.898
393039 269.898
393639 269.899
394239 269.9
394839 269.9
395440 269.901
396040 269.902
396640 269.902
397240 269.903
397840 269.903
398440 269.904
399040 269.905
399640 269.905
400240 269.906
400840 269.906
401440 269.907
402040 269.908
402640 269.908
403240 269.909
403840 269.91
404440 269.91
405041 269.911
405641 269.911
406241 269.912
406841 269.913
407441 269.913
408041 269.914
408641 269.915
409241 269.915
409841 269.916
410441 269.916
411041 269.917
411641 269.918
412241 269.918
412841 269.919
413441 269.92
414041 269.92
414641 269.921
415242 269.922
415842 269.922
416442 269.923
417042 269.923
417642 269.924
418242 269.925
418842 269.925
419442 269.926
420042 269.927
420642 269.927
421242 269.928
421842 269.929
422442 269.929
423042 269.93
423642 269.931
424242 269.931
424842 269.932
425443 269.933
426043 269.933
426643 269.934
427243 269.935
427843 269.935
428443 269.936
429043 269.937
429643 269.937
430243 269.938
430843 269.939
431443 269.939
432043 269.94
432643 269.941
433243 269.941
433843 269.942
434443 269.943
435044 269.943
435644 269.944
436244 269.945
436844 269.945
437444 269.946
438044 269.947
438644 269.947
439244 269.948
439844 269.949
440444 269.949
441044 269.95
441644 269.951
442244 269.951
442844 269.952
443444 269.953
444044 269.953
444644 269.954
445245 269.955
445845 269.955
446445 269.956
447045 269.957
447645 269.958
448245 269.958
448845 269.959
449445 269.96
450045 269.96
450645 269.961
451245 269.962
451845 269.962
452445 269.963
453045 269.964
453645 269.964
454245 269.965
454845 269.966
455446 269.967
456046 269.967
456646 269.968
457246 269.969
457846 269.969
458446 269.97
459046 269.971
459646 269.972
460246 269.972
460846 269.973
461446 269.974
462046 269.974
462646 269.975
463246 269.976
463846 269.977
464446 269.977
465047 269.978
465647 269.979
466247 269.979
466847 269.98
467447 269.981
468047 269.982
468647 269.982
469247 269.983
469847 269.984
470447 269.984
471047 269.985
471647 269.986
472247 269.987
472847 269.987
473447 269.988
474047 269.989
474647 269.99
475248 269.99
475848 269.991
476448 269.992
477048 269.993
477648 269.993
478248 269.994
478848 269.995
479448 269.996
480048 269.996
480648 269.997
481248 269.998
481848 269.999
482448 269.999
483048 270
483648 270.001
484248 270.002
484848 270.002
485449 270.003
486049 270.004
486649 270.005
487249 270.005
487849 270.006
488449 270.007
489049 270.008
489649 270.008
490249 270.009
490849 270.01
491449 270.011
492049 270.011
492649 270.012
493249 270.013
493849 270.014
494449 270.014
495050 270.015
495650 270.016
496250 270.017
496850 270.017
497450 270.018
498050 270.019
498650 270.02
499250 270.021
499850 270.021
500450 270.022
501050 270.023
501650 270.024
502250 270.024
502850 270.025
503450 270.026
504050 270.027
504650 270.028
505251 270.028
505851 270.029
506451 270.03
507051 270.031
507651 270.032
508251 270.032
508851 270.033
509451 270.034
510051 270.035
510651 270.035
511251 270.036
511851 270.037
512451 270.038
513051 270.039
513651 270.039
514251 270.04
514851 270.041
515452 270.042
516052 270.043
516652 270.043
517252 270.044
517852 270.045
518452 270.046
519052 270.047
519652 270.048
520252 270.048
520852 270.049
521452 270.05
522052 270.051
522652 270.052
523252 270.052
523852 270.053
524452 270.054
525053 270.055
525653 270.056
526253 270.056
526853 270.057
527453 270.058
528053 270.059
528653 270.06
529253 270.061
529853 270.061
530453 270.062
531053 270.063
531653 270.064
532253 270.065
532853 270.066
533453 270.066
534053 270.067
534653 270.068
535254 270.069
535854 270.07
536454 270.071
537054 270.071
537654 270.072
538254 270.073
538854 270.074
539454 270.075
540054 270.076
540654 270.076
541254 270.077
541854 270.078
542454 270.079
543054 270.08
543654 270.081
544254 270.082
544854 270.082
545455 270.083
546055 270.084
546655 270.085
547255 270.086
547855 270.087
548455 270.088
549055 270.088
549655 270.089
550255 270.09
550855 270.091
551455 270.092
552055 270.093
552655 270.094
553255 270.094
553855 270.095
554455 270.096
555056 270.097
555656 270.098
556256 270.099
556856 270.1
557456 270.101
558056 270.101
558656 270.102
559256 270.103
559856 270.104
560456 270.105
561056 270.106
561656 270.107
562256 270.108
562856 270.108
563456 270.109
564056 270.11
564656 270.111
565257 270.112
565857 270.113
566457 270.114
567057 270.115
567657 270.116
568257 270.116
568857 270.117
569457 270.118
570057 270.119
570657 270.12
571257 270.121
571857 270.122
572457 270.123
573057 270.124
573657 270.124
574257 270.125
574857 270.126
575458 270.127
576058 270.128
576658 270.129
577258 270.13
577858 270.131
578458 270.132
579058 270.133
579658 270.134
580258 270.134
580858 270.135
581458 270.136
582058 270.137
582658 270.138
583258 270.139
583858 270.14
584458 270.141
585059 270.142
585659 270.143
586259 270.144
586859 270.145
587459 270.145
588059 270.146
588659 270.147
589259 270.148
589859 270.149
590459 270.149
591059 270.15
591659 270.15
592259 270.151
592859 270.152
593459 270.154
594059 270.156
594659 270.157
595260 270.158
595860 270.159
596460 270.16
597060 270.16
597660 270.161
598260 270.162
598860 270.163
599460 270.164
600060 270.165
600660 270.166
601260 270.167
601860 270.168
602460 270.169
603060 270.17
603660 270.171
604260 270.172
604860 270.173
605461 270.174
606061 270.175
606661 270.176
607261 270.177
607861 270.178
608461 270.178
609061 270.179
609661 270.18
610261 270.181
610861 270.182
611461 270.183
612061 270.184
612661 270.185
613261 270.186
613861 270.187
614461 270.188
615062 270.189
615662 270.19
616262 270.191
616862 270.192
617462 270.193
618062 270.194
618662 270.195
619262 270.196
619862 270.197
620462 270.198
621062 270.199
621662 270.2
622262 270.201
622862 270.202
623462 270.203
624062 270.204
624662 270.205
625263 270.206
625863 270.207
626463 270.208
627063 270.209
627663 270.21
628263 270.211
628863 270.212
629463 270.213
630063 270.214
630663 270.215
631263 270.216
631863 270.217
632463 270.218
633063 270.219
633663 270.22
634263 270.221
634863 270.222
635464 270.223
636064 270.224
636664 270.225
637264 270.226
637864 270.227
638464 270.228
639064 270.229
639664 270.23
640264 270.231
640864 270.232
641464 270.233
642064 270.234
642664 270.235
643264 270.236
643864 270.237
644464 270.238
645065 270.239
645665 270.24
646265 270.241
646865 270.242
647465 270.243
648065 270.244
648665 270.245
649265 270.246
649865 270.247
650465 270.248
651065 270.249
651665 270.25
652265 270.251
652865 270.252
653465 270.253
654065 270.254
654665 270.256
655266 270.257
655866 270.258
656466 270.259
657066 270.26
657666 270.261
658266 270.262
658866 270.263
659466 270.264
660066 270.265
660666 270.266
661266 270.267
661866 270.268
662466 270.269
663066 270.27
663666 270.271
664266 270.272
664866 270.273
665467 270.274
666067 270.276
666667 270.277
667267 270.278
667867 270.279
668467 270.28
669067 270.281
669667 270.282
670267 270.283
670867 270.284
671467 270.285
672067 270.286
672667 270.287
673267 270.288
673867 270.289
674467 270.291
675068 270.292
675668 270.293
676268 270.294
676868 270.295
677468 270.296
678068 270.297
678668 270.298
679268 270.299
679868 270.3
680468 270.301
681068 270.303
681668 270.304
682268 270.305
682868 270.306
683468 270.307
684068 270.308
684668 270.309
685269 270.31
685869 270.311
686469 270.312
687069 270.314
687669 270.315
688269 270.316
688869 270.317
689469 270.318
690069 270.319
690669 270.32
691269 270.321
691869 270.322
692469 270.324
693069 270.325
693669 270.326
694269 270.327
694869 270.328
695470 270.329
696070 270.33
696670 270.331
697270 270.332
697870 270.334
698470 270.335
699070 270.336
699670 270.337
700270 270.338
700870 270.339
701470 270.34
702070 270.342
702670 270.343
703270 270.344
703870 270.345
704470 270.346
705071 270.347
705671 270.348
706271 270.349
706871 270.351
707471 270.352
708071 270.353
708671 270.354
709271 270.355
709871 270.356
710471 270.357
711071 270.359
711671 270.36
712271 270.361
712871 270.362
713471 270.363
714071 270.364
714671 270.366
715272 270.367
715872 270.368
716472 270.369
717072 270.37
717672 270.371
718272 270.373
718872 270.374
719472 270.375
720072 270.376
720672 270.377
721272 270.378
721872 270.38
722472 270.381
723072 270.382
723672 270.383
724272 270.384
724872 270.385
725473 270.387
726073 270.388
726673 270.389
727273 270.39
727873 270.391
728473 270.393
729073 270.394
729673 270.395
730273 270.396
730873 270.397
731473 270.398
732073 270.4
732673 270.401
733273 270.402
733873 270.403
734473 270.404
735074 270.406
735674 270.407
736274 270.408
736874 270.409
737474 270.41
738074 270.412
738674 270.413
739274 270.414
739874 270.415
740474 270.416
741074 270.418
741674 270.419
742274 270.42
742874 270.421
743474 270.423
744074 270.424
744674 270.425
745275 270.426
745875 270.427
746475 270.429
747075 270.43
747675 270.431
748275 270.432
748875 270.434
749475 270.435
750075 270.436
750675 270.437
751275 270.438
751875 270.44
752475 270.441
753075 270.442
753675 270.443
754275 270.445
754875 270.446
755476 270.447
756076 270.448
756676 270.45
757276 270.451
757876 270.452
758476 270.453
759076 270.455
759676 270.456
760276 270.457
760876 270.458
761476 270.46
762076 270.461
762676 270.462
763276 270.463
763876 270.465
764476 270.466
765077 270.467
765677 270.468
766277 270.47
766877 270.471
767477 270.472
768077 270.473
768677 270.475
769277 270.476
769877 270.477
770477 270.478
771077 270.48
771677 270.481
772277 270.482
772877 270.484
773477 270.485
774077 270.486
774677 270.487
775278 270.489
775878 270.49
776478 270.491
777078 270.493
777678 270.494
778278 270.495
778878 270.496
779478 270.498
780078 270.499
780678 270.5
781278 270.502
781878 270.503
782478 270.504
783078 270.505
783678 270.507
784278 270.508
784878 270.509
785479 270.511
786079 270.512
786679 270.513
787279 270.515
787879 270.516
788479 270.517
789079 270.518
789679 270.52
790279 270.521
790879 270.522
791479 270.524
792079 270.525
792679 270.526
793279 270.528
793879 270.529
794479 270.53
795080 270.532
795680 270.533
796280 270.534
796880 270.536
797480 270.537
798080 270.538
798680 270.54
799280 270.541
799880 270.542
800480 270.544
801080 270.545
801680 270.546
802280 270.548
802880 270.549
803480 270.55
804080 270.552
804680 270.553
805281 270.554
805881 270.556
806481 270.557
807081 270.558
807681 270.56
808281 270.561
808881 270.562
809481 270.564
810081 270.565
810681 270.566
811281 270.568
811881 270.569
812481 270.57
813081 270.572
813681 270.573
814281 270.575
814881 270.576
815482 270.577
816082 270.579
816682 270.58
817282 270.581
817882 270.583
818482 270.584
819082 270.585
819682 270.587
820282 270.588
820882 270.59
821482 270.591
822082 270.592
822682 270.594
823282 270.595
823882 270.596
824482 270.598
825083 270.599
825683 270.601
826283 270.602
826883 270.603
827483 270.605
828083 270.606
828683 270.608
829283 270.609
829883 270.61
830483 270.612
831083 270.613
831683 270.614
832283 270.616
832883 270.617
833483 270.619
834083 270.62
834683 270.621
835284 270.623
835884 270.624
836484 270.626
837084 270.627
837684 270.629
838284 270.63
838884 270.631
839484 270.633
840084 270.634
840684 270.636
841284 270.637
841884 270.638
842484 270.64
843084 270.641
843684 270.643
844284 270.644
844884 270.646
845485 270.647
846085 270.648
846685 270.65
847285 270.651
847885 270.653
848485 270.654
849085 270.655
849685 270.657
850285 270.658
850885 270.66
851485 270.661
852085 270.663
852685 270.664
853285 270.666
853885 270.667
854485 270.668
855086 270.67
855686 270.671
856286 270.673
856886 270.674
857486 270.676
858086 270.677
858686 270.679
859286 270.68
859886 270.681
860486 270.683
861086 270.684
861686 270.686
862286 270.687
862886 270.689
863486 270.69
864086 270.692
864686 270.693
865287 270.695
865887 270.696
866487 270.698
867087 270.699
867687 270.7
868287 270.702
868887 270.703
869487 270.705
870087 270.706
870687 270.708
871287 270.709
871887 270.711
872487 270.712
873087 270.714
873687 270.715
874287 270.717
874887 270.718
875488 270.72
876088 270.721
876688 270.723
877288 270.724
877888 270.726
878488 270.727
879088 270.729
879688 270.73
880288 270.732
880888 270.733
881488 270.735
882088 270.736
882688 270.738
883288 270.739
883888 270.741
884488 270.742
885089 270.744
885689 270.745
886289 270.747
886889 270.748
887489 270.75
888089 270.751
888689 270.753
889289 270.754
889889 270.756
890489 270.757
891089 270.759
891689 270.76
892289 270.762
892889 270.763
893489 270.765
894089 270.766
894689 270.768
895290 270.769
895890 270.771
896490 270.772
897090 270.774
897690 270.776
898290 270.777
898890 270.779
899490 270.78
900090 270.782
900690 270.783
901290 270.785
901890 270.786
902490 270.788
903090 270.789
903690 270.791
904290 270.792
904890 270.794
905491 270.796
906091 270.797
906691 270.799
907291 270.8
907891 270.802
908491 270.803
909091 270.805
909691 270.806
910291 270.808
910891 270.809
911491 270.811
912091 270.813
912691 270.814
913291 270.816
913891 270.817
914491 270.819
915092 270.82
915692 270.822
916292 270.824
916892 270.825
917492 270.827
918092 270.828
918692 270.83
919292 270.831
919892 270.833
920492 270.834
921092 270.836
921692 270.838
922292 270.839
922892 270.841
923492 270.842
924092 270.844
924692 270.846
925293 270.847
925893 270.849
926493 270.85
927093 270.852
927693 270.853
928293 270.855
928893 270.857
929493 270.858
930093 270.86
930693 270.861
931293 270.863
931893 270.865
932493 270.866
933093 270.868
933693 270.869
934293 270.871
934893 270.873
935494 270.874
936094 270.876
936694 270.877
937294 270.879
937894 270.881
938494 270.882
939094 270.884
939694 270.885
940294 270.887
940894 270.889
941494 270.89
942094 270.892
942694 270.893
943294 270.895
943894 270.897
944494 270.898
945095 270.9
945695 270.902
946295 270.903
946895 270.905
947495 270.906
948095 270.908
948695 270.91
949295 270.911
949895 270.913
950495 270.914
951095 270.916
951695 270.918
952295 270.919
952895 270.921
953495 270.923
954095 270.924
954695 270.926
955296 270.928
955896 270.929
956496 270.931
957096 270.932
957696 270.934
958296 270.936
958896 270.937
959496 270.939
960096 270.941
960696 270.942
961296 270.944
961896 270.946
962496 270.947
963096 270.949
963696 270.95
964296 270.952
964896 270.954
965497 270.955
966097 270.957
966697 270.959
967297 270.96
967897 270.962
968497 270.964
969097 270.965
969697 270.967
970297 270.969
970897 270.97
971497 270.972
972097 270.974
972697 270.975
973297 270.977
973897 270.979
974497 270.98
975098 270.982
975698 270.984
976298 270.985
976898 270.987
977498 270.989
978098 270.99
978698 270.992
979298 270.994
979898 270.995
980498 270.997
981098 270.999
981698 271
982298 271.002
982898 271.004
983498 271.005
984098 271.007
984698 271.009
985299 271.01
985899 271.012
986499 271.014
987099 271.015
987699 271.017
988299 271.019
988899 271.02
989499 271.022
990099 271.024
990699 271.025
991299 271.027
991899 271.029
992499 271.03
993099 271.032
993699 271.034
994299 271.035
994899 271.037
995500 271.039
996100 271.041
996700 271.042
997300 271.044
997900 271.046
998500 271.047
999100 271.049
999700 271.051
1.0003e+06 271.052
1.0009e+06 271.054
1.0015e+06 271.056
1.0021e+06 271.057
1.0027e+06 271.059
1.0033e+06 271.061
1.0039e+06 271.063
1.0045e+06 271.064
1.0051e+06 271.066
1.0057e+06 271.068
1.0063e+06 271.069
1.0069e+06 271.071
1.0075e+06 271.073
1.0081e+06 271.074
1.0087e+06 271.076
1.0093e+06 271.078
1.0099e+06 271.079
1.0105e+06 271.081
1.0111e+06 271.083
1.0117e+06 271.085
1.0123e+06 271.086
1.0129e+06 271.088
1.0135e+06 271.09
1.0141e+06 271.091
1.0147e+06 271.093
1.0153e+06 271.095
1.0159e+06 271.097
1.0165e+06 271.098
1.0171e+06 271.1
1.0177e+06 271.102
1.0183e+06 271.103
1.0189e+06 271.105
1.0195e+06 271.107
1.0201e+06 271.108
1.0207e+06 271.11
1.0213e+06 271.112
1.0219e+06 271.114
1.0225e+06 271.115
1.0231e+06 271.117
1.0237e+06 271.119
1.0243e+06 271.12
1.0249e+06 271.122
1.0255e+06 271.124
1.0261e+06 271.126
1.0267e+06 271.127
1.0273e+06 271.129
1.0279e+06 271.131
1.0285e+06 271.132
1.0291e+06 271.134
1.0297e+06 271.136
1.0303e+06 271.138
1.0309e+06 271.139
1.0315e+06 271.141
1.0321e+06 271.143
1.0327e+06 271.144
1.0333e+06 271.146
1.0339e+06 271.148
1.0345e+06 271.15
1.0351e+06 271.151
1.0357e+06 271.153
1.0363e+06 271.155
1.0369e+06 271.156
1.0375e+06 271.158
1.0381e+06 271.16
1.0387e+06 271.162
1.0393e+06 271.163
1.0399e+06 271.165
1.0405e+06 271.167
1.0411e+06 271.168
1.0417e+06 271.17
1.0423e+06 271.172
1.0429e+06 271.174
1.0435e+06 271.175
1.0441e+06 271.177
1.0447e+06 271.179
1.0453e+06 271.18
1.0459e+06 271.182
1.0465e+06 271.184
1.0471e+06 271.186
1.0477e+06 271.187
1.0483e+06 271.189
1.0489e+06 271.191
1.0495e+06 271.192
1.05011e+06 271.194
1.05071e+06 271.196
1.05131e+06 271.198
1.05191e+06 271.199
1.05251e+06 271.201
1.05311e+06 271.203
1.05371e+06 271.204
1.05431e+06 271.206
1.05491e+06 271.208
1.05551e+06 271.21
1.05611e+06 271.211
1.05671e+06 271.213
1.05731e+06 271.215
1.05791e+06 271.217
1.05851e+06 271.218
1.05911e+06 271.22
1.05971e+06 271.222
1.06031e+06 271.223
1.06091e+06 271.225
1.06151e+06 271.227
1.06211e+06 271.229
1.06271e+06 271.23
1.06331e+06 271.232
1.06391e+06 271.234
1.06451e+06 271.235
1.06511e+06 271.237
1.06571e+06 271.239
1.06631e+06 271.241
1.06691e+06 271.242
1.06751e+06 271.244
1.06811e+06 271.246
1.06871e+06 271.247
1.06931e+06 271.249
1.06991e+06 271.251
1.07051e+06 271.253
1.07111e+06 271.254
1.07171e+06 271.256
1.07231e+06 271.258
1.07291e+06 271.259
1.07351e+06 271.261
1.07411e+06 271.263
1.07471e+06 271.265
1.07531e+06 271.266
1.07591e+06 271.268
1.07651e+06 271.27
1.07711e+06 271.271
1.07771e+06 271.273
1.07831e+06 271.275
1.07891e+06 271.277
1.07951e+06 271.278
1.08011e+06 271.28
1.08071e+06 271.282
1.08131e+06 271.283
1.08191e+06 271.285
1.08251e+06 271.287
1.08311e+06 271.288
1.08371e+06 271.29
1.08431e+06 271.292
1.08491e+06 271.294
1.08551e+06 271.295
1.08611e+06 271.297
1.08671e+06 271.299
1.08731e+06 271.3
1.08791e+06 271.302
1.08851e+06 271.304
1.08911e+06 271.306
1.08971e+06 271.307
1.09031e+06 271.309
1.09091e+06 271.311
1.09151e+06 271.312
1.09211e+06 271.314
1.09271e+06 271.316
1.09331e+06 271.317
1.09391e+06 271.319
1.09451e+06 271.321
1.09511e+06 271.323
1.09571e+06 271.324
1.09631e+06 271.326
1.09691e+06 271.328
1.09751e+06 271.329
1.09811e+06 271.331
1.09871e+06 271.333
1.09931e+06 271.334
1.09991e+06 271.336
1.10051e+06 271.338
1.10111e+06 271.339
1.10171e+06 271.341
1.10231e+06 271.343
1.10291e+06 271.345
1.10351e+06 271.346
1.10411e+06 271.348
1.10471e+06 271.35
1.10531e+06 271.351
1.10591e+06 271.353
1.10651e+06 271.355
1.10711e+06 271.356
1.10771e+06 271.358
1.10831e+06 271.36
1.10891e+06 271.361
1.10951e+06 271.363
1.11011e+06 271.365
1.11071e+06 271.366
1.11131e+06 271.368
1.11191e+06 271.37
1.11251e+06 271.371
1.11311e+06 271.373
1.11371e+06 271.375
1.11431e+06 271.376
1.11491e+06 271.378
1.11551e+06 271.38
1.11611e+06 271.381
1.11671e+06 271.383
1.11731e+06 271.385
1.11791e+06 271.386
1.11851e+06 271.388
1.11911e+06 271.39
1.11971e+06 271.391
1.12031e+06 271.393
1.12091e+06 271.395
1.12151e+06 271.396
1.12211e+06 271.398
1.12271e+06 271.4
1.12331e+06 271.401
1.12391e+06 271.403
1.12451e+06 271.405
1.12511e+06 271.406
1.12571e+06 271.408
1.12631e+06 271.41
1.12691e+06 271.411
1.12751e+06 271.413
1.12811e+06 271.415
1.12871e+06 271.416
1.12931e+06 271.418
1.12991e+06 271.42
1.13051e+06 271.421
1.13111e+06 271.423
1.13171e+06 271.425
1.13231e+06 271.426
1.13291e+06 271.428
1.13351e+06 271.43
1.13411e+06 271.431
1.13471e+06 271.433
1.13531e+06 271.434
1.13591e+06 271.436
1.13651e+06 271.438
1.13711e+06 271.439
1.13771e+06 271.441
1.13831e+06 271.443
1.13891e+06 271.444
1.13951e+06 271.446
1.14011e+06 271.447
1.14071e+06 271.449
1.14131e+06 271.451
1.14191e+06 271.452
1.14251e+06 271.454
1.14311e+06 271.456
1.14371e+06 271.457
1.14431e+06 271.459
1.14491e+06 271.46
1.14551e+06 271.462
1.14611e+06 271.464
1.14671e+06 271.465
1.14731e+06 271.467
1.14791e+06 271.469
1.14851e+06 271.47
1.14911e+06 271.472
1.14971e+06 271.473
1.15032e+06 271.475
1.15092e+06 271.477
1.15152e+06 271.478
1.15212e+06 271.48
1.15272e+06 271.481
1.15332e+06 271.483
1.15392e+06 271.485
1.15452e+06 271.486
1.15512e+06 271.488
1.15572e+06 271.489
1.15632e+06 271.491
1.15692e+06 271.493
1.15752e+06 271.494
1.15812e+06 271.496
1.15872e+06 271.497
1.15932e+06 271.499
1.15992e+06 271.501
1.16052e+06 271.502
1.16112e+06 271.504
1.16172e+06 271.505
1.16232e+06 271.507
1.16292e+06 271.508
1.16352e+06 271.51
1.16412e+06 271.512
1.16472e+06 271.513
1.16532e+06 271.515
1.16592e+06 271.516
1.16652e+06 271.518
1.16712e+06 271.519
1.16772e+06 271.521
1.16832e+06 271.523
1.16892e+06 271.524
1.16952e+06 271.526
1.17012e+06 271.527
1.17072e+06 271.529
1.17132e+06 271.53
1.17192e+06 271.532
1.17252e+06 271.533
1.17312e+06 271.535
1.17372e+06 271.537
1.17432e+06 271.538
1.17492e+06 271.54
1.17552e+06 271.541
1.17612e+06 271.543
1.17672e+06 271.544
1.17732e+06 271.546
1.17792e+06 271.547
1.17852e+06 271.549
1.17912e+06 271.55
1.17972e+06 271.552
1.18032e+06 271.554
1.18092e+06 271.555
1.18152e+06 271.557
1.18212e+06 271.558
1.18272e+06 271.56
1.18332e+06 271.561
1.18392e+06 271.563
1.18452e+06 271.564
1.18512e+06 271.566
1.18572e+06 271.567
1.18632e+06 271.569
1.18692e+06 271.57
1.18752e+06 271.572
1.18812e+06 271.573
1.18872e+06 271.575
1.18932e+06 271.576
1.18992e+06 271.578
1.19052e+06 271.579
1.19112e+06 271.581
1.19172e+06 271.582
1.19232e+06 271.584
1.19292e+06 271.585
1.19352e+06 271.587
1.19412e+06 271.588
1.19472e+06 271.59
1.19532e+06 271.591
1.19592e+06 271.593
1.19652e+06 271.594
1.19712e+06 271.596
1.19772e+06 271.597
1.19832e+06 271.599
1.19892e+06 271.6
1.19952e+06 271.602
1.20012e+06 271.603
1.20072e+06 271.605
1.20132e+06 271.606
1.20192e+06 271.608
1.20252e+06 271.609
1.20312e+06 271.611
1.20372e+06 271.612
1.20432e+06 271.613
1.20492e+06 271.615
1.20552e+06 271.616
1.20612e+06 271.618
1.20672e+06 271.619
1.20732e+06 271.621
1.20792e+06 271.622
1.20852e+06 271.624
1.20912e+06 271.625
1.20972e+06 271.627
1.21032e+06 271.628
1.21092e+06 271.63
1.21152e+06 271.631
1.21212e+06 271.632
1.21272e+06 271.634
1.21332e+06 271.635
1.21392e+06 271.637
1.21452e+06 271.638
1.21512e+06 271.64
1.21572e+06 271.641
1.21632e+06 271.642
1.21692e+06 271.644
1.21752e+06 271.645
1.21812e+06 271.647
1.21872e+06 271.648
1.21932e+06 271.65
1.21992e+06 271.651
1.22052e+06 271.652
1.22112e+06 271.654
1.22172e+06 271.655
1.22232e+06 271.657
1.22292e+06 271.658
1.22352e+06 271.659
1.22412e+06 271.661
1.22472e+06 271.662
1.22532e+06 271.664
1.22592e+06 271.665
1.22652e+06 271.666
1.22712e+06 271.668
1.22772e+06 271.669
1.22832e+06 271.671
1.22892e+06 271.672
1.22952e+06 271.673
1.23012e+06 271.675
1.23072e+06 271.676
1.23132e+06 271.678
1.23192e+06 271.679
1.23252e+06 271.68
1.23312e+06 271.682
1.23372e+06 271.683
1.23432e+06 271.685
1.23492e+06 271.686
1.23552e+06 271.687
1.23612e+06 271.689
1.23672e+06 271.69
1.23732e+06 271.691
1.23792e+06 271.693
1.23852e+06 271.694
1.23912e+06 271.695
1.23972e+06 271.697
1.24032e+06 271.698
1.24092e+06 271.7
1.24152e+06 271.701
1.24212e+06 271.702
1.24272e+06 271.704
1.24332e+06 271.705
1.24392e+06 271.706
1.24452e+06 271.708
1.24512e+06 271.709
1.24572e+06 271.71
1.24632e+06 271.712
1.24692e+06 271.713
1.24752e+06 271.714
1.24812e+06 271.716
1.24872e+06 271.717
1.24932e+06 271.718
1.24992e+06 271.72
1.25053e+06 271.721
1.25113e+06 271.722
1.25173e+06 271.724
1.25233e+06 271.725
1.25293e+06 271.726
1.25353e+06 271.728
1.25413e+06 271.729
1.25473e+06 271.73
1.25533e+06 271.732
1.25593e+06 271.733
1.25653e+06 271.734
1.25713e+06 271.735
1.25773e+06 271.737
1.25833e+06 271.738
1.25893e+06 271.739
1.25953e+06 271.741
1.26013e+06 271.742
1.26073e+06 271.743
1.26133e+06 271.745
1.26193e+06 271.746
1.26253e+06 271.747
1.26313e+06 271.748
1.26373e+06 271.75
1.26433e+06 271.751
1.26493e+06 271.752
1.26553e+06 271.753
1.26613e+06 271.755
1.26673e+06 271.756
1.26733e+06 271.757
1.26793e+06 271.759
1.26853e+06 271.76
1.26913e+06 271.761
1.26973e+06 271.762
1.27033e+06 271.764
1.27093e+06 271.765
1.27153e+06 271.766
1.27213e+06 271.767
1.27273e+06 271.769
1.27333e+06 271.77
1.27393e+06 271.771
1.27453e+06 271.772
1.27513e+06 271.774
1.27573e+06 271.775
1.27633e+06 271.776
1.27693e+06 271.777
1.27753e+06 271.779
1.27813e+06 271.78
1.27873e+06 271.781
1.27933e+06 271.782
1.27993e+06 271.784
1.28053e+06 271.785
1.28113e+06 271.786
1.28173e+06 271.787
1.28233e+06 271.789
1.28293e+06 271.79
1.28353e+06 271.791
1.28413e+06 271.792
1.28473e+06 271.793
1.28533e+06 271.795
1.28593e+06 271.796
1.28653e+06 271.797
1.28713e+06 271.798
1.28773e+06 271.799
1.28833e+06 271.801
1.28893e+06 271.802
1.28953e+06 271.803
1.29013e+06 271.804
1.29073e+06 271.805
1.29133e+06 271.807
1.29193e+06 271.808
1.29253e+06 271.809
1.29313e+06 271.81
1.29373e+06 271.811
1.29433e+06 271.813
1.29493e+06 271.814
1.29553e+06 271.815
1.29613e+06 271.816
1.29673e+06 271.817
1.29733e+06 271.819
1.29793e+06 271.82
1.29853e+06 271.821
1.29913e+06 271.822
1.29973e+06 271.823
1.30033e+06 271.824
1.30093e+06 271.826
1.30153e+06 271.827
1.30213e+06 271.828
1.30273e+06 271.829
1.30333e+06 271.83
1.30393e+06 271.831
1.30453e+06 271.833
1.30513e+06 271.834
1.30573e+06 271.835
1.30633e+06 271.836
1.30693e+06 271.837
1.30753e+06 271.838
1.30813e+06 271.839
1.30873e+06 271.841
1.30933e+06 271.842
1.30993e+06 271.843
1.31053e+06 271.844
1.31113e+06 271.845
1.31173e+06 271.846
1.31233e+06 271.847
1.31293e+06 271.849
1.31353e+06 271.85
1.31413e+06 271.851
1.31473e+06 271.852
1.31533e+06 271.853
1.31593e+06 271.854
1.31653e+06 271.855
1.31713e+06 271.856
1.31773e+06 271.858
1.31833e+06 271.859
1.31893e+06 271.86
1.31953e+06 271.861
1.32013e+06 271.862
1.32073e+06 271.863
1.32133e+06 271.864
1.32193e+06 271.865
1.32253e+06 271.866
1.32313e+06 271.868
1.32373e+06 271.869
1.32433e+06 271.87
1.32493e+06 271.871
1.32553e+06 271.872
1.32613e+06 271.873
1.32673e+06 271.874
1.32733e+06 271.875
1.32793e+06 271.876
1.32853e+06 271.877
1.32913e+06 271.878
1.32973e+06 271.88
1.33033e+06 271.881
1.33093e+06 271.882
1.33153e+06 271.883
1.33213e+06 271.884
1.33273e+06 271.885
1.33333e+06 271.886
1.33393e+06 271.887
1.33453e+06 271.888
1.33513e+06 271.889
1.33573e+06 271.89
1.33633e+06 271.891
1.33693e+06 271.892
1.33753e+06 271.894
1.33813e+06 271.895
1.33873e+06 271.896
1.33933e+06 271.897
1.33993e+06 271.898
1.34053e+06 271.899
1.34113e+06 271.9
1.34173e+06 271.901
1.34233e+06 271.902
1.34293e+06 271.903
1.34353e+06 271.904
1.34413e+06 271.905
1.34473e+06 271.906
1.34533e+06 271.907
1.34593e+06 271.908
1.34653e+06 271.909
1.34713e+06 271.91
1.34773e+06 271.911
1.34833e+06 271.912
1.34893e+06 271.913
1.34953e+06 271.914
1.35014e+06 271.915
1.35074e+06 271.916
1.35134e+06 271.917
1.35194e+06 271.918
1.35254e+06 271.919
1.35314e+06 271.92
1.35374e+06 271.921
1.35434e+06 271.923
1.35494e+06 271.924
1.35554e+06 271.925
1.35614e+06 271.926
1.35674e+06 271.927
1.35734e+06 271.928
1.35794e+06 271.929
1.35854e+06 271.93
1.35914e+06 271.931
1.35974e+06 271.932
1.36034e+06 271.933
1.36094e+06 271.934
1.36154e+06 271.935
1.36214e+06 271.936
1.36274e+06 271.937
1.36334e+06 271.938
1.36394e+06 271.939
1.36454e+06 271.939
1.36514e+06 271.94
1.36574e+06 271.941
1.36634e+06 271.942
1.36694e+06 271.943
1.36754e+06 271.944
1.36814e+06 271.945
1.36874e+06 271.946
1.36934e+06 271.947
1.36994e+06 271.948
1.37054e+06 271.949
1.37114e+06 271.95
1.37174e+06 271.951
1.37234e+06 271.952
1.37294e+06 271.953
1.37354e+06 271.954
1.37414e+06 271.955
1.37474e+06 271.956
1.37534e+06 271.957
1.37594e+06 271.958
1.37654e+06 271.959
1.37714e+06 271.96
1.37774e+06 271.961
1.37834e+06 271.962
1.37894e+06 271.963
1.37954e+06 271.964
1.38014e+06 271.965
1.38074e+06 271.966
1.38134e+06 271.966
1.38194e+06 271.967
1.38254e+06 271.968
1.38314e+06 271.969
1.38374e+06 271.97
1.38434e+06 271.971
1.38494e+06 271.972
1.38554e+06 271.973
1.38614e+06 271.974
1.38674e+06 271.975
1.38734e+06 271.976
1.38794e+06 271.977
1.38854e+06 271.978
1.38914e+06 271.979
1.38974e+06 271.979
1.39034e+06 271.98
1.39094e+06 271.981
1.39154e+06 271.982
1.39214e+06 271.983
1.39274e+06 271.984
1.39334e+06 271.985
1.39394e+06 271.986
1.39454e+06 271.987
1.39514e+06 271.988
1.39574e+06 271.989
1.39634e+06 271.99
1.39694e+06 271.99
1.39754e+06 271.991
1.39814e+06 271.992
1.39874e+06 271.993
1.39934e+06 271.994
1.39994e+06 271.995
1.40054e+06 271.996
1.40114e+06 271.997
1.40174e+06 271.998
1.40234e+06 271.998
1.40294e+06 271.999
1.40354e+06 272
1.40414e+06 272.001
1.40474e+06 272.002
1.40534e+06 272.003
1.40594e+06 272.004
1.40654e+06 272.005
1.40714e+06 272.006
1.40774e+06 272.006
1.40834e+06 272.007
1.40894e+06 272.008
1.40954e+06 272.009
1.41014e+06 272.01
1.41074e+06 272.011
1.41134e+06 272.012
1.41194e+06 272.013
1.41254e+06 272.013
1.41314e+06 272.014
1.41374e+06 272.015
1.41434e+06 272.016
1.41494e+06 272.017
1.41554e+06 272.018
1.41614e+06 272.019
1.41674e+06 272.019
1.41734e+06 272.02
1.41794e+06 272.021
1.41854e+06 272.022
1.41914e+06 272.023
1.41974e+06 272.024
1.42034e+06 272.025
1.42094e+06 272.025
1.42154e+06 272.026
1.42214e+06 272.027
1.42274e+06 272.028
1.42334e+06 272.029
1.42394e+06 272.03
1.42454e+06 272.03
1.42514e+06 272.031
1.42574e+06 272.032
1.42634e+06 272.033
1.42694e+06 272.034
1.42754e+06 272.035
1.42814e+06 272.035
1.42874e+06 272.036
1.42934e+06 272.037
1.42994e+06 272.038
1.43054e+06 272.039
1.43114e+06 272.04
1.43174e+06 272.04
1.43234e+06 272.041
1.43294e+06 272.042
1.43354e+06 272.043
1.43414e+06 272.044
1.43474e+06 272.044
1.43534e+06 272.045
1.43594e+06 272.046
1.43654e+06 272.047
1.43714e+06 272.048
1.43774e+06 272.049
1.43834e+06 272.049
1.43894e+06 272.05
1.43954e+06 272.051
1.44014e+06 272.052
1.44074e+06 272.053
1.44134e+06 272.053
1.44194e+06 272.054
1.44254e+06 272.055
1.44314e+06 272.056
1.44374e+06 272.057
1.44434e+06 272.057
1.44494e+06 272.058
1.44554e+06 272.059
1.44614e+06 272.06
1.44674e+06 272.061
1.44734e+06 272.061
1.44794e+06 272.062
1.44854e+06 272.063
1.44914e+06 272.064
1.44974e+06 272.064
1.45035e+06 272.065
1.45095e+06 272.066
1.45155e+06 272.067
1.45215e+06 272.068
1.45275e+06 272.068
1.45335e+06 272.069
1.45395e+06 272.07
1.45455e+06 272.071
1.45515e+06 272.072
1.45575e+06 272.072
1.45635e+06 272.073
1.45695e+06 272.074
1.45755e+06 272.075
1.45815e+06 272.075
1.45875e+06 272.076
1.45935e+06 272.077
1.45995e+06 272.078
1.46055e+06 272.078
1.46115e+06 272.079
1.46175e+06 272.08
1.46235e+06 272.081
1.46295e+06 272.081
1.46355e+06 272.082
1.46415e+06 272.083
1.46475e+06 272.084
1.46535e+06 272.084
1.46595e+06 272.085
1.46655e+06 272.086
1.46715e+06 272.087
1.46775e+06 272.087
1.46835e+06 272.088
1.46895e+06 272.089
1.46955e+06 272.09
1.47015e+06 272.09
1.47075e+06 272.091
1.47135e+06 272.092
1.47195e+06 272.093
1.47255e+06 272.093
1.47315e+06 272.094
1.47375e+06 272.095
1.47435e+06 272.096
1.47495e+06 272.096
1.47555e+06 272.097
1.47615e+06 272.098
1.47675e+06 272.099
1.47735e+06 272.099
1.47795e+06 272.1
1.47855e+06 272.101
1.47915e+06 272.102
1.47975e+06 272.102
1.48035e+06 272.103
1.48095e+06 272.104
1.48155e+06 272.104
1.48215e+06 272.105
1.48275e+06 272.106
1.48335e+06 272.107
1.48395e+06 272.107
1.48455e+06 272.108
1.48515e+06 272.109
1.48575e+06 272.109
1.48635e+06 272.11
1.48695e+06 272.111
1.48755e+06 272.112
1.48815e+06 272.112
1.48875e+06 272.113
1.48935e+06 272.114
1.48995e+06 272.114
1.49055e+06 272.115
1.49115e+06 272.116
1.49175e+06 272.117
1.49235e+06 272.117
1.49295e+06 272.118
1.49355e+06 272.119
1.49415e+06 272.119
1.49475e+06 272.12
1.49535e+06 272.121
1.49595e+06 272.121
1.49655e+06 272.122
1.49715e+06 272.123
1.49775e+06 272.124
1.49835e+06 272.124
1.49895e+06 272.125
1.49955e+06 272.126
1.50015e+06 272.126
1.50075e+06 272.127
1.50135e+06 272.128
1.50195e+06 272.128
1.50255e+06 272.129
1.50315e+06 272.13
1.50375e+06 272.13
1.50435e+06 272.131
1.50495e+06 272.132
1.50555e+06 272.133
1.50615e+06 272.133
1.50675e+06 272.134
1.50735e+06 272.135
1.50795e+06 272.135
1.50855e+06 272.136
1.50915e+06 272.137
1.50975e+06 272.137
1.51035e+06 272.138
1.51095e+06 272.139
1.51155e+06 272.139
1.51215e+06 272.14
1.51275e+06 272.141
1.51335e+06 272.141
1.51395e+06 272.142
1.51455e+06 272.143
1.51515e+06 272.143
1.51575e+06 272.144
1.51635e+06 272.145
1.51695e+06 272.145
1.51755e+06 272.146
1.51815e+06 272.147
1.51875e+06 272.148
1.51935e+06 272.149
1.51995e+06 272.151
1.52055e+06 272.152
1.52115e+06 272.154
1.52175e+06 272.155
1.52235e+06 272.156
1.52295e+06 272.157
1.52355e+06 272.158
1.52415e+06 272.159
1.52475e+06 272.16
1.52535e+06 272.16
1.52595e+06 272.161
1.52655e+06 272.162
1.52715e+06 272.163
1.52775e+06 272.163
1.52835e+06 272.164
1.52895e+06 272.165
1.52955e+06 272.166
1.53015e+06 272.166
1.53075e+06 272.167
1.53135e+06 272.168
1.53195e+06 272.168
1.53255e+06 272.169
1.53315e+06 272.17
1.53375e+06 272.171
1.53435e+06 272.171
1.53495e+06 272.172
1.53555e+06 272.173
1.53615e+06 272.173
1.53675e+06 272.174
1.53735e+06 272.175
1.53795e+06 272.175
1.53855e+06 272.176
1.53915e+06 272.177
1.53975e+06 272.177
1.54035e+06 272.178
1.54095e+06 272.179
1.54155e+06 272.179
1.54215e+06 272.18
1.54275e+06 272.181
1.54335e+06 272.181
1.54395e+06 272.182
1.54455e+06 272.183
1.54515e+06 272.183
1.54575e+06 272.184
1.54635e+06 272.185
1.54695e+06 272.185
1.54755e+06 272.186
1.54815e+06 272.187
1.54875e+06 272.187
1.54935e+06 272.188
1.54995e+06 272.189
1.55056e+06 272.189
1.55116e+06 272.19
1.55176e+06 272.191
1.55236e+06 272.191
1.55296e+06 272.192
1.55356e+06 272.192
1.55416e+06 272.193
1.55476e+06 272.194
1.55536e+06 272.194
1.55596e+06 272.195
1.55656e+06 272.196
1.55716e+06 272.196
1.55776e+06 272.197
1.55836e+06 272.198
1.55896e+06 272.198
1.55956e+06 272.199
1.56016e+06 272.2
1.56076e+06 272.2
1.56136e+06 272.201
1.56196e+06 272.201
1.56256e+06 272.202
1.56316e+06 272.203
1.56376e+06 272.203
1.56436e+06 272.204
1.56496e+06 272.205
1.56556e+06 272.205
1.56616e+06 272.206
1.56676e+06 272.206
1.56736e+06 272.207
1.56796e+06 272.208
1.56856e+06 272.208
1.56916e+06 272.209
1.56976e+06 272.21
1.57036e+06 272.21
1.57096e+06 272.211
1.57156e+06 272.211
1.57216e+06 272.212
1.57276e+06 272.213
1.57336e+06 272.213
1.57396e+06 272.214
1.57456e+06 272.214
1.57516e+06 272.215
1.57576e+06 272.216
1.57636e+06 272.216
1.57696e+06 272.217
1.57756e+06 272.217
1.57816e+06 272.218
1.57876e+06 272.219
1.57936e+06 272.219
1.57996e+06 272.22
1.58056e+06 272.221
1.58116e+06 272.221
1.58176e+06 272.222
1.58236e+06 272.222
1.58296e+06 272.223
1.58356e+06 272.224
1.58416e+06 272.224
1.58476e+06 272.225
1.58536e+06 272.225
1.58596e+06 272.226
1.58656e+06 272.227
1.58716e+06 272.227
1.58776e+06 272.228
1.58836e+06 272.228
1.58896e+06 272.229
1.58956e+06 272.229
1.59016e+06 272.23
1.59076e+06 272.231
1.59136e+06 272.231
1.59196e+06 272.232
1.59256e+06 272.232
1.59316e+06 272.233
1.59376e+06 272.234
1.59436e+06 272.234
1.59496e+06 272.235
1.59556e+06 272.235
1.59616e+06 272.236
1.59676e+06 272.237
1.59736e+06 272.237
1.59796e+06 272.238
1.59856e+06 272.238
1.59916e+06 272.239
1.59976e+06 272.239
1.60036e+06 272.24
1.60096e+06 272.241
1.60156e+06 272.241
1.60216e+06 272.242
1.60276e+06 272.242
1.60336e+06 272.243
1.60396e+06 272.243
1.60456e+06 272.244
1.60516e+06 272.245
1.60576e+06 272.245
1.60636e+06 272.246
1.60696e+06 272.246
1.60756e+06 272.247
1.60816e+06 272.247
1.60876e+06 272.248
1.60936e+06 272.249
1.60996e+06 272.249
1.61056e+06 272.25
1.61116e+06 272.25
1.61176e+06 272.251
1.61236e+06 272.251
1.61296e+06 272.252
1.61356e+06 272.253
1.61416e+06 272.253
1.61476e+06 272.254
1.61536e+06 272.254
1.61596e+06 272.255
1.61656e+06 272.255
1.61716e+06 272.256
1.61776e+06 272.257
1.61836e+06 272.257
1.61896e+06 272.258
1.61956e+06 272.258
1.62016e+06 272.259
1.62076e+06 272.259
1.62136e+06 272.26
1.62196e+06 272.26
1.62256e+06 272.261
1.62316e+06 272.262
1.62376e+06 272.262
1.62436e+06 272.263
1.62496e+06 272.263
1.62556e+06 272.264
1.62616e+06 272.264
1.62676e+06 272.265
1.62736e+06 272.265
1.62796e+06 272.266
1.62856e+06 272.266
1.62916e+06 272.267
1.62976e+06 272.268
1.63036e+06 272.268
1.63096e+06 272.269
1.63156e+06 272.269
1.63216e+06 272.27
1.63276e+06 272.27
1.63336e+06 272.271
1.63396e+06 272.271
1.63456e+06 272.272
1.63516e+06 272.272
1.63576e+06 272.273
1.63636e+06 272.274
1.63696e+06 272.274
1.63756e+06 272.275
1.63816e+06 272.275
1.63876e+06 272.276
1.63936e+06 272.276
1.63996e+06 272.277
1.64056e+06 272.277
1.64116e+06 272.278
1.64176e+06 272.278
1.64236e+06 272.279
1.64296e+06 272.279
1.64356e+06 272.28
1.64416e+06 272.28
1.64476e+06 272.281
1.64536e+06 272.282
1.64596e+06 272.282
1.64656e+06 272.283
1.64716e+06 272.283
1.64776e+06 272.284
1.64836e+06 272.284
1.64896e+06 272.285
1.64956e+06 272.285
1.65017e+06 272.286
1.65077e+06 272.286
1.65137e+06 272.287
1.65197e+06 272.287
1.65257e+06 272.288
1.65317e+06 272.288
1.65377e+06 272.289
1.65437e+06 272.289
1.65497e+06 272.29
1.65557e+06 272.29
1.65617e+06 272.291
1.65677e+06 272.292
1.65737e+06 272.292
1.65797e+06 272.293
1.65857e+06 272.293
1.65917e+06 272.294
1.65977e+06 272.294
1.66037e+06 272.295
1.66097e+06 272.295
1.66157e+06 272.296
1.66217e+06 272.296
1.66277e+06 272.297
1.66337e+06 272.297
1.66397e+06 272.298
1.66457e+06 272.298
1.66517e+06 272.299
1.66577e+06 272.299
1.66637e+06 272.3
1.66697e+06 272.3
1.66757e+06 272.301
1.66817e+06 272.301
1.66877e+06 272.302
1.66937e+06 272.302
1.66997e+06 272.303
1.67057e+06 272.303
1.67117e+06 272.304
1.67177e+06 272.304
1.67237e+06 272.305
1.67297e+06 272.305
1.67357e+06 272.306
1.67417e+06 272.306
1.67477e+06 272.307
1.67537e+06 272.307
1.67597e+06 272.308
1.67657e+06 272.308
1.67717e+06 272.309
1.67777e+06 272.309
1.67837e+06 272.31
1.67897e+06 272.31
1.67957e+06 272.311
1.68017e+06 272.311
1.68077e+06 272.312
1.68137e+06 272.312
1.68197e+06 272.313
1.68257e+06 272.313
1.68317e+06 272.314
1.68377e+06 272.314
1.68437e+06 272.315
1.68497e+06 272.315
1.68557e+06 272.316
1.68617e+06 272.316
1.68677e+06 272.317
1.68737e+06 272.317
1.68797e+06 272.318
1.68857e+06 272.318
1.68917e+06 272.319
1.68977e+06 272.319
1.69037e+06 272.32
1.69097e+06 272.32
1.69157e+06 272.321
1.69217e+06 272.321
1.69277e+06 272.322
1.69337e+06 272.322
1.69397e+06 272.323
1.69457e+06 272.323
1.69517e+06 272.324
1.69577e+06 272.324
1.69637e+06 272.325
1.69697e+06 272.325
1.69757e+06 272.326
1.69817e+06 272.326
1.69877e+06 272.327
1.69937e+06 272.327
1.69997e+06 272.328
1.70057e+06 272.328
1.70117e+06 272.329
1.70177e+06 272.329
1.70237e+06 272.33
1.70297e+06 272.33
1.70357e+06 272.331
1.70417e+06 272.331
1.70477e+06 272.331
1.70537e+06 272.332
1.70597e+06 272.332
1.70657e+06 272.333
1.70717e+06 272.333
1.70777e+06 272.334
1.70837e+06 272.334
1.70897e+06 272.335
1.70957e+06 272.335
1.71017e+06 272.336
1.71077e+06 272.336
1.71137e+06 272.337
1.71197e+06 272.337
1.71257e+06 272.338
1.71317e+06 272.338
1.71377e+06 272.339
1.71437e+06 272.339
1.71497e+06 272.34
1.71557e+06 272.34
1.71617e+06 272.341
1.71677e+06 272.341
1.71737e+06 272.341
1.71797e+06 272.342
1.71857e+06 272.342
1.71917e+06 272.343
1.71977e+06 272.343
1.72037e+06 272.344
1.72097e+06 272.344
1.72157e+06 272.345
1.72217e+06 272.345
1.72277e+06 272.346
1.72337e+06 272.346
1.72397e+06 272.347
1.72457e+06 272.347
1.72517e+06 272.348
1.72577e+06 272.348
1.72637e+06 272.348
1.72697e+06 272.349
1.72757e+06 272.349
1.72817e+06 272.35
1.72877e+06 272.35
1.72937e+06 272.351
1.72997e+06 272.351
1.73057e+06 272.352
1.73117e+06 272.352
1.73177e+06 272.353
1.73237e+06 272.353
1.73297e+06 272.354
1.73357e+06 272.354
1.73417e+06 272.354
1.73477e+06 272.355
1.73537e+06 272.355
1.73597e+06 272.356
1.73657e+06 272.356
1.73717e+06 272.357
1.73777e+06 272.357
1.73837e+06 272.358
1.73897e+06 272.358
1.73957e+06 272.359
1.74017e+06 272.359
1.74077e+06 272.359
1.74137e+06 272.36
1.74197e+06 272.36
1.74257e+06 272.361
1.74317e+06 272.361
1.74377e+06 272.362
1.74437e+06 272.362
1.74497e+06 272.363
1.74557e+06 272.363
1.74617e+06 272.364
1.74677e+06 272.364
1.74737e+06 272.364
1.74797e+06 272.365
1.74857e+06 272.365
1.74917e+06 272.366
1.74977e+06 272.366
1.75038e+06 272.367
1.75098e+06 272.367
1.75158e+06 272.368
1.75218e+06 272.368
1.75278e+06 272.368
1.75338e+06 272.369
1.75398e+06 272.369
1.75458e+06 272.37
1.75518e+06 272.37
1.75578e+06 272.371
1.75638e+06 272.371
1.75698e+06 272.372
1.75758e+06 272.372
1.75818e+06 272.372
1.75878e+06 272.373
1.75938e+06 272.373
1.75998e+06 272.374
1.76058e+06 272.374
1.76118e+06 272.375
1.76178e+06 272.375
1.76238e+06 272.376
1.76298e+06 272.376
1.76358e+06 272.376
1.76418e+06 272.377
1.76478e+06 272.377
1.76538e+06 272.378
1.76598e+06 272.378
1.76658e+06 272.379
1.76718e+06 272.379
1.76778e+06 272.379
1.76838e+06 272.38
1.76898e+06 272.38
1.76958e+06 272.381
1.77018e+06 272.381
1.77078e+06 272.382
1.77138e+06 272.382
1.77198e+06 272.383
1.77258e+06 272.383
1.77318e+06 272.383
1.77378e+06 272.384
1.77438e+06 272.384
1.77498e+06 272.385
1.77558e+06 272.385
1.77618e+06 272.386
1.77678e+06 272.386
1.77738e+06 272.386
1.77798e+06 272.387
1.77858e+06 272.387
1.77918e+06 272.388
1.77978e+06 272.388
1.78038e+06 272.389
1.78098e+06 272.389
1.78158e+06 272.389
1.78218e+06 272.39
1.78278e+06 272.39
1.78338e+06 272.391
1.78398e+06 272.391
1.78458e+06 272.392
1.78518e+06 272.392
1.78578e+06 272.392
1.78638e+06 272.393
1.78698e+06 272.393
1.78758e+06 272.394
1.78818e+06 272.394
1.78878e+06 272.395
1.78938e+06 272.395
1.78998e+06 272.395
1.79058e+06 272.396
1.79118e+06 272.396
1.79178e+06 272.397
1.79238e+06 272.397
1.79298e+06 272.398
1.79358e+06 272.398
1.79418e+06 272.398
1.79478e+06 272.399
1.79538e+06 272.399
1.79598e+06 272.4
1.79658e+06 272.4
1.79718e+06 272.4
1.79778e+06 272.401
1.79838e+06 272.401
1.79898e+06 272.402
1.79958e+06 272.402
1.80018e+06 272.403
1.80078e+06 272.403
1.80138e+06 272.403
1.80198e+06 272.404
1.80258e+06 272.404
1.80318e+06 272.405
1.80378e+06 272.405
1.80438e+06 272.405
1.80498e+06 272.406
1.80558e+06 272.406
1.80618e+06 272.407
1.80678e+06 272.407
1.80738e+06 272.408
1.80798e+06 272.408
1.80858e+06 272.408
1.80918e+06 272.409
1.80978e+06 272.409
1.81038e+06 272.41
1.81098e+06 272.41
1.81158e+06 272.41
1.81218e+06 272.411
1.81278e+06 272.411
1.81338e+06 272.412
1.81398e+06 272.412
1.81458e+06 272.412
1.81518e+06 272.413
1.81578e+06 272.413
1.81638e+06 272.414
1.81698e+06 272.414
1.81758e+06 272.415
1.81818e+06 272.415
1.81878e+06 272.415
1.81938e+06 272.416
1.81998e+06 272.416
1.82058e+06 272.417
1.82118e+06 272.417
1.82178e+06 272.417
1.82238e+06 272.418
1.82298e+06 272.418
1.82358e+06 272.419
1.82418e+06 272.419
1.82478e+06 272.419
1.82538e+06 272.42
1.82598e+06 272.42
1.82658e+06 272.421
1.82718e+06 272.421
1.82778e+06 272.421
1.82838e+06 272.422
1.82898e+06 272.422
1.82958e+06 272.423
1.83018e+06 272.423
1.83078e+06 272.423
1.83138e+06 272.424
1.83198e+06 272.424
1.83258e+06 272.425
1.83318e+06 272.425
1.83378e+06 272.425
1.83438e+06 272.426
1.83498e+06 272.426
1.83558e+06 272.427
1.83618e+06 272.427
1.83678e+06 272.427
1.83738e+06 272.428
1.83798e+06 272.428
1.83858e+06 272.429
1.83918e+06 272.429
1.83978e+06 272.429
1.84038e+06 272.43
1.84098e+06 272.43
1.84158e+06 272.431
1.84218e+06 272.431
1.84278e+06 272.431
1.84338e+06 272.432
1.84398e+06 272.432
1.84458e+06 272.433
1.84518e+06 272.433
1.84578e+06 272.433
1.84638e+06 272.434
1.84698e+06 272.434
1.84758e+06 272.435
1.84818e+06 272.435
1.84878e+06 272.435
1.84938e+06 272.436
1.84998e+06 272.436
1.85059e+06 272.437
1.85119e+06 272.437
1.85179e+06 272.437
1.85239e+06 272.438
1.85299e+06 272.438
1.85359e+06 272.439
1.85419e+06 272.439
1.85479e+06 272.439
1.85539e+06 272.44
1.85599e+06 272.44
1.85659e+06 272.44
1.85719e+06 272.441
1.85779e+06 272.441
1.85839e+06 272.442
1.85899e+06 272.442
1.85959e+06 272.442
1.86019e+06 272.443
1.86079e+06 272.443
1.86139e+06 272.444
1.86199e+06 272.444
1.86259e+06 272.444
1.86319e+06 272.445
1.86379e+06 272.445
1.86439e+06 272.445
1.86499e+06 272.446
1.86559e+06 272.446
1.86619e+06 272.447
1.86679e+06 272.447
1.86739e+06 272.447
1.86799e+06 272.448
1.86859e+06 272.448
1.86919e+06 272.449
1.86979e+06 272.449
1.87039e+06 272.449
1.87099e+06 272.45
1.87159e+06 272.45
1.87219e+06 272.45
1.87279e+06 272.451
1.87339e+06 272.451
1.87399e+06 272.452
1.87459e+06 272.452
1.87519e+06 272.452
1.87579e+06 272.453
1.87639e+06 272.453
1.87699e+06 272.454
1.87759e+06 272.454
1.87819e+06 272.454
1.87879e+06 272.455
1.87939e+06 272.455
1.87999e+06 272.455
1.88059e+06 272.456
1.88119e+06 272.456
1.88179e+06 272.457
1.88239e+06 272.457
1.88299e+06 272.457
1.88359e+06 272.458
1.88419e+06 272.458
1.88479e+06 272.458
1.88539e+06 272.459
1.88599e+06 272.459
1.88659e+06 272.46
1.88719e+06 272.46
1.88779e+06 272.46
1.88839e+06 272.461
1.88899e+06 272.461
1.88959e+06 272.461
1.89019e+06 272.462
1.89079e+06 272.462
1.89139e+06 272.463
1.89199e+06 272.463
1.89259e+06 272.463
1.89319e+06 272.464
1.89379e+06 272.464
1.89439e+06 272.464
1.89499e+06 272.465
1.89559e+06 272.465
1.89619e+06 272.466
1.89679e+06 272.466
1.89739e+06 272.466
1.89799e+06 272.467
1.89859e+06 272.467
1.89919e+06 272.467
1.89979e+06 272.468
1.90039e+06 272.468
1.90099e+06 272.469
1.90159e+06 272.469
1.90219e+06 272.469
1.90279e+06 272.47
1.90339e+06 272.47
1.90399e+06 272.47
1.90459e+06 272.471
1.90519e+06 272.471
1.90579e+06 272.472
1.90639e+06 272.472
1.90699e+06 272.472
1.90759e+06 272.473
1.90819e+06 272.473
1.90879e+06 272.473
1.90939e+06 272.474
1.90999e+06 272.474
1.91059e+06 272.474
1.91119e+06 272.475
1.91179e+06 272.475
1.91239e+06 272.476
1.91299e+06 272.476
1.91359e+06 272.476
1.91419e+06 272.477
1.91479e+06 272.477
1.91539e+06 272.477
1.91599e+06 272.478
1.91659e+06 272.478
1.91719e+06 272.479
1.91779e+06 272.479
1.91839e+06 272.479
1.91899e+06 272.48
1.91959e+06 272.48
1.92019e+06 272.48
1.92079e+06 272.481
1.92139e+06 272.481
1.92199e+06 272.481
1.92259e+06 272.482
1.92319e+06 272.482
1.92379e+06 272.483
1.92439e+06 272.483
1.92499e+06 272.483
1.92559e+06 272.484
1.92619e+06 272.484
1.92679e+06 272.484
1.92739e+06 272.485
1.92799e+06 272.485
1.92859e+06 272.485
1.92919e+06 272.486
1.92979e+06 272.486
1.93039e+06 272.486
1.93099e+06 272.487
1.93159e+06 272.487
1.93219e+06 272.488
1.93279e+06 272.488
1.93339e+06 272.488
1.93399e+06 272.489
1.93459e+06 272.489
1.93519e+06 272.489
1.93579e+06 272.49
1.93639e+06 272.49
1.93699e+06 272.49
1.93759e+06 272.491
1.93819e+06 272.491
1.93879e+06 272.491
1.93939e+06 272.492
1.93999e+06 272.492
1.94059e+06 272.493
1.94119e+06 272.493
1.94179e+06 272.493
1.94239e+06 272.494
1.94299e+06 272.494
1.94359e+06 272.494
1.94419e+06 272.495
1.94479e+06 272.495
1.94539e+06 272.495
1.94599e+06 272.496
1.94659e+06 272.496
1.94719e+06 272.496
1.94779e+06 272.497
1.94839e+06 272.497
1.94899e+06 272.498
1.94959e+06 272.498
1.9502e+06 272.498
1.9508e+06 272.499
1.9514e+06 272.499
1.952e+06 272.499
1.9526e+06 272.5
1.9532e+06 272.5
1.9538e+06 272.5
1.9544e+06 272.501
1.955e+06 272.501
1.9556e+06 272.501
1.9562e+06 272.502
1.9568e+06 272.502
1.9574e+06 272.502
1.958e+06 272.503
1.9586e+06 272.503
1.9592e+06 272.503
1.9598e+06 272.504
1.9604e+06 272.504
1.961e+06 272.505
1.9616e+06 272.505
1.9622e+06 272.505
1.9628e+06 272.506
1.9634e+06 272.506
1.964e+06 272.506
1.9646e+06 272.507
1.9652e+06 272.507
1.9658e+06 272.507
1.9664e+06 272.508
1.967e+06 272.508
1.9676e+06 272.508
1.9682e+06 272.509
1.9688e+06 272.509
1.9694e+06 272.509
1.97e+06 272.51
1.9706e+06 272.51
1.9712e+06 272.51
1.9718e+06 272.511
1.9724e+06 272.511
1.973e+06 272.511
1.9736e+06 272.512
1.9742e+06 272.512
1.9748e+06 272.513
1.9754e+06 272.513
1.976e+06 272.513
1.9766e+06 272.514
1.9772e+06 272.514
1.9778e+06 272.514
1.9784e+06 272.515
1.979e+06 272.515
1.9796e+06 272.515
1.9802e+06 272.516
1.9808e+06 272.516
1.9814e+06 272.516
1.982e+06 272.517
1.9826e+06 272.517
1.9832e+06 272.517
1.9838e+06 272.518
1.9844e+06 272.518
1.985e+06 272.518
1.9856e+06 272.519
1.9862e+06 272.519
1.9868e+06 272.519
1.9874e+06 272.52
1.988e+06 272.52
1.9886e+06 272.52
1.9892e+06 272.521
1.9898e+06 272.521
1.9904e+06 272.521
1.991e+06 272.522
1.9916e+06 272.522
1.9922e+06 272.522
1.9928e+06 272.523
1.9934e+06 272.523
1.994e+06 272.523
1.9946e+06 272.524
1.9952e+06 272.524
1.9958e+06 272.524
1.9964e+06 272.525
1.997e+06 272.525
1.9976e+06 272.525
1.9982e+06 272.526
1.9988e+06 272.526
1.9994e+06 272.527
2e+06 272.527
2.0006e+06 272.527
2.0012e+06 272.528
2.0018e+06 272.528
2.0024e+06 272.528
2.003e+06 272.529
2.0036e+06 272.529
2.0042e+06 272.529
2.0048e+06 272.53
2.0054e+06 272.53
2.006e+06 272.53
2.0066e+06 272.531
2.0072e+06 272.531
2.0078e+06 272.531
2.0084e+06 272.532
2.009e+06 272.532
2.0096e+06 272.532
2.0102e+06 272.533
2.0108e+06 272.533
2.0114e+06 272.533
2.012e+06 272.534
2.0126e+06 272.534
2.0132e+06 272.534
2.0138e+06 272.535
2.0144e+06 272.535
2.015e+06 272.535
2.0156e+06 272.536
2.0162e+06 272.536
2.0168e+06 272.536
2.0174e+06 272.537
2.018e+06 272.537
2.0186e+06 272.537
2.0192e+06 272.538
2.0198e+06 272.538
2.0204e+06 272.538
2.021e+06 272.539
2.0216e+06 272.539
2.0222e+06 272.539
2.0228e+06 272.54
2.0234e+06 272.54
2.024e+06 272.54
2.0246e+06 272.541
2.0252e+06 272.541
2.0258e+06 272.541
2.0264e+06 272.542
2.027e+06 272.542
2.0276e+06 272.542
2.0282e+06 272.543
2.0288e+06 272.543
2.0294e+06 272.543
2.03e+06 272.543
2.0306e+06 272.544
2.0312e+06 272.544
2.0318e+06 272.544
2.0324e+06 272.545
2.033e+06 272.545
2.0336e+06 272.545
2.0342e+06 272.546
2.0348e+06 272.546
2.0354e+06 272.546
2.036e+06 272.547
2.0366e+06 272.547
2.0372e+06 272.547
2.0378e+06 272.548
2.0384e+06 272.548
2.039e+06 272.548
2.0396e+06 272.549
2.0402e+06 272.549
2.0408e+06 272.549
2.0414e+06 272.55
2.042e+06 272.55
2.0426e+06 272.55
2.0432e+06 272.551
2.0438e+06 272.551
2.0444e+06 272.551
2.045e+06 272.552
2.0456e+06 272.552
2.0462e+06 272.552
2.0468e+06 272.553
2.0474e+06 272.553
2.048e+06 272.553
2.0486e+06 272.554
2.0492e+06 272.554
2.0498e+06 272.554
2.05041e+06 272.555
2.05101e+06 272.555
2.05161e+06 272.555
2.05221e+06 272.556
2.05281e+06 272.556
2.05341e+06 272.556
2.05401e+06 272.557
2.05461e+06 272.557
2.05521e+06 272.557
2.05581e+06 272.557
2.05641e+06 272.558
2.05701e+06 272.558
2.05761e+06 272.558
2.05821e+06 272.559
2.05881e+06 272.559
2.05941e+06 272.559
2.06001e+06 272.56
2.06061e+06 272.56
2.06121e+06 272.56
2.06181e+06 272.561
2.06241e+06 272.561
2.06301e+06 272.561
2.06361e+06 272.562
2.06421e+06 272.562
2.06481e+06 272.562
2.06541e+06 272.563
2.06601e+06 272.563
2.06661e+06 272.563
2.06721e+06 272.564
2.06781e+06 272.564
2.06841e+06 272.564
2.06901e+06 272.565
2.06961e+06 272.565
2.07021e+06 272.565
2.07081e+06 272.566
2.07141e+06 272.566
2.07201e+06 272.566
2.07261e+06 272.566
2.07321e+06 272.567
2.07381e+06 272.567
2.07441e+06 272.567
2.07501e+06 272.568
2.07561e+06 272.568
2.07621e+06 272.568
2.07681e+06 272.569
2.07741e+06 272.569
2.07801e+06 272.569
2.07861e+06 272.57
2.07921e+06 272.57
2.07981e+06 272.57
2.08041e+06 272.571
2.08101e+06 272.571
2.08161e+06 272.571
2.08221e+06 272.572
2.08281e+06 272.572
2.08341e+06 272.572
2.08401e+06 272.572
2.08461e+06 272.573
2.08521e+06 272.573
2.08581e+06 272.573
2.08641e+06 272.574
2.08701e+06 272.574
2.08761e+06 272.574
2.08821e+06 272.575
2.08881e+06 272.575
2.08941e+06 272.575
2.09001e+06 272.576
2.09061e+06 272.576
2.09121e+06 272.576
2.09181e+06 272.577
2.09241e+06 272.577
2.09301e+06 272.577
2.09361e+06 272.578
2.09421e+06 272.578
2.09481e+06 272.578
2.09541e+06 272.578
2.09601e+06 272.579
2.09661e+06 272.579
2.09721e+06 272.579
2.09781e+06 272.58
2.09841e+06 272.58
2.09901e+06 272.58
2.09961e+06 272.581
2.10021e+06 272.581
2.10081e+06 272.581
2.10141e+06 272.582
2.10201e+06 272.582
2.10261e+06 272.582
2.10321e+06 272.583
2.10381e+06 272.583
2.10441e+06 272.583
2.10501e+06 272.583
2.10561e+06 272.584
2.10621e+06 272.584
2.10681e+06 272.584
2.10741e+06 272.585
2.10801e+06 272.585
2.10861e+06 272.585
2.10921e+06 272.586
2.10981e+06 272.586
2.11041e+06 272.586
2.11101e+06 272.587
2.11161e+06 272.587
2.11221e+06 272.587
2.11281e+06 272.587
2.11341e+06 272.588
2.11401e+06 272.588
2.11461e+06 272.588
2.11521e+06 272.589
2.11581e+06 272.589
2.11641e+06 272.589
2.11701e+06 272.59
2.11761e+06 272.59
2.11821e+06 272.59
2.11881e+06 272.591
2.11941e+06 272.591
2.12001e+06 272.591
2.12061e+06 272.591
2.12121e+06 272.592
2.12181e+06 272.592
2.12241e+06 272.592
2.12301e+06 272.593
2.12361e+06 272.593
2.12421e+06 272.593
2.12481e+06 272.594
2.12541e+06 272.594
2.12601e+06 272.594
2.12661e+06 272.595
2.12721e+06 272.595
2.12781e+06 272.595
2.12841e+06 272.595
2.12901e+06 272.596
2.12961e+06 272.596
2.13021e+06 272.596
2.13081e+06 272.597
2.13141e+06 272.597
2.13201e+06 272.597
2.13261e+06 272.598
2.13321e+06 272.598
2.13381e+06 272.598
2.13441e+06 272.599
2.13501e+06 272.599
2.13561e+06 272.599
2.13621e+06 272.599
2.13681e+06 272.6
2.13741e+06 272.6
2.13801e+06 272.6
2.13861e+06 272.601
2.13921e+06 272.601
2.13981e+06 272.601
2.14041e+06 272.602
2.14101e+06 272.602
2.14161e+06 272.602
2.14221e+06 272.602
2.14281e+06 272.603
2.14341e+06 272.603
2.14401e+06 272.603
2.14461e+06 272.604
2.14521e+06 272.604
2.14581e+06 272.604
2.14641e+06 272.605
2.14701e+06 272.605
2.14761e+06 272.605
2.14821e+06 272.606
2.14881e+06 272.606
2.14941e+06 272.606
2.15002e+06 272.606
2.15062e+06 272.607
2.15122e+06 272.607
2.15182e+06 272.607
2.15242e+06 272.608
2.15302e+06 272.608
2.15362e+06 272.608
2.15422e+06 272.609
2.15482e+06 272.609
2.15542e+06 272.609
2.15602e+06 272.609
2.15662e+06 272.61
2.15722e+06 272.61
2.15782e+06 272.61
2.15842e+06 272.611
2.15902e+06 272.611
2.15962e+06 272.611
2.16022e+06 272.612
2.16082e+06 272.612
2.16142e+06 272.612
2.16202e+06 272.612
2.16262e+06 272.613
2.16322e+06 272.613
2.16382e+06 272.613
2.16442e+06 272.614
2.16502e+06 272.614
2.16562e+06 272.614
2.16622e+06 272.615
2.16682e+06 272.615
2.16742e+06 272.615
2.16802e+06 272.615
2.16862e+06 272.616
2.16922e+06 272.616
2.16982e+06 272.616
2.17042e+06 272.617
2.17102e+06 272.617
2.17162e+06 272.617
2.17222e+06 272.618
2.17282e+06 272.618
2.17342e+06 272.618
2.17402e+06 272.618
2.17462e+06 272.619
2.17522e+06 272.619
2.17582e+06 272.619
2.17642e+06 272.62
2.17702e+06 272.62
2.17762e+06 272.62
2.17822e+06 272.62
2.17882e+06 272.621
2.17942e+06 272.621
2.18002e+06 272.621
2.18062e+06 272.622
2.18122e+06 272.622
2.18182e+06 272.622
2.18242e+06 272.623
2.18302e+06 272.623
2.18362e+06 272.623
2.18422e+06 272.623
2.18482e+06 272.624
2.18542e+06 272.624
2.18602e+06 272.624
2.18662e+06 272.625
2.18722e+06 272.625
2.18782e+06 272.625
2.18842e+06 272.626
2.18902e+06 272.626
2.18962e+06 272.626
2.19022e+06 272.626
2.19082e+06 272.627
2.19142e+06 272.627
2.19202e+06 272.627
2.19262e+06 272.628
2.19322e+06 272.628
2.19382e+06 272.628
2.19442e+06 272.628
2.19502e+06 272.629
2.19562e+06 272.629
2.19622e+06 272.629
2.19682e+06 272.63
2.19742e+06 272.63
2.19802e+06 272.63
2.19862e+06 272.631
2.19922e+06 272.631
2.19982e+06 272.631
2.20042e+06 272.631
2.20102e+06 272.632
2.20162e+06 272.632
2.20222e+06 272.632
2.20282e+06 272.633
2.20342e+06 272.633
2.20402e+06 272.633
2.20462e+06 272.633
2.20522e+06 272.634
2.20582e+06 272.634
2.20642e+06 272.634
2.20702e+06 272.635
2.20762e+06 272.635
2.20822e+06 272.635
2.20882e+06 272.636
2.20942e+06 272.636
2.21002e+06 272.636
2.21062e+06 272.636
2.21122e+06 272.637
2.21182e+06 272.637
2.21242e+06 272.637
2.21302e+06 272.638
2.21362e+06 272.638
2.21422e+06 272.638
2.21482e+06 272.638
2.21542e+06 272.639
2.21602e+06 272.639
2.21662e+06 272.639
2.21722e+06 272.64
2.21782e+06 272.64
2.21842e+06 272.64
2.21902e+06 272.64
2.21962e+06 272.641
2.22022e+06 272.641
2.22082e+06 272.641
2.22142e+06 272.642
2.22202e+06 272.642
2.22262e+06 272.642
2.22322e+06 272.642
2.22382e+06 272.643
2.22442e+06 272.643
2.22502e+06 272.643
2.22562e+06 272.644
2.22622e+06 272.644
2.22682e+06 272.644
2.22742e+06 272.645
2.22802e+06 272.645
2.22862e+06 272.645
2.22922e+06 272.645
2.22982e+06 272.646
2.23042e+06 272.646
2.23102e+06 272.646
2.23162e+06 272.647
2.23222e+06 272.647
2.23282e+06 272.647
2.23342e+06 272.647
2.23402e+06 272.648
2.23462e+06 272.648
2.23522e+06 272.648
2.23582e+06 272.649
2.23642e+06 272.649
2.23702e+06 272.649
2.23762e+06 272.649
2.23822e+06 272.65
2.23882e+06 272.65
2.23942e+06 272.65
2.24002e+06 272.651
2.24062e+06 272.651
2.24122e+06 272.651
2.24182e+06 272.651
2.24242e+06 272.652
2.24302e+06 272.652
2.24362e+06 272.652
2.24422e+06 272.653
2.24482e+06 272.653
2.24542e+06 272.653
2.24602e+06 272.653
2.24662e+06 272.654
2.24722e+06 272.654
2.24782e+06 272.654
2.24842e+06 272.655
2.24902e+06 272.655
2.24962e+06 272.655
2.25023e+06 272.655
2.25083e+06 272.656
2.25143e+06 272.656
2.25203e+06 272.656
2.25263e+06 272.657
2.25323e+06 272.657
2.25383e+06 272.657
2.25443e+06 272.657
2.25503e+06 272.658
2.25563e+06 272.658
2.25623e+06 272.658
2.25683e+06 272.659
2.25743e+06 272.659
2.25803e+06 272.659
2.25863e+06 272.659
2.25923e+06 272.66
2.25983e+06 272.66
2.26043e+06 272.66
2.26103e+06 272.661
2.26163e+06 272.661
2.26223e+06 272.661
2.26283e+06 272.661
2.26343e+06 272.662
2.26403e+06 272.662
2.26463e+06 272.662
2.26523e+06 272.663
2.26583e+06 272.663
2.26643e+06 272.663
2.26703e+06 272.663
2.26763e+06 272.664
2.26823e+06 272.664
2.26883e+06 272.664
2.26943e+06 272.665
2.27003e+06 272.665
2.27063e+06 272.665
2.27123e+06 272.665
2.27183e+06 272.666
2.27243e+06 272.666
2.27303e+06 272.666
2.27363e+06 272.667
2.27423e+06 272.667
2.27483e+06 272.667
2.27543e+06 272.667
2.27603e+06 272.668
2.27663e+06 272.668
2.27723e+06 272.668
2.27783e+06 272.669
2.27843e+06 272.669
2.27903e+06 272.669
2.27963e+06 272.669
2.28023e+06 272.67
2.28083e+06 272.67
2.28143e+06 272.67
2.28203e+06 272.67
2.28263e+06 272.671
2.28323e+06 272.671
2.28383e+06 272.671
2.28443e+06 272.672
2.28503e+06 272.672
2.28563e+06 272.672
2.28623e+06 272.672
2.28683e+06 272.673
2.28743e+06 272.673
2.28803e+06 272.673
2.28863e+06 272.674
2.28923e+06 272.674
2.28983e+06 272.674
2.29043e+06 272.674
2.29103e+06 272.675
2.29163e+06 272.675
2.29223e+06 272.675
2.29283e+06 272.676
2.29343e+06 272.676
2.29403e+06 272.676
2.29463e+06 272.676
2.29523e+06 272.677
2.29583e+06 272.677
2.29643e+06 272.677
2.29703e+06 272.678
2.29763e+06 272.678
2.29823e+06 272.678
2.29883e+06 272.678
2.29943e+06 272.679
2.30003e+06 272.679
2.30063e+06 272.679
2.30123e+06 272.679
2.30183e+06 272.68
2.30243e+06 272.68
2.30303e+06 272.68
2.30363e+06 272.681
2.30423e+06 272.681
2.30483e+06 272.681
2.30543e+06 272.681
2.30603e+06 272.682
2.30663e+06 272.682
2.30723e+06 272.682
2.30783e+06 272.683
2.30843e+06 272.683
2.30903e+06 272.683
2.30963e+06 272.683
2.31023e+06 272.684
2.31083e+06 272.684
2.31143e+06 272.684
2.31203e+06 272.684
2.31263e+06 272.685
2.31323e+06 272.685
2.31383e+06 272.685
2.31443e+06 272.686
2.31503e+06 272.686
2.31563e+06 272.686
2.31623e+06 272.686
2.31683e+06 272.687
2.31743e+06 272.687
2.31803e+06 272.687
2.31863e+06 272.688
2.31923e+06 272.688
2.31983e+06 272.688
2.32043e+06 272.688
2.32103e+06 272.689
2.32163e+06 272.689
2.32223e+06 272.689
2.32283e+06 272.689
2.32343e+06 272.69
2.32403e+06 272.69
2.32463e+06 272.69
2.32523e+06 272.691
2.32583e+06 272.691
2.32643e+06 272.691
2.32703e+06 272.691
2.32763e+06 272.692
2.32823e+06 272.692
2.32883e+06 272.692
2.32943e+06 272.693
2.33003e+06 272.693
2.33063e+06 272.693
2.33123e+06 272.693
2.33183e+06 272.694
2.33243e+06 272.694
2.33303e+06 272.694
2.33363e+06 272.694
2.33423e+06 272.695
2.33483e+06 272.695
2.33543e+06 272.695
2.33603e+06 272.696
2.33663e+06 272.696
2.33723e+06 272.696
2.33783e+06 272.696
2.33843e+06 272.697
2.33903e+06 272.697
2.33963e+06 272.697
2.34023e+06 272.697
2.34083e+06 272.698
2.34143e+06 272.698
2.34203e+06 272.698
2.34263e+06 272.699
2.34323e+06 272.699
2.34383e+06 272.699
2.34443e+06 272.699
2.34503e+06 272.7
2.34563e+06 272.7
2.34623e+06 272.7
2.34683e+06 272.701
2.34743e+06 272.701
2.34803e+06 272.701
2.34863e+06 272.701
2.34923e+06 272.702
2.34983e+06 272.702
2.35044e+06 272.702
2.35104e+06 272.702
2.35164e+06 272.703
2.35224e+06 272.703
2.35284e+06 272.703
2.35344e+06 272.704
2.35404e+06 272.704
2.35464e+06 272.704
2.35524e+06 272.704
2.35584e+06 272.705
2.35644e+06 272.705
2.35704e+06 272.705
2.35764e+06 272.705
2.35824e+06 272.706
2.35884e+06 272.706
2.35944e+06 272.706
2.36004e+06 272.707
2.36064e+06 272.707
2.36124e+06 272.707
2.36184e+06 272.707
2.36244e+06 272.708
2.36304e+06 272.708
2.36364e+06 272.708
2.36424e+06 272.708
2.36484e+06 272.709
2.36544e+06 272.709
2.36604e+06 272.709
2.36664e+06 272.71
2.36724e+06 272.71
2.36784e+06 272.71
2.36844e+06 272.71
2.36904e+06 272.711
2.36964e+06 272.711
2.37024e+06 272.711
2.37084e+06 272.711
2.37144e+06 272.712
2.37204e+06 272.712
2.37264e+06 272.712
2.37324e+06 272.713
2.37384e+06 272.713
2.37444e+06 272.713
2.37504e+06 272.713
2.37564e+06 272.714
2.37624e+06 272.714
2.37684e+06 272.714
2.37744e+06 272.714
2.37804e+06 272.715
2.37864e+06 272.715
2.37924e+06 272.715
2.37984e+06 272.716
2.38044e+06 272.716
2.38104e+06 272.716
2.38164e+06 272.716
2.38224e+06 272.717
2.38284e+06 272.717
2.38344e+06 272.717
2.38404e+06 272.717
2.38464e+06 272.718
2.38524e+06 272.718
2.38584e+06 272.718
2.38644e+06 272.719
2.38704e+06 272.719
2.38764e+06 272.719
2.38824e+06 272.719
2.38884e+06 272.72
2.38944e+06 272.72
2.39004e+06 272.72
2.39064e+06 272.72
2.39124e+06 272.721
2.39184e+06 272.721
2.39244e+06 272.721
2.39304e+06 272.721
2.39364e+06 272.722
2.39424e+06 272.722
2.39484e+06 272.722
2.39544e+06 272.723
2.39604e+06 272.723
2.39664e+06 272.723
2.39724e+06 272.723
2.39784e+06 272.724
2.39844e+06 272.724
2.39904e+06 272.724
2.39964e+06 272.724
2.40024e+06 272.725
2.40084e+06 272.725
2.40144e+06 272.725
2.40204e+06 272.726
2.40264e+06 272.726
2.40324e+06 272.726
2.40384e+06 272.726
2.40444e+06 272.727
2.40504e+06 272.727
2.40564e+06 272.727
2.40624e+06 272.727
2.40684e+06 272.728
2.40744e+06 272.728
2.40804e+06 272.728
2.40864e+06 272.728
2.40924e+06 272.729
2.40984e+06 272.729
2.41044e+06 272.729
2.41104e+06 272.73
2.41164e+06 272.73
2.41224e+06 272.73
2.41284e+06 272.73
2.41344e+06 272.731
2.41404e+06 272.731
2.41464e+06 272.731
2.41524e+06 272.731
2.41584e+06 272.732
2.41644e+06 272.732
2.41704e+06 272.732
2.41764e+06 272.733
2.41824e+06 272.733
2.41884e+06 272.733
2.41944e+06 272.733
2.42004e+06 272.734
2.42064e+06 272.734
2.42124e+06 272.734
2.42184e+06 272.734
2.42244e+06 272.735
2.42304e+06 272.735
2.42364e+06 272.735
2.42424e+06 272.735
2.42484e+06 272.736
2.42544e+06 272.736
2.42604e+06 272.736
2.42664e+06 272.737
2.42724e+06 272.737
2.42784e+06 272.737
2.42844e+06 272.737
2.42904e+06 272.738
2.42964e+06 272.738
2.43024e+06 272.738
2.43084e+06 272.738
2.43144e+06 272.739
2.43204e+06 272.739
2.43264e+06 272.739
2.43324e+06 272.739
2.43384e+06 272.74
2.43444e+06 272.74
2.43504e+06 272.74
2.43564e+06 272.741
2.43624e+06 272.741
2.43684e+06 272.741
2.43744e+06 272.741
2.43804e+06 272.742
2.43864e+06 272.742
2.43924e+06 272.742
2.43984e+06 272.742
2.44044e+06 272.743
2.44104e+06 272.743
2.44164e+06 272.743
2.44224e+06 272.743
2.44284e+06 272.744
2.44344e+06 272.744
2.44404e+06 272.744
2.44464e+06 272.745
2.44524e+06 272.745
2.44584e+06 272.745
2.44644e+06 272.745
2.44704e+06 272.746
2.44764e+06 272.746
2.44824e+06 272.746
2.44884e+06 272.746
2.44944e+06 272.747
2.45005e+06 272.747
2.45065e+06 272.747
2.45125e+06 272.747
2.45185e+06 272.748
2.45245e+06 272.748
2.45305e+06 272.748
2.45365e+06 272.749
2.45425e+06 272.749
2.45485e+06 272.749
2.45545e+06 272.749
2.45605e+06 272.75
2.45665e+06 272.75
2.45725e+06 272.75
2.45785e+06 272.75
2.45845e+06 272.751
2.45905e+06 272.751
2.45965e+06 272.751
2.46025e+06 272.751
2.46085e+06 272.752
2.46145e+06 272.752
2.46205e+06 272.752
2.46265e+06 272.753
2.46325e+06 272.753
2.46385e+06 272.753
2.46445e+06 272.753
2.46505e+06 272.754
2.46565e+06 272.754
2.46625e+06 272.754
2.46685e+06 272.754
2.46745e+06 272.755
2.46805e+06 272.755
2.46865e+06 272.755
2.46925e+06 272.755
2.46985e+06 272.756
2.47045e+06 272.756
2.47105e+06 272.756
2.47165e+06 272.757
2.47225e+06 272.757
2.47285e+06 272.757
2.47345e+06 272.757
2.47405e+06 272.758
2.47465e+06 272.758
2.47525e+06 272.758
2.47585e+06 272.758
2.47645e+06 272.759
2.47705e+06 272.759
2.47765e+06 272.759
2.47825e+06 272.759
2.47885e+06 272.76
2.47945e+06 272.76
2.48005e+06 272.76
2.48065e+06 272.76
2.48125e+06 272.761
2.48185e+06 272.761
2.48245e+06 272.761
2.48305e+06 272.762
2.48365e+06 272.762
2.48425e+06 272.762
2.48485e+06 272.762
2.48545e+06 272.763
2.48605e+06 272.763
2.48665e+06 272.763
2.48725e+06 272.763
2.48785e+06 272.764
2.48845e+06 272.764
2.48905e+06 272.764
2.48965e+06 272.764
2.49025e+06 272.765
2.49085e+06 272.765
2.49145e+06 272.765
2.49205e+06 272.766
2.49265e+06 272.766
2.49325e+06 272.766
2.49385e+06 272.766
2.49445e+06 272.767
2.49505e+06 272.767
2.49565e+06 272.767
2.49625e+06 272.767
2.49685e+06 272.768
2.49745e+06 272.768
2.49805e+06 272.768
2.49865e+06 272.768
2.49925e+06 272.769
2.49985e+06 272.769
2.50045e+06 272.769
2.50105e+06 272.769
2.50165e+06 272.77
2.50225e+06 272.77
2.50285e+06 272.77
2.50345e+06 272.771
2.50405e+06 272.771
2.50465e+06 272.771
2.50525e+06 272.771
2.50585e+06 272.772
2.50645e+06 272.772
2.50705e+06 272.772
2.50765e+06 272.772
2.50825e+06 272.773
2.50885e+06 272.773
2.50945e+06 272.773
2.51005e+06 272.773
2.51065e+06 272.774
2.51125e+06 272.774
2.51185e+06 272.774
2.51245e+06 272.774
2.51305e+06 272.775
2.51365e+06 272.775
2.51425e+06 272.775
2.51485e+06 272.776
2.51545e+06 272.776
2.51605e+06 272.776
2.51665e+06 272.776
2.51725e+06 272.777
2.51785e+06 272.777
2.51845e+06 272.777
2.51905e+06 272.777
2.51965e+06 272.778
2.52025e+06 272.778
2.52085e+06 272.778
2.52145e+06 272.778
2.52205e+06 272.779
2.52265e+06 272.779
2.52325e+06 272.779
2.52385e+06 272.779
2.52445e+06 272.78
2.52505e+06 272.78
2.52565e+06 272.78
2.52625e+06 272.78
2.52685e+06 272.781
2.52745e+06 272.781
2.52805e+06 272.781
2.52865e+06 272.782
2.52925e+06 272.782
2.52985e+06 272.782
2.53045e+06 272.782
2.53105e+06 272.783
2.53165e+06 272.783
2.53225e+06 272.783
2.53285e+06 272.783
2.53345e+06 272.784
2.53405e+06 272.784
2.53465e+06 272.784
2.53525e+06 272.784
2.53585e+06 272.785
2.53645e+06 272.785
2.53705e+06 272.785
2.53765e+06 272.785
2.53825e+06 272.786
2.53885e+06 272.786
2.53945e+06 272.786
2.54005e+06 272.787
2.54065e+06 272.787
2.54125e+06 272.787
2.54185e+06 272.787
2.54245e+06 272.788
2.54305e+06 272.788
2.54365e+06 272.788
2.54425e+06 272.788
2.54485e+06 272.789
2.54545e+06 272.789
2.54605e+06 272.789
2.54665e+06 272.789
2.54725e+06 272.79
2.54785e+06 272.79
2.54845e+06 272.79
2.54905e+06 272.79
2.54965e+06 272.791
2.55026e+06 272.791
2.55086e+06 272.791
2.55146e+06 272.791
2.55206e+06 272.792
2.55266e+06 272.792
2.55326e+06 272.792
2.55386e+06 272.793
2.55446e+06 272.793
2.55506e+06 272.793
2.55566e+06 272.793
2.55626e+06 272.794
2.55686e+06 272.794
2.55746e+06 272.794
2.55806e+06 272.794
2.55866e+06 272.795
2.55926e+06 272.795
2.55986e+06 272.795
2.56046e+06 272.795
2.56106e+06 272.796
2.56166e+06 272.796
2.56226e+06 272.796
2.56286e+06 272.796
2.56346e+06 272.797
2.56406e+06 272.797
2.56466e+06 272.797
2.56526e+06 272.797
2.56586e+06 272.798
2.56646e+06 272.798
2.56706e+06 272.798
2.56766e+06 272.799
2.56826e+06 272.799
2.56886e+06 272.799
2.56946e+06 272.799
2.57006e+06 272.8
2.57066e+06 272.8
2.57126e+06 272.8
2.57186e+06 272.8
2.57246e+06 272.801
2.57306e+06 272.801
2.57366e+06 272.801
2.57426e+06 272.801
2.57486e+06 272.802
2.57546e+06 272.802
2.57606e+06 272.802
2.57666e+06 272.802
2.57726e+06 272.803
2.57786e+06 272.803
2.57846e+06 272.803
2.57906e+06 272.803
2.57966e+06 272.804
2.58026e+06 272.804
2.58086e+06 272.804
2.58146e+06 272.805
2.58206e+06 272.805
2.58266e+06 272.805
2.58326e+06 272.805
2.58386e+06 272.806
2.58446e+06 272.806
2.58506e+06 272.806
2.58566e+06 272.806
2.58626e+06 272.807
2.58686e+06 272.807
2.58746e+06 272.807
2.58806e+06 272.807
2.58866e+06 272.808
2.58926e+06 272.808
2.58986e+06 272.808
2.59046e+06 272.808
2.59106e+06 272.809
2.59166e+06 272.809
2.59226e+06 272.809
2.59286e+06 272.809
2.59346e+06 272.81
2.59406e+06 272.81
2.59466e+06 272.81
2.59526e+06 272.811
2.59586e+06 272.811
2.59646e+06 272.811
2.59706e+06 272.811
2.59766e+06 272.812
2.59826e+06 272.812
2.59886e+06 272.812
2.59946e+06 272.812
2.60006e+06 272.813
2.60066e+06 272.813
2.60126e+06 272.813
2.60186e+06 272.813
2.60246e+06 272.814
2.60306e+06 272.814
2.60366e+06 272.814
2.60426e+06 272.814
2.60486e+06 272.815
2.60546e+06 272.815
2.60606e+06 272.815
2.60666e+06 272.815
2.60726e+06 272.816
2.60786e+06 272.816
2.60846e+06 272.816
2.60906e+06 272.816
2.60966e+06 272.817
2.61026e+06 272.817
2.61086e+06 272.817
2.61146e+06 272.818
2.61206e+06 272.818
2.61266e+06 272.818
2.61326e+06 272.818
2.61386e+06 272.819
2.61446e+06 272.819
2.61506e+06 272.819
2.61566e+06 272.819
2.61626e+06 272.82
2.61686e+06 272.82
2.61746e+06 272.82
2.61806e+06 272.82
2.61866e+06 272.821
2.61926e+06 272.821
2.61986e+06 272.821
2.62046e+06 272.821
2.62106e+06 272.822
2.62166e+06 272.822
2.62226e+06 272.822
2.62286e+06 272.822
2.62346e+06 272.823
2.62406e+06 272.823
2.62466e+06 272.823
2.62526e+06 272.823
2.62586e+06 272.824
2.62646e+06 272.824
2.62706e+06 272.824
2.62766e+06 272.825
2.62826e+06 272.825
2.62886e+06 272.825
2.62946e+06 272.825
2.63006e+06 272.826
2.63066e+06 272.826
2.63126e+06 272.826
2.63186e+06 272.826
2.63246e+06 272.827
2.63306e+06 272.827
2.63366e+06 272.827
2.63426e+06 272.827
2.63486e+06 272.828
2.63546e+06 272.828
2.63606e+06 272.828
2.63666e+06 272.828
2.63726e+06 272.829
2.63786e+06 272.829
2.63846e+06 272.829
2.63906e+06 272.829
2.63966e+06 272.83
2.64026e+06 272.83
2.64086e+06 272.83
2.64146e+06 272.83
2.64206e+06 272.831
2.64266e+06 272.831
2.64326e+06 272.831
2.64386e+06 272.832
2.64446e+06 272.832
2.64506e+06 272.832
2.64566e+06 272.832
2.64626e+06 272.833
2.64686e+06 272.833
2.64746e+06 272.833
2.64806e+06 272.833
2.64866e+06 272.834
2.64926e+06 272.834
2.64986e+06 272.834
2.65047e+06 272.834
2.65107e+06 272.835
2.65167e+06 272.835
2.65227e+06 272.835
2.65287e+06 272.835
2.65347e+06 272.836
2.65407e+06 272.836
2.65467e+06 272.836
2.65527e+06 272.836
2.65587e+06 272.837
2.65647e+06 272.837
2.65707e+06 272.837
2.65767e+06 272.837
2.65827e+06 272.838
2.65887e+06 272.838
2.65947e+06 272.838
2.66007e+06 272.839
2.66067e+06 272.839
2.66127e+06 272.839
2.66187e+06 272.839
2.66247e+06 272.84
2.66307e+06 272.84
2.66367e+06 272.84
2.66427e+06 272.84
2.66487e+06 272.841
2.66547e+06 272.841
2.66607e+06 272.841
2.66667e+06 272.841
2.66727e+06 272.842
2.66787e+06 272.842
2.66847e+06 272.842
2.66907e+06 272.842
2.66967e+06 272.843
2.67027e+06 272.843
2.67087e+06 272.843
2.67147e+06 272.843
2.67207e+06 272.844
2.67267e+06 272.844
2.67327e+06 272.844
2.67387e+06 272.844
2.67447e+06 272.845
2.67507e+06 272.845
2.67567e+06 272.845
2.67627e+06 272.846
2.67687e+06 272.846
2.67747e+06 272.846
2.67807e+06 272.846
2.67867e+06 272.847
2.67927e+06 272.847
2.67987e+06 272.847
2.68047e+06 272.847
2.68107e+06 272.848
2.68167e+06 272.848
2.68227e+06 272.848
2.68287e+06 272.848
2.68347e+06 272.849
2.68407e+06 272.849
2.68467e+06 272.849
2.68527e+06 272.849
2.68587e+06 272.85
2.68647e+06 272.85
2.68707e+06 272.85
2.68767e+06 272.85
2.68827e+06 272.851
2.68887e+06 272.851
2.68947e+06 272.851
2.69007e+06 272.851
2.69067e+06 272.852
2.69127e+06 272.852
2.69187e+06 272.852
2.69247e+06 272.853
2.69307e+06 272.853
2.69367e+06 272.853
2.69427e+06 272.853
2.69487e+06 272.854
2.69547e+06 272.854
2.69607e+06 272.854
2.69667e+06 272.854
2.69727e+06 272.855
2.69787e+06 272.855
2.69847e+06 272.855
2.69907e+06 272.855
2.69967e+06 272.856
2.70027e+06 272.856
2.70087e+06 272.856
2.70147e+06 272.856
2.70207e+06 272.857
2.70267e+06 272.857
2.70327e+06 272.857
2.70387e+06 272.857
2.70447e+06 272.858
2.70507e+06 272.858
2.70567e+06 272.858
2.70627e+06 272.858
2.70687e+06 272.859
2.70747e+06 272.859
2.70807e+06 272.859
2.70867e+06 272.86
2.70927e+06 272.86
2.70987e+06 272.86
2.71047e+06 272.86
2.71107e+06 272.861
2.71167e+06 272.861
2.71227e+06 272.861
2.71287e+06 272.861
2.71347e+06 272.862
2.71407e+06 272.862
2.71467e+06 272.862
2.71527e+06 272.862
2.71587e+06 272.863
2.71647e+06 272.863
2.71707e+06 272.863
2.71767e+06 272.863
2.71827e+06 272.864
2.71887e+06 272.864
2.71947e+06 272.864
2.72007e+06 272.864
2.72067e+06 272.865
2.72127e+06 272.865
2.72187e+06 272.865
2.72247e+06 272.865
2.72307e+06 272.866
2.72367e+06 272.866
2.72427e+06 272.866
2.72487e+06 272.867
2.72547e+06 272.867
2.72607e+06 272.867
2.72667e+06 272.867
2.72727e+06 272.868
2.72787e+06 272.868
2.72847e+06 272.868
2.72907e+06 272.868
2.72967e+06 272.869
2.73027e+06 272.869
2.73087e+06 272.869
2.73147e+06 272.869
2.73207e+06 272.87
2.73267e+06 272.87
2.73327e+06 272.87
2.73387e+06 272.87
2.73447e+06 272.871
2.73507e+06 272.871
2.73567e+06 272.871
2.73627e+06 272.871
2.73687e+06 272.872
2.73747e+06 272.872
2.73807e+06 272.872
2.73867e+06 272.872
2.73927e+06 272.873
2.73987e+06 272.873
2.74047e+06 272.873
2.74107e+06 272.874
2.74167e+06 272.874
2.74227e+06 272.874
2.74287e+06 272.874
2.74347e+06 272.875
2.74407e+06 272.875
2.74467e+06 272.875
2.74527e+06 272.875
2.74587e+06 272.876
2.74647e+06 272.876
2.74707e+06 272.876
2.74767e+06 272.876
2.74827e+06 272.877
2.74887e+06 272.877
2.74947e+06 272.877
2.75008e+06 272.877
2.75068e+06 272.878
2.75128e+06 272.878
2.75188e+06 272.878
2.75248e+06 272.878
2.75308e+06 272.879
2.75368e+06 272.879
2.75428e+06 272.879
2.75488e+06 272.88
2.75548e+06 272.88
2.75608e+06 272.88
2.75668e+06 272.88
2.75728e+06 272.881
2.75788e+06 272.881
2.75848e+06 272.881
2.75908e+06 272.881
2.75968e+06 272.882
2.76028e+06 272.882
2.76088e+06 272.882
2.76148e+06 272.882
2.76208e+06 272.883
2.76268e+06 272.883
2.76328e+06 272.883
2.76388e+06 272.883
2.76448e+06 272.884
2.76508e+06 272.884
2.76568e+06 272.884
2.76628e+06 272.884
2.76688e+06 272.885
2.76748e+06 272.885
2.76808e+06 272.885
2.76868e+06 272.886
2.76928e+06 272.886
2.76988e+06 272.886
2.77048e+06 272.886
2.77108e+06 272.887
2.77168e+06 272.887
2.77228e+06 272.887
2.77288e+06 272.887
2.77348e+06 272.888
2.77408e+06 272.888
2.77468e+06 272.888
2.77528e+06 272.888
2.77588e+06 272.889
2.77648e+06 272.889
2.77708e+06 272.889
2.77768e+06 272.889
2.77828e+06 272.89
2.77888e+06 272.89
2.77948e+06 272.89
2.78008e+06 272.89
2.78068e+06 272.891
2.78128e+06 272.891
2.78188e+06 272.891
2.78248e+06 272.891
2.78308e+06 272.892
2.78368e+06 272.892
2.78428e+06 272.892
2.78488e+06 272.893
2.78548e+06 272.893
2.78608e+06 272.893
2.78668e+06 272.893
2.78728e+06 272.894
2.78788e+06 272.894
2.78848e+06 272.894
2.78908e+06 272.894
2.78968e+06 272.895
2.79028e+06 272.895
2.79088e+06 272.895
2.79148e+06 272.895
2.79208e+06 272.896
2.79268e+06 272.896
2.79328e+06 272.896
2.79388e+06 272.896
2.79448e+06 272.897
2.79508e+06 272.897
2.79568e+06 272.897
2.79628e+06 272.897
2.79688e+06 272.898
2.79748e+06 272.898
2.79808e+06 272.898
2.79868e+06 272.899
2.79928e+06 272.899
2.79988e+06 272.899
2.80048e+06 272.899
2.80108e+06 272.9
2.80168e+06 272.9
2.80228e+06 272.9
2.80288e+06 272.9
2.80348e+06 272.901
2.80408e+06 272.901
2.80468e+06 272.901
2.80528e+06 272.901
2.80588e+06 272.902
2.80648e+06 272.902
2.80708e+06 272.902
2.80768e+06 272.902
2.80828e+06 272.903
2.80888e+06 272.903
2.80948e+06 272.903
2.81008e+06 272.904
2.81068e+06 272.904
2.81128e+06 272.904
2.81188e+06 272.904
2.81248e+06 272.905
2.81308e+06 272.905
2.81368e+06 272.905
2.81428e+06 272.905
2.81488e+06 272.906
2.81548e+06 272.906
2.81608e+06 272.906
2.81668e+06 272.906
2.81728e+06 272.907
2.81788e+06 272.907
2.81848e+06 272.907
2.81908e+06 272.907
2.81968e+06 272.908
2.82028e+06 272.908
2.82088e+06 272.908
2.82148e+06 272.908
2.82208e+06 272.909
2.82268e+06 272.909
2.82328e+06 272.909
2.82388e+06 272.91
2.82448e+06 272.91
2.82508e+06 272.91
2.82568e+06 272.91
2.82628e+06 272.911
2.82688e+06 272.911
2.82748e+06 272.911
2.82808e+06 272.911
2.82868e+06 272.912
2.82928e+06 272.912
2.82988e+06 272.912
2.83048e+06 272.912
2.83108e+06 272.913
2.83168e+06 272.913
2.83228e+06 272.913
2.83288e+06 272.913
2.83348e+06 272.914
2.83408e+06 272.914
2.83468e+06 272.914
2.83528e+06 272.915
2.83588e+06 272.915
2.83648e+06 272.915
2.83708e+06 272.915
2.83768e+06 272.916
2.83828e+06 272.916
2.83888e+06 272.916
2.83948e+06 272.916
2.84008e+06 272.917
2.84068e+06 272.917
2.84128e+06 272.917
2.84188e+06 272.917
2.84248e+06 272.918
2.84308e+06 272.918
2.84368e+06 272.918
2.84428e+06 272.918
2.84488e+06 272.919
2.84548e+06 272.919
2.84608e+06 272.919
2.84668e+06 272.92
2.84728e+06 272.92
2.84788e+06 272.92
2.84848e+06 272.92
2.84908e+06 272.921
2.84968e+06 272.921
2.85029e+06 272.921
2.85089e+06 272.921
2.85149e+06 272.922
2.85209e+06 272.922
2.85269e+06 272.922
2.85329e+06 272.922
2.85389e+06 272.923
2.85449e+06 272.923
2.85509e+06 272.923
2.85569e+06 272.923
2.85629e+06 272.924
2.85689e+06 272.924
2.85749e+06 272.924
2.85809e+06 272.925
2.85869e+06 272.925
2.85929e+06 272.925
2.85989e+06 272.925
2.86049e+06 272.926
2.86109e+06 272.926
2.86169e+06 272.926
2.86229e+06 272.926
2.86289e+06 272.927
2.86349e+06 272.927
2.86409e+06 272.927
2.86469e+06 272.927
2.86529e+06 272.928
2.86589e+06 272.928
2.86649e+06 272.928
2.86709e+06 272.929
2.86769e+06 272.929
2.86829e+06 272.929
2.86889e+06 272.929
2.86949e+06 272.93
2.87009e+06 272.93
2.87069e+06 272.93
2.87129e+06 272.93
2.87189e+06 272.931
2.87249e+06 272.931
2.87309e+06 272.931
2.87369e+06 272.931
2.87429e+06 272.932
2.87489e+06 272.932
2.87549e+06 272.932
2.87609e+06 272.932
2.87669e+06 272.933
2.87729e+06 272.933
2.87789e+06 272.933
2.87849e+06 272.934
2.87909e+06 272.934
2.87969e+06 272.934
2.88029e+06 272.934
2.88089e+06 272.935
2.88149e+06 272.935
2.88209e+06 272.935
2.88269e+06 272.935
2.88329e+06 272.936
2.88389e+06 272.936
2.88449e+06 272.936
2.88509e+06 272.936
2.88569e+06 272.937
2.88629e+06 272.937
2.88689e+06 272.937
2.88749e+06 272.938
2.88809e+06 272.938
2.88869e+06 272.938
2.88929e+06 272.938
2.88989e+06 272.939
2.89049e+06 272.939
2.89109e+06 272.939
2.89169e+06 272.939
2.89229e+06 272.94
2.89289e+06 272.94
2.89349e+06 272.94
2.89409e+06 272.94
2.89469e+06 272.941
2.89529e+06 272.941
2.89589e+06 272.941
2.89649e+06 272.942
2.89709e+06 272.942
2.89769e+06 272.942
2.89829e+06 272.942
2.89889e+06 272.943
2.89949e+06 272.943
2.90009e+06 272.943
2.90069e+06 272.943
2.90129e+06 272.944
2.90189e+06 272.944
2.90249e+06 272.944
2.90309e+06 272.944
2.90369e+06 272.945
2.90429e+06 272.945
2.90489e+06 272.945
2.90549e+06 272.946
2.90609e+06 272.946
2.90669e+06 272.946
2.90729e+06 272.946
2.90789e+06 272.947
2.90849e+06 272.947
2.90909e+06 272.947
2.90969e+06 272.947
2.91029e+06 272.948
2.91089e+06 272.948
2.91149e+06 272.948
2.91209e+06 272.948
2.91269e+06 272.949
2.91329e+06 272.949
2.91389e+06 272.949
2.91449e+06 272.95
2.91509e+06 272.95
2.91569e+06 272.95
2.91629e+06 272.95
2.91689e+06 272.951
2.91749e+06 272.951
2.91809e+06 272.951
2.91869e+06 272.951
2.91929e+06 272.952
2.91989e+06 272.952
2.92049e+06 272.952
2.92109e+06 272.952
2.92169e+06 272.953
2.92229e+06 272.953
2.92289e+06 272.953
2.92349e+06 272.954
2.92409e+06 272.954
2.92469e+06 272.954
2.92529e+06 272.954
2.92589e+06 272.955
2.92649e+06 272.955
2.92709e+06 272.955
2.92769e+06 272.955
2.92829e+06 272.956
2.92889e+06 272.956
2.92949e+06 272.956
2.93009e+06 272.957
2.93069e+06 272.957
2.93129e+06 272.957
2.93189e+06 272.957
2.93249e+06 272.958
2.93309e+06 272.958
2.93369e+06 272.958
2.93429e+06 272.958
2.93489e+06 272.959
2.93549e+06 272.959
2.93609e+06 272.959
2.93669e+06 272.959
2.93729e+06 272.96
2.93789e+06 272.96
2.93849e+06 272.96
2.93909e+06 272.961
2.93969e+06 272.961
2.94029e+06 272.961
2.94089e+06 272.961
2.94149e+06 272.962
2.94209e+06 272.962
2.94269e+06 272.962
2.94329e+06 272.962
2.94389e+06 272.963
2.94449e+06 272.963
2.94509e+06 272.963
2.94569e+06 272.964
2.94629e+06 272.964
2.94689e+06 272.964
2.94749e+06 272.964
2.94809e+06 272.965
2.94869e+06 272.965
2.94929e+06 272.965
2.94989e+06 272.965
2.9505e+06 272.966
2.9511e+06 272.966
2.9517e+06 272.966
2.9523e+06 272.966
2.9529e+06 272.967
2.9535e+06 272.967
2.9541e+06 272.967
2.9547e+06 272.968
2.9553e+06 272.968
2.9559e+06 272.968
2.9565e+06 272.968
2.9571e+06 272.969
2.9577e+06 272.969
2.9583e+06 272.969
2.9589e+06 272.969
2.9595e+06 272.97
2.9601e+06 272.97
2.9607e+06 272.97
2.9613e+06 272.971
2.9619e+06 272.971
2.9625e+06 272.971
2.9631e+06 272.971
2.9637e+06 272.972
2.9643e+06 272.972
2.9649e+06 272.972
2.9655e+06 272.972
2.9661e+06 272.973
2.9667e+06 272.973
2.9673e+06 272.973
2.9679e+06 272.974
2.9685e+06 272.974
2.9691e+06 272.974
2.9697e+06 272.974
2.9703e+06 272.975
2.9709e+06 272.975
2.9715e+06 272.975
2.9721e+06 272.975
2.9727e+06 272.976
2.9733e+06 272.976
2.9739e+06 272.976
2.9745e+06 272.977
2.9751e+06 272.977
2.9757e+06 272.977
2.9763e+06 272.977
2.9769e+06 272.978
2.9775e+06 272.978
2.9781e+06 272.978
2.9787e+06 272.978
2.9793e+06 272.979
2.9799e+06 272.979
2.9805e+06 272.979
2.9811e+06 272.98
2.9817e+06 272.98
2.9823e+06 272.98
2.9829e+06 272.98
2.9835e+06 272.981
2.9841e+06 272.981
2.9847e+06 272.981
2.9853e+06 272.981
2.9859e+06 272.982
2.9865e+06 272.982
2.9871e+06 272.982
2.9877e+06 272.983
2.9883e+06 272.983
2.9889e+06 272.983
2.9895e+06 272.983
2.9901e+06 272.984
2.9907e+06 272.984
2.9913e+06 272.984
2.9919e+06 272.984
2.9925e+06 272.985
2.9931e+06 272.985
2.9937e+06 272.985
2.9943e+06 272.986
2.9949e+06 272.986
2.9955e+06 272.986
2.9961e+06 272.986
2.9967e+06 272.987
2.9973e+06 272.987
2.9979e+06 272.987
2.9985e+06 272.988
2.9991e+06 272.988
2.9997e+06 272.988
3.0003e+06 272.988
3.0009e+06 272.989
3.0015e+06 272.989
3.0021e+06 272.989
3.0027e+06 272.989
3.0033e+06 272.99
3.0039e+06 272.99
3.0045e+06 272.99
3.0051e+06 272.991
3.0057e+06 272.991
3.0063e+06 272.991
3.0069e+06 272.991
3.0075e+06 272.992
3.0081e+06 272.992
3.0087e+06 272.992
3.0093e+06 272.992
3.0099e+06 272.993
3.0105e+06 272.993
3.0111e+06 272.993
3.0117e+06 272.994
3.0123e+06 272.994
3.0129e+06 272.994
3.0135e+06 272.994
3.0141e+06 272.995
3.0147e+06 272.995
3.0153e+06 272.995
3.0159e+06 272.996
3.0165e+06 272.996
3.0171e+06 272.996
3.0177e+06 272.996
3.0183e+06 272.997
3.0189e+06 272.997
3.0195e+06 272.997
3.0201e+06 272.997
3.0207e+06 272.998
3.0213e+06 272.998
3.0219e+06 272.998
3.0225e+06 272.999
3.0231e+06 272.999
3.0237e+06 272.999
3.0243e+06 272.999
3.0249e+06 273
3.0255e+06 273
3.0261e+06 273
3.0267e+06 273.001
3.0273e+06 273.001
3.0279e+06 273.001
3.0285e+06 273.001
3.0291e+06 273.002
3.0297e+06 273.002
3.0303e+06 273.002
3.0309e+06 273.002
3.0315e+06 273.003
3.0321e+06 273.003
3.0327e+06 273.003
3.0333e+06 273.004
3.0339e+06 273.004
3.0345e+06 273.004
3.0351e+06 273.004
3.0357e+06 273.005
3.0363e+06 273.005
3.0369e+06 273.005
3.0375e+06 273.006
3.0381e+06 273.006
3.0387e+06 273.006
3.0393e+06 273.006
3.0399e+06 273.007
3.0405e+06 273.007
3.0411e+06 273.007
3.0417e+06 273.008
3.0423e+06 273.008
3.0429e+06 273.008
3.0435e+06 273.008
3.0441e+06 273.009
3.0447e+06 273.009
3.0453e+06 273.009
3.0459e+06 273.009
3.0465e+06 273.01
3.0471e+06 273.01
3.0477e+06 273.01
3.0483e+06 273.011
3.0489e+06 273.011
3.0495e+06 273.011
3.05011e+06 273.011
3.05071e+06 273.012
3.05131e+06 273.012
3.05191e+06 273.012
3.05251e+06 273.013
3.05311e+06 273.013
3.05371e+06 273.013
3.05431e+06 273.013
3.05491e+06 273.014
3.05551e+06 273.014
3.05611e+06 273.014
3.05671e+06 273.015
3.05731e+06 273.015
3.05791e+06 273.015
3.05851e+06 273.015
3.05911e+06 273.016
3.05971e+06 273.016
3.06031e+06 273.016
3.06091e+06 273.017
3.06151e+06 273.017
3.06211e+06 273.017
3.06271e+06 273.017
3.06331e+06 273.018
3.06391e+06 273.018
3.06451e+06 273.018
3.06511e+06 273.019
3.06571e+06 273.019
3.06631e+06 273.019
3.06691e+06 273.019
3.06751e+06 273.02
3.06811e+06 273.02
3.06871e+06 273.02
3.06931e+06 273.021
3.06991e+06 273.021
3.07051e+06 273.021
3.07111e+06 273.021
3.07171e+06 273.022
3.07231e+06 273.022
3.07291e+06 273.022
3.07351e+06 273.022
3.07411e+06 273.023
3.07471e+06 273.023
3.07531e+06 273.023
3.07591e+06 273.024
3.07651e+06 273.024
3.07711e+06 273.024
3.07771e+06 273.024
3.07831e+06 273.025
3.07891e+06 273.025
3.07951e+06 273.025
3.08011e+06 273.026
3.08071e+06 273.026
3.08131e+06 273.026
3.08191e+06 273.026
3.08251e+06 273.027
3.08311e+06 273.027
3.08371e+06 273.027
3.08431e+06 273.028
3.08491e+06 273.028
3.08551e+06 273.028
3.08611e+06 273.028
3.08671e+06 273.029
3.08731e+06 273.029
3.08791e+06 273.029
3.08851e+06 273.03
3.08911e+06 273.03
3.08971e+06 273.03
3.09031e+06 273.031
3.09091e+06 273.031
3.09151e+06 273.031
3.09211e+06 273.031
3.09271e+06 273.032
3.09331e+06 273.032
3.09391e+06 273.032
3.09451e+06 273.033
3.09511e+06 273.033
3.09571e+06 273.033
3.09631e+06 273.033
3.09691e+06 273.034
3.09751e+06 273.034
3.09811e+06 273.034
3.09871e+06 273.035
3.09931e+06 273.035
3.09991e+06 273.035
3.10051e+06 273.035
3.10111e+06 273.036
3.10171e+06 273.036
3.10231e+06 273.036
3.10291e+06 273.037
3.10351e+06 273.037
3.10411e+06 273.037
3.10471e+06 273.037
3.10531e+06 273.038
3.10591e+06 273.038
3.10651e+06 273.038
3.10711e+06 273.039
3.10771e+06 273.039
3.10831e+06 273.039
3.10891e+06 273.039
3.10951e+06 273.04
3.11011e+06 273.04
3.11071e+06 273.04
3.11131e+06 273.041
3.11191e+06 273.041
3.11251e+06 273.041
3.11311e+06 273.041
3.11371e+06 273.042
3.11431e+06 273.042
3.11491e+06 273.042
3.11551e+06 273.043
3.11611e+06 273.043
3.11671e+06 273.043
3.11731e+06 273.044
3.11791e+06 273.044
3.11851e+06 273.044
3.11911e+06 273.044
3.11971e+06 273.045
3.12031e+06 273.045
3.12091e+06 273.045
3.12151e+06 273.046
3.12211e+06 273.046
3.12271e+06 273.046
3.12331e+06 273.046
3.12391e+06 273.047
3.12451e+06 273.047
3.12511e+06 273.047
3.12571e+06 273.048
3.12631e+06 273.048
3.12691e+06 273.048
3.12751e+06 273.048
3.12811e+06 273.049
3.12871e+06 273.049
3.12931e+06 273.049
3.12991e+06 273.05
3.13051e+06 273.05
3.13111e+06 273.05
3.13171e+06 273.051
3.13231e+06 273.051
3.13291e+06 273.051
3.13351e+06 273.051
3.13411e+06 273.052
3.13471e+06 273.052
3.13531e+06 273.052
3.13591e+06 273.053
3.13651e+06 273.053
3.13711e+06 273.053
3.13771e+06 273.053
3.13831e+06 273.054
3.13891e+06 273.054
3.13951e+06 273.054
3.14011e+06 273.055
3.14071e+06 273.055
3.14131e+06 273.055
3.14191e+06 273.056
3.14251e+06 273.056
3.14311e+06 273.056
3.14371e+06 273.056
3.14431e+06 273.057
3.14491e+06 273.057
3.14551e+06 273.057
3.14611e+06 273.058
3.14671e+06 273.058
3.14731e+06 273.058
3.14791e+06 273.059
3.14851e+06 273.059
3.14911e+06 273.059
3.14971e+06 273.059
3.15032e+06 273.06
3.15092e+06 273.06
3.15152e+06 273.06
3.15212e+06 273.061
3.15272e+06 273.061
3.15332e+06 273.061
3.15392e+06 273.062
3.15452e+06 273.062
3.15512e+06 273.062
3.15572e+06 273.062
3.15632e+06 273.063
3.15692e+06 273.063
3.15752e+06 273.063
3.15812e+06 273.064
3.15872e+06 273.064
3.15932e+06 273.064
3.15992e+06 273.064
3.16052e+06 273.065
3.16112e+06 273.065
3.16172e+06 273.065
3.16232e+06 273.066
3.16292e+06 273.066
3.16352e+06 273.066
3.16412e+06 273.067
3.16472e+06 273.067
3.16532e+06 273.067
3.16592e+06 273.067
3.16652e+06 273.068
3.16712e+06 273.068
3.16772e+06 273.068
3.16832e+06 273.069
3.16892e+06 273.069
3.16952e+06 273.069
3.17012e+06 273.07
3.17072e+06 273.07
3.17132e+06 273.07
3.17192e+06 273.07
3.17252e+06 273.071
3.17312e+06 273.071
3.17372e+06 273.071
3.17432e+06 273.072
3.17492e+06 273.072
3.17552e+06 273.072
3.17612e+06 273.073
3.17672e+06 273.073
3.17732e+06 273.073
3.17792e+06 273.074
3.17852e+06 273.074
3.17912e+06 273.074
3.17972e+06 273.074
3.18032e+06 273.075
3.18092e+06 273.075
3.18152e+06 273.075
3.18212e+06 273.076
3.18272e+06 273.076
3.18332e+06 273.076
3.18392e+06 273.077
3.18452e+06 273.077
3.18512e+06 273.077
3.18572e+06 273.077
3.18632e+06 273.078
3.18692e+06 273.078
3.18752e+06 273.078
3.18812e+06 273.079
3.18872e+06 273.079
3.18932e+06 273.079
3.18992e+06 273.08
3.19052e+06 273.08
3.19112e+06 273.08
3.19172e+06 273.081
3.19232e+06 273.081
3.19292e+06 273.081
3.19352e+06 273.081
3.19412e+06 273.082
3.19472e+06 273.082
3.19532e+06 273.082
3.19592e+06 273.083
3.19652e+06 273.083
3.19712e+06 273.083
3.19772e+06 273.084
3.19832e+06 273.084
3.19892e+06 273.084
3.19952e+06 273.085
3.20012e+06 273.085
3.20072e+06 273.085
3.20132e+06 273.085
3.20192e+06 273.086
3.20252e+06 273.086
3.20312e+06 273.086
3.20372e+06 273.087
3.20432e+06 273.087
3.20492e+06 273.087
3.20552e+06 273.088
3.20612e+06 273.088
3.20672e+06 273.088
3.20732e+06 273.089
3.20792e+06 273.089
3.20852e+06 273.089
3.20912e+06 273.089
3.20972e+06 273.09
3.21032e+06 273.09
3.21092e+06 273.09
3.21152e+06 273.091
3.21212e+06 273.091
3.21272e+06 273.091
3.21332e+06 273.092
3.21392e+06 273.092
3.21452e+06 273.092
3.21512e+06 273.093
3.21572e+06 273.093
3.21632e+06 273.093
3.21692e+06 273.093
3.21752e+06 273.094
3.21812e+06 273.094
3.21872e+06 273.094
3.21932e+06 273.095
3.21992e+06 273.095
3.22052e+06 273.095
3.22112e+06 273.096
3.22172e+06 273.096
3.22232e+06 273.096
3.22292e+06 273.097
3.22352e+06 273.097
3.22412e+06 273.097
3.22472e+06 273.098
3.22532e+06 273.098
3.22592e+06 273.098
3.22652e+06 273.098
3.22712e+06 273.099
3.22772e+06 273.099
3.22832e+06 273.099
3.22892e+06 273.1
3.22952e+06 273.1
3.23012e+06 273.1
3.23072e+06 273.101
3.23132e+06 273.101
3.23192e+06 273.101
3.23252e+06 273.102
3.23312e+06 273.102
3.23372e+06 273.102
3.23432e+06 273.103
3.23492e+06 273.103
3.23552e+06 273.103
3.23612e+06 273.104
3.23672e+06 273.104
3.23732e+06 273.104
3.23792e+06 273.104
3.23852e+06 273.105
3.23912e+06 273.105
3.23972e+06 273.105
3.24032e+06 273.106
3.24092e+06 273.106
3.24152e+06 273.106
3.24212e+06 273.107
3.24272e+06 273.107
3.24332e+06 273.107
3.24392e+06 273.108
3.24452e+06 273.108
3.24512e+06 273.108
3.24572e+06 273.109
3.24632e+06 273.109
3.24692e+06 273.109
3.24752e+06 273.11
3.24812e+06 273.11
3.24872e+06 273.11
3.24932e+06 273.111
3.24992e+06 273.111
3.25053e+06 273.111
3.25113e+06 273.111
3.25173e+06 273.112
3.25233e+06 273.112
3.25293e+06 273.112
3.25353e+06 273.113
3.25413e+06 273.113
3.25473e+06 273.113
3.25533e+06 273.114
3.25593e+06 273.114
3.25653e+06 273.114
3.25713e+06 273.115
3.25773e+06 273.115
3.25833e+06 273.115
3.25893e+06 273.116
3.25953e+06 273.116
3.26013e+06 273.116
3.26073e+06 273.117
3.26133e+06 273.117
3.26193e+06 273.117
3.26253e+06 273.118
3.26313e+06 273.118
3.26373e+06 273.118
3.26433e+06 273.119
3.26493e+06 273.119
3.26553e+06 273.119
3.26613e+06 273.12
3.26673e+06 273.12
3.26733e+06 273.12
3.26793e+06 273.121
3.26853e+06 273.121
3.26913e+06 273.121
3.26973e+06 273.121
3.27033e+06 273.122
3.27093e+06 273.122
3.27153e+06 273.122
3.27213e+06 273.123
3.27273e+06 273.123
3.27333e+06 273.123
3.27393e+06 273.124
3.27453e+06 273.124
3.27513e+06 273.124
3.27573e+06 273.125
3.27633e+06 273.125
3.27693e+06 273.125
3.27753e+06 273.126
3.27813e+06 273.126
3.27873e+06 273.126
3.27933e+06 273.127
3.27993e+06 273.127
3.28053e+06 273.127
3.28113e+06 273.128
3.28173e+06 273.128
3.28233e+06 273.128
3.28293e+06 273.129
3.28353e+06 273.129
3.28413e+06 273.129
3.28473e+06 273.13
3.28533e+06 273.13
3.28593e+06 273.13
3.28653e+06 273.131
3.28713e+06 273.131
3.28773e+06 273.131
3.28833e+06 273.132
3.28893e+06 273.132
3.28953e+06 273.132
3.29013e+06 273.133
3.29073e+06 273.133
3.29133e+06 273.133
3.29193e+06 273.134
3.29253e+06 273.134
3.29313e+06 273.134
3.29373e+06 273.135
3.29433e+06 273.135
3.29493e+06 273.135
3.29553e+06 273.136
3.29613e+06 273.136
3.29673e+06 273.136
3.29733e+06 273.137
3.29793e+06 273.137
3.29853e+06 273.137
3.29913e+06 273.138
3.29973e+06 273.138
3.30033e+06 273.138
3.30093e+06 273.139
3.30153e+06 273.139
3.30213e+06 273.139
3.30273e+06 273.14
3.30333e+06 273.14
3.30393e+06 273.14
3.30453e+06 273.141
3.30513e+06 273.141
3.30573e+06 273.141
3.30633e+06 273.142
3.30693e+06 273.142
3.30753e+06 273.142
3.30813e+06 273.143
3.30873e+06 273.143
3.30933e+06 273.143
3.30993e+06 273.144
3.31053e+06 273.144
3.31113e+06 273.144
3.31173e+06 273.145
3.31233e+06 273.145
3.31293e+06 273.145
3.31353e+06 273.146
3.31413e+06 273.146
3.31473e+06 273.146
3.31533e+06 273.147
3.31593e+06 273.147
3.31653e+06 273.147
3.31713e+06 273.148
3.31773e+06 273.148
3.31833e+06 273.148
3.31893e+06 273.149
3.31953e+06 273.149
3.32013e+06 273.149
3.32073e+06 273.15
3.32133e+06 273.15
3.32193e+06 273.15
3.32253e+06 273.15
3.32313e+06 273.15
3.32373e+06 273.15
3.32433e+06 273.15
3.32493e+06 273.15
3.32553e+06 273.15
3.32613e+06 273.15
3.32673e+06 273.15
3.32733e+06 273.15
3.32793e+06 273.15
3.32853e+06 273.15
3.32913e+06 273.15
3.32973e+06 273.15
3.33033e+06 273.15
3.33093e+06 273.15
3.33153e+06 273.15
3.33213e+06 273.15
3.33273e+06 273.15
3.33333e+06 273.15
3.33393e+06 273.15
3.33453e+06 273.15
3.33513e+06 273.15
3.33573e+06 273.15
3.33633e+06 273.15
3.33693e+06 273.15
3.33753e+06 273.15
3.33813e+06 273.15
3.33873e+06 273.15
3.33933e+06 273.15
3.33993e+06 273.15
3.34053e+06 273.15
3.34113e+06 273.15
3.34173e+06 273.15
3.34233e+06 273.15
3.34293e+06 273.15
3.34353e+06 273.15
3.34413e+06 273.15
3.34473e+06 273.15
3.34533e+06 273.15
3.34593e+06 273.15
3.34653e+06 273.15
3.34713e+06 273.15
3.34773e+06 273.15
3.34833e+06 273.15
3.34893e+06 273.15
3.34953e+06 273.15
3.35014e+06 273.15
3.35074e+06 273.15
3.35134e+06 273.15
3.35194e+06 273.15
3.35254e+06 273.15
3.35314e+06 273.15
3.35374e+06 273.15
3.35434e+06 273.15
3.35494e+06 273.15
3.35554e+06 273.15
3.35614e+06 273.15
3.35674e+06 273.15
3.35734e+06 273.15
3.35794e+06 273.15
3.35854e+06 273.15
3.35914e+06 273.15
3.35974e+06 273.15
3.36034e+06 273.15
3.36094e+06 273.15
3.36154e+06 273.15
3.36214e+06 273.15
3.36274e+06 273.15
3.36334e+06 273.15
3.36394e+06 273.15
3.36454e+06 273.15
3.36514e+06 273.15
3.36574e+06 273.15
3.36634e+06 273.15
3.36694e+06 273.15
3.36754e+06 273.15
3.36814e+06 273.15
3.36874e+06 273.15
3.36934e+06 273.15
3.36994e+06 273.15
3.37054e+06 273.15
3.37114e+06 273.15
3.37174e+06 273.15
3.37234e+06 273.15
3.37294e+06 273.15
3.37354e+06 273.15
3.37414e+06 273.15
3.37474e+06 273.15
3.37534e+06 273.15
3.37594e+06 273.15
3.37654e+06 273.15
3.37714e+06 273.15
3.37774e+06 273.15
3.37834e+06 273.15
3.37894e+06 273.15
3.37954e+06 273.15
3.38014e+06 273.15
3.38074e+06 273.15
3.38134e+06 273.15
3.38194e+06 273.15
3.38254e+06 273.15
3.38314e+06 273.15
3.38374e+06 273.15
3.38434e+06 273.15
3.38494e+06 273.15
3.38554e+06 273.15
3.38614e+06 273.15
3.38674e+06 273.15
3.38734e+06 273.15
3.38794e+06 273.15
3.38854e+06 273.15
3.38914e+06 273.15
3.38974e+06 273.15
3.39034e+06 273.15
3.39094e+06 273.15
3.39154e+06 273.15
3.39214e+06 273.15
3.39274e+06 273.15
3.39334e+06 273.15
3.39394e+06 273.15
3.39454e+06 273.15
3.39514e+06 273.15
3.39574e+06 273.15
3.39634e+06 273.15
3.39694e+06 273.15
3.39754e+06 273.15
3.39814e+06 273.15
3.39874e+06 273.15
3.39934e+06 273.15
3.39994e+06 273.15
3.40054e+06 273.15
3.40114e+06 273.15
3.40174e+06 273.15
3.40234e+06 273.15
3.40294e+06 273.15
3.40354e+06 273.15
3.40414e+06 273.15
3.40474e+06 273.15
3.40534e+06 273.15
3.40594e+06 273.15
3.40654e+06 273.15
3.40714e+06 273.15
3.40774e+06 273.15
3.40834e+06 273.15
3.40894e+06 273.15
3.40954e+06 273.15
3.41014e+06 273.15
3.41074e+06 273.15
3.41134e+06 273.15
3.41194e+06 273.15
3.41254e+06 273.15
3.41314e+06 273.15
3.41374e+06 273.15
3.41434e+06 273.15
3.41494e+06 273.15
3.41554e+06 273.15
3.41614e+06 273.15
3.41674e+06 273.15
3.41734e+06 273.15
3.41794e+06 273.15
3.41854e+06 273.15
3.41914e+06 273.15
3.41974e+06 273.15
3.42034e+06 273.15
3.42094e+06 273.15
3.42154e+06 273.15
3.42214e+06 273.15
3.42274e+06 273.15
3.42334e+06 273.15
3.42394e+06 273.15
3.42454e+06 273.15
3.42514e+06 273.15
3.42574e+06 273.15
3.42634e+06 273.15
3.42694e+06 273.15
3.42754e+06 273.15
3.42814e+06 273.15
3.42874e+06 273.15
3.42934e+06 273.15
3.42994e+06 273.15
3.43054e+06 273.15
3.43114e+06 273.15
3.43174e+06 273.15
3.43234e+06 273.15
3.43294e+06 273.15
3.43354e+06 273.15
3.43414e+06 273.15
3.43474e+06 273.15
3.43534e+06 273.15
3.43594e+06 273.15
3.43654e+06 273.15
3.43714e+06 273.15
3.43774e+06 273.15
3.43834e+06 273.15
3.43894e+06 273.15
3.43954e+06 273.15
3.44014e+06 273.15
3.44074e+06 273.15
3.44134e+06 273.15
3.44194e+06 273.15
3.44254e+06 273.15
3.44314e+06 273.15
3.44374e+06 273.15
3.44434e+06 273.15
3.44494e+06 273.15
3.44554e+06 273.15
3.44614e+06 273.15
3.44674e+06 273.15
3.44734e+06 273.15
3.44794e+06 273.15
3.44854e+06 273.15
3.44914e+06 273.15
3.44974e+06 273.15
3.45035e+06 273.15
3.45095e+06 273.15
3.45155e+06 273.15
3.45215e+06 273.15
3.45275e+06 273.15
3.45335e+06 273.15
3.45395e+06 273.15
3.45455e+06 273.15
3.45515e+06 273.15
3.45575e+06 273.15
3.45635e+06 273.15
3.45695e+06 273.15
3.45755e+06 273.15
3.45815e+06 273.15
3.45875e+06 273.15
3.45935e+06 273.15
3.45995e+06 273.15
3.46055e+06 273.15
3.46115e+06 273.15
3.46175e+06 273.15
3.46235e+06 273.15
3.46295e+06 273.15
3.46355e+06 273.15
3.46415e+06 273.15
3.46475e+06 273.15
3.46535e+06 273.15
3.46595e+06 273.15
3.46655e+06 273.15
3.46715e+06 273.15
3.46775e+06 273.15
3.46835e+06 273.15
3.46895e+06 273.15
3.46955e+06 273.15
3.47015e+06 273.15
3.47075e+06 273.15
3.47135e+06 273.15
3.47195e+06 273.15
3.47255e+06 273.15
3.47315e+06 273.15
3.47375e+06 273.15
3.47435e+06 273.15
3.47495e+06 273.15
3.47555e+06 273.15
3.47615e+06 273.15
3.47675e+06 273.15
3.47735e+06 273.15
3.47795e+06 273.15
3.47855e+06 273.15
3.47915e+06 273.15
3.47975e+06 273.15
3.48035e+06 273.15
3.48095e+06 273.15
3.48155e+06 273.15
3.48215e+06 273.15
3.48275e+06 273.15
3.48335e+06 273.15
3.48395e+06 273.15
3.48455e+06 273.15
3.48515e+06 273.15
3.48575e+06 273.15
3.48635e+06 273.15
3.48695e+06 273.15
3.48755e+06 273.15
3.48815e+06 273.15
3.48875e+06 273.15
3.48935e+06 273.15
3.48995e+06 273.15
3.49055e+06 273.15
3.49115e+06 273.15
3.49175e+06 273.15
3.49235e+06 273.15
3.49295e+06 273.15
3.49355e+06 273.15
3.49415e+06 273.15
3.49475e+06 273.15
3.49535e+06 273.15
3.49595e+06 273.15
3.49655e+06 273.15
3.49715e+06 273.15
3.49775e+06 273.15
3.49835e+06 273.15
3.49895e+06 273.15
3.49955e+06 273.15
3.50015e+06 273.15
3.50075e+06 273.15
3.50135e+06 273.15
3.50195e+06 273.15
3.50255e+06 273.15
3.50315e+06 273.15
3.50375e+06 273.15
3.50435e+06 273.15
3.50495e+06 273.15
3.50555e+06 273.15
3.50615e+06 273.15
3.50675e+06 273.15
3.50735e+06 273.15
3.50795e+06 273.15
3.50855e+06 273.15
3.50915e+06 273.15
3.50975e+06 273.15
3.51035e+06 273.15
3.51095e+06 273.15
3.51155e+06 273.15
3.51215e+06 273.15
3.51275e+06 273.15
3.51335e+06 273.15
3.51395e+06 273.15
3.51455e+06 273.15
3.51515e+06 273.15
3.51575e+06 273.15
3.51635e+06 273.15
3.51695e+06 273.15
3.51755e+06 273.15
3.51815e+06 273.15
3.51875e+06 273.15
3.51935e+06 273.15
3.51995e+06 273.15
3.52055e+06 273.15
3.52115e+06 273.15
3.52175e+06 273.15
3.52235e+06 273.15
3.52295e+06 273.15
3.52355e+06 273.15
3.52415e+06 273.15
3.52475e+06 273.15
3.52535e+06 273.15
3.52595e+06 273.15
3.52655e+06 273.15
3.52715e+06 273.15
3.52775e+06 273.15
3.52835e+06 273.15
3.52895e+06 273.15
3.52955e+06 273.15
3.53015e+06 273.15
3.53075e+06 273.15
3.53135e+06 273.15
3.53195e+06 273.15
3.53255e+06 273.15
3.53315e+06 273.15
3.53375e+06 273.15
3.53435e+06 273.15
3.53495e+06 273.15
3.53555e+06 273.15
3.53615e+06 273.15
3.53675e+06 273.15
3.53735e+06 273.15
3.53795e+06 273.15
3.53855e+06 273.15
3.53915e+06 273.15
3.53975e+06 273.15
3.54035e+06 273.15
3.54095e+06 273.15
3.54155e+06 273.15
3.54215e+06 273.15
3.54275e+06 273.15
3.54335e+06 273.15
3.54395e+06 273.15
3.54455e+06 273.15
3.54515e+06 273.15
3.54575e+06 273.15
3.54635e+06 273.15
3.54695e+06 273.15
3.54755e+06 273.15
3.54815e+06 273.15
3.54875e+06 273.15
3.54935e+06 273.15
3.54995e+06 273.15
3.55056e+06 273.15
3.55116e+06 273.15
3.55176e+06 273.15
3.55236e+06 273.15
3.55296e+06 273.15
3.55356e+06 273.15
3.55416e+06 273.15
3.55476e+06 273.15
3.55536e+06 273.15
3.55596e+06 273.15
3.55656e+06 273.15
3.55716e+06 273.15
3.55776e+06 273.15
3.55836e+06 273.15
3.55896e+06 273.15
3.55956e+06 273.15
3.56016e+06 273.15
3.56076e+06 273.15
3.56136e+06 273.15
3.56196e+06 273.15
3.56256e+06 273.15
3.56316e+06 273.15
3.56376e+06 273.15
3.56436e+06 273.15
3.56496e+06 273.15
3.56556e+06 273.15
3.56616e+06 273.15
3.56676e+06 273.15
3.56736e+06 273.15
3.56796e+06 273.15
3.56856e+06 273.15
3.56916e+06 273.15
3.56976e+06 273.15
3.57036e+06 273.15
3.57096e+06 273.15
3.57156e+06 273.15
3.57216e+06 273.15
3.57276e+06 273.15
3.57336e+06 273.15
3.57396e+06 273.15
3.57456e+06 273.15
3.57516e+06 273.15
3.57576e+06 273.15
3.57636e+06 273.15
3.57696e+06 273.15
3.57756e+06 273.15
3.57816e+06 273.15
3.57876e+06 273.15
3.57936e+06 273.15
3.57996e+06 273.15
3.58056e+06 273.15
3.58116e+06 273.15
3.58176e+06 273.15
3.58236e+06 273.15
3.58296e+06 273.15
3.58356e+06 273.15
3.58416e+06 273.15
3.58476e+06 273.15
3.58536e+06 273.15
3.58596e+06 273.15
3.58656e+06 273.15
3.58716e+06 273.15
3.58776e+06 273.15
3.58836e+06 273.15
3.58896e+06 273.15
3.58956e+06 273.15
3.59016e+06 273.15
3.59076e+06 273.15
3.59136e+06 273.15
3.59196e+06 273.15
3.59256e+06 273.15
3.59316e+06 273.15
3.59376e+06 273.15
3.59436e+06 273.15
3.59496e+06 273.15
3.59556e+06 273.15
3.59616e+06 273.15
3.59676e+06 273.15
3.59736e+06 273.15
3.59796e+06 273.15
3.59856e+06 273.15
3.59916e+06 273.15
3.59976e+06 273.15
3.60036e+06 273.15
3.60096e+06 273.15
3.60156e+06 273.15
3.60216e+06 273.15
3.60276e+06 273.15
3.60336e+06 273.15
3.60396e+06 273.15
3.60456e+06 273.15
3.60516e+06 273.15
3.60576e+06 273.15
3.60636e+06 273.15
3.60696e+06 273.15
3.60756e+06 273.15
3.60816e+06 273.15
3.60876e+06 273.15
3.60936e+06 273.15
3.60996e+06 273.15
3.61056e+06 273.15
3.61116e+06 273.15
3.61176e+06 273.15
3.61236e+06 273.15
3.61296e+06 273.15
3.61356e+06 273.15
3.61416e+06 273.15
3.61476e+06 273.15
3.61536e+06 273.15
3.61596e+06 273.15
3.61656e+06 273.15
3.61716e+06 273.15
3.61776e+06 273.15
3.61836e+06 273.15
3.61896e+06 273.15
3.61956e+06 273.15
3.62016e+06 273.15
3.62076e+06 273.15
3.62136e+06 273.15
3.62196e+06 273.15
3.62256e+06 273.15
3.62316e+06 273.15
3.62376e+06 273.15
3.62436e+06 273.15
3.62496e+06 273.15
3.62556e+06 273.15
3.62616e+06 273.15
3.62676e+06 273.15
3.62736e+06 273.15
3.62796e+06 273.15
3.62856e+06 273.15
3.62916e+06 273.15
3.62976e+06 273.15
3.63036e+06 273.15
3.63096e+06 273.15
3.63156e+06 273.15
3.63216e+06 273.15
3.63276e+06 273.15
3.63336e+06 273.15
3.63396e+06 273.15
3.63456e+06 273.15
3.63516e+06 273.15
3.63576e+06 273.15
3.63636e+06 273.15
3.63696e+06 273.15
3.63756e+06 273.15
3.63816e+06 273.15
3.63876e+06 273.15
3.63936e+06 273.15
3.63996e+06 273.15
3.64056e+06 273.15
3.64116e+06 273.15
3.64176e+06 273.15
3.64236e+06 273.15
3.64296e+06 273.15
3.64356e+06 273.15
3.64416e+06 273.15
3.64476e+06 273.15
3.64536e+06 273.15
3.64596e+06 273.15
3.64656e+06 273.15
3.64716e+06 273.15
3.64776e+06 273.15
3.64836e+06 273.15
3.64896e+06 273.15
3.64956e+06 273.15
3.65017e+06 273.15
3.65077e+06 273.15
3.65137e+06 273.15
3.65197e+06 273.15
3.65257e+06 273.15
3.65317e+06 273.15
3.65377e+06 273.15
3.65437e+06 273.15
3.65497e+06 273.15
3.65557e+06 273.15
3.65617e+06 273.15
3.65677e+06 273.15
3.65737e+06 273.15
3.65797e+06 273.15
3.65857e+06 273.15
3.65917e+06 273.15
3.65977e+06 273.15
3.66037e+06 273.15
3.66097e+06 273.15
3.66157e+06 273.15
3.66217e+06 273.15
3.66277e+06 273.15
3.66337e+06 273.15
3.66397e+06 273.15
3.66457e+06 273.15
3.66517e+06 273.15
3.66577e+06 273.15
3.66637e+06 273.15
3.66697e+06 273.15
3.66757e+06 273.15
3.66817e+06 273.15
3.66877e+06 273.15
3.66937e+06 273.15
3.66997e+06 273.15
3.67057e+06 273.15
3.67117e+06 273.15
3.67177e+06 273.15
3.67237e+06 273.15
3.67297e+06 273.15
3.67357e+06 273.15
3.67417e+06 273.15
3.67477e+06 273.15
3.67537e+06 273.15
3.67597e+06 273.15
3.67657e+06 273.15
3.67717e+06 273.15
3.67777e+06 273.15
3.67837e+06 273.15
3.67897e+06 273.15
3.67957e+06 273.15
3.68017e+06 273.15
3.68077e+06 273.15
3.68137e+06 273.15
3.68197e+06 273.15
3.68257e+06 273.15
3.68317e+06 273.15
3.68377e+06 273.15
3.68437e+06 273.15
3.68497e+06 273.15
3.68557e+06 273.15
3.68617e+06 273.15
3.68677e+06 273.15
3.68737e+06 273.15
3.68797e+06 273.15
3.68857e+06 273.15
3.68917e+06 273.15
3.68977e+06 273.15
3.69037e+06 273.15
3.69097e+06 273.15
3.69157e+06 273.15
3.69217e+06 273.15
3.69277e+06 273.15
3.69337e+06 273.15
3.69397e+06 273.15
3.69457e+06 273.15
3.69517e+06 273.15
3.69577e+06 273.15
3.69637e+06 273.15
3.69697e+06 273.15
3.69757e+06 273.15
3.69817e+06 273.15
3.69877e+06 273.15
3.69937e+06 273.15
3.69997e+06 273.15
3.70057e+06 273.15
3.70117e+06 273.15
3.70177e+06 273.15
3.70237e+06 273.15
3.70297e+06 273.15
3.70357e+06 273.15
3.70417e+06 273.15
3.70477e+06 273.15
3.70537e+06 273.15
3.70597e+06 273.15
3.70657e+06 273.15
3.70717e+06 273.15
3.70777e+06 273.15
3.70837e+06 273.15
3.70897e+06 273.15
3.70957e+06 273.15
3.71017e+06 273.15
3.71077e+06 273.15
3.71137e+06 273.15
3.71197e+06 273.15
3.71257e+06 273.15
3.71317e+06 273.15
3.71377e+06 273.15
3.71437e+06 273.15
3.71497e+06 273.15
3.71557e+06 273.15
3.71617e+06 273.15
3.71677e+06 273.15
3.71737e+06 273.15
3.71797e+06 273.15
3.71857e+06 273.15
3.71917e+06 273.15
3.71977e+06 273.15
3.72037e+06 273.15
3.72097e+06 273.15
3.72157e+06 273.15
3.72217e+06 273.15
3.72277e+06 273.15
3.72337e+06 273.15
3.72397e+06 273.15
3.72457e+06 273.15
3.72517e+06 273.15
3.72577e+06 273.15
3.72637e+06 273.15
3.72697e+06 273.15
3.72757e+06 273.15
3.72817e+06 273.15
3.72877e+06 273.15
3.72937e+06 273.15
3.72997e+06 273.15
3.73057e+06 273.15
3.73117e+06 273.15
3.73177e+06 273.15
3.73237e+06 273.15
3.73297e+06 273.15
3.73357e+06 273.15
3.73417e+06 273.15
3.73477e+06 273.15
3.73537e+06 273.15
3.73597e+06 273.15
3.73657e+06 273.15
3.73717e+06 273.15
3.73777e+06 273.15
3.73837e+06 273.15
3.73897e+06 273.15
3.73957e+06 273.15
3.74017e+06 273.15
3.74077e+06 273.15
3.74137e+06 273.15
3.74197e+06 273.15
3.74257e+06 273.15
3.74317e+06 273.15
3.74377e+06 273.15
3.74437e+06 273.15
3.74497e+06 273.15
3.74557e+06 273.15
3.74617e+06 273.15
3.74677e+06 273.15
3.74737e+06 273.15
3.74797e+06 273.15
3.74857e+06 273.15
3.74917e+06 273.15
3.74977e+06 273.15
3.75038e+06 273.15
3.75098e+06 273.15
3.75158e+06 273.15
3.75218e+06 273.15
3.75278e+06 273.15
3.75338e+06 273.15
3.75398e+06 273.15
3.75458e+06 273.15
3.75518e+06 273.15
3.75578e+06 273.15
3.75638e+06 273.15
3.75698e+06 273.15
3.75758e+06 273.15
3.75818e+06 273.15
3.75878e+06 273.15
3.75938e+06 273.15
3.75998e+06 273.15
3.76058e+06 273.15
3.76118e+06 273.15
3.76178e+06 273.15
3.76238e+06 273.15
3.76298e+06 273.15
3.76358e+06 273.15
3.76418e+06 273.15
3.76478e+06 273.15
3.76538e+06 273.15
3.76598e+06 273.15
3.76658e+06 273.15
3.76718e+06 273.15
3.76778e+06 273.15
3.76838e+06 273.15
3.76898e+06 273.15
3.76958e+06 273.15
3.77018e+06 273.15
3.77078e+06 273.15
3.77138e+06 273.15
3.77198e+06 273.15
3.77258e+06 273.15
3.77318e+06 273.15
3.77378e+06 273.15
3.77438e+06 273.15
3.77498e+06 273.15
3.77558e+06 273.15
3.77618e+06 273.15
3.77678e+06 273.15
3.77738e+06 273.15
3.77798e+06 273.15
3.77858e+06 273.15
3.77918e+06 273.15
3.77978e+06 273.15
3.78038e+06 273.15
3.78098e+06 273.15
3.78158e+06 273.15
3.78218e+06 273.15
3.78278e+06 273.15
3.78338e+06 273.15
3.78398e+06 273.15
3.78458e+06 273.15
3.78518e+06 273.15
3.78578e+06 273.15
3.78638e+06 273.15
3.78698e+06 273.15
3.78758e+06 273.15
3.78818e+06 273.15
3.78878e+06 273.15
3.78938e+06 273.15
3.78998e+06 273.15
3.79058e+06 273.15
3.79118e+06 273.15
3.79178e+06 273.15
3.79238e+06 273.15
3.79298e+06 273.15
3.79358e+06 273.15
3.79418e+06 273.15
3.79478e+06 273.15
3.79538e+06 273.15
3.79598e+06 273.15
3.79658e+06 273.15
3.79718e+06 273.15
3.79778e+06 273.15
3.79838e+06 273.15
3.79898e+06 273.15
3.79958e+06 273.15
3.80018e+06 273.15
3.80078e+06 273.15
3.80138e+06 273.15
3.80198e+06 273.15
3.80258e+06 273.15
3.80318e+06 273.15
3.80378e+06 273.15
3.80438e+06 273.15
3.80498e+06 273.15
3.80558e+06 273.15
3.80618e+06 273.15
3.80678e+06 273.15
3.80738e+06 273.15
3.80798e+06 273.15
3.80858e+06 273.15
3.80918e+06 273.15
3.80978e+06 273.15
3.81038e+06 273.15
3.81098e+06 273.15
3.81158e+06 273.15
3.81218e+06 273.15
3.81278e+06 273.15
3.81338e+06 273.15
3.81398e+06 273.15
3.81458e+06 273.15
3.81518e+06 273.15
3.81578e+06 273.15
3.81638e+06 273.15
3.81698e+06 273.15
3.81758e+06 273.15
3.81818e+06 273.15
3.81878e+06 273.15
3.81938e+06 273.15
3.81998e+06 273.15
3.82058e+06 273.15
3.82118e+06 273.15
3.82178e+06 273.15
3.82238e+06 273.15
3.82298e+06 273.15
3.82358e+06 273.15
3.82418e+06 273.15
3.82478e+06 273.15
3.82538e+06 273.15
3.82598e+06 273.15
3.82658e+06 273.15
3.82718e+06 273.15
3.82778e+06 273.15
3.82838e+06 273.15
3.82898e+06 273.15
3.82958e+06 273.15
3.83018e+06 273.15
3.83078e+06 273.15
3.83138e+06 273.15
3.83198e+06 273.15
3.83258e+06 273.15
3.83318e+06 273.15
3.83378e+06 273.15
3.83438e+06 273.15
3.83498e+06 273.15
3.83558e+06 273.15
3.83618e+06 273.15
3.83678e+06 273.15
3.83738e+06 273.15
3.83798e+06 273.15
3.83858e+06 273.15
3.83918e+06 273.15
3.83978e+06 273.15
3.84038e+06 273.15
3.84098e+06 273.15
3.84158e+06 273.15
3.84218e+06 273.15
3.84278e+06 273.15
3.84338e+06 273.15
3.84398e+06 273.15
3.84458e+06 273.15
3.84518e+06 273.15
3.84578e+06 273.15
3.84638e+06 273.15
3.84698e+06 273.15
3.84758e+06 273.15
3.84818e+06 273.15
3.84878e+06 273.15
3.84938e+06 273.15
3.84998e+06 273.15
3.85059e+06 273.15
3.85119e+06 273.15
3.85179e+06 273.15
3.85239e+06 273.15
3.85299e+06 273.15
3.85359e+06 273.15
3.85419e+06 273.15
3.85479e+06 273.15
3.85539e+06 273.15
3.85599e+06 273.15
3.85659e+06 273.15
3.85719e+06 273.15
3.85779e+06 273.15
3.85839e+06 273.15
3.85899e+06 273.15
3.85959e+06 273.15
3.86019e+06 273.15
3.86079e+06 273.15
3.86139e+06 273.15
3.86199e+06 273.15
3.86259e+06 273.15
3.86319e+06 273.15
3.86379e+06 273.15
3.86439e+06 273.15
3.86499e+06 273.15
3.86559e+06 273.15
3.86619e+06 273.15
3.86679e+06 273.15
3.86739e+06 273.15
3.86799e+06 273.15
3.86859e+06 273.15
3.86919e+06 273.15
3.86979e+06 273.15
3.87039e+06 273.15
3.87099e+06 273.15
3.87159e+06 273.15
3.87219e+06 273.15
3.87279e+06 273.15
3.87339e+06 273.15
3.87399e+06 273.15
3.87459e+06 273.15
3.87519e+06 273.15
3.87579e+06 273.15
3.87639e+06 273.15
3.87699e+06 273.15
3.87759e+06 273.15
3.87819e+06 273.15
3.87879e+06 273.15
3.87939e+06 273.15
3.87999e+06 273.15
3.88059e+06 273.15
3.88119e+06 273.15
3.88179e+06 273.15
3.88239e+06 273.15
3.88299e+06 273.15
3.88359e+06 273.15
3.88419e+06 273.15
3.88479e+06 273.15
3.88539e+06 273.15
3.88599e+06 273.15
3.88659e+06 273.15
3.88719e+06 273.15
3.88779e+06 273.15
3.88839e+06 273.15
3.88899e+06 273.15
3.88959e+06 273.15
3.89019e+06 273.15
3.89079e+06 273.15
3.89139e+06 273.15
3.89199e+06 273.15
3.89259e+06 273.15
3.89319e+06 273.15
3.89379e+06 273.15
3.89439e+06 273.15
3.89499e+06 273.15
3.89559e+06 273.15
3.89619e+06 273.15
3.89679e+06 273.15
3.89739e+06 273.15
3.89799e+06 273.15
3.89859e+06 273.15
3.89919e+06 273.15
3.89979e+06 273.15
3.90039e+06 273.15
3.90099e+06 273.15
3.90159e+06 273.15
3.90219e+06 273.15
3.90279e+06 273.15
3.90339e+06 273.15
3.90399e+06 273.15
3.90459e+06 273.15
3.90519e+06 273.15
3.90579e+06 273.15
3.90639e+06 273.15
3.90699e+06 273.15
3.90759e+06 273.15
3.90819e+06 273.15
3.90879e+06 273.15
3.90939e+06 273.15
3.90999e+06 273.15
3.91059e+06 273.15
3.91119e+06 273.15
3.91179e+06 273.15
3.91239e+06 273.15
3.91299e+06 273.15
3.91359e+06 273.15
3.91419e+06 273.15
3.91479e+06 273.15
3.91539e+06 273.15
3.91599e+06 273.15
3.91659e+06 273.15
3.91719e+06 273.15
3.91779e+06 273.15
3.91839e+06 273.15
3.91899e+06 273.15
3.91959e+06 273.15
3.92019e+06 273.15
3.92079e+06 273.15
3.92139e+06 273.15
3.92199e+06 273.15
3.92259e+06 273.15
3.92319e+06 273.15
3.92379e+06 273.15
3.92439e+06 273.15
3.92499e+06 273.15
3.92559e+06 273.15
3.92619e+06 273.15
3.92679e+06 273.15
3.92739e+06 273.15
3.92799e+06 273.15
3.92859e+06 273.15
3.92919e+06 273.15
3.92979e+06 273.15
3.93039e+06 273.15
3.93099e+06 273.15
3.93159e+06 273.15
3.93219e+06 273.15
3.93279e+06 273.15
3.93339e+06 273.15
3.93399e+06 273.15
3.93459e+06 273.15
3.93519e+06 273.15
3.93579e+06 273.15
3.93639e+06 273.15
3.93699e+06 273.15
3.93759e+06 273.15
3.93819e+06 273.15
3.93879e+06 273.15
3.93939e+06 273.15
3.93999e+06 273.15
3.94059e+06 273.15
3.94119e+06 273.15
3.94179e+06 273.15
3.94239e+06 273.15
3.94299e+06 273.15
3.94359e+06 273.15
3.94419e+06 273.15
3.94479e+06 273.15
3.94539e+06 273.15
3.94599e+06 273.15
3.94659e+06 273.15
3.94719e+06 273.15
3.94779e+06 273.15
3.94839e+06 273.15
3.94899e+06 273.15
3.94959e+06 273.15
3.9502e+06 273.15
3.9508e+06 273.15
3.9514e+06 273.15
3.952e+06 273.15
3.9526e+06 273.15
3.9532e+06 273.15
3.9538e+06 273.15
3.9544e+06 273.15
3.955e+06 273.15
3.9556e+06 273.15
3.9562e+06 273.15
3.9568e+06 273.15
3.9574e+06 273.15
3.958e+06 273.15
3.9586e+06 273.15
3.9592e+06 273.15
3.9598e+06 273.15
3.9604e+06 273.15
3.961e+06 273.15
3.9616e+06 273.15
3.9622e+06 273.15
3.9628e+06 273.15
3.9634e+06 273.15
3.964e+06 273.15
3.9646e+06 273.15
3.9652e+06 273.15
3.9658e+06 273.15
3.9664e+06 273.15
3.967e+06 273.15
3.9676e+06 273.15
3.9682e+06 273.15
3.9688e+06 273.15
3.9694e+06 273.15
3.97e+06 273.15
3.9706e+06 273.15
3.9712e+06 273.15
3.9718e+06 273.15
3.9724e+06 273.15
3.973e+06 273.15
3.9736e+06 273.15
3.9742e+06 273.15
3.9748e+06 273.15
3.9754e+06 273.15
3.976e+06 273.15
3.9766e+06 273.15
3.9772e+06 273.15
3.9778e+06 273.15
3.9784e+06 273.15
3.979e+06 273.15
3.9796e+06 273.15
3.9802e+06 273.15
3.9808e+06 273.15
3.9814e+06 273.15
3.982e+06 273.15
3.9826e+06 273.15
3.9832e+06 273.15
3.9838e+06 273.15
3.9844e+06 273.15
3.985e+06 273.15
3.9856e+06 273.15
3.9862e+06 273.15
3.9868e+06 273.15
3.9874e+06 273.15
3.988e+06 273.15
3.9886e+06 273.15
3.9892e+06 273.15
3.9898e+06 273.15
3.9904e+06 273.15
3.991e+06 273.15
3.9916e+06 273.15
3.9922e+06 273.15
3.9928e+06 273.15
3.9934e+06 273.15
3.994e+06 273.15
3.9946e+06 273.15
3.9952e+06 273.15
3.9958e+06 273.15
3.9964e+06 273.15
3.997e+06 273.15
3.9976e+06 273.15
3.9982e+06 273.15
3.9988e+06 273.15
3.9994e+06 273.15
4e+06 273.15
4.0006e+06 273.15
4.0012e+06 273.15
4.0018e+06 273.15
4.0024e+06 273.15
4.003e+06 273.15
4.0036e+06 273.15
4.0042e+06 273.15
4.0048e+06 273.15
4.0054e+06 273.15
4.006e+06 273.15
4.0066e+06 273.15
4.0072e+06 273.15
4.0078e+06 273.15
4.0084e+06 273.15
4.009e+06 273.15
4.0096e+06 273.15
4.0102e+06 273.15
4.0108e+06 273.15
4.0114e+06 273.15
4.012e+06 273.15
4.0126e+06 273.15
4.0132e+06 273.15
4.0138e+06 273.15
4.0144e+06 273.15
4.015e+06 273.15
4.0156e+06 273.15
4.0162e+06 273.15
4.0168e+06 273.15
4.0174e+06 273.15
4.018e+06 273.15
4.0186e+06 273.15
4.0192e+06 273.15
4.0198e+06 273.15
4.0204e+06 273.15
4.021e+06 273.15
4.0216e+06 273.15
4.0222e+06 273.15
4.0228e+06 273.15
4.0234e+06 273.15
4.024e+06 273.15
4.0246e+06 273.15
4.0252e+06 273.15
4.0258e+06 273.15
4.0264e+06 273.15
4.027e+06 273.15
4.0276e+06 273.15
4.0282e+06 273.15
4.0288e+06 273.15
4.0294e+06 273.15
4.03e+06 273.15
4.0306e+06 273.15
4.0312e+06 273.15
4.0318e+06 273.15
4.0324e+06 273.15
4.033e+06 273.15
4.0336e+06 273.15
4.0342e+06 273.15
4.0348e+06 273.15
4.0354e+06 273.15
4.036e+06 273.15
4.0366e+06 273.15
4.0372e+06 273.15
4.0378e+06 273.15
4.0384e+06 273.15
4.039e+06 273.15
4.0396e+06 273.15
4.0402e+06 273.15
4.0408e+06 273.15
4.0414e+06 273.15
4.042e+06 273.15
4.0426e+06 273.15
4.0432e+06 273.15
4.0438e+06 273.15
4.0444e+06 273.15
4.045e+06 273.15
4.0456e+06 273.15
4.0462e+06 273.15
4.0468e+06 273.15
4.0474e+06 273.15
4.048e+06 273.15
4.0486e+06 273.15
4.0492e+06 273.15
4.0498e+06 273.15
4.05041e+06 273.15
4.05101e+06 273.15
4.05161e+06 273.15
4.05221e+06 273.15
4.05281e+06 273.15
4.05341e+06 273.15
4.05401e+06 273.15
4.05461e+06 273.15
4.05521e+06 273.15
4.05581e+06 273.15
4.05641e+06 273.15
4.05701e+06 273.15
4.05761e+06 273.15
4.05821e+06 273.15
4.05881e+06 273.15
4.05941e+06 273.15
4.06001e+06 273.15
4.06061e+06 273.15
4.06121e+06 273.15
4.06181e+06 273.15
4.06241e+06 273.15
4.06301e+06 273.15
4.06361e+06 273.15
4.06421e+06 273.15
4.06481e+06 273.15
4.06541e+06 273.15
4.06601e+06 273.15
4.06661e+06 273.15
4.06721e+06 273.15
4.06781e+06 273.15
4.06841e+06 273.15
4.06901e+06 273.15
4.06961e+06 273.15
4.07021e+06 273.15
4.07081e+06 273.15
4.07141e+06 273.15
4.07201e+06 273.15
4.07261e+06 273.15
4.07321e+06 273.15
4.07381e+06 273.15
4.07441e+06 273.15
4.07501e+06 273.15
4.07561e+06 273.15
4.07621e+06 273.15
4.07681e+06 273.15
4.07741e+06 273.15
4.07801e+06 273.15
4.07861e+06 273.15
4.07921e+06 273.15
4.07981e+06 273.15
4.08041e+06 273.15
4.08101e+06 273.15
4.08161e+06 273.15
4.08221e+06 273.15
4.08281e+06 273.15
4.08341e+06 273.15
4.08401e+06 273.15
4.08461e+06 273.15
4.08521e+06 273.15
4.08581e+06 273.15
4.08641e+06 273.15
4.08701e+06 273.15
4.08761e+06 273.15
4.08821e+06 273.15
4.08881e+06 273.15
4.08941e+06 273.15
4.09001e+06 273.15
4.09061e+06 273.15
4.09121e+06 273.15
4.09181e+06 273.15
4.09241e+06 273.15
4.09301e+06 273.15
4.09361e+06 273.15
4.09421e+06 273.15
4.09481e+06 273.15
4.09541e+06 273.15
4.09601e+06 273.15
4.09661e+06 273.15
4.09721e+06 273.15
4.09781e+06 273.15
4.09841e+06 273.15
4.09901e+06 273.15
4.09961e+06 273.15
4.10021e+06 273.15
4.10081e+06 273.15
4.10141e+06 273.15
4.10201e+06 273.15
4.10261e+06 273.15
4.10321e+06 273.15
4.10381e+06 273.15
4.10441e+06 273.15
4.10501e+06 273.15
4.10561e+06 273.15
4.10621e+06 273.15
4.10681e+06 273.15
4.10741e+06 273.15
4.10801e+06 273.15
4.10861e+06 273.15
4.10921e+06 273.15
4.10981e+06 273.15
4.11041e+06 273.15
4.11101e+06 273.15
4.11161e+06 273.15
4.11221e+06 273.15
4.11281e+06 273.15
4.11341e+06 273.15
4.11401e+06 273.15
4.11461e+06 273.15
4.11521e+06 273.15
4.11581e+06 273.15
4.11641e+06 273.15
4.11701e+06 273.15
4.11761e+06 273.15
4.11821e+06 273.15
4.11881e+06 273.15
4.11941e+06 273.15
4.12001e+06 273.15
4.12061e+06 273.15
4.12121e+06 273.15
4.12181e+06 273.15
4.12241e+06 273.15
4.12301e+06 273.15
4.12361e+06 273.15
4.12421e+06 273.15
4.12481e+06 273.15
4.12541e+06 273.15
4.12601e+06 273.15
4.12661e+06 273.15
4.12721e+06 273.15
4.12781e+06 273.15
4.12841e+06 273.15
4.12901e+06 273.15
4.12961e+06 273.15
4.13021e+06 273.15
4.13081e+06 273.15
4.13141e+06 273.15
4.13201e+06 273.15
4.13261e+06 273.15
4.13321e+06 273.15
4.13381e+06 273.15
4.13441e+06 273.15
4.13501e+06 273.15
4.13561e+06 273.15
4.13621e+06 273.15
4.13681e+06 273.15
4.13741e+06 273.15
4.13801e+06 273.15
4.13861e+06 273.15
4.13921e+06 273.15
4.13981e+06 273.15
4.14041e+06 273.15
4.14101e+06 273.15
4.14161e+06 273.15
4.14221e+06 273.15
4.14281e+06 273.15
4.14341e+06 273.15
4.14401e+06 273.15
4.14461e+06 273.15
4.14521e+06 273.15
4.14581e+06 273.15
4.14641e+06 273.15
4.14701e+06 273.15
4.14761e+06 273.15
4.14821e+06 273.15
4.14881e+06 273.15
4.14941e+06 273.15
4.15002e+06 273.15
4.15062e+06 273.15
4.15122e+06 273.15
4.15182e+06 273.15
4.15242e+06 273.15
4.15302e+06 273.15
4.15362e+06 273.15
4.15422e+06 273.15
4.15482e+06 273.15
4.15542e+06 273.15
4.15602e+06 273.15
4.15662e+06 273.15
4.15722e+06 273.15
4.15782e+06 273.15
4.15842e+06 273.15
4.15902e+06 273.15
4.15962e+06 273.15
4.16022e+06 273.15
4.16082e+06 273.15
4.16142e+06 273.15
4.16202e+06 273.15
4.16262e+06 273.15
4.16322e+06 273.15
4.16382e+06 273.15
4.16442e+06 273.15
4.16502e+06 273.15
4.16562e+06 273.15
4.16622e+06 273.15
4.16682e+06 273.15
4.16742e+06 273.15
4.16802e+06 273.15
4.16862e+06 273.15
4.16922e+06 273.15
4.16982e+06 273.15
4.17042e+06 273.15
4.17102e+06 273.15
4.17162e+06 273.15
4.17222e+06 273.15
4.17282e+06 273.15
4.17342e+06 273.15
4.17402e+06 273.15
4.17462e+06 273.15
4.17522e+06 273.15
4.17582e+06 273.15
4.17642e+06 273.15
4.17702e+06 273.15
4.17762e+06 273.15
4.17822e+06 273.15
4.17882e+06 273.15
4.17942e+06 273.15
4.18002e+06 273.15
4.18062e+06 273.15
4.18122e+06 273.15
4.18182e+06 273.15
4.18242e+06 273.15
4.18302e+06 273.15
4.18362e+06 273.15
4.18422e+06 273.15
4.18482e+06 273.15
4.18542e+06 273.15
4.18602e+06 273.15
4.18662e+06 273.15
4.18722e+06 273.15
4.18782e+06 273.15
4.18842e+06 273.15
4.18902e+06 273.15
4.18962e+06 273.15
4.19022e+06 273.15
4.19082e+06 273.15
4.19142e+06 273.15
4.19202e+06 273.15
4.19262e+06 273.15
4.19322e+06 273.15
4.19382e+06 273.15
4.19442e+06 273.15
4.19502e+06 273.15
4.19562e+06 273.15
4.19622e+06 273.15
4.19682e+06 273.15
4.19742e+06 273.15
4.19802e+06 273.15
4.19862e+06 273.15
4.19922e+06 273.15
4.19982e+06 273.15
4.20042e+06 273.15
4.20102e+06 273.15
4.20162e+06 273.15
4.20222e+06 273.15
4.20282e+06 273.15
4.20342e+06 273.15
4.20402e+06 273.15
4.20462e+06 273.15
4.20522e+06 273.15
4.20582e+06 273.15
4.20642e+06 273.15
4.20702e+06 273.15
4.20762e+06 273.15
4.20822e+06 273.15
4.20882e+06 273.15
4.20942e+06 273.15
4.21002e+06 273.15
4.21062e+06 273.15
4.21122e+06 273.15
4.21182e+06 273.15
4.21242e+06 273.15
4.21302e+06 273.15
4.21362e+06 273.15
4.21422e+06 273.15
4.21482e+06 273.15
4.21542e+06 273.15
4.21602e+06 273.15
4.21662e+06 273.15
4.21722e+06 273.15
4.21782e+06 273.15
4.21842e+06 273.15
4.21902e+06 273.15
4.21962e+06 273.15
4.22022e+06 273.15
4.22082e+06 273.15
4.22142e+06 273.15
4.22202e+06 273.15
4.22262e+06 273.15
4.22322e+06 273.15
4.22382e+06 273.15
4.22442e+06 273.15
4.22502e+06 273.15
4.22562e+06 273.15
4.22622e+06 273.15
4.22682e+06 273.15
4.22742e+06 273.15
4.22802e+06 273.15
4.22862e+06 273.15
4.22922e+06 273.15
4.22982e+06 273.15
4.23042e+06 273.15
4.23102e+06 273.15
4.23162e+06 273.15
4.23222e+06 273.15
4.23282e+06 273.15
4.23342e+06 273.15
4.23402e+06 273.15
4.23462e+06 273.15
4.23522e+06 273.15
4.23582e+06 273.15
4.23642e+06 273.15
4.23702e+06 273.15
4.23762e+06 273.15
4.23822e+06 273.15
4.23882e+06 273.15
4.23942e+06 273.15
4.24002e+06 273.15
4.24062e+06 273.15
4.24122e+06 273.15
4.24182e+06 273.15
4.24242e+06 273.15
4.24302e+06 273.15
4.24362e+06 273.15
4.24422e+06 273.15
4.24482e+06 273.15
4.24542e+06 273.15
4.24602e+06 273.15
4.24662e+06 273.15
4.24722e+06 273.15
4.24782e+06 273.15
4.24842e+06 273.15
4.24902e+06 273.15
4.24962e+06 273.15
4.25023e+06 273.15
4.25083e+06 273.15
4.25143e+06 273.15
4.25203e+06 273.15
4.25263e+06 273.15
4.25323e+06 273.15
4.25383e+06 273.15
4.25443e+06 273.15
4.25503e+06 273.15
4.25563e+06 273.15
4.25623e+06 273.15
4.25683e+06 273.15
4.25743e+06 273.15
4.25803e+06 273.15
4.25863e+06 273.15
4.25923e+06 273.15
4.25983e+06 273.15
4.26043e+06 273.15
4.26103e+06 273.15
4.26163e+06 273.15
4.26223e+06 273.15
4.26283e+06 273.15
4.26343e+06 273.15
4.26403e+06 273.15
4.26463e+06 273.15
4.26523e+06 273.15
4.26583e+06 273.15
4.26643e+06 273.15
4.26703e+06 273.15
4.26763e+06 273.15
4.26823e+06 273.15
4.26883e+06 273.15
4.26943e+06 273.15
4.27003e+06 273.15
4.27063e+06 273.15
4.27123e+06 273.15
4.27183e+06 273.15
4.27243e+06 273.15
4.27303e+06 273.15
4.27363e+06 273.15
4.27423e+06 273.15
4.27483e+06 273.15
4.27543e+06 273.15
4.27603e+06 273.15
4.27663e+06 273.15
4.27723e+06 273.15
4.27783e+06 273.15
4.27843e+06 273.15
4.27903e+06 273.15
4.27963e+06 273.15
4.28023e+06 273.15
4.28083e+06 273.15
4.28143e+06 273.15
4.28203e+06 273.15
4.28263e+06 273.15
4.28323e+06 273.15
4.28383e+06 273.15
4.28443e+06 273.15
4.28503e+06 273.15
4.28563e+06 273.15
4.28623e+06 273.15
4.28683e+06 273.15
4.28743e+06 273.15
4.28803e+06 273.15
4.28863e+06 273.15
4.28923e+06 273.15
4.28983e+06 273.15
4.29043e+06 273.15
4.29103e+06 273.15
4.29163e+06 273.15
4.29223e+06 273.15
4.29283e+06 273.15
4.29343e+06 273.15
4.29403e+06 273.15
4.29463e+06 273.15
4.29523e+06 273.15
4.29583e+06 273.15
4.29643e+06 273.15
4.29703e+06 273.15
4.29763e+06 273.15
4.29823e+06 273.15
4.29883e+06 273.15
4.29943e+06 273.15
4.30003e+06 273.15
4.30063e+06 273.15
4.30123e+06 273.15
4.30183e+06 273.15
4.30243e+06 273.15
4.30303e+06 273.15
4.30363e+06 273.15
4.30423e+06 273.15
4.30483e+06 273.15
4.30543e+06 273.15
4.30603e+06 273.15
4.30663e+06 273.15
4.30723e+06 273.15
4.30783e+06 273.15
4.30843e+06 273.15
4.30903e+06 273.15
4.30963e+06 273.15
4.31023e+06 273.15
4.31083e+06 273.15
4.31143e+06 273.15
4.31203e+06 273.15
4.31263e+06 273.15
4.31323e+06 273.15
4.31383e+06 273.15
4.31443e+06 273.15
4.31503e+06 273.15
4.31563e+06 273.15
4.31623e+06 273.15
4.31683e+06 273.15
4.31743e+06 273.15
4.31803e+06 273.15
4.31863e+06 273.15
4.31923e+06 273.15
4.31983e+06 273.15
4.32043e+06 273.15
4.32103e+06 273.15
4.32163e+06 273.15
4.32223e+06 273.15
4.32283e+06 273.15
4.32343e+06 273.15
4.32403e+06 273.15
4.32463e+06 273.15
4.32523e+06 273.15
4.32583e+06 273.15
4.32643e+06 273.15
4.32703e+06 273.15
4.32763e+06 273.15
4.32823e+06 273.15
4.32883e+06 273.15
4.32943e+06 273.15
4.33003e+06 273.15
4.33063e+06 273.15
4.33123e+06 273.15
4.33183e+06 273.15
4.33243e+06 273.15
4.33303e+06 273.15
4.33363e+06 273.15
4.33423e+06 273.15
4.33483e+06 273.15
4.33543e+06 273.15
4.33603e+06 273.15
4.33663e+06 273.15
4.33723e+06 273.15
4.33783e+06 273.15
4.33843e+06 273.15
4.33903e+06 273.15
4.33963e+06 273.15
4.34023e+06 273.15
4.34083e+06 273.15
4.34143e+06 273.15
4.34203e+06 273.15
4.34263e+06 273.15
4.34323e+06 273.15
4.34383e+06 273.15
4.34443e+06 273.15
4.34503e+06 273.15
4.34563e+06 273.15
4.34623e+06 273.15
4.34683e+06 273.15
4.34743e+06 273.15
4.34803e+06 273.15
4.34863e+06 273.15
4.34923e+06 273.15
4.34983e+06 273.15
4.35044e+06 273.15
4.35104e+06 273.15
4.35164e+06 273.15
4.35224e+06 273.15
4.35284e+06 273.15
4.35344e+06 273.15
4.35404e+06 273.15
4.35464e+06 273.15
4.35524e+06 273.15
4.35584e+06 273.15
4.35644e+06 273.15
4.35704e+06 273.15
4.35764e+06 273.15
4.35824e+06 273.15
4.35884e+06 273.15
4.35944e+06 273.15
4.36004e+06 273.15
4.36064e+06 273.15
4.36124e+06 273.15
4.36184e+06 273.15
4.36244e+06 273.15
4.36304e+06 273.15
4.36364e+06 273.15
4.36424e+06 273.15
4.36484e+06 273.15
4.36544e+06 273.15
4.36604e+06 273.15
4.36664e+06 273.15
4.36724e+06 273.15
4.36784e+06 273.15
4.36844e+06 273.15
4.36904e+06 273.15
4.36964e+06 273.15
4.37024e+06 273.15
4.37084e+06 273.15
4.37144e+06 273.15
4.37204e+06 273.15
4.37264e+06 273.15
4.37324e+06 273.15
4.37384e+06 273.15
4.37444e+06 273.15
4.37504e+06 273.15
4.37564e+06 273.15
4.37624e+06 273.15
4.37684e+06 273.15
4.37744e+06 273.15
4.37804e+06 273.15
4.37864e+06 273.15
4.37924e+06 273.15
4.37984e+06 273.15
4.38044e+06 273.15
4.38104e+06 273.15
4.38164e+06 273.15
4.38224e+06 273.15
4.38284e+06 273.15
4.38344e+06 273.15
4.38404e+06 273.15
4.38464e+06 273.15
4.38524e+06 273.15
4.38584e+06 273.15
4.38644e+06 273.15
4.38704e+06 273.15
4.38764e+06 273.15
4.38824e+06 273.15
4.38884e+06 273.15
4.38944e+06 273.15
4.39004e+06 273.15
4.39064e+06 273.15
4.39124e+06 273.15
4.39184e+06 273.15
4.39244e+06 273.15
4.39304e+06 273.15
4.39364e+06 273.15
4.39424e+06 273.15
4.39484e+06 273.15
4.39544e+06 273.15
4.39604e+06 273.15
4.39664e+06 273.15
4.39724e+06 273.15
4.39784e+06 273.15
4.39844e+06 273.15
4.39904e+06 273.15
4.39964e+06 273.15
4.40024e+06 273.15
4.40084e+06 273.15
4.40144e+06 273.15
4.40204e+06 273.15
4.40264e+06 273.15
4.40324e+06 273.15
4.40384e+06 273.15
4.40444e+06 273.15
4.40504e+06 273.15
4.40564e+06 273.15
4.40624e+06 273.15
4.40684e+06 273.15
4.40744e+06 273.15
4.40804e+06 273.15
4.40864e+06 273.15
4.40924e+06 273.15
4.40984e+06 273.15
4.41044e+06 273.15
4.41104e+06 273.15
4.41164e+06 273.15
4.41224e+06 273.15
4.41284e+06 273.15
4.41344e+06 273.15
4.41404e+06 273.15
4.41464e+06 273.15
4.41524e+06 273.15
4.41584e+06 273.15
4.41644e+06 273.15
4.41704e+06 273.15
4.41764e+06 273.15
4.41824e+06 273.15
4.41884e+06 273.15
4.41944e+06 273.15
4.42004e+06 273.15
4.42064e+06 273.15
4.42124e+06 273.15
4.42184e+06 273.15
4.42244e+06 273.15
4.42304e+06 273.15
4.42364e+06 273.15
4.42424e+06 273.15
4.42484e+06 273.15
4.42544e+06 273.15
4.42604e+06 273.15
4.42664e+06 273.15
4.42724e+06 273.15
4.42784e+06 273.15
4.42844e+06 273.15
4.42904e+06 273.15
4.42964e+06 273.15
4.43024e+06 273.15
4.43084e+06 273.15
4.43144e+06 273.15
4.43204e+06 273.15
4.43264e+06 273.15
4.43324e+06 273.15
4.43384e+06 273.15
4.43444e+06 273.15
4.43504e+06 273.15
4.43564e+06 273.15
4.43624e+06 273.15
4.43684e+06 273.15
4.43744e+06 273.15
4.43804e+06 273.15
4.43864e+06 273.15
4.43924e+06 273.15
4.43984e+06 273.15
4.44044e+06 273.15
4.44104e+06 273.15
4.44164e+06 273.15
4.44224e+06 273.15
4.44284e+06 273.15
4.44344e+06 273.15
4.44404e+06 273.15
4.44464e+06 273.15
4.44524e+06 273.15
4.44584e+06 273.15
4.44644e+06 273.15
4.44704e+06 273.15
4.44764e+06 273.15
4.44824e+06 273.15
4.44884e+06 273.15
4.44944e+06 273.15
4.45005e+06 273.15
4.45065e+06 273.15
4.45125e+06 273.15
4.45185e+06 273.15
4.45245e+06 273.15
4.45305e+06 273.15
4.45365e+06 273.15
4.45425e+06 273.15
4.45485e+06 273.15
4.45545e+06 273.15
4.45605e+06 273.15
4.45665e+06 273.15
4.45725e+06 273.15
4.45785e+06 273.15
4.45845e+06 273.15
4.45905e+06 273.15
4.45965e+06 273.15
4.46025e+06 273.15
4.46085e+06 273.15
4.46145e+06 273.15
4.46205e+06 273.15
4.46265e+06 273.15
4.46325e+06 273.15
4.46385e+06 273.15
4.46445e+06 273.15
4.46505e+06 273.15
4.46565e+06 273.15
4.46625e+06 273.15
4.46685e+06 273.15
4.46745e+06 273.15
4.46805e+06 273.15
4.46865e+06 273.15
4.46925e+06 273.15
4.46985e+06 273.15
4.47045e+06 273.15
4.47105e+06 273.15
4.47165e+06 273.15
4.47225e+06 273.15
4.47285e+06 273.15
4.47345e+06 273.15
4.47405e+06 273.15
4.47465e+06 273.15
4.47525e+06 273.15
4.47585e+06 273.15
4.47645e+06 273.15
4.47705e+06 273.15
4.47765e+06 273.15
4.47825e+06 273.15
4.47885e+06 273.15
4.47945e+06 273.15
4.48005e+06 273.15
4.48065e+06 273.15
4.48125e+06 273.15
4.48185e+06 273.15
4.48245e+06 273.15
4.48305e+06 273.15
4.48365e+06 273.15
4.48425e+06 273.15
4.48485e+06 273.15
4.48545e+06 273.15
4.48605e+06 273.15
4.48665e+06 273.15
4.48725e+06 273.15
4.48785e+06 273.15
4.48845e+06 273.15
4.48905e+06 273.15
4.48965e+06 273.15
4.49025e+06 273.15
4.49085e+06 273.15
4.49145e+06 273.15
4.49205e+06 273.15
4.49265e+06 273.15
4.49325e+06 273.15
4.49385e+06 273.15
4.49445e+06 273.15
4.49505e+06 273.15
4.49565e+06 273.15
4.49625e+06 273.15
4.49685e+06 273.15
4.49745e+06 273.15
4.49805e+06 273.15
4.49865e+06 273.15
4.49925e+06 273.15
4.49985e+06 273.15
4.50045e+06 273.15
4.50105e+06 273.15
4.50165e+06 273.15
4.50225e+06 273.15
4.50285e+06 273.15
4.50345e+06 273.15
4.50405e+06 273.15
4.50465e+06 273.15
4.50525e+06 273.15
4.50585e+06 273.15
4.50645e+06 273.15
4.50705e+06 273.15
4.50765e+06 273.15
4.50825e+06 273.15
4.50885e+06 273.15
4.50945e+06 273.15
4.51005e+06 273.15
4.51065e+06 273.15
4.51125e+06 273.15
4.51185e+06 273.15
4.51245e+06 273.15
4.51305e+06 273.15
4.51365e+06 273.15
4.51425e+06 273.15
4.51485e+06 273.15
4.51545e+06 273.15
4.51605e+06 273.15
4.51665e+06 273.15
4.51725e+06 273.15
4.51785e+06 273.15
4.51845e+06 273.15
4.51905e+06 273.15
4.51965e+06 273.15
4.52025e+06 273.15
4.52085e+06 273.15
4.52145e+06 273.15
4.52205e+06 273.15
4.52265e+06 273.15
4.52325e+06 273.15
4.52385e+06 273.15
4.52445e+06 273.15
4.52505e+06 273.15
4.52565e+06 273.15
4.52625e+06 273.15
4.52685e+06 273.15
4.52745e+06 273.15
4.52805e+06 273.15
4.52865e+06 273.15
4.52925e+06 273.15
4.52985e+06 273.15
4.53045e+06 273.15
4.53105e+06 273.15
4.53165e+06 273.15
4.53225e+06 273.15
4.53285e+06 273.15
4.53345e+06 273.15
4.53405e+06 273.15
4.53465e+06 273.15
4.53525e+06 273.15
4.53585e+06 273.15
4.53645e+06 273.15
4.53705e+06 273.15
4.53765e+06 273.15
4.53825e+06 273.15
4.53885e+06 273.15
4.53945e+06 273.15
4.54005e+06 273.15
4.54065e+06 273.15
4.54125e+06 273.15
4.54185e+06 273.15
4.54245e+06 273.15
4.54305e+06 273.15
4.54365e+06 273.15
4.54425e+06 273.15
4.54485e+06 273.15
4.54545e+06 273.15
4.54605e+06 273.15
4.54665e+06 273.15
4.54725e+06 273.15
4.54785e+06 273.15
4.54845e+06 273.15
4.54905e+06 273.15
4.54965e+06 273.15
4.55026e+06 273.15
4.55086e+06 273.15
4.55146e+06 273.15
4.55206e+06 273.15
4.55266e+06 273.15
4.55326e+06 273.15
4.55386e+06 273.15
4.55446e+06 273.15
4.55506e+06 273.15
4.55566e+06 273.15
4.55626e+06 273.15
4.55686e+06 273.15
4.55746e+06 273.15
4.55806e+06 273.15
4.55866e+06 273.15
4.55926e+06 273.15
4.55986e+06 273.15
4.56046e+06 273.15
4.56106e+06 273.15
4.56166e+06 273.15
4.56226e+06 273.15
4.56286e+06 273.15
4.56346e+06 273.15
4.56406e+06 273.15
4.56466e+06 273.15
4.56526e+06 273.15
4.56586e+06 273.15
4.56646e+06 273.15
4.56706e+06 273.15
4.56766e+06 273.15
4.56826e+06 273.15
4.56886e+06 273.15
4.56946e+06 273.15
4.57006e+06 273.15
4.57066e+06 273.15
4.57126e+06 273.15
4.57186e+06 273.15
4.57246e+06 273.15
4.57306e+06 273.15
4.57366e+06 273.15
4.57426e+06 273.15
4.57486e+06 273.15
4.57546e+06 273.15
4.57606e+06 273.15
4.57666e+06 273.15
4.57726e+06 273.15
4.57786e+06 273.15
4.57846e+06 273.15
4.57906e+06 273.15
4.57966e+06 273.15
4.58026e+06 273.15
4.58086e+06 273.15
4.58146e+06 273.15
4.58206e+06 273.15
4.58266e+06 273.15
4.58326e+06 273.15
4.58386e+06 273.15
4.58446e+06 273.15
4.58506e+06 273.15
4.58566e+06 273.15
4.58626e+06 273.15
4.58686e+06 273.15
4.58746e+06 273.15
4.58806e+06 273.15
4.58866e+06 273.15
4.58926e+06 273.15
4.58986e+06 273.15
4.59046e+06 273.15
4.59106e+06 273.15
4.59166e+06 273.15
4.59226e+06 273.15
4.59286e+06 273.15
4.59346e+06 273.15
4.59406e+06 273.15
4.59466e+06 273.15
4.59526e+06 273.15
4.59586e+06 273.15
4.59646e+06 273.15
4.59706e+06 273.15
4.59766e+06 273.15
4.59826e+06 273.15
4.59886e+06 273.15
4.59946e+06 273.15
4.60006e+06 273.15
4.60066e+06 273.15
4.60126e+06 273.15
4.60186e+06 273.15
4.60246e+06 273.15
4.60306e+06 273.15
4.60366e+06 273.15
4.60426e+06 273.15
4.60486e+06 273.15
4.60546e+06 273.15
4.60606e+06 273.15
4.60666e+06 273.15
4.60726e+06 273.15
4.60786e+06 273.15
4.60846e+06 273.15
4.60906e+06 273.15
4.60966e+06 273.15
4.61026e+06 273.15
4.61086e+06 273.15
4.61146e+06 273.15
4.61206e+06 273.15
4.61266e+06 273.15
4.61326e+06 273.15
4.61386e+06 273.15
4.61446e+06 273.15
4.61506e+06 273.15
4.61566e+06 273.15
4.61626e+06 273.15
4.61686e+06 273.15
4.61746e+06 273.15
4.61806e+06 273.15
4.61866e+06 273.15
4.61926e+06 273.15
4.61986e+06 273.15
4.62046e+06 273.15
4.62106e+06 273.15
4.62166e+06 273.15
4.62226e+06 273.15
4.62286e+06 273.15
4.62346e+06 273.15
4.62406e+06 273.15
4.62466e+06 273.15
4.62526e+06 273.15
4.62586e+06 273.15
4.62646e+06 273.15
4.62706e+06 273.15
4.62766e+06 273.15
4.62826e+06 273.15
4.62886e+06 273.15
4.62946e+06 273.15
4.63006e+06 273.15
4.63066e+06 273.15
4.63126e+06 273.15
4.63186e+06 273.15
4.63246e+06 273.15
4.63306e+06 273.15
4.63366e+06 273.15
4.63426e+06 273.15
4.63486e+06 273.15
4.63546e+06 273.15
4.63606e+06 273.15
4.63666e+06 273.15
4.63726e+06 273.15
4.63786e+06 273.15
4.63846e+06 273.15
4.63906e+06 273.15
4.63966e+06 273.15
4.64026e+06 273.15
4.64086e+06 273.15
4.64146e+06 273.15
4.64206e+06 273.15
4.64266e+06 273.15
4.64326e+06 273.15
4.64386e+06 273.15
4.64446e+06 273.15
4.64506e+06 273.15
4.64566e+06 273.15
4.64626e+06 273.15
4.64686e+06 273.15
4.64746e+06 273.15
4.64806e+06 273.15
4.64866e+06 273.15
4.64926e+06 273.15
4.64986e+06 273.15
4.65047e+06 273.15
4.65107e+06 273.15
4.65167e+06 273.15
4.65227e+06 273.15
4.65287e+06 273.15
4.65347e+06 273.15
4.65407e+06 273.15
4.65467e+06 273.15
4.65527e+06 273.15
4.65587e+06 273.15
4.65647e+06 273.15
4.65707e+06 273.15
4.65767e+06 273.15
4.65827e+06 273.15
4.65887e+06 273.15
4.65947e+06 273.15
4.66007e+06 273.15
4.66067e+06 273.15
4.66127e+06 273.15
4.66187e+06 273.15
4.66247e+06 273.15
4.66307e+06 273.15
4.66367e+06 273.15
4.66427e+06 273.15
4.66487e+06 273.15
4.66547e+06 273.15
4.66607e+06 273.15
4.66667e+06 273.15
4.66727e+06 273.15
4.66787e+06 273.15
4.66847e+06 273.15
4.66907e+06 273.15
4.66967e+06 273.15
4.67027e+06 273.15
4.67087e+06 273.15
4.67147e+06 273.15
4.67207e+06 273.15
4.67267e+06 273.15
4.67327e+06 273.15
4.67387e+06 273.15
4.67447e+06 273.15
4.67507e+06 273.15
4.67567e+06 273.15
4.67627e+06 273.15
4.67687e+06 273.15
4.67747e+06 273.15
4.67807e+06 273.15
4.67867e+06 273.15
4.67927e+06 273.15
4.67987e+06 273.15
4.68047e+06 273.15
4.68107e+06 273.15
4.68167e+06 273.15
4.68227e+06 273.15
4.68287e+06 273.15
4.68347e+06 273.15
4.68407e+06 273.15
4.68467e+06 273.15
4.68527e+06 273.15
4.68587e+06 273.15
4.68647e+06 273.15
4.68707e+06 273.15
4.68767e+06 273.15
4.68827e+06 273.15
4.68887e+06 273.15
4.68947e+06 273.15
4.69007e+06 273.15
4.69067e+06 273.15
4.69127e+06 273.15
4.69187e+06 273.15
4.69247e+06 273.15
4.69307e+06 273.15
4.69367e+06 273.15
4.69427e+06 273.15
4.69487e+06 273.15
4.69547e+06 273.15
4.69607e+06 273.15
4.69667e+06 273.15
4.69727e+06 273.15
4.69787e+06 273.15
4.69847e+06 273.15
4.69907e+06 273.15
4.69967e+06 273.15
4.70027e+06 273.15
4.70087e+06 273.15
4.70147e+06 273.15
4.70207e+06 273.15
4.70267e+06 273.15
4.70327e+06 273.15
4.70387e+06 273.15
4.70447e+06 273.15
4.70507e+06 273.15
4.70567e+06 273.15
4.70627e+06 273.15
4.70687e+06 273.15
4.70747e+06 273.15
4.70807e+06 273.15
4.70867e+06 273.15
4.70927e+06 273.15
4.70987e+06 273.15
4.71047e+06 273.15
4.71107e+06 273.15
4.71167e+06 273.15
4.71227e+06 273.15
4.71287e+06 273.15
4.71347e+06 273.15
4.71407e+06 273.15
4.71467e+06 273.15
4.71527e+06 273.15
4.71587e+06 273.15
4.71647e+06 273.15
4.71707e+06 273.15
4.71767e+06 273.15
4.71827e+06 273.15
4.71887e+06 273.15
4.71947e+06 273.15
4.72007e+06 273.15
4.72067e+06 273.15
4.72127e+06 273.15
4.72187e+06 273.15
4.72247e+06 273.15
4.72307e+06 273.15
4.72367e+06 273.15
4.72427e+06 273.15
4.72487e+06 273.15
4.72547e+06 273.15
4.72607e+06 273.15
4.72667e+06 273.15
4.72727e+06 273.15
4.72787e+06 273.15
4.72847e+06 273.15
4.72907e+06 273.15
4.72967e+06 273.15
4.73027e+06 273.15
4.73087e+06 273.15
4.73147e+06 273.15
4.73207e+06 273.15
4.73267e+06 273.15
4.73327e+06 273.15
4.73387e+06 273.15
4.73447e+06 273.15
4.73507e+06 273.15
4.73567e+06 273.15
4.73627e+06 273.15
4.73687e+06 273.15
4.73747e+06 273.15
4.73807e+06 273.15
4.73867e+06 273.15
4.73927e+06 273.15
4.73987e+06 273.15
4.74047e+06 273.15
4.74107e+06 273.15
4.74167e+06 273.15
4.74227e+06 273.15
4.74287e+06 273.15
4.74347e+06 273.15
4.74407e+06 273.15
4.74467e+06 273.15
4.74527e+06 273.15
4.74587e+06 273.15
4.74647e+06 273.15
4.74707e+06 273.15
4.74767e+06 273.15
4.74827e+06 273.15
4.74887e+06 273.15
4.74947e+06 273.15
4.75008e+06 273.15
4.75068e+06 273.15
4.75128e+06 273.15
4.75188e+06 273.15
4.75248e+06 273.15
4.75308e+06 273.15
4.75368e+06 273.15
4.75428e+06 273.15
4.75488e+06 273.15
4.75548e+06 273.15
4.75608e+06 273.15
4.75668e+06 273.15
4.75728e+06 273.15
4.75788e+06 273.15
4.75848e+06 273.15
4.75908e+06 273.15
4.75968e+06 273.15
4.76028e+06 273.15
4.76088e+06 273.15
4.76148e+06 273.15
4.76208e+06 273.15
4.76268e+06 273.15
4.76328e+06 273.15
4.76388e+06 273.15
4.76448e+06 273.15
4.76508e+06 273.15
4.76568e+06 273.15
4.76628e+06 273.15
4.76688e+06 273.15
4.76748e+06 273.15
4.76808e+06 273.15
4.76868e+06 273.15
4.76928e+06 273.15
4.76988e+06 273.15
4.77048e+06 273.15
4.77108e+06 273.15
4.77168e+06 273.15
4.77228e+06 273.15
4.77288e+06 273.15
4.77348e+06 273.15
4.77408e+06 273.15
4.77468e+06 273.15
4.77528e+06 273.15
4.77588e+06 273.15
4.77648e+06 273.15
4.77708e+06 273.15
4.77768e+06 273.15
4.77828e+06 273.15
4.77888e+06 273.15
4.77948e+06 273.15
4.78008e+06 273.15
4.78068e+06 273.15
4.78128e+06 273.15
4.78188e+06 273.15
4.78248e+06 273.15
4.78308e+06 273.15
4.78368e+06 273.15
4.78428e+06 273.15
4.78488e+06 273.15
4.78548e+06 273.15
4.78608e+06 273.15
4.78668e+06 273.15
4.78728e+06 273.15
4.78788e+06 273.15
4.78848e+06 273.15
4.78908e+06 273.15
4.78968e+06 273.15
4.79028e+06 273.15
4.79088e+06 273.15
4.79148e+06 273.15
4.79208e+06 273.15
4.79268e+06 273.15
4.79328e+06 273.15
4.79388e+06 273.15
4.79448e+06 273.15
4.79508e+06 273.15
4.79568e+06 273.15
4.79628e+06 273.15
4.79688e+06 273.15
4.79748e+06 273.15
4.79808e+06 273.15
4.79868e+06 273.15
4.79928e+06 273.15
4.79988e+06 273.15
4.80048e+06 273.15
4.80108e+06 273.15
4.80168e+06 273.15
4.80228e+06 273.15
4.80288e+06 273.15
4.80348e+06 273.15
4.80408e+06 273.15
4.80468e+06 273.15
4.80528e+06 273.15
4.80588e+06 273.15
4.80648e+06 273.15
4.80708e+06 273.15
4.80768e+06 273.15
4.80828e+06 273.15
4.80888e+06 273.15
4.80948e+06 273.15
4.81008e+06 273.15
4.81068e+06 273.15
4.81128e+06 273.15
4.81188e+06 273.15
4.81248e+06 273.15
4.81308e+06 273.15
4.81368e+06 273.15
4.81428e+06 273.15
4.81488e+06 273.15
4.81548e+06 273.15
4.81608e+06 273.15
4.81668e+06 273.15
4.81728e+06 273.15
4.81788e+06 273.15
4.81848e+06 273.15
4.81908e+06 273.15
4.81968e+06 273.15
4.82028e+06 273.15
4.82088e+06 273.15
4.82148e+06 273.15
4.82208e+06 273.15
4.82268e+06 273.15
4.82328e+06 273.15
4.82388e+06 273.15
4.82448e+06 273.15
4.82508e+06 273.15
4.82568e+06 273.15
4.82628e+06 273.15
4.82688e+06 273.15
4.82748e+06 273.15
4.82808e+06 273.15
4.82868e+06 273.15
4.82928e+06 273.15
4.82988e+06 273.15
4.83048e+06 273.15
4.83108e+06 273.15
4.83168e+06 273.15
4.83228e+06 273.15
4.83288e+06 273.15
4.83348e+06 273.15
4.83408e+06 273.15
4.83468e+06 273.15
4.83528e+06 273.15
4.83588e+06 273.15
4.83648e+06 273.15
4.83708e+06 273.15
4.83768e+06 273.15
4.83828e+06 273.15
4.83888e+06 273.15
4.83948e+06 273.15
4.84008e+06 273.15
4.84068e+06 273.15
4.84128e+06 273.15
4.84188e+06 273.15
4.84248e+06 273.15
4.84308e+06 273.15
4.84368e+06 273.15
4.84428e+06 273.15
4.84488e+06 273.15
4.84548e+06 273.15
4.84608e+06 273.15
4.84668e+06 273.15
4.84728e+06 273.15
4.84788e+06 273.15
4.84848e+06 273.15
4.84908e+06 273.15
4.84968e+06 273.15
4.85029e+06 273.15
4.85089e+06 273.15
4.85149e+06 273.15
4.85209e+06 273.15
4.85269e+06 273.15
4.85329e+06 273.15
4.85389e+06 273.15
4.85449e+06 273.15
4.85509e+06 273.15
4.85569e+06 273.15
4.85629e+06 273.15
4.85689e+06 273.15
4.85749e+06 273.15
4.85809e+06 273.15
4.85869e+06 273.15
4.85929e+06 273.15
4.85989e+06 273.15
4.86049e+06 273.15
4.86109e+06 273.15
4.86169e+06 273.15
4.86229e+06 273.15
4.86289e+06 273.15
4.86349e+06 273.15
4.86409e+06 273.15
4.86469e+06 273.15
4.86529e+06 273.15
4.86589e+06 273.15
4.86649e+06 273.15
4.86709e+06 273.15
4.86769e+06 273.15
4.86829e+06 273.15
4.86889e+06 273.15
4.86949e+06 273.15
4.87009e+06 273.15
4.87069e+06 273.15
4.87129e+06 273.15
4.87189e+06 273.15
4.87249e+06 273.15
4.87309e+06 273.15
4.87369e+06 273.15
4.87429e+06 273.15
4.87489e+06 273.15
4.87549e+06 273.15
4.87609e+06 273.15
4.87669e+06 273.15
4.87729e+06 273.15
4.87789e+06 273.15
4.87849e+06 273.15
4.87909e+06 273.15
4.87969e+06 273.15
4.88029e+06 273.15
4.88089e+06 273.15
4.88149e+06 273.15
4.88209e+06 273.15
4.88269e+06 273.15
4.88329e+06 273.15
4.88389e+06 273.15
4.88449e+06 273.15
4.88509e+06 273.15
4.88569e+06 273.15
4.88629e+06 273.15
4.88689e+06 273.15
4.88749e+06 273.15
4.88809e+06 273.15
4.88869e+06 273.15
4.88929e+06 273.15
4.88989e+06 273.15
4.89049e+06 273.15
4.89109e+06 273.15
4.89169e+06 273.15
4.89229e+06 273.15
4.89289e+06 273.15
4.89349e+06 273.15
4.89409e+06 273.15
4.89469e+06 273.15
4.89529e+06 273.15
4.89589e+06 273.15
4.89649e+06 273.15
4.89709e+06 273.15
4.89769e+06 273.15
4.89829e+06 273.15
4.89889e+06 273.15
4.89949e+06 273.15
4.90009e+06 273.15
4.90069e+06 273.15
4.90129e+06 273.15
4.90189e+06 273.15
4.90249e+06 273.15
4.90309e+06 273.15
4.90369e+06 273.15
4.90429e+06 273.15
4.90489e+06 273.15
4.90549e+06 273.15
4.90609e+06 273.15
4.90669e+06 273.15
4.90729e+06 273.15
4.90789e+06 273.15
4.90849e+06 273.15
4.90909e+06 273.15
4.90969e+06 273.15
4.91029e+06 273.15
4.91089e+06 273.15
4.91149e+06 273.15
4.91209e+06 273.15
4.91269e+06 273.15
4.91329e+06 273.15
4.91389e+06 273.15
4.91449e+06 273.15
4.91509e+06 273.15
4.91569e+06 273.15
4.91629e+06 273.15
4.91689e+06 273.15
4.91749e+06 273.15
4.91809e+06 273.15
4.91869e+06 273.15
4.91929e+06 273.15
4.91989e+06 273.15
4.92049e+06 273.15
4.92109e+06 273.15
4.92169e+06 273.15
4.92229e+06 273.15
4.92289e+06 273.15
4.92349e+06 273.15
4.92409e+06 273.15
4.92469e+06 273.15
4.92529e+06 273.15
4.92589e+06 273.15
4.92649e+06 273.15
4.92709e+06 273.15
4.92769e+06 273.15
4.92829e+06 273.15
4.92889e+06 273.15
4.92949e+06 273.15
4.93009e+06 273.15
4.93069e+06 273.15
4.93129e+06 273.15
4.93189e+06 273.15
4.93249e+06 273.15
4.93309e+06 273.15
4.93369e+06 273.15
4.93429e+06 273.15
4.93489e+06 273.15
4.93549e+06 273.15
4.93609e+06 273.15
4.93669e+06 273.15
4.93729e+06 273.15
4.93789e+06 273.15
4.93849e+06 273.15
4.93909e+06 273.15
4.93969e+06 273.15
4.94029e+06 273.15
4.94089e+06 273.15
4.94149e+06 273.15
4.94209e+06 273.15
4.94269e+06 273.15
4.94329e+06 273.15
4.94389e+06 273.15
4.94449e+06 273.15
4.94509e+06 273.15
4.94569e+06 273.15
4.94629e+06 273.15
4.94689e+06 273.15
4.94749e+06 273.15
4.94809e+06 273.15
4.94869e+06 273.15
4.94929e+06 273.15
4.94989e+06 273.15
4.9505e+06 273.15
4.9511e+06 273.15
4.9517e+06 273.15
4.9523e+06 273.15
4.9529e+06 273.15
4.9535e+06 273.15
4.9541e+06 273.15
4.9547e+06 273.15
4.9553e+06 273.15
4.9559e+06 273.15
4.9565e+06 273.15
4.9571e+06 273.15
4.9577e+06 273.15
4.9583e+06 273.15
4.9589e+06 273.15
4.9595e+06 273.15
4.9601e+06 273.15
4.9607e+06 273.15
4.9613e+06 273.15
4.9619e+06 273.15
4.9625e+06 273.15
4.9631e+06 273.15
4.9637e+06 273.15
4.9643e+06 273.15
4.9649e+06 273.15
4.9655e+06 273.15
4.9661e+06 273.15
4.9667e+06 273.15
4.9673e+06 273.15
4.9679e+06 273.15
4.9685e+06 273.15
4.9691e+06 273.15
4.9697e+06 273.15
4.9703e+06 273.15
4.9709e+06 273.15
4.9715e+06 273.15
4.9721e+06 273.15
4.9727e+06 273.15
4.9733e+06 273.15
4.9739e+06 273.15
4.9745e+06 273.15
4.9751e+06 273.15
4.9757e+06 273.15
4.9763e+06 273.15
4.9769e+06 273.15
4.9775e+06 273.15
4.9781e+06 273.15
4.9787e+06 273.15
4.9793e+06 273.15
4.9799e+06 273.15
4.9805e+06 273.15
4.9811e+06 273.15
4.9817e+06 273.15
4.9823e+06 273.15
4.9829e+06 273.15
4.9835e+06 273.15
4.9841e+06 273.15
4.9847e+06 273.15
4.9853e+06 273.15
4.9859e+06 273.15
4.9865e+06 273.15
4.9871e+06 273.15
4.9877e+06 273.15
4.9883e+06 273.15
4.9889e+06 273.15
4.9895e+06 273.15
4.9901e+06 273.15
4.9907e+06 273.15
4.9913e+06 273.15
4.9919e+06 273.15
4.9925e+06 273.15
4.9931e+06 273.15
4.9937e+06 273.15
4.9943e+06 273.15
4.9949e+06 273.15
4.9955e+06 273.15
4.9961e+06 273.15
4.9967e+06 273.15
4.9973e+06 273.15
4.9979e+06 273.15
4.9985e+06 273.15
4.9991e+06 273.15
4.9997e+06 273.15
5.0003e+06 273.15
5.0009e+06 273.15
5.0015e+06 273.15
5.0021e+06 273.15
5.0027e+06 273.15
5.0033e+06 273.15
5.0039e+06 273.15
5.0045e+06 273.15
5.0051e+06 273.15
5.0057e+06 273.15
5.0063e+06 273.15
5.0069e+06 273.15
5.0075e+06 273.15
5.0081e+06 273.15
5.0087e+06 273.15
5.0093e+06 273.15
5.0099e+06 273.15
5.0105e+06 273.15
5.0111e+06 273.15
5.0117e+06 273.15
5.0123e+06 273.15
5.0129e+06 273.15
5.0135e+06 273.15
5.0141e+06 273.15
5.0147e+06 273.15
5.0153e+06 273.15
5.0159e+06 273.15
5.0165e+06 273.15
5.0171e+06 273.15
5.0177e+06 273.15
5.0183e+06 273.15
5.0189e+06 273.15
5.0195e+06 273.15
5.0201e+06 273.15
5.0207e+06 273.15
5.0213e+06 273.15
5.0219e+06 273.15
5.0225e+06 273.15
5.0231e+06 273.15
5.0237e+06 273.15
5.0243e+06 273.15
5.0249e+06 273.15
5.0255e+06 273.15
5.0261e+06 273.15
5.0267e+06 273.15
5.0273e+06 273.15
5.0279e+06 273.15
5.0285e+06 273.15
5.0291e+06 273.15
5.0297e+06 273.15
5.0303e+06 273.15
5.0309e+06 273.15
5.0315e+06 273.15
5.0321e+06 273.15
5.0327e+06 273.15
5.0333e+06 273.15
5.0339e+06 273.15
5.0345e+06 273.15
5.0351e+06 273.15
5.0357e+06 273.15
5.0363e+06 273.15
5.0369e+06 273.15
5.0375e+06 273.15
5.0381e+06 273.15
5.0387e+06 273.15
5.0393e+06 273.15
5.0399e+06 273.15
5.0405e+06 273.15
5.0411e+06 273.15
5.0417e+06 273.15
5.0423e+06 273.15
5.0429e+06 273.15
5.0435e+06 273.15
5.0441e+06 273.15
5.0447e+06 273.15
5.0453e+06 273.15
5.0459e+06 273.15
5.0465e+06 273.15
5.0471e+06 273.15
5.0477e+06 273.15
5.0483e+06 273.15
5.0489e+06 273.15
5.0495e+06 273.15
5.05011e+06 273.15
5.05071e+06 273.15
5.05131e+06 273.15
5.05191e+06 273.15
5.05251e+06 273.15
5.05311e+06 273.15
5.05371e+06 273.15
5.05431e+06 273.15
5.05491e+06 273.15
5.05551e+06 273.15
5.05611e+06 273.15
5.05671e+06 273.15
5.05731e+06 273.15
5.05791e+06 273.15
5.05851e+06 273.15
5.05911e+06 273.15
5.05971e+06 273.15
5.06031e+06 273.15
5.06091e+06 273.15
5.06151e+06 273.15
5.06211e+06 273.15
5.06271e+06 273.15
5.06331e+06 273.15
5.06391e+06 273.15
5.06451e+06 273.15
5.06511e+06 273.15
5.06571e+06 273.15
5.06631e+06 273.15
5.06691e+06 273.15
5.06751e+06 273.15
5.06811e+06 273.15
5.06871e+06 273.15
5.06931e+06 273.15
5.06991e+06 273.15
5.07051e+06 273.15
5.07111e+06 273.15
5.07171e+06 273.15
5.07231e+06 273.15
5.07291e+06 273.15
5.07351e+06 273.15
5.07411e+06 273.15
5.07471e+06 273.15
5.07531e+06 273.15
5.07591e+06 273.15
5.07651e+06 273.15
5.07711e+06 273.15
5.07771e+06 273.15
5.07831e+06 273.15
5.07891e+06 273.15
5.07951e+06 273.15
5.08011e+06 273.15
5.08071e+06 273.15
5.08131e+06 273.15
5.08191e+06 273.15
5.08251e+06 273.15
5.08311e+06 273.15
5.08371e+06 273.15
5.08431e+06 273.15
5.08491e+06 273.15
5.08551e+06 273.15
5.08611e+06 273.15
5.08671e+06 273.15
5.08731e+06 273.15
5.08791e+06 273.15
5.08851e+06 273.15
5.08911e+06 273.15
5.08971e+06 273.15
5.09031e+06 273.15
5.09091e+06 273.15
5.09151e+06 273.15
5.09211e+06 273.15
5.09271e+06 273.15
5.09331e+06 273.15
5.09391e+06 273.15
5.09451e+06 273.15
5.09511e+06 273.15
5.09571e+06 273.15
5.09631e+06 273.15
5.09691e+06 273.15
5.09751e+06 273.15
5.09811e+06 273.15
5.09871e+06 273.15
5.09931e+06 273.15
5.09991e+06 273.15
5.10051e+06 273.15
5.10111e+06 273.15
5.10171e+06 273.15
5.10231e+06 273.15
5.10291e+06 273.15
5.10351e+06 273.15
5.10411e+06 273.15
5.10471e+06 273.15
5.10531e+06 273.15
5.10591e+06 273.15
5.10651e+06 273.15
5.10711e+06 273.15
5.10771e+06 273.15
5.10831e+06 273.15
5.10891e+06 273.15
5.10951e+06 273.15
5.11011e+06 273.15
5.11071e+06 273.15
5.11131e+06 273.15
5.11191e+06 273.15
5.11251e+06 273.15
5.11311e+06 273.15
5.11371e+06 273.15
5.11431e+06 273.15
5.11491e+06 273.15
5.11551e+06 273.15
5.11611e+06 273.15
5.11671e+06 273.15
5.11731e+06 273.15
5.11791e+06 273.15
5.11851e+06 273.15
5.11911e+06 273.15
5.11971e+06 273.15
5.12031e+06 273.15
5.12091e+06 273.15
5.12151e+06 273.15
5.12211e+06 273.15
5.12271e+06 273.15
5.12331e+06 273.15
5.12391e+06 273.15
5.12451e+06 273.15
5.12511e+06 273.15
5.12571e+06 273.15
5.12631e+06 273.15
5.12691e+06 273.15
5.12751e+06 273.15
5.12811e+06 273.15
5.12871e+06 273.15
5.12931e+06 273.15
5.12991e+06 273.15
5.13051e+06 273.15
5.13111e+06 273.15
5.13171e+06 273.15
5.13231e+06 273.15
5.13291e+06 273.15
5.13351e+06 273.15
5.13411e+06 273.15
5.13471e+06 273.15
5.13531e+06 273.15
5.13591e+06 273.15
5.13651e+06 273.15
5.13711e+06 273.15
5.13771e+06 273.15
5.13831e+06 273.15
5.13891e+06 273.15
5.13951e+06 273.15
5.14011e+06 273.15
5.14071e+06 273.15
5.14131e+06 273.15
5.14191e+06 273.15
5.14251e+06 273.15
5.14311e+06 273.15
5.14371e+06 273.15
5.14431e+06 273.15
5.14491e+06 273.15
5.14551e+06 273.15
5.14611e+06 273.15
5.14671e+06 273.15
5.14731e+06 273.15
5.14791e+06 273.15
5.14851e+06 273.15
5.14911e+06 273.15
5.14971e+06 273.15
5.15032e+06 273.15
5.15092e+06 273.15
5.15152e+06 273.15
5.15212e+06 273.15
5.15272e+06 273.15
5.15332e+06 273.15
5.15392e+06 273.15
5.15452e+06 273.15
5.15512e+06 273.15
5.15572e+06 273.15
5.15632e+06 273.15
5.15692e+06 273.15
5.15752e+06 273.15
5.15812e+06 273.15
5.15872e+06 273.15
5.15932e+06 273.15
5.15992e+06 273.15
5.16052e+06 273.15
5.16112e+06 273.15
5.16172e+06 273.15
5.16232e+06 273.15
5.16292e+06 273.15
5.16352e+06 273.15
5.16412e+06 273.15
5.16472e+06 273.15
5.16532e+06 273.15
5.16592e+06 273.15
5.16652e+06 273.15
5.16712e+06 273.15
5.16772e+06 273.15
5.16832e+06 273.15
5.16892e+06 273.15
5.16952e+06 273.15
5.17012e+06 273.15
5.17072e+06 273.15
5.17132e+06 273.15
5.17192e+06 273.15
5.17252e+06 273.15
5.17312e+06 273.15
5.17372e+06 273.15
5.17432e+06 273.15
5.17492e+06 273.15
5.17552e+06 273.15
5.17612e+06 273.15
5.17672e+06 273.15
5.17732e+06 273.15
5.17792e+06 273.15
5.17852e+06 273.15
5.17912e+06 273.15
5.17972e+06 273.15
5.18032e+06 273.15
5.18092e+06 273.15
5.18152e+06 273.15
5.18212e+06 273.15
5.18272e+06 273.15
5.18332e+06 273.15
5.18392e+06 273.15
5.18452e+06 273.15
5.18512e+06 273.15
5.18572e+06 273.15
5.18632e+06 273.15
5.18692e+06 273.15
5.18752e+06 273.15
5.18812e+06 273.15
5.18872e+06 273.15
5.18932e+06 273.15
5.18992e+06 273.15
5.19052e+06 273.15
5.19112e+06 273.15
5.19172e+06 273.15
5.19232e+06 273.15
5.19292e+06 273.15
5.19352e+06 273.15
5.19412e+06 273.15
5.19472e+06 273.15
5.19532e+06 273.15
5.19592e+06 273.15
5.19652e+06 273.15
5.19712e+06 273.15
5.19772e+06 273.15
5.19832e+06 273.15
5.19892e+06 273.15
5.19952e+06 273.15
5.20012e+06 273.15
5.20072e+06 273.15
5.20132e+06 273.15
5.20192e+06 273.15
5.20252e+06 273.15
5.20312e+06 273.15
5.20372e+06 273.15
5.20432e+06 273.15
5.20492e+06 273.15
5.20552e+06 273.15
5.20612e+06 273.15
5.20672e+06 273.15
5.20732e+06 273.15
5.20792e+06 273.15
5.20852e+06 273.15
5.20912e+06 273.15
5.20972e+06 273.15
5.21032e+06 273.15
5.21092e+06 273.15
5.21152e+06 273.15
5.21212e+06 273.15
5.21272e+06 273.15
5.21332e+06 273.15
5.21392e+06 273.15
5.21452e+06 273.15
5.21512e+06 273.15
5.21572e+06 273.15
5.21632e+06 273.15
5.21692e+06 273.15
5.21752e+06 273.15
5.21812e+06 273.15
5.21872e+06 273.15
5.21932e+06 273.15
5.21992e+06 273.15
5.22052e+06 273.15
5.22112e+06 273.15
5.22172e+06 273.15
5.22232e+06 273.15
5.22292e+06 273.15
5.22352e+06 273.15
5.22412e+06 273.15
5.22472e+06 273.15
5.22532e+06 273.15
5.22592e+06 273.15
5.22652e+06 273.15
5.22712e+06 273.15
5.22772e+06 273.15
5.22832e+06 273.15
5.22892e+06 273.15
5.22952e+06 273.15
5.23012e+06 273.15
5.23072e+06 273.15
5.23132e+06 273.15
5.23192e+06 273.15
5.23252e+06 273.15
5.23312e+06 273.15
5.23372e+06 273.15
5.23432e+06 273.15
5.23492e+06 273.15
5.23552e+06 273.15
5.23612e+06 273.15
5.23672e+06 273.15
5.23732e+06 273.15
5.23792e+06 273.15
5.23852e+06 273.15
5.23912e+06 273.15
5.23972e+06 273.15
5.24032e+06 273.15
5.24092e+06 273.15
5.24152e+06 273.15
5.24212e+06 273.15
5.24272e+06 273.15
5.24332e+06 273.15
5.24392e+06 273.15
5.24452e+06 273.15
5.24512e+06 273.15
5.24572e+06 273.15
5.24632e+06 273.15
5.24692e+06 273.15
5.24752e+06 273.15
5.24812e+06 273.15
5.24872e+06 273.15
5.24932e+06 273.15
5.24992e+06 273.15
5.25053e+06 273.15
5.25113e+06 273.15
5.25173e+06 273.15
5.25233e+06 273.15
5.25293e+06 273.15
5.25353e+06 273.15
5.25413e+06 273.15
5.25473e+06 273.15
5.25533e+06 273.15
5.25593e+06 273.15
5.25653e+06 273.15
5.25713e+06 273.15
5.25773e+06 273.15
5.25833e+06 273.15
5.25893e+06 273.15
5.25953e+06 273.15
5.26013e+06 273.15
5.26073e+06 273.15
5.26133e+06 273.15
5.26193e+06 273.15
5.26253e+06 273.15
5.26313e+06 273.15
5.26373e+06 273.15
5.26433e+06 273.15
5.26493e+06 273.15
5.26553e+06 273.15
5.26613e+06 273.15
5.26673e+06 273.15
5.26733e+06 273.15
5.26793e+06 273.15
5.26853e+06 273.15
5.26913e+06 273.15
5.26973e+06 273.15
5.27033e+06 273.15
5.27093e+06 273.15
5.27153e+06 273.15
5.27213e+06 273.15
5.27273e+06 273.15
5.27333e+06 273.15
5.27393e+06 273.15
5.27453e+06 273.15
5.27513e+06 273.15
5.27573e+06 273.15
5.27633e+06 273.15
5.27693e+06 273.15
5.27753e+06 273.15
5.27813e+06 273.15
5.27873e+06 273.15
5.27933e+06 273.15
5.27993e+06 273.15
5.28053e+06 273.15
5.28113e+06 273.15
5.28173e+06 273.15
5.28233e+06 273.15
5.28293e+06 273.15
5.28353e+06 273.15
5.28413e+06 273.15
5.28473e+06 273.15
5.28533e+06 273.15
5.28593e+06 273.15
5.28653e+06 273.15
5.28713e+06 273.15
5.28773e+06 273.15
5.28833e+06 273.15
5.28893e+06 273.15
5.28953e+06 273.15
5.29013e+06 273.15
5.29073e+06 273.15
5.29133e+06 273.15
5.29193e+06 273.15
5.29253e+06 273.15
5.29313e+06 273.15
5.29373e+06 273.15
5.29433e+06 273.15
5.29493e+06 273.15
5.29553e+06 273.15
5.29613e+06 273.15
5.29673e+06 273.15
5.29733e+06 273.15
5.29793e+06 273.15
5.29853e+06 273.15
5.29913e+06 273.15
5.29973e+06 273.15
5.30033e+06 273.15
5.30093e+06 273.15
5.30153e+06 273.15
5.30213e+06 273.15
5.30273e+06 273.15
5.30333e+06 273.15
5.30393e+06 273.15
5.30453e+06 273.15
5.30513e+06 273.15
5.30573e+06 273.15
5.30633e+06 273.15
5.30693e+06 273.15
5.30753e+06 273.15
5.30813e+06 273.15
5.30873e+06 273.15
5.30933e+06 273.15
5.30993e+06 273.15
5.31053e+06 273.15
5.31113e+06 273.15
5.31173e+06 273.15
5.31233e+06 273.15
5.31293e+06 273.15
5.31353e+06 273.15
5.31413e+06 273.15
5.31473e+06 273.15
5.31533e+06 273.15
5.31593e+06 273.15
5.31653e+06 273.15
5.31713e+06 273.15
5.31773e+06 273.15
5.31833e+06 273.15
5.31893e+06 273.15
5.31953e+06 273.15
5.32013e+06 273.15
5.32073e+06 273.15
5.32133e+06 273.15
5.32193e+06 273.15
5.32253e+06 273.15
5.32313e+06 273.15
5.32373e+06 273.15
5.32433e+06 273.15
5.32493e+06 273.15
5.32553e+06 273.15
5.32613e+06 273.15
5.32673e+06 273.15
5.32733e+06 273.15
5.32793e+06 273.15
5.32853e+06 273.15
5.32913e+06 273.15
5.32973e+06 273.15
5.33033e+06 273.15
5.33093e+06 273.15
5.33153e+06 273.15
5.33213e+06 273.15
5.33273e+06 273.15
5.33333e+06 273.15
5.33393e+06 273.15
5.33453e+06 273.15
5.33513e+06 273.15
5.33573e+06 273.15
5.33633e+06 273.15
5.33693e+06 273.15
5.33753e+06 273.15
5.33813e+06 273.15
5.33873e+06 273.15
5.33933e+06 273.15
5.33993e+06 273.15
5.34053e+06 273.15
5.34113e+06 273.15
5.34173e+06 273.15
5.34233e+06 273.15
5.34293e+06 273.15
5.34353e+06 273.15
5.34413e+06 273.15
5.34473e+06 273.15
5.34533e+06 273.15
5.34593e+06 273.15
5.34653e+06 273.15
5.34713e+06 273.15
5.34773e+06 273.15
5.34833e+06 273.15
5.34893e+06 273.15
5.34953e+06 273.15
5.35014e+06 273.15
5.35074e+06 273.15
5.35134e+06 273.15
5.35194e+06 273.15
5.35254e+06 273.15
5.35314e+06 273.15
5.35374e+06 273.15
5.35434e+06 273.15
5.35494e+06 273.15
5.35554e+06 273.15
5.35614e+06 273.15
5.35674e+06 273.15
5.35734e+06 273.15
5.35794e+06 273.15
5.35854e+06 273.15
5.35914e+06 273.15
5.35974e+06 273.15
5.36034e+06 273.15
5.36094e+06 273.15
5.36154e+06 273.15
5.36214e+06 273.15
5.36274e+06 273.15
5.36334e+06 273.15
5.36394e+06 273.15
5.36454e+06 273.15
5.36514e+06 273.15
5.36574e+06 273.15
5.36634e+06 273.15
5.36694e+06 273.15
5.36754e+06 273.15
5.36814e+06 273.15
5.36874e+06 273.15
5.36934e+06 273.15
5.36994e+06 273.15
5.37054e+06 273.15
5.37114e+06 273.15
5.37174e+06 273.15
5.37234e+06 273.15
5.37294e+06 273.15
5.37354e+06 273.15
5.37414e+06 273.15
5.37474e+06 273.15
5.37534e+06 273.15
5.37594e+06 273.15
5.37654e+06 273.15
5.37714e+06 273.15
5.37774e+06 273.15
5.37834e+06 273.15
5.37894e+06 273.15
5.37954e+06 273.15
5.38014e+06 273.15
5.38074e+06 273.15
5.38134e+06 273.15
5.38194e+06 273.15
5.38254e+06 273.15
5.38314e+06 273.15
5.38374e+06 273.15
5.38434e+06 273.15
5.38494e+06 273.15
5.38554e+06 273.15
5.38614e+06 273.15
5.38674e+06 273.15
5.38734e+06 273.15
5.38794e+06 273.15
5.38854e+06 273.15
5.38914e+06 273.15
5.38974e+06 273.15
5.39034e+06 273.15
5.39094e+06 273.15
5.39154e+06 273.15
5.39214e+06 273.15
5.39274e+06 273.15
5.39334e+06 273.15
5.39394e+06 273.15
5.39454e+06 273.15
5.39514e+06 273.15
5.39574e+06 273.15
5.39634e+06 273.15
5.39694e+06 273.15
5.39754e+06 273.15
5.39814e+06 273.15
5.39874e+06 273.15
5.39934e+06 273.15
5.39994e+06 273.15
5.40054e+06 273.15
5.40114e+06 273.15
5.40174e+06 273.15
5.40234e+06 273.15
5.40294e+06 273.15
5.40354e+06 273.15
5.40414e+06 273.15
5.40474e+06 273.15
5.40534e+06 273.15
5.40594e+06 273.15
5.40654e+06 273.15
5.40714e+06 273.15
5.40774e+06 273.15
5.40834e+06 273.15
5.40894e+06 273.15
5.40954e+06 273.15
5.41014e+06 273.15
5.41074e+06 273.15
5.41134e+06 273.15
5.41194e+06 273.15
5.41254e+06 273.15
5.41314e+06 273.15
5.41374e+06 273.15
5.41434e+06 273.15
5.41494e+06 273.15
5.41554e+06 273.15
5.41614e+06 273.15
5.41674e+06 273.15
5.41734e+06 273.15
5.41794e+06 273.15
5.41854e+06 273.15
5.41914e+06 273.15
5.41974e+06 273.15
5.42034e+06 273.15
5.42094e+06 273.15
5.42154e+06 273.15
5.42214e+06 273.15
5.42274e+06 273.15
5.42334e+06 273.15
5.42394e+06 273.15
5.42454e+06 273.15
5.42514e+06 273.15
5.42574e+06 273.15
5.42634e+06 273.15
5.42694e+06 273.15
5.42754e+06 273.15
5.42814e+06 273.15
5.42874e+06 273.15
5.42934e+06 273.15
5.42994e+06 273.15
5.43054e+06 273.15
5.43114e+06 273.15
5.43174e+06 273.15
5.43234e+06 273.15
5.43294e+06 273.15
5.43354e+06 273.15
5.43414e+06 273.15
5.43474e+06 273.15
5.43534e+06 273.15
5.43594e+06 273.15
5.43654e+06 273.15
5.43714e+06 273.15
5.43774e+06 273.15
5.43834e+06 273.15
5.43894e+06 273.15
5.43954e+06 273.15
5.44014e+06 273.15
5.44074e+06 273.15
5.44134e+06 273.15
5.44194e+06 273.15
5.44254e+06 273.15
5.44314e+06 273.15
5.44374e+06 273.15
5.44434e+06 273.15
5.44494e+06 273.15
5.44554e+06 273.15
5.44614e+06 273.15
5.44674e+06 273.15
5.44734e+06 273.15
5.44794e+06 273.15
5.44854e+06 273.15
5.44914e+06 273.15
5.44974e+06 273.15
5.45035e+06 273.15
5.45095e+06 273.15
5.45155e+06 273.15
5.45215e+06 273.15
5.45275e+06 273.15
5.45335e+06 273.15
5.45395e+06 273.15
5.45455e+06 273.15
5.45515e+06 273.15
5.45575e+06 273.15
5.45635e+06 273.15
5.45695e+06 273.15
5.45755e+06 273.15
5.45815e+06 273.15
5.45875e+06 273.15
5.45935e+06 273.15
5.45995e+06 273.15
5.46055e+06 273.15
5.46115e+06 273.15
5.46175e+06 273.15
5.46235e+06 273.15
5.46295e+06 273.15
5.46355e+06 273.15
5.46415e+06 273.15
5.46475e+06 273.15
5.46535e+06 273.15
5.46595e+06 273.15
5.46655e+06 273.15
5.46715e+06 273.15
5.46775e+06 273.15
5.46835e+06 273.15
5.46895e+06 273.15
5.46955e+06 273.15
5.47015e+06 273.15
5.47075e+06 273.15
5.47135e+06 273.15
5.47195e+06 273.15
5.47255e+06 273.15
5.47315e+06 273.15
5.47375e+06 273.15
5.47435e+06 273.15
5.47495e+06 273.15
5.47555e+06 273.15
5.47615e+06 273.15
5.47675e+06 273.15
5.47735e+06 273.15
5.47795e+06 273.15
5.47855e+06 273.15
5.47915e+06 273.15
5.47975e+06 273.15
5.48035e+06 273.15
5.48095e+06 273.15
5.48155e+06 273.15
5.48215e+06 273.15
5.48275e+06 273.15
5.48335e+06 273.15
5.48395e+06 273.15
5.48455e+06 273.15
5.48515e+06 273.15
5.48575e+06 273.15
5.48635e+06 273.15
5.48695e+06 273.15
5.48755e+06 273.15
5.48815e+06 273.15
5.48875e+06 273.15
5.48935e+06 273.15
5.48995e+06 273.15
5.49055e+06 273.15
5.49115e+06 273.15
5.49175e+06 273.15
5.49235e+06 273.15
5.49295e+06 273.15
5.49355e+06 273.15
5.49415e+06 273.15
5.49475e+06 273.15
5.49535e+06 273.15
5.49595e+06 273.15
5.49655e+06 273.15
5.49715e+06 273.15
5.49775e+06 273.15
5.49835e+06 273.15
5.49895e+06 273.15
5.49955e+06 273.15
5.50015e+06 273.15
5.50075e+06 273.15
5.50135e+06 273.15
5.50195e+06 273.15
5.50255e+06 273.15
5.50315e+06 273.15
5.50375e+06 273.15
5.50435e+06 273.15
5.50495e+06 273.15
5.50555e+06 273.15
5.50615e+06 273.15
5.50675e+06 273.15
5.50735e+06 273.15
5.50795e+06 273.15
5.50855e+06 273.15
5.50915e+06 273.15
5.50975e+06 273.15
5.51035e+06 273.15
5.51095e+06 273.15
5.51155e+06 273.15
5.51215e+06 273.15
5.51275e+06 273.15
5.51335e+06 273.15
5.51395e+06 273.15
5.51455e+06 273.15
5.51515e+06 273.15
5.51575e+06 273.15
5.51635e+06 273.15
5.51695e+06 273.15
5.51755e+06 273.15
5.51815e+06 273.15
5.51875e+06 273.15
5.51935e+06 273.15
5.51995e+06 273.15
5.52055e+06 273.15
5.52115e+06 273.15
5.52175e+06 273.15
5.52235e+06 273.15
5.52295e+06 273.15
5.52355e+06 273.15
5.52415e+06 273.15
5.52475e+06 273.15
5.52535e+06 273.15
5.52595e+06 273.15
5.52655e+06 273.15
5.52715e+06 273.15
5.52775e+06 273.15
5.52835e+06 273.15
5.52895e+06 273.15
5.52955e+06 273.15
5.53015e+06 273.15
5.53075e+06 273.15
5.53135e+06 273.15
5.53195e+06 273.15
5.53255e+06 273.15
5.53315e+06 273.15
5.53375e+06 273.15
5.53435e+06 273.15
5.53495e+06 273.15
5.53555e+06 273.15
5.53615e+06 273.15
5.53675e+06 273.15
5.53735e+06 273.15
5.53795e+06 273.15
5.53855e+06 273.15
5.53915e+06 273.15
5.53975e+06 273.15
5.54035e+06 273.15
5.54095e+06 273.15
5.54155e+06 273.15
5.54215e+06 273.15
5.54275e+06 273.15
5.54335e+06 273.15
5.54395e+06 273.15
5.54455e+06 273.15
5.54515e+06 273.15
5.54575e+06 273.15
5.54635e+06 273.15
5.54695e+06 273.15
5.54755e+06 273.15
5.54815e+06 273.15
5.54875e+06 273.15
5.54935e+06 273.15
5.54995e+06 273.15
5.55056e+06 273.15
5.55116e+06 273.15
5.55176e+06 273.15
5.55236e+06 273.15
5.55296e+06 273.15
5.55356e+06 273.15
5.55416e+06 273.15
5.55476e+06 273.15
5.55536e+06 273.15
5.55596e+06 273.15
5.55656e+06 273.15
5.55716e+06 273.15
5.55776e+06 273.15
5.55836e+06 273.15
5.55896e+06 273.15
5.55956e+06 273.15
5.56016e+06 273.15
5.56076e+06 273.15
5.56136e+06 273.15
5.56196e+06 273.15
5.56256e+06 273.15
5.56316e+06 273.15
5.56376e+06 273.15
5.56436e+06 273.15
5.56496e+06 273.15
5.56556e+06 273.15
5.56616e+06 273.15
5.56676e+06 273.15
5.56736e+06 273.15
5.56796e+06 273.15
5.56856e+06 273.15
5.56916e+06 273.15
5.56976e+06 273.15
5.57036e+06 273.15
5.57096e+06 273.15
5.57156e+06 273.15
5.57216e+06 273.15
5.57276e+06 273.15
5.57336e+06 273.15
5.57396e+06 273.15
5.57456e+06 273.15
5.57516e+06 273.15
5.57576e+06 273.15
5.57636e+06 273.15
5.57696e+06 273.15
5.57756e+06 273.15
5.57816e+06 273.15
5.57876e+06 273.15
5.57936e+06 273.15
5.57996e+06 273.15
5.58056e+06 273.15
5.58116e+06 273.15
5.58176e+06 273.15
5.58236e+06 273.15
5.58296e+06 273.15
5.58356e+06 273.15
5.58416e+06 273.15
5.58476e+06 273.15
5.58536e+06 273.15
5.58596e+06 273.15
5.58656e+06 273.15
5.58716e+06 273.15
5.58776e+06 273.15
5.58836e+06 273.15
5.58896e+06 273.15
5.58956e+06 273.15
5.59016e+06 273.15
5.59076e+06 273.15
5.59136e+06 273.15
5.59196e+06 273.15
5.59256e+06 273.15
5.59316e+06 273.15
5.59376e+06 273.15
5.59436e+06 273.15
5.59496e+06 273.15
5.59556e+06 273.15
5.59616e+06 273.15
5.59676e+06 273.15
5.59736e+06 273.15
5.59796e+06 273.15
5.59856e+06 273.15
5.59916e+06 273.15
5.59976e+06 273.15
5.60036e+06 273.15
5.60096e+06 273.15
5.60156e+06 273.15
5.60216e+06 273.15
5.60276e+06 273.15
5.60336e+06 273.15
5.60396e+06 273.15
5.60456e+06 273.15
5.60516e+06 273.15
5.60576e+06 273.15
5.60636e+06 273.15
5.60696e+06 273.15
5.60756e+06 273.15
5.60816e+06 273.15
5.60876e+06 273.15
5.60936e+06 273.15
5.60996e+06 273.15
5.61056e+06 273.15
5.61116e+06 273.15
5.61176e+06 273.15
5.61236e+06 273.15
5.61296e+06 273.15
5.61356e+06 273.15
5.61416e+06 273.15
5.61476e+06 273.15
5.61536e+06 273.15
5.61596e+06 273.15
5.61656e+06 273.15
5.61716e+06 273.15
5.61776e+06 273.15
5.61836e+06 273.15
5.61896e+06 273.15
5.61956e+06 273.15
5.62016e+06 273.15
5.62076e+06 273.15
5.62136e+06 273.15
5.62196e+06 273.15
5.62256e+06 273.15
5.62316e+06 273.15
5.62376e+06 273.15
5.62436e+06 273.15
5.62496e+06 273.15
5.62556e+06 273.15
5.62616e+06 273.15
5.62676e+06 273.15
5.62736e+06 273.15
5.62796e+06 273.15
5.62856e+06 273.15
5.62916e+06 273.15
5.62976e+06 273.15
5.63036e+06 273.15
5.63096e+06 273.15
5.63156e+06 273.15
5.63216e+06 273.15
5.63276e+06 273.15
5.63336e+06 273.15
5.63396e+06 273.15
5.63456e+06 273.15
5.63516e+06 273.15
5.63576e+06 273.15
5.63636e+06 273.15
5.63696e+06 273.15
5.63756e+06 273.15
5.63816e+06 273.15
5.63876e+06 273.15
5.63936e+06 273.15
5.63996e+06 273.15
5.64056e+06 273.15
5.64116e+06 273.15
5.64176e+06 273.15
5.64236e+06 273.15
5.64296e+06 273.15
5.64356e+06 273.15
5.64416e+06 273.15
5.64476e+06 273.15
5.64536e+06 273.15
5.64596e+06 273.15
5.64656e+06 273.15
5.64716e+06 273.15
5.64776e+06 273.15
5.64836e+06 273.15
5.64896e+06 273.15
5.64956e+06 273.15
5.65017e+06 273.15
5.65077e+06 273.15
5.65137e+06 273.15
5.65197e+06 273.15
5.65257e+06 273.15
5.65317e+06 273.15
5.65377e+06 273.15
5.65437e+06 273.15
5.65497e+06 273.15
5.65557e+06 273.15
5.65617e+06 273.15
5.65677e+06 273.15
5.65737e+06 273.15
5.65797e+06 273.15
5.65857e+06 273.15
5.65917e+06 273.15
5.65977e+06 273.15
5.66037e+06 273.15
5.66097e+06 273.15
5.66157e+06 273.15
5.66217e+06 273.15
5.66277e+06 273.15
5.66337e+06 273.15
5.66397e+06 273.15
5.66457e+06 273.15
5.66517e+06 273.15
5.66577e+06 273.15
5.66637e+06 273.15
5.66697e+06 273.15
5.66757e+06 273.15
5.66817e+06 273.15
5.66877e+06 273.15
5.66937e+06 273.15
5.66997e+06 273.15
5.67057e+06 273.15
5.67117e+06 273.15
5.67177e+06 273.15
5.67237e+06 273.15
5.67297e+06 273.15
5.67357e+06 273.15
5.67417e+06 273.15
5.67477e+06 273.15
5.67537e+06 273.15
5.67597e+06 273.15
5.67657e+06 273.15
5.67717e+06 273.15
5.67777e+06 273.15
5.67837e+06 273.15
5.67897e+06 273.15
5.67957e+06 273.15
5.68017e+06 273.15
5.68077e+06 273.15
5.68137e+06 273.15
5.68197e+06 273.15
5.68257e+06 273.15
5.68317e+06 273.15
5.68377e+06 273.15
5.68437e+06 273.15
5.68497e+06 273.15
5.68557e+06 273.15
5.68617e+06 273.15
5.68677e+06 273.15
5.68737e+06 273.15
5.68797e+06 273.15
5.68857e+06 273.15
5.68917e+06 273.15
5.68977e+06 273.15
5.69037e+06 273.15
5.69097e+06 273.15
5.69157e+06 273.15
5.69217e+06 273.15
5.69277e+06 273.15
5.69337e+06 273.15
5.69397e+06 273.15
5.69457e+06 273.15
5.69517e+06 273.15
5.69577e+06 273.15
5.69637e+06 273.15
5.69697e+06 273.15
5.69757e+06 273.15
5.69817e+06 273.15
5.69877e+06 273.15
5.69937e+06 273.15
5.69997e+06 273.15
5.70057e+06 273.15
5.70117e+06 273.15
5.70177e+06 273.15
5.70237e+06 273.15
5.70297e+06 273.15
5.70357e+06 273.15
5.70417e+06 273.15
5.70477e+06 273.15
5.70537e+06 273.15
5.70597e+06 273.15
5.70657e+06 273.15
5.70717e+06 273.15
5.70777e+06 273.15
5.70837e+06 273.15
5.70897e+06 273.15
5.70957e+06 273.15
5.71017e+06 273.15
5.71077e+06 273.15
5.71137e+06 273.15
5.71197e+06 273.15
5.71257e+06 273.15
5.71317e+06 273.15
5.71377e+06 273.15
5.71437e+06 273.15
5.71497e+06 273.15
5.71557e+06 273.15
5.71617e+06 273.15
5.71677e+06 273.15
5.71737e+06 273.15
5.71797e+06 273.15
5.71857e+06 273.15
5.71917e+06 273.15
5.71977e+06 273.15
5.72037e+06 273.15
5.72097e+06 273.15
5.72157e+06 273.15
5.72217e+06 273.15
5.72277e+06 273.15
5.72337e+06 273.15
5.72397e+06 273.15
5.72457e+06 273.15
5.72517e+06 273.15
5.72577e+06 273.15
5.72637e+06 273.15
5.72697e+06 273.15
5.72757e+06 273.15
5.72817e+06 273.15
5.72877e+06 273.15
5.72937e+06 273.15
5.72997e+06 273.15
5.73057e+06 273.15
5.73117e+06 273.15
5.73177e+06 273.15
5.73237e+06 273.15
5.73297e+06 273.15
5.73357e+06 273.15
5.73417e+06 273.15
5.73477e+06 273.15
5.73537e+06 273.15
5.73597e+06 273.15
5.73657e+06 273.15
5.73717e+06 273.15
5.73777e+06 273.15
5.73837e+06 273.15
5.73897e+06 273.15
5.73957e+06 273.15
5.74017e+06 273.15
5.74077e+06 273.15
5.74137e+06 273.15
5.74197e+06 273.15
5.74257e+06 273.15
5.74317e+06 273.15
5.74377e+06 273.15
5.74437e+06 273.15
5.74497e+06 273.15
5.74557e+06 273.15
5.74617e+06 273.15
5.74677e+06 273.15
5.74737e+06 273.15
5.74797e+06 273.15
5.74857e+06 273.15
5.74917e+06 273.15
5.74977e+06 273.15
5.75038e+06 273.15
5.75098e+06 273.15
5.75158e+06 273.15
5.75218e+06 273.15
5.75278e+06 273.15
5.75338e+06 273.15
5.75398e+06 273.15
5.75458e+06 273.15
5.75518e+06 273.15
5.75578e+06 273.15
5.75638e+06 273.15
5.75698e+06 273.15
5.75758e+06 273.15
5.75818e+06 273.15
5.75878e+06 273.15
5.75938e+06 273.15
5.75998e+06 273.15
5.76058e+06 273.15
5.76118e+06 273.15
5.76178e+06 273.15
5.76238e+06 273.15
5.76298e+06 273.15
5.76358e+06 273.15
5.76418e+06 273.15
5.76478e+06 273.15
5.76538e+06 273.15
5.76598e+06 273.15
5.76658e+06 273.15
5.76718e+06 273.15
5.76778e+06 273.15
5.76838e+06 273.15
5.76898e+06 273.15
5.76958e+06 273.15
5.77018e+06 273.15
5.77078e+06 273.15
5.77138e+06 273.15
5.77198e+06 273.15
5.77258e+06 273.15
5.77318e+06 273.15
5.77378e+06 273.15
5.77438e+06 273.15
5.77498e+06 273.15
5.77558e+06 273.15
5.77618e+06 273.15
5.77678e+06 273.15
5.77738e+06 273.15
5.77798e+06 273.15
5.77858e+06 273.15
5.77918e+06 273.15
5.77978e+06 273.15
5.78038e+06 273.15
5.78098e+06 273.15
5.78158e+06 273.15
5.78218e+06 273.15
5.78278e+06 273.15
5.78338e+06 273.15
5.78398e+06 273.15
5.78458e+06 273.15
5.78518e+06 273.15
5.78578e+06 273.15
5.78638e+06 273.15
5.78698e+06 273.15
5.78758e+06 273.15
5.78818e+06 273.15
5.78878e+06 273.15
5.78938e+06 273.15
5.78998e+06 273.15
5.79058e+06 273.15
5.79118e+06 273.15
5.79178e+06 273.15
5.79238e+06 273.15
5.79298e+06 273.15
5.79358e+06 273.15
5.79418e+06 273.15
5.79478e+06 273.15
5.79538e+06 273.15
5.79598e+06 273.15
5.79658e+06 273.15
5.79718e+06 273.15
5.79778e+06 273.15
5.79838e+06 273.15
5.79898e+06 273.15
5.79958e+06 273.15
5.80018e+06 273.15
5.80078e+06 273.15
5.80138e+06 273.15
5.80198e+06 273.15
5.80258e+06 273.15
5.80318e+06 273.15
5.80378e+06 273.15
5.80438e+06 273.15
5.80498e+06 273.15
5.80558e+06 273.15
5.80618e+06 273.15
5.80678e+06 273.15
5.80738e+06 273.15
5.80798e+06 273.15
5.80858e+06 273.15
5.80918e+06 273.15
5.80978e+06 273.15
5.81038e+06 273.15
5.81098e+06 273.15
5.81158e+06 273.15
5.81218e+06 273.15
5.81278e+06 273.15
5.81338e+06 273.15
5.81398e+06 273.15
5.81458e+06 273.15
5.81518e+06 273.15
5.81578e+06 273.15
5.81638e+06 273.15
5.81698e+06 273.15
5.81758e+06 273.15
5.81818e+06 273.15
5.81878e+06 273.15
5.81938e+06 273.15
5.81998e+06 273.15
5.82058e+06 273.15
5.82118e+06 273.15
5.82178e+06 273.15
5.82238e+06 273.15
5.82298e+06 273.15
5.82358e+06 273.15
5.82418e+06 273.15
5.82478e+06 273.15
5.82538e+06 273.15
5.82598e+06 273.15
5.82658e+06 273.15
5.82718e+06 273.15
5.82778e+06 273.15
5.82838e+06 273.15
5.82898e+06 273.15
5.82958e+06 273.15
5.83018e+06 273.15
5.83078e+06 273.15
5.83138e+06 273.15
5.83198e+06 273.15
5.83258e+06 273.15
5.83318e+06 273.15
5.83378e+06 273.15
5.83438e+06 273.15
5.83498e+06 273.15
5.83558e+06 273.15
5.83618e+06 273.15
5.83678e+06 273.15
5.83738e+06 273.15
5.83798e+06 273.15
5.83858e+06 273.15
5.83918e+06 273.15
5.83978e+06 273.15
5.84038e+06 273.15
5.84098e+06 273.15
5.84158e+06 273.15
5.84218e+06 273.15
5.84278e+06 273.15
5.84338e+06 273.15
5.84398e+06 273.15
5.84458e+06 273.15
5.84518e+06 273.15
5.84578e+06 273.15
5.84638e+06 273.15
5.84698e+06 273.15
5.84758e+06 273.15
5.84818e+06 273.15
5.84878e+06 273.15
5.84938e+06 273.15
5.84998e+06 273.15
5.85059e+06 273.15
5.85119e+06 273.15
5.85179e+06 273.15
5.85239e+06 273.15
5.85299e+06 273.15
5.85359e+06 273.15
5.85419e+06 273.15
5.85479e+06 273.15
5.85539e+06 273.15
5.85599e+06 273.15
5.85659e+06 273.15
5.85719e+06 273.15
5.85779e+06 273.15
5.85839e+06 273.15
5.85899e+06 273.15
5.85959e+06 273.15
5.86019e+06 273.15
5.86079e+06 273.15
5.86139e+06 273.15
5.86199e+06 273.15
5.86259e+06 273.15
5.86319e+06 273.15
5.86379e+06 273.15
5.86439e+06 273.15
5.86499e+06 273.15
5.86559e+06 273.15
5.86619e+06 273.15
5.86679e+06 273.15
5.86739e+06 273.15
5.86799e+06 273.15
5.86859e+06 273.15
5.86919e+06 273.15
5.86979e+06 273.15
5.87039e+06 273.15
5.87099e+06 273.15
5.87159e+06 273.15
5.87219e+06 273.15
5.87279e+06 273.15
5.87339e+06 273.15
5.87399e+06 273.15
5.87459e+06 273.15
5.87519e+06 273.15
5.87579e+06 273.15
5.87639e+06 273.15
5.87699e+06 273.15
5.87759e+06 273.15
5.87819e+06 273.15
5.87879e+06 273.15
5.87939e+06 273.15
5.87999e+06 273.15
5.88059e+06 273.15
5.88119e+06 273.15
5.88179e+06 273.15
5.88239e+06 273.15
5.88299e+06 273.15
5.88359e+06 273.15
5.88419e+06 273.15
5.88479e+06 273.15
5.88539e+06 273.15
5.88599e+06 273.15
5.88659e+06 273.15
5.88719e+06 273.15
5.88779e+06 273.15
5.88839e+06 273.15
5.88899e+06 273.15
5.88959e+06 273.15
5.89019e+06 273.15
5.89079e+06 273.15
5.89139e+06 273.15
5.89199e+06 273.15
5.89259e+06 273.15
5.89319e+06 273.15
5.89379e+06 273.15
5.89439e+06 273.15
5.89499e+06 273.15
5.89559e+06 273.15
5.89619e+06 273.15
5.89679e+06 273.15
5.89739e+06 273.15
5.89799e+06 273.15
5.89859e+06 273.15
5.89919e+06 273.15
5.89979e+06 273.15
5.90039e+06 273.15
5.90099e+06 273.15
5.90159e+06 273.15
5.90219e+06 273.15
5.90279e+06 273.15
5.90339e+06 273.15
5.90399e+06 273.15
5.90459e+06 273.15
5.90519e+06 273.15
5.90579e+06 273.15
5.90639e+06 273.15
5.90699e+06 273.15
5.90759e+06 273.15
5.90819e+06 273.15
5.90879e+06 273.15
5.90939e+06 273.15
5.90999e+06 273.15
5.91059e+06 273.15
5.91119e+06 273.15
5.91179e+06 273.15
5.91239e+06 273.15
5.91299e+06 273.15
5.91359e+06 273.15
5.91419e+06 273.15
5.91479e+06 273.15
5.91539e+06 273.15
5.91599e+06 273.15
5.91659e+06 273.15
5.91719e+06 273.15
5.91779e+06 273.15
5.91839e+06 273.15
5.91899e+06 273.15
5.91959e+06 273.15
5.92019e+06 273.15
5.92079e+06 273.15
5.92139e+06 273.15
5.92199e+06 273.15
5.92259e+06 273.15
5.92319e+06 273.15
5.92379e+06 273.15
5.92439e+06 273.15
5.92499e+06 273.15
5.92559e+06 273.15
5.92619e+06 273.15
5.92679e+06 273.15
5.92739e+06 273.15
5.92799e+06 273.15
5.92859e+06 273.15
5.92919e+06 273.15
5.92979e+06 273.15
5.93039e+06 273.15
5.93099e+06 273.15
5.93159e+06 273.15
5.93219e+06 273.15
5.93279e+06 273.15
5.93339e+06 273.15
5.93399e+06 273.15
5.93459e+06 273.15
5.93519e+06 273.15
5.93579e+06 273.15
5.93639e+06 273.15
5.93699e+06 273.15
5.93759e+06 273.15
5.93819e+06 273.15
5.93879e+06 273.15
5.93939e+06 273.15
5.93999e+06 273.15
5.94059e+06 273.15
5.94119e+06 273.15
5.94179e+06 273.15
5.94239e+06 273.15
5.94299e+06 273.15
5.94359e+06 273.15
5.94419e+06 273.15
5.94479e+06 273.15
5.94539e+06 273.15
5.94599e+06 273.15
5.94659e+06 273.15
5.94719e+06 273.15
5.94779e+06 273.15
5.94839e+06 273.15
5.94899e+06 273.15
5.94959e+06 273.15
5.9502e+06 273.15
5.9508e+06 273.15
5.9514e+06 273.15
5.952e+06 273.15
5.9526e+06 273.15
5.9532e+06 273.15
5.9538e+06 273.15
5.9544e+06 273.15
5.955e+06 273.15
5.9556e+06 273.15
5.9562e+06 273.15
5.9568e+06 273.15
5.9574e+06 273.15
5.958e+06 273.15
5.9586e+06 273.15
5.9592e+06 273.15
5.9598e+06 273.15
5.9604e+06 273.15
5.961e+06 273.15
5.9616e+06 273.15
5.9622e+06 273.15
5.9628e+06 273.15
5.9634e+06 273.15
5.964e+06 273.15
5.9646e+06 273.15
5.9652e+06 273.15
5.9658e+06 273.15
5.9664e+06 273.15
5.967e+06 273.15
5.9676e+06 273.15
5.9682e+06 273.15
5.9688e+06 273.15
5.9694e+06 273.15
5.97e+06 273.15
5.9706e+06 273.15
5.9712e+06 273.15
5.9718e+06 273.15
5.9724e+06 273.15
5.973e+06 273.15
5.9736e+06 273.15
5.9742e+06 273.15
5.9748e+06 273.15
5.9754e+06 273.15
5.976e+06 273.15
5.9766e+06 273.15
5.9772e+06 273.15
5.9778e+06 273.15
5.9784e+06 273.15
5.979e+06 273.15
5.9796e+06 273.15
5.9802e+06 273.15
5.9808e+06 273.15
5.9814e+06 273.15
5.982e+06 273.15
5.9826e+06 273.15
5.9832e+06 273.15
5.9838e+06 273.15
5.9844e+06 273.15
5.985e+06 273.15
5.9856e+06 273.15
5.9862e+06 273.15
5.9868e+06 273.15
5.9874e+06 273.15
5.988e+06 273.15
5.9886e+06 273.15
5.9892e+06 273.15
5.9898e+06 273.15
5.9904e+06 273.15
5.991e+06 273.15
5.9916e+06 273.15
5.9922e+06 273.15
5.9928e+06 273.15
5.9934e+06 273.15
5.994e+06 273.15
5.9946e+06 273.15
5.9952e+06 273.15
5.9958e+06 273.15
5.9964e+06 273.15
5.997e+06 273.15
5.9976e+06 273.15
5.9982e+06 273.15
5.9988e+06 273.15
5.9994e+06 273.15
6e+06 273.15
