0 -52.7882
600.06 -52.8215
1200.12 -52.8548
1800.18 -52.8882
2400.24 -52.9215
3000.3 -52.9549
3600.36 -52.9882
4200.42 -53.0215
4800.48 -53.0549
5400.54 -53.0882
6000.6 -53.1216
6600.66 -53.1549
7200.72 -53.1882
7800.78 -53.2216
8400.84 -53.2549
9000.9 -53.2883
9600.96 -53.3216
10201 -53.3549
10801.1 -53.3883
11401.1 -53.4216
12001.2 -53.4549
12601.3 -53.4883
13201.3 -53.5216
13801.4 -53.555
14401.4 -53.5883
15001.5 -53.6216
15601.6 -53.655
16201.6 -53.6883
16801.7 -53.7217
17401.7 -53.755
18001.8 -53.7883
18601.9 -53.8217
19201.9 -53.855
19802 -53.8884
20402 -53.9217
21002.1 -53.955
21602.2 -53.9884
22202.2 -54.0217
22802.3 -54.0551
23402.3 -54.0884
24002.4 -54.1217
24602.5 -54.1551
25202.5 -54.1884
25802.6 -54.2218
26402.6 -54.2551
27002.7 -54.2884
27602.8 -54.3218
28202.8 -54.3551
28802.9 -54.3885
29402.9 -54.4218
30003 -54.4551
30603.1 -54.4885
31203.1 -54.5218
31803.2 -54.5552
32403.2 -54.5885
33003.3 -54.6218
33603.4 -54.6552
34203.4 -54.6885
34803.5 -54.7218
35403.5 -54.7552
36003.6 -54.7885
36603.7 -54.8219
37203.7 -54.8552
37803.8 -54.8885
38403.8 -54.9219
39003.9 -54.9552
39604 -54.9886
40204 -55.0219
40804.1 -55.0552
41404.1 -55.0886
42004.2 -55.1219
42604.3 -55.1553
43204.3 -55.1886
43804.4 -55.2219
44404.4 -55.2553
45004.5 -55.2886
45604.6 -55.322
46204.6 -55.3553
46804.7 -55.3886
47404.7 -55.422
48004.8 -55.4553
48604.9 -55.4887
49204.9 -55.522
49805 -55.5553
50405 -55.5887
51005.1 -55.622
51605.2 -55.6554
52205.2 -55.6887
52805.3 -55.722
53405.3 -55.7554
54005.4 -55.7887
54605.5 -55.8221
55205.5 -55.8554
55805.6 -55.8887
56405.6 -55.9221
57005.7 -55.9554
57605.8 -55.9887
58205.8 -56.0221
58805.9 -56.0554
59405.9 -56.0888
60006 -56.1221
60606.1 -56.1554
61206.1 -56.1888
61806.2 -56.2221
62406.2 -56.2555
63006.3 -56.2888
63606.4 -56.3221
64206.4 -56.3555
64806.5 -56.3888
65406.5 -56.4222
66006.6 -56.4555
66606.7 -56.4888
67206.7 -56.5222
67806.8 -56.5555
68406.8 -56.5889
69006.9 -56.6222
69607 -56.6555
70207 -56.6889
70807.1 -56.7222
71407.1 -56.7556
72007.2 -56.7889
72607.3 -56.8222
73207.3 -56.8556
73807.4 -56.8889
74407.4 -56.9223
75007.5 -56.9556
75607.6 -56.9889
76207.6 -57.0223
76807.7 -57.0556
77407.7 -57.089
78007.8 -57.1223
78607.9 -57.1556
79207.9 -57.189
79808 -57.2223
80408 -57.2556
81008.1 -57.289
81608.2 -57.3223
82208.2 -57.3557
82808.3 -57.389
83408.3 -57.4223
84008.4 -57.4557
84608.5 -57.489
85208.5 -57.5224
85808.6 -57.5557
86408.6 -57.589
87008.7 -57.6224
87608.8 -57.6557
88208.8 -57.6891
88808.9 -57.7224
89408.9 -57.7557
90009 -57.7891
90609.1 -57.8224
91209.1 -57.8558
91809.2 -57.8891
92409.2 -57.9224
93009.3 -57.9558
93609.4 -57.9891
94209.4 -58.0225
94809.5 -58.0558
95409.5 -58.0891
96009.6 -58.1225
96609.7 -58.1558
97209.7 -58.1892
97809.8 -58.2225
98409.8 -58.2558
99009.9 -58.2892
99610 -58.3225
100210 -58.3558
100810 -58.3892
101410 -58.4225
102010 -58.4559
102610 -58.4892
103210 -58.5225
103810 -58.5559
104410 -58.5892
105011 -58.6226
105611 -58.6559
106211 -58.6892
106811 -58.7226
107411 -58.7559
108011 -58.7893
108611 -58.8226
109211 -58.8559
109811 -58.8893
110411 -58.9226
111011 -58.956
111611 -58.9893
112211 -59.0226
112811 -59.056
113411 -59.0893
114011 -59.1227
114611 -59.156
115212 -59.1893
115812 -59.2227
116412 -59.256
117012 -59.2894
117612 -59.3227
118212 -59.356
118812 -59.3894
119412 -59.4227
120012 -59.4561
120612 -59.4894
121212 -59.5227
121812 -59.5561
122412 -59.5894
123012 -59.6227
123612 -59.6561
124212 -59.6894
124812 -59.7228
125413 -59.7561
126013 -59.7894
126613 -59.8228
127213 -59.8561
127813 -59.8895
128413 -59.9228
129013 -59.9561
129613 -59.9895
130213 -60.0228
130813 -60.0562
131413 -60.0895
132013 -60.1228
132613 -60.1562
133213 -60.1895
133813 -60.2229
134413 -60.2562
135014 -60.2895
135614 -60.3229
136214 -60.3562
136814 -60.3896
137414 -60.4229
138014 -60.4562
138614 -60.4896
139214 -60.5229
139814 -60.5563
140414 -60.5896
141014 -60.6229
141614 -60.6563
142214 -60.6896
142814 -60.723
143414 -60.7563
144014 -60.7896
144614 -60.823
145215 -60.8563
145815 -60.8896
146415 -60.923
147015 -60.9563
147615 -60.9897
148215 -61.023
148815 -61.0563
149415 -61.0897
150015 -61.123
150615 -61.1564
151215 -61.1897
151815 -61.223
152415 -61.2564
153015 -61.2897
153615 -61.3231
154215 -61.3564
154815 -61.3897
155416 -61.4231
156016 -61.4564
156616 -61.4898
157216 -61.5231
157816 -61.5564
158416 -61.5898
159016 -61.6231
159616 -61.6565
160216 -61.6898
160816 -61.7231
161416 -61.7565
162016 -61.7898
162616 -61.8232
163216 -61.8565
163816 -61.8898
164416 -61.9232
165017 -61.9565
165617 -61.9899
166217 -62.0232
166817 -62.0565
167417 -62.0899
168017 -62.1232
168617 -62.1565
169217 -62.1899
169817 -62.2232
170417 -62.2566
171017 -62.2899
171617 -62.3232
172217 -62.3566
172817 -62.3899
173417 -62.4233
174017 -62.4566
174617 -62.4899
175218 -62.5233
175818 -62.5566
176418 -62.59
177018 -62.6233
177618 -62.6566
178218 -62.69
178818 -62.7233
179418 -62.7567
180018 -62.79
180618 -62.8233
181218 -62.8567
181818 -62.89
182418 -62.9234
183018 -62.9567
183618 -62.99
184218 -63.0234
184818 -63.0567
185419 -63.0901
186019 -63.1234
186619 -63.1567
187219 -63.1901
187819 -63.2234
188419 -63.2568
189019 -63.2901
189619 -63.3234
190219 -63.3568
190819 -63.3901
191419 -63.4234
192019 -63.4568
192619 -63.4901
193219 -63.5235
193819 -63.5568
194419 -63.5901
195020 -63.6235
195620 -63.6568
196220 -63.6902
196820 -63.7235
197420 -63.7568
198020 -63.7902
198620 -63.8235
199220 -63.8569
199820 -63.8902
200420 -63.9235
201020 -63.9569
201620 -63.9902
202220 -64.0236
202820 -64.0569
203420 -64.0902
204020 -64.1236
204620 -64.1569
205221 -64.1903
205821 -64.2236
206421 -64.2569
207021 -64.2903
207621 -64.3236
208221 -64.357
208821 -64.3903
209421 -64.4236
210021 -64.457
210621 -64.4903
211221 -64.5237
211821 -64.557
212421 -64.5903
213021 -64.6237
213621 -64.657
214221 -64.6903
214821 -64.7237
215422 -64.757
216022 -64.7904
216622 -64.8237
217222 -64.857
217822 -64.8904
218422 -64.9237
219022 -64.9571
219622 -64.9904
220222 -65.0237
220822 -65.0571
221422 -65.0904
222022 -65.1238
222622 -65.1571
223222 -65.1904
223822 -65.2238
224422 -65.2571
225023 -65.2905
225623 -65.3238
226223 -65.3571
226823 -65.3905
227423 -65.4238
228023 -65.4572
228623 -65.4905
229223 -65.5238
229823 -65.5572
230423 -65.5905
231023 -65.6239
231623 -65.6572
232223 -65.6905
232823 -65.7239
233423 -65.7572
234023 -65.7906
234623 -65.8239
235224 -65.8572
235824 -65.8906
236424 -65.9239
237024 -65.9572
237624 -65.9906
238224 -66.0239
238824 -66.0573
239424 -66.0906
240024 -66.1239
240624 -66.1573
241224 -66.1906
241824 -66.224
242424 -66.2573
243024 -66.2906
243624 -66.324
244224 -66.3573
244824 -66.3907
245425 -66.424
246025 -66.4573
246625 -66.4907
247225 -66.524
247825 -66.5574
248425 -66.5907
249025 -66.624
249625 -66.6574
250225 -66.6907
250825 -66.7241
251425 -66.7574
252025 -66.7907
252625 -66.8241
253225 -66.8574
253825 -66.8908
254425 -66.9241
255026 -66.9574
255626 -66.9908
256226 -67.0241
256826 -67.0575
257426 -67.0908
258026 -67.1241
258626 -67.1575
259226 -67.1908
259826 -67.2241
260426 -67.2575
261026 -67.2908
261626 -67.3242
262226 -67.3575
262826 -67.3908
263426 -67.4242
264026 -67.4575
264626 -67.4909
265227 -67.5242
265827 -67.5575
266427 -67.5909
267027 -67.6242
267627 -67.6576
268227 -67.6909
268827 -67.7242
269427 -67.7576
270027 -67.7909
270627 -67.8243
271227 -67.8576
271827 -67.8909
272427 -67.9243
273027 -67.9576
273627 -67.991
274227 -68.0243
274827 -68.0576
275428 -68.091
276028 -68.1243
276628 -68.1577
277228 -68.191
277828 -68.2243
278428 -68.2577
279028 -68.291
279628 -68.3244
280228 -68.3577
280828 -68.391
281428 -68.4244
282028 -68.4577
282628 -68.491
283228 -68.5244
283828 -68.5577
284428 -68.5911
285029 -68.6244
285629 -68.6577
286229 -68.6911
286829 -68.7244
287429 -68.7578
288029 -68.7911
288629 -68.8244
289229 -68.8578
289829 -68.8911
290429 -68.9245
291029 -68.9578
291629 -68.9911
292229 -69.0245
292829 -69.0578
293429 -69.0912
294029 -69.1245
294629 -69.1578
295230 -69.1912
295830 -69.2245
296430 -69.2579
297030 -69.2912
297630 -69.3245
298230 -69.3579
298830 -69.3912
299430 -69.4246
300030 -69.4579
300630 -69.4912
301230 -69.5246
301830 -69.5579
302430 -69.5913
303030 -69.6246
303630 -69.6579
304230 -69.6913
304830 -69.7246
305431 -69.7579
306031 -69.7913
306631 -69.8246
307231 -69.858
307831 -69.8913
308431 -69.9246
309031 -69.958
309631 -69.9913
310231 -70.0247
310831 -70.058
311431 -70.0913
312031 -70.1247
312631 -70.158
313231 -70.1914
313831 -70.2247
314431 -70.258
315032 -70.2914
315632 -70.3247
316232 -70.3581
316832 -70.3914
317432 -70.4247
318032 -70.4581
318632 -70.4914
319232 -70.5248
319832 -70.5581
320432 -70.5914
321032 -70.6248
321632 -70.6581
322232 -70.6915
322832 -70.7248
323432 -70.7581
324032 -70.7915
324632 -70.8248
325233 -70.8582
325833 -70.8915
326433 -70.9248
327033 -70.9582
327633 -70.9915
328233 -71.0248
328833 -71.0582
329433 -71.0915
330033 -71.1249
330633 -71.1582
331233 -71.1915
331833 -71.2249
332433 -71.2582
333033 -71.2916
333633 -71.3249
334233 -71.3582
334833 -71.3916
335434 -71.4249
336034 -71.4583
336634 -71.4916
337234 -71.5249
337834 -71.5583
338434 -71.5916
339034 -71.625
339634 -71.6583
340234 -71.6916
340834 -71.725
341434 -71.7583
342034 -71.7917
342634 -71.825
343234 -71.8583
343834 -71.8917
344434 -71.925
345035 -71.9584
345635 -71.9917
346235 -72.025
346835 -72.0584
347435 -72.0917
348035 -72.125
348635 -72.1584
349235 -72.1917
349835 -72.2251
350435 -72.2584
351035 -72.2917
351635 -72.3251
352235 -72.3584
352835 -72.3918
353435 -72.4251
354035 -72.4584
354635 -72.4918
355236 -72.5251
355836 -72.5585
356436 -72.5918
357036 -72.6251
357636 -72.6585
358236 -72.6918
358836 -72.7252
359436 -72.7585
360036 -72.7918
360636 -72.8252
361236 -72.8585
361836 -72.8919
362436 -72.9252
363036 -72.9585
363636 -72.9919
364236 -73.0252
364836 -73.0586
365437 -73.0919
366037 -73.1252
366637 -73.1586
367237 -73.1919
367837 -73.2253
368437 -73.2586
369037 -73.2919
369637 -73.3253
370237 -73.3586
370837 -73.3919
371437 -73.4253
372037 -73.4586
372637 -73.492
373237 -73.5253
373837 -73.5586
374437 -73.592
375038 -73.6253
375638 -73.6587
376238 -73.692
376838 -73.7253
377438 -73.7587
378038 -73.792
378638 -73.8254
379238 -73.8587
379838 -73.892
380438 -73.9254
381038 -73.9587
381638 -73.9921
382238 -74.0254
382838 -74.0587
383438 -74.0921
384038 -74.1254
384638 -74.1588
385239 -74.1921
385839 -74.2254
386439 -74.2588
387039 -74.2921
387639 -74.3255
388239 -74.3588
388839 -74.3921
389439 -74.4255
390039 -74.4588
390639 -74.4922
391239 -74.5255
391839 -74.5588
392439 -74.5922
393039 -74.6255
393639 -74.6588
394239 -74.6922
394839 -74.7255
395440 -74.7589
396040 -74.7922
396640 -74.8255
397240 -74.8589
397840 -74.8922
398440 -74.9256
399040 -74.9589
399640 -74.9922
400240 -75.0256
400840 -75.0589
401440 -75.0923
402040 -75.1256
402640 -75.1589
403240 -75.1923
403840 -75.2256
404440 -75.259
405041 -75.2923
405641 -75.3256
406241 -75.359
406841 -75.3923
407441 -75.4257
408041 -75.459
408641 -75.4923
409241 -75.5257
409841 -75.559
410441 -75.5924
411041 -75.6257
411641 -75.659
412241 -75.6924
412841 -75.7257
413441 -75.7591
414041 -75.7924
414641 -75.8257
415242 -75.8591
415842 -75.8924
416442 -75.9257
417042 -75.9591
417642 -75.9924
418242 -76.0258
418842 -76.0591
419442 -76.0924
420042 -76.1258
420642 -76.1591
421242 -76.1925
421842 -76.2258
422442 -76.2591
423042 -76.2925
423642 -76.3258
424242 -76.3592
424842 -76.3925
425443 -76.4258
426043 -76.4592
426643 -76.4925
427243 -76.5259
427843 -76.5592
428443 -76.5925
429043 -76.6259
429643 -76.6592
430243 -76.6926
430843 -76.7259
431443 -76.7592
432043 -76.7926
432643 -76.8259
433243 -76.8593
433843 -76.8926
434443 -76.9259
435044 -76.9593
435644 -76.9926
436244 -77.026
436844 -77.0593
437444 -77.0926
438044 -77.126
438644 -77.1593
439244 -77.1926
439844 -77.226
440444 -77.2593
441044 -77.2927
441644 -77.326
442244 -77.3593
442844 -77.3927
443444 -77.426
444044 -77.4594
444644 -77.4927
445245 -77.526
445845 -77.5594
446445 -77.5927
447045 -77.6261
447645 -77.6594
448245 -77.6927
448845 -77.7261
449445 -77.7594
450045 -77.7928
450645 -77.8261
451245 -77.8594
451845 -77.8928
452445 -77.9261
453045 -77.9595
453645 -77.9928
454245 -78.0261
454845 -78.0595
455446 -78.0928
456046 -78.1262
456646 -78.1595
457246 -78.1928
457846 -78.2262
458446 -78.2595
459046 -78.2929
459646 -78.3262
460246 -78.3595
460846 -78.3929
461446 -78.4262
462046 -78.4595
462646 -78.4929
463246 -78.5262
463846 -78.5596
464446 -78.5929
465047 -78.6262
465647 -78.6596
466247 -78.6929
466847 -78.7263
467447 -78.7596
468047 -78.7929
468647 -78.8263
469247 -78.8596
469847 -78.893
470447 -78.9263
471047 -78.9596
471647 -78.993
472247 -79.0263
472847 -79.0597
473447 -79.093
474047 -79.1263
474647 -79.1597
475248 -79.193
475848 -79.2264
476448 -79.2597
477048 -79.293
477648 -79.3264
478248 -79.3597
478848 -79.3931
479448 -79.4264
480048 -79.4597
480648 -79.4931
481248 -79.5264
481848 -79.5598
482448 -79.5931
483048 -79.6264
483648 -79.6598
484248 -79.6931
484848 -79.7264
485449 -79.7598
486049 -79.7931
486649 -79.8265
487249 -79.8598
487849 -79.8931
488449 -79.9265
489049 -79.9598
489649 -79.9932
490249 -80.0265
490849 -80.0598
491449 -80.0932
492049 -80.1265
492649 -80.1599
493249 -80.1932
493849 -80.2265
494449 -80.2599
495050 -80.2932
495650 -80.3266
496250 -80.3599
496850 -80.3932
497450 -80.4266
498050 -80.4599
498650 -80.4933
499250 -80.5266
499850 -80.5599
500450 -80.5933
501050 -80.6266
501650 -80.66
502250 -80.6933
502850 -80.7266
503450 -80.76
504050 -80.7933
504650 -80.8267
505251 -80.86
505851 -80.8933
506451 -80.9267
507051 -80.96
507651 -80.9933
508251 -81.0267
508851 -81.06
509451 -81.0934
510051 -81.1267
510651 -81.16
511251 -81.1934
511851 -81.2267
512451 -81.2601
513051 -81.2934
513651 -81.3267
514251 -81.3601
514851 -81.3934
515452 -81.4268
516052 -81.4601
516652 -81.4934
517252 -81.5268
517852 -81.5601
518452 -81.5935
519052 -81.6268
519652 -81.6601
520252 -81.6935
520852 -81.7268
521452 -81.7602
522052 -81.7935
522652 -81.8268
523252 -81.8602
523852 -81.8935
524452 -81.9269
525053 -81.9602
525653 -81.9935
526253 -82.0269
526853 -82.0602
527453 -82.0936
528053 -82.1269
528653 -82.1602
529253 -82.1936
529853 -82.2269
530453 -82.2602
531053 -82.2936
531653 -82.3269
532253 -82.3603
532853 -82.3936
533453 -82.4269
534053 -82.4603
534653 -82.4936
535254 -82.527
535854 -82.5603
536454 -82.5936
537054 -82.627
537654 -82.6603
538254 -82.6937
538854 -82.727
539454 -82.7603
540054 -82.7937
540654 -82.827
541254 -82.8604
541854 -82.8937
542454 -82.927
543054 -82.9604
543654 -82.9937
544254 -83.0271
544854 -83.0604
545455 -83.0937
546055 -83.1271
546655 -83.1604
547255 -83.1938
547855 -83.2271
548455 -83.2604
549055 -83.2938
549655 -83.3271
550255 -83.3605
550855 -83.3938
551455 -83.4271
552055 -83.4605
552655 -83.4938
553255 -83.5271
553855 -83.5605
554455 -83.5938
555056 -83.6272
555656 -83.6605
556256 -83.6938
556856 -83.7272
557456 -83.7605
558056 -83.7939
558656 -83.8272
559256 -83.8605
559856 -83.8939
560456 -83.9272
561056 -83.9606
561656 -83.9939
562256 -84.0272
562856 -84.0606
563456 -84.0939
564056 -84.1273
564656 -84.1606
565257 -84.1939
565857 -84.2273
566457 -84.2606
567057 -84.294
567657 -84.3273
568257 -84.3606
568857 -84.394
569457 -84.4273
570057 -84.4607
570657 -84.494
571257 -84.5273
571857 -84.5607
572457 -84.594
573057 -84.6273
573657 -84.6607
574257 -84.694
574857 -84.7274
575458 -84.7607
576058 -84.794
576658 -84.8274
577258 -84.8607
577858 -84.8941
578458 -84.9274
579058 -84.9607
579658 -84.9941
580258 -85.0274
580858 -85.0608
581458 -85.0941
582058 -85.1274
582658 -85.1608
583258 -85.1941
583858 -85.2275
584458 -85.2608
585059 -85.2941
585659 -85.3275
586259 -85.3608
586859 -85.3942
587459 -85.4275
588059 -85.4608
588659 -85.4942
589259 -85.5275
589859 -85.5609
590459 -85.5942
591059 -85.6275
591659 -85.6609
592259 -85.6942
592859 -85.7276
593459 -85.7609
594059 -85.7942
594659 -85.8276
595260 -85.8609
595860 -85.8942
596460 -85.9276
597060 -85.9609
597660 -85.9943
598260 -86.0276
598860 -86.0609
599460 -86.0943
600060 -86.1276
600660 -86.161
601260 -86.1943
601860 -86.2276
602460 -86.261
603060 -86.2943
603660 -86.3277
604260 -86.361
604860 -86.3943
605461 -86.4277
606061 -86.461
606661 -86.4944
607261 -86.5277
607861 -86.561
608461 -86.5944
609061 -86.6277
609661 -86.6611
610261 -86.6944
610861 -86.7277
611461 -86.7611
612061 -86.7944
612661 -86.8278
613261 -86.8611
613861 -86.8944
614461 -86.9278
615062 -86.9611
615662 -86.9945
616262 -87.0278
616862 -87.0611
617462 -87.0945
618062 -87.1278
618662 -87.1611
619262 -87.1945
619862 -87.2278
620462 -87.2612
621062 -87.2945
621662 -87.3278
622262 -87.3612
622862 -87.3945
623462 -87.4279
624062 -87.4612
624662 -87.4945
625263 -87.5279
625863 -87.5612
626463 -87.5946
627063 -87.6279
627663 -87.6612
628263 -87.6946
628863 -87.7279
629463 -87.7613
630063 -87.7946
630663 -87.8279
631263 -87.8613
631863 -87.8946
632463 -87.928
633063 -87.9613
633663 -87.9946
634263 -88.028
634863 -88.0613
635464 -88.0947
636064 -88.128
636664 -88.1613
637264 -88.1947
637864 -88.228
638464 -88.2614
639064 -88.2947
639664 -88.328
640264 -88.3614
640864 -88.3947
641464 -88.428
642064 -88.4614
642664 -88.4947
643264 -88.5281
643864 -88.5614
644464 -88.5947
645065 -88.6281
645665 -88.6614
646265 -88.6948
646865 -88.7281
647465 -88.7614
648065 -88.7948
648665 -88.8281
649265 -88.8615
649865 -88.8948
650465 -88.9281
651065 -88.9615
651665 -88.9948
652265 -89.0282
652865 -89.0615
653465 -89.0948
654065 -89.1282
654665 -89.1615
655266 -89.1949
655866 -89.2282
656466 -89.2615
657066 -89.2949
657666 -89.3282
658266 -89.3616
658866 -89.3949
659466 -89.4282
660066 -89.4616
660666 -89.4949
661266 -89.5283
661866 -89.5616
662466 -89.5949
663066 -89.6283
663666 -89.6616
664266 -89.6949
664866 -89.7283
665467 -89.7616
666067 -89.795
666667 -89.8283
667267 -89.8616
667867 -89.895
668467 -89.9283
669067 -89.9617
669667 -89.995
670267 -90.0283
670867 -90.0617
671467 -90.095
672067 -90.1284
672667 -90.1617
673267 -90.195
673867 -90.2284
674467 -90.2617
675068 -90.2951
675668 -90.3284
676268 -90.3617
676868 -90.3951
677468 -90.4284
678068 -90.4618
678668 -90.4951
679268 -90.5284
679868 -90.5618
680468 -90.5951
681068 -90.6285
681668 -90.6618
682268 -90.6951
682868 -90.7285
683468 -90.7618
684068 -90.7952
684668 -90.8285
685269 -90.8618
685869 -90.8952
686469 -90.9285
687069 -90.9618
687669 -90.9952
688269 -91.0285
688869 -91.0619
689469 -91.0952
690069 -91.1285
690669 -91.1619
691269 -91.1952
691869 -91.2286
692469 -91.2619
693069 -91.2952
693669 -91.3286
694269 -91.3619
694869 -91.3953
695470 -91.4286
696070 -91.4619
696670 -91.4953
697270 -91.5286
697870 -91.562
698470 -91.5953
699070 -91.6286
699670 -91.662
700270 -91.6953
700870 -91.7287
701470 -91.762
702070 -91.7953
702670 -91.8287
703270 -91.862
703870 -91.8954
704470 -91.9287
705071 -91.962
705671 -91.9954
706271 -92.0287
706871 -92.0621
707471 -92.0954
708071 -92.1287
708671 -92.1621
709271 -92.1954
709871 -92.2287
710471 -92.2621
711071 -92.2954
711671 -92.3288
712271 -92.3621
712871 -92.3954
713471 -92.4288
714071 -92.4621
714671 -92.4955
715272 -92.5288
715872 -92.5621
716472 -92.5955
717072 -92.6288
717672 -92.6622
718272 -92.6955
718872 -92.7288
719472 -92.7622
720072 -92.7955
720672 -92.8289
721272 -92.8622
721872 -92.8955
722472 -92.9289
723072 -92.9622
723672 -92.9956
724272 -93.0289
724872 -93.0622
725473 -93.0956
726073 -93.1289
726673 -93.1623
727273 -93.1956
727873 -93.2289
728473 -93.2623
729073 -93.2956
729673 -93.329
730273 -93.3623
730873 -93.3956
731473 -93.429
732073 -93.4623
732673 -93.4956
733273 -93.529
733873 -93.5623
734473 -93.5957
735074 -93.629
735674 -93.6623
736274 -93.6957
736874 -93.729
737474 -93.7624
738074 -93.7957
738674 -93.829
739274 -93.8624
739874 -93.8957
740474 -93.9291
741074 -93.9624
741674 -93.9957
742274 -94.0291
742874 -94.0624
743474 -94.0958
744074 -94.1291
744674 -94.1624
745275 -94.1958
745875 -94.2291
746475 -94.2625
747075 -94.2958
747675 -94.3291
748275 -94.3625
748875 -94.3958
749475 -94.4292
750075 -94.4625
750675 -94.4958
751275 -94.5292
751875 -94.5625
752475 -94.5959
753075 -94.6292
753675 -94.6625
754275 -94.6959
754875 -94.7292
755476 -94.7625
756076 -94.7959
756676 -94.8292
757276 -94.8626
757876 -94.8959
758476 -94.9292
759076 -94.9626
759676 -94.9959
760276 -95.0293
760876 -95.0626
761476 -95.0959
762076 -95.1293
762676 -95.1626
763276 -95.196
763876 -95.2293
764476 -95.2626
765077 -95.296
765677 -95.3293
766277 -95.3627
766877 -95.396
767477 -95.4293
768077 -95.4627
768677 -95.496
769277 -95.5294
769877 -95.5627
770477 -95.596
771077 -95.6294
771677 -95.6627
772277 -95.6961
772877 -95.7294
773477 -95.7627
774077 -95.7961
774677 -95.8294
775278 -95.8628
775878 -95.8961
776478 -95.9294
777078 -95.9628
777678 -95.9961
778278 -96.0294
778878 -96.0628
779478 -96.0961
780078 -96.1295
780678 -96.1628
781278 -96.1961
781878 -96.2295
782478 -96.2628
783078 -96.2962
783678 -96.3295
784278 -96.3628
784878 -96.3962
785479 -96.4295
786079 -96.4629
786679 -96.4962
787279 -96.5295
787879 -96.5629
788479 -96.5962
789079 -96.6296
789679 -96.6629
790279 -96.6962
790879 -96.7296
791479 -96.7629
792079 -96.7963
792679 -96.8296
793279 -96.8629
793879 -96.8963
794479 -96.9296
795080 -96.963
795680 -96.9963
796280 -97.0296
796880 -97.063
797480 -97.0963
798080 -97.1297
798680 -97.163
799280 -97.1963
799880 -97.2297
800480 -97.263
801080 -97.2963
801680 -97.3297
802280 -97.363
802880 -97.3964
803480 -97.4297
804080 -97.463
804680 -97.4964
805281 -97.5297
805881 -97.5631
806481 -97.5964
807081 -97.6297
807681 -97.6631
808281 -97.6964
808881 -97.7298
809481 -97.7631
810081 -97.7964
810681 -97.8298
811281 -97.8631
811881 -97.8965
812481 -97.9298
813081 -97.9631
813681 -97.9965
814281 -98.0298
814881 -98.0632
815482 -98.0965
816082 -98.1298
816682 -98.1632
817282 -98.1965
817882 -98.2299
818482 -98.2632
819082 -98.2965
819682 -98.3299
820282 -98.3632
820882 -98.3965
821482 -98.4299
822082 -98.4632
822682 -98.4966
823282 -98.5299
823882 -98.5632
824482 -98.5966
825083 -98.6299
825683 -98.6633
826283 -98.6966
826883 -98.7299
827483 -98.7633
828083 -98.7966
828683 -98.83
829283 -98.8633
829883 -98.8966
830483 -98.93
831083 -98.9633
831683 -98.9967
832283 -99.03
832883 -99.0633
833483 -99.0967
834083 -99.13
834683 -99.1634
835284 -99.1967
835884 -99.23
836484 -99.2634
837084 -99.2967
837684 -99.3301
838284 -99.3634
838884 -99.3967
839484 -99.4301
840084 -99.4634
840684 -99.4968
841284 -99.5301
841884 -99.5634
842484 -99.5968
843084 -99.6301
843684 -99.6634
844284 -99.6968
844884 -99.7301
845485 -99.7635
846085 -99.7968
846685 -99.8301
847285 -99.8635
847885 -99.8968
848485 -99.9302
849085 -99.9635
849685 -99.9968
850285 -100.03
850885 -100.064
851485 -100.097
852085 -100.13
852685 -100.164
853285 -100.197
853885 -100.23
854485 -100.264
855086 -100.297
855686 -100.33
856286 -100.364
856886 -100.397
857486 -100.43
858086 -100.464
858686 -100.497
859286 -100.53
859886 -100.564
860486 -100.597
861086 -100.63
861686 -100.664
862286 -100.697
862886 -100.73
863486 -100.764
864086 -100.797
864686 -100.83
865287 -100.864
865887 -100.897
866487 -100.93
867087 -100.964
867687 -100.997
868287 -101.03
868887 -101.064
869487 -101.097
870087 -101.13
870687 -101.164
871287 -101.197
871887 -101.23
872487 -101.264
873087 -101.297
873687 -101.33
874287 -101.364
874887 -101.397
875488 -101.43
876088 -101.464
876688 -101.497
877288 -101.53
877888 -101.564
878488 -101.597
879088 -101.63
879688 -101.664
880288 -101.697
880888 -101.73
881488 -101.764
882088 -101.797
882688 -101.831
883288 -101.864
883888 -101.897
884488 -101.931
885089 -101.964
885689 -101.997
886289 -102.031
886889 -102.064
887489 -102.097
888089 -102.131
888689 -102.164
889289 -102.197
889889 -102.231
890489 -102.264
891089 -102.297
891689 -102.331
892289 -102.364
892889 -102.397
893489 -102.431
894089 -102.464
894689 -102.497
895290 -102.531
895890 -102.564
896490 -102.597
897090 -102.631
897690 -102.664
898290 -102.697
898890 -102.731
899490 -102.764
900090 -102.797
900690 -102.831
901290 -102.864
901890 -102.897
902490 -102.931
903090 -102.964
903690 -102.997
904290 -103.031
904890 -103.064
905491 -103.097
906091 -103.131
906691 -103.164
907291 -103.197
907891 -103.231
908491 -103.264
909091 -103.297
909691 -103.331
910291 -103.364
910891 -103.397
911491 -103.431
912091 -103.464
912691 -103.497
913291 -103.531
913891 -103.564
914491 -103.598
915092 -103.631
915692 -103.664
916292 -103.698
916892 -103.731
917492 -103.764
918092 -103.798
918692 -103.831
919292 -103.864
919892 -103.898
920492 -103.931
921092 -103.964
921692 -103.998
922292 -104.031
922892 -104.064
923492 -104.098
924092 -104.131
924692 -104.164
925293 -104.198
925893 -104.231
926493 -104.264
927093 -104.298
927693 -104.331
928293 -104.364
928893 -104.398
929493 -104.431
930093 -104.464
930693 -104.498
931293 -104.531
931893 -104.564
932493 -104.598
933093 -104.631
933693 -104.664
934293 -104.698
934893 -104.731
935494 -104.764
936094 -104.798
936694 -104.831
937294 -104.864
937894 -104.898
938494 -104.931
939094 -104.964
939694 -104.998
940294 -105.031
940894 -105.064
941494 -105.098
942094 -105.131
942694 -105.164
943294 -105.198
943894 -105.231
944494 -105.264
945095 -105.298
945695 -105.331
946295 -105.364
946895 -105.398
947495 -105.431
948095 -105.465
948695 -105.498
949295 -105.531
949895 -105.565
950495 -105.598
951095 -105.631
951695 -105.665
952295 -105.698
952895 -105.731
953495 -105.765
954095 -105.798
954695 -105.831
955296 -105.865
955896 -105.898
956496 -105.931
957096 -105.965
957696 -105.998
958296 -106.031
958896 -106.065
959496 -106.098
960096 -106.131
960696 -106.165
961296 -106.198
961896 -106.231
962496 -106.265
963096 -106.298
963696 -106.331
964296 -106.365
964896 -106.398
965497 -106.431
966097 -106.465
966697 -106.498
967297 -106.531
967897 -106.565
968497 -106.598
969097 -106.631
969697 -106.665
970297 -106.698
970897 -106.731
971497 -106.765
972097 -106.798
972697 -106.831
973297 -106.865
973897 -106.898
974497 -106.931
975098 -106.965
975698 -106.998
976298 -107.031
976898 -107.065
977498 -107.098
978098 -107.131
978698 -107.165
979298 -107.198
979898 -107.232
980498 -107.265
981098 -107.298
981698 -107.332
982298 -107.365
982898 -107.398
983498 -107.432
984098 -107.465
984698 -107.498
985299 -107.532
985899 -107.565
986499 -107.598
987099 -107.632
987699 -107.665
988299 -107.698
988899 -107.732
989499 -107.765
990099 -107.798
990699 -107.832
991299 -107.865
991899 -107.898
992499 -107.932
993099 -107.965
993699 -107.998
994299 -108.032
994899 -108.065
995500 -108.098
996100 -108.132
996700 -108.165
997300 -108.198
997900 -108.232
998500 -108.265
999100 -108.298
999700 -108.332
1.0003e+06 -108.365
1.0009e+06 -108.398
1.0015e+06 -108.432
1.0021e+06 -108.465
1.0027e+06 -108.498
1.0033e+06 -108.532
1.0039e+06 -108.565
1.0045e+06 -108.598
1.0051e+06 -108.632
1.0057e+06 -108.665
1.0063e+06 -108.698
1.0069e+06 -108.732
1.0075e+06 -108.765
1.0081e+06 -108.798
1.0087e+06 -108.832
1.0093e+06 -108.865
1.0099e+06 -108.898
1.0105e+06 -108.932
1.0111e+06 -108.965
1.0117e+06 -108.999
1.0123e+06 -109.032
1.0129e+06 -109.065
1.0135e+06 -109.099
1.0141e+06 -109.132
1.0147e+06 -109.165
1.0153e+06 -109.199
1.0159e+06 -109.232
1.0165e+06 -109.265
1.0171e+06 -109.299
1.0177e+06 -109.332
1.0183e+06 -109.365
1.0189e+06 -109.399
1.0195e+06 -109.432
1.0201e+06 -109.465
1.0207e+06 -109.499
1.0213e+06 -109.532
1.0219e+06 -109.565
1.0225e+06 -109.599
1.0231e+06 -109.632
1.0237e+06 -109.665
1.0243e+06 -109.699
1.0249e+06 -109.732
1.0255e+06 -109.765
1.0261e+06 -109.799
1.0267e+06 -109.832
1.0273e+06 -109.865
1.0279e+06 -109.899
1.0285e+06 -109.932
1.0291e+06 -109.965
1.0297e+06 -109.999
1.0303e+06 -110.032
1.0309e+06 -110.065
1.0315e+06 -110.099
1.0321e+06 -110.132
1.0327e+06 -110.165
1.0333e+06 -110.199
1.0339e+06 -110.232
1.0345e+06 -110.265
1.0351e+06 -110.299
1.0357e+06 -110.332
1.0363e+06 -110.365
1.0369e+06 -110.399
1.0375e+06 -110.432
1.0381e+06 -110.465
1.0387e+06 -110.499
1.0393e+06 -110.532
1.0399e+06 -110.565
1.0405e+06 -110.599
1.0411e+06 -110.632
1.0417e+06 -110.665
1.0423e+06 -110.699
1.0429e+06 -110.732
1.0435e+06 -110.765
1.0441e+06 -110.799
1.0447e+06 -110.832
1.0453e+06 -110.866
1.0459e+06 -110.899
1.0465e+06 -110.932
1.0471e+06 -110.966
1.0477e+06 -110.999
1.0483e+06 -111.032
1.0489e+06 -111.066
1.0495e+06 -111.099
1.05011e+06 -111.132
1.05071e+06 -111.166
1.05131e+06 -111.199
1.05191e+06 -111.232
1.05251e+06 -111.266
1.05311e+06 -111.299
1.05371e+06 -111.332
1.05431e+06 -111.366
1.05491e+06 -111.399
1.05551e+06 -111.432
1.05611e+06 -111.466
1.05671e+06 -111.499
1.05731e+06 -111.532
1.05791e+06 -111.566
1.05851e+06 -111.599
1.05911e+06 -111.632
1.05971e+06 -111.666
1.06031e+06 -111.699
1.06091e+06 -111.732
1.06151e+06 -111.766
1.06211e+06 -111.799
1.06271e+06 -111.832
1.06331e+06 -111.866
1.06391e+06 -111.899
1.06451e+06 -111.932
1.06511e+06 -111.966
1.06571e+06 -111.999
1.06631e+06 -112.032
1.06691e+06 -112.066
1.06751e+06 -112.099
1.06811e+06 -112.132
1.06871e+06 -112.166
1.06931e+06 -112.199
1.06991e+06 -112.232
1.07051e+06 -112.266
1.07111e+06 -112.299
1.07171e+06 -112.332
1.07231e+06 -112.366
1.07291e+06 -112.399
1.07351e+06 -112.432
1.07411e+06 -112.466
1.07471e+06 -112.499
1.07531e+06 -112.532
1.07591e+06 -112.566
1.07651e+06 -112.599
1.07711e+06 -112.633
1.07771e+06 -112.666
1.07831e+06 -112.699
1.07891e+06 -112.733
1.07951e+06 -112.766
1.08011e+06 -112.799
1.08071e+06 -112.833
1.08131e+06 -112.866
1.08191e+06 -112.899
1.08251e+06 -112.933
1.08311e+06 -112.966
1.08371e+06 -112.999
1.08431e+06 -113.033
1.08491e+06 -113.066
1.08551e+06 -113.099
1.08611e+06 -113.133
1.08671e+06 -113.166
1.08731e+06 -113.199
1.08791e+06 -113.233
1.08851e+06 -113.266
1.08911e+06 -113.299
1.08971e+06 -113.333
1.09031e+06 -113.366
1.09091e+06 -113.399
1.09151e+06 -113.433
1.09211e+06 -113.466
1.09271e+06 -113.499
1.09331e+06 -113.533
1.09391e+06 -113.566
1.09451e+06 -113.599
1.09511e+06 -113.633
1.09571e+06 -113.666
1.09631e+06 -113.699
1.09691e+06 -113.733
1.09751e+06 -113.766
1.09811e+06 -113.799
1.09871e+06 -113.833
1.09931e+06 -113.866
1.09991e+06 -113.899
1.10051e+06 -113.933
1.10111e+06 -113.966
1.10171e+06 -113.999
1.10231e+06 -114.033
1.10291e+06 -114.066
1.10351e+06 -114.099
1.10411e+06 -114.133
1.10471e+06 -114.166
1.10531e+06 -114.199
1.10591e+06 -114.233
1.10651e+06 -114.266
1.10711e+06 -114.299
1.10771e+06 -114.333
1.10831e+06 -114.366
1.10891e+06 -114.399
1.10951e+06 -114.433
1.11011e+06 -114.466
1.11071e+06 -114.5
1.11131e+06 -114.533
1.11191e+06 -114.566
1.11251e+06 -114.6
1.11311e+06 -114.633
1.11371e+06 -114.666
1.11431e+06 -114.7
1.11491e+06 -114.733
1.11551e+06 -114.766
1.11611e+06 -114.8
1.11671e+06 -114.833
1.11731e+06 -114.866
1.11791e+06 -114.9
1.11851e+06 -114.933
1.11911e+06 -114.966
1.11971e+06 -115
1.12031e+06 -115.033
1.12091e+06 -115.066
1.12151e+06 -115.1
1.12211e+06 -115.133
1.12271e+06 -115.166
1.12331e+06 -115.2
1.12391e+06 -115.233
1.12451e+06 -115.266
1.12511e+06 -115.3
1.12571e+06 -115.333
1.12631e+06 -115.366
1.12691e+06 -115.4
1.12751e+06 -115.433
1.12811e+06 -115.466
1.12871e+06 -115.5
1.12931e+06 -115.533
1.12991e+06 -115.566
1.13051e+06 -115.6
1.13111e+06 -115.633
1.13171e+06 -115.666
1.13231e+06 -115.7
1.13291e+06 -115.733
1.13351e+06 -115.766
1.13411e+06 -115.8
1.13471e+06 -115.833
1.13531e+06 -115.866
1.13591e+06 -115.9
1.13651e+06 -115.933
1.13711e+06 -115.966
1.13771e+06 -116
1.13831e+06 -116.033
1.13891e+06 -116.066
1.13951e+06 -116.1
1.14011e+06 -116.133
1.14071e+06 -116.166
1.14131e+06 -116.2
1.14191e+06 -116.233
1.14251e+06 -116.267
1.14311e+06 -116.3
1.14371e+06 -116.333
1.14431e+06 -116.367
1.14491e+06 -116.4
1.14551e+06 -116.433
1.14611e+06 -116.467
1.14671e+06 -116.5
1.14731e+06 -116.533
1.14791e+06 -116.567
1.14851e+06 -116.6
1.14911e+06 -116.633
1.14971e+06 -116.667
1.15032e+06 -116.7
1.15092e+06 -116.733
1.15152e+06 -116.767
1.15212e+06 -116.8
1.15272e+06 -116.833
1.15332e+06 -116.867
1.15392e+06 -116.9
1.15452e+06 -116.933
1.15512e+06 -116.967
1.15572e+06 -117
1.15632e+06 -117.033
1.15692e+06 -117.067
1.15752e+06 -117.1
1.15812e+06 -117.133
1.15872e+06 -117.167
1.15932e+06 -117.2
1.15992e+06 -117.233
1.16052e+06 -117.267
1.16112e+06 -117.3
1.16172e+06 -117.333
1.16232e+06 -117.367
1.16292e+06 -117.4
1.16352e+06 -117.433
1.16412e+06 -117.467
1.16472e+06 -117.5
1.16532e+06 -117.533
1.16592e+06 -117.567
1.16652e+06 -117.6
1.16712e+06 -117.633
1.16772e+06 -117.667
1.16832e+06 -117.7
1.16892e+06 -117.733
1.16952e+06 -117.767
1.17012e+06 -117.8
1.17072e+06 -117.833
1.17132e+06 -117.867
1.17192e+06 -117.9
1.17252e+06 -117.933
1.17312e+06 -117.967
1.17372e+06 -118
1.17432e+06 -118.033
1.17492e+06 -118.067
1.17552e+06 -118.1
1.17612e+06 -118.134
1.17672e+06 -118.167
1.17732e+06 -118.2
1.17792e+06 -118.234
1.17852e+06 -118.267
1.17912e+06 -118.3
1.17972e+06 -118.334
1.18032e+06 -118.367
1.18092e+06 -118.4
1.18152e+06 -118.434
1.18212e+06 -118.467
1.18272e+06 -118.5
1.18332e+06 -118.534
1.18392e+06 -118.567
1.18452e+06 -118.6
1.18512e+06 -118.634
1.18572e+06 -118.667
1.18632e+06 -118.7
1.18692e+06 -118.734
1.18752e+06 -118.767
1.18812e+06 -118.8
1.18872e+06 -118.834
1.18932e+06 -118.867
1.18992e+06 -118.9
1.19052e+06 -118.934
1.19112e+06 -118.967
1.19172e+06 -119
1.19232e+06 -119.034
1.19292e+06 -119.067
1.19352e+06 -119.1
1.19412e+06 -119.134
1.19472e+06 -119.167
1.19532e+06 -119.2
1.19592e+06 -119.234
1.19652e+06 -119.267
1.19712e+06 -119.3
1.19772e+06 -119.334
1.19832e+06 -119.367
1.19892e+06 -119.4
1.19952e+06 -119.434
1.20012e+06 -119.467
1.20072e+06 -119.5
1.20132e+06 -119.534
1.20192e+06 -119.567
1.20252e+06 -119.6
1.20312e+06 -119.634
1.20372e+06 -119.667
1.20432e+06 -119.7
1.20492e+06 -119.734
1.20552e+06 -119.767
1.20612e+06 -119.8
1.20672e+06 -119.834
1.20732e+06 -119.867
1.20792e+06 -119.901
1.20852e+06 -119.934
1.20912e+06 -119.967
1.20972e+06 -120.001
1.21032e+06 -120.034
1.21092e+06 -120.067
1.21152e+06 -120.101
1.21212e+06 -120.134
1.21272e+06 -120.167
1.21332e+06 -120.201
1.21392e+06 -120.234
1.21452e+06 -120.267
1.21512e+06 -120.301
1.21572e+06 -120.334
1.21632e+06 -120.367
1.21692e+06 -120.401
1.21752e+06 -120.434
1.21812e+06 -120.467
1.21872e+06 -120.501
1.21932e+06 -120.534
1.21992e+06 -120.567
1.22052e+06 -120.601
1.22112e+06 -120.634
1.22172e+06 -120.667
1.22232e+06 -120.701
1.22292e+06 -120.734
1.22352e+06 -120.767
1.22412e+06 -120.801
1.22472e+06 -120.834
1.22532e+06 -120.867
1.22592e+06 -120.901
1.22652e+06 -120.934
1.22712e+06 -120.967
1.22772e+06 -121.001
1.22832e+06 -121.034
1.22892e+06 -121.067
1.22952e+06 -121.101
1.23012e+06 -121.134
1.23072e+06 -121.167
1.23132e+06 -121.201
1.23192e+06 -121.234
1.23252e+06 -121.267
1.23312e+06 -121.301
1.23372e+06 -121.334
1.23432e+06 -121.367
1.23492e+06 -121.401
1.23552e+06 -121.434
1.23612e+06 -121.467
1.23672e+06 -121.501
1.23732e+06 -121.534
1.23792e+06 -121.567
1.23852e+06 -121.601
1.23912e+06 -121.634
1.23972e+06 -121.667
1.24032e+06 -121.701
1.24092e+06 -121.734
1.24152e+06 -121.768
1.24212e+06 -121.801
1.24272e+06 -121.834
1.24332e+06 -121.868
1.24392e+06 -121.901
1.24452e+06 -121.934
1.24512e+06 -121.968
1.24572e+06 -122.001
1.24632e+06 -122.034
1.24692e+06 -122.068
1.24752e+06 -122.101
1.24812e+06 -122.134
1.24872e+06 -122.168
1.24932e+06 -122.201
1.24992e+06 -122.234
1.25053e+06 -122.268
1.25113e+06 -122.301
1.25173e+06 -122.334
1.25233e+06 -122.368
1.25293e+06 -122.401
1.25353e+06 -122.434
1.25413e+06 -122.468
1.25473e+06 -122.501
1.25533e+06 -122.534
1.25593e+06 -122.568
1.25653e+06 -122.601
1.25713e+06 -122.634
1.25773e+06 -122.668
1.25833e+06 -122.701
1.25893e+06 -122.734
1.25953e+06 -122.768
1.26013e+06 -122.801
1.26073e+06 -122.834
1.26133e+06 -122.868
1.26193e+06 -122.901
1.26253e+06 -122.934
1.26313e+06 -122.968
1.26373e+06 -123.001
1.26433e+06 -123.034
1.26493e+06 -123.068
1.26553e+06 -123.101
1.26613e+06 -123.134
1.26673e+06 -123.168
1.26733e+06 -123.201
1.26793e+06 -123.234
1.26853e+06 -123.268
1.26913e+06 -123.301
1.26973e+06 -123.334
1.27033e+06 -123.368
1.27093e+06 -123.401
1.27153e+06 -123.434
1.27213e+06 -123.468
1.27273e+06 -123.501
1.27333e+06 -123.535
1.27393e+06 -123.568
1.27453e+06 -123.601
1.27513e+06 -123.635
1.27573e+06 -123.668
1.27633e+06 -123.701
1.27693e+06 -123.735
1.27753e+06 -123.768
1.27813e+06 -123.801
1.27873e+06 -123.835
1.27933e+06 -123.868
1.27993e+06 -123.901
1.28053e+06 -123.935
1.28113e+06 -123.968
1.28173e+06 -124.001
1.28233e+06 -124.035
1.28293e+06 -124.068
1.28353e+06 -124.101
1.28413e+06 -124.135
1.28473e+06 -124.168
1.28533e+06 -124.201
1.28593e+06 -124.235
1.28653e+06 -124.268
1.28713e+06 -124.301
1.28773e+06 -124.335
1.28833e+06 -124.368
1.28893e+06 -124.401
1.28953e+06 -124.435
1.29013e+06 -124.468
1.29073e+06 -124.501
1.29133e+06 -124.535
1.29193e+06 -124.568
1.29253e+06 -124.601
1.29313e+06 -124.635
1.29373e+06 -124.668
1.29433e+06 -124.701
1.29493e+06 -124.735
1.29553e+06 -124.768
1.29613e+06 -124.801
1.29673e+06 -124.835
1.29733e+06 -124.868
1.29793e+06 -124.901
1.29853e+06 -124.935
1.29913e+06 -124.968
1.29973e+06 -125.001
1.30033e+06 -125.035
1.30093e+06 -125.068
1.30153e+06 -125.101
1.30213e+06 -125.135
1.30273e+06 -125.168
1.30333e+06 -125.201
1.30393e+06 -125.235
1.30453e+06 -125.268
1.30513e+06 -125.301
1.30573e+06 -125.335
1.30633e+06 -125.368
1.30693e+06 -125.402
1.30753e+06 -125.435
1.30813e+06 -125.468
1.30873e+06 -125.502
1.30933e+06 -125.535
1.30993e+06 -125.568
1.31053e+06 -125.602
1.31113e+06 -125.635
1.31173e+06 -125.668
1.31233e+06 -125.702
1.31293e+06 -125.735
1.31353e+06 -125.768
1.31413e+06 -125.802
1.31473e+06 -125.835
1.31533e+06 -125.868
1.31593e+06 -125.902
1.31653e+06 -125.935
1.31713e+06 -125.968
1.31773e+06 -126.002
1.31833e+06 -126.035
1.31893e+06 -126.068
1.31953e+06 -126.102
1.32013e+06 -126.135
1.32073e+06 -126.168
1.32133e+06 -126.202
1.32193e+06 -126.235
1.32253e+06 -126.268
1.32313e+06 -126.302
1.32373e+06 -126.335
1.32433e+06 -126.368
1.32493e+06 -126.402
1.32553e+06 -126.435
1.32613e+06 -126.468
1.32673e+06 -126.502
1.32733e+06 -126.535
1.32793e+06 -126.568
1.32853e+06 -126.602
1.32913e+06 -126.635
1.32973e+06 -126.668
1.33033e+06 -126.702
1.33093e+06 -126.735
1.33153e+06 -126.768
1.33213e+06 -126.802
1.33273e+06 -126.835
1.33333e+06 -126.868
1.33393e+06 -126.902
1.33453e+06 -126.935
1.33513e+06 -126.968
1.33573e+06 -127.002
1.33633e+06 -127.035
1.33693e+06 -127.068
1.33753e+06 -127.102
1.33813e+06 -127.135
1.33873e+06 -127.169
1.33933e+06 -127.202
1.33993e+06 -127.235
1.34053e+06 -127.269
1.34113e+06 -127.302
1.34173e+06 -127.335
1.34233e+06 -127.369
1.34293e+06 -127.402
1.34353e+06 -127.435
1.34413e+06 -127.469
1.34473e+06 -127.502
1.34533e+06 -127.535
1.34593e+06 -127.569
1.34653e+06 -127.602
1.34713e+06 -127.635
1.34773e+06 -127.669
1.34833e+06 -127.702
1.34893e+06 -127.735
1.34953e+06 -127.769
1.35014e+06 -127.802
1.35074e+06 -127.835
1.35134e+06 -127.869
1.35194e+06 -127.902
1.35254e+06 -127.935
1.35314e+06 -127.969
1.35374e+06 -128.002
1.35434e+06 -128.035
1.35494e+06 -128.069
1.35554e+06 -128.102
1.35614e+06 -128.135
1.35674e+06 -128.169
1.35734e+06 -128.202
1.35794e+06 -128.235
1.35854e+06 -128.269
1.35914e+06 -128.302
1.35974e+06 -128.335
1.36034e+06 -128.369
1.36094e+06 -128.402
1.36154e+06 -128.435
1.36214e+06 -128.469
1.36274e+06 -128.502
1.36334e+06 -128.535
1.36394e+06 -128.569
1.36454e+06 -128.602
1.36514e+06 -128.635
1.36574e+06 -128.669
1.36634e+06 -128.702
1.36694e+06 -128.735
1.36754e+06 -128.769
1.36814e+06 -128.802
1.36874e+06 -128.835
1.36934e+06 -128.869
1.36994e+06 -128.902
1.37054e+06 -128.936
1.37114e+06 -128.969
1.37174e+06 -129.002
1.37234e+06 -129.036
1.37294e+06 -129.069
1.37354e+06 -129.102
1.37414e+06 -129.136
1.37474e+06 -129.169
1.37534e+06 -129.202
1.37594e+06 -129.236
1.37654e+06 -129.269
1.37714e+06 -129.302
1.37774e+06 -129.336
1.37834e+06 -129.369
1.37894e+06 -129.402
1.37954e+06 -129.436
1.38014e+06 -129.469
1.38074e+06 -129.502
1.38134e+06 -129.536
1.38194e+06 -129.569
1.38254e+06 -129.602
1.38314e+06 -129.636
1.38374e+06 -129.669
1.38434e+06 -129.702
1.38494e+06 -129.736
1.38554e+06 -129.769
1.38614e+06 -129.802
1.38674e+06 -129.836
1.38734e+06 -129.869
1.38794e+06 -129.902
1.38854e+06 -129.936
1.38914e+06 -129.969
1.38974e+06 -130.002
1.39034e+06 -130.036
1.39094e+06 -130.069
1.39154e+06 -130.102
1.39214e+06 -130.136
1.39274e+06 -130.169
1.39334e+06 -130.202
1.39394e+06 -130.236
1.39454e+06 -130.269
1.39514e+06 -130.302
1.39574e+06 -130.336
1.39634e+06 -130.369
1.39694e+06 -130.402
1.39754e+06 -130.436
1.39814e+06 -130.469
1.39874e+06 -130.502
1.39934e+06 -130.536
1.39994e+06 -130.569
1.40054e+06 -130.602
1.40114e+06 -130.636
1.40174e+06 -130.669
1.40234e+06 -130.702
1.40294e+06 -130.736
1.40354e+06 -130.769
1.40414e+06 -130.803
1.40474e+06 -130.836
1.40534e+06 -130.869
1.40594e+06 -130.903
1.40654e+06 -130.936
1.40714e+06 -130.969
1.40774e+06 -131.003
1.40834e+06 -131.036
1.40894e+06 -131.069
1.40954e+06 -131.103
1.41014e+06 -131.136
1.41074e+06 -131.169
1.41134e+06 -131.203
1.41194e+06 -131.236
1.41254e+06 -131.269
1.41314e+06 -131.303
1.41374e+06 -131.336
1.41434e+06 -131.369
1.41494e+06 -131.403
1.41554e+06 -131.436
1.41614e+06 -131.469
1.41674e+06 -131.503
1.41734e+06 -131.536
1.41794e+06 -131.569
1.41854e+06 -131.603
1.41914e+06 -131.636
1.41974e+06 -131.669
1.42034e+06 -131.703
1.42094e+06 -131.736
1.42154e+06 -131.769
1.42214e+06 -131.803
1.42274e+06 -131.836
1.42334e+06 -131.869
1.42394e+06 -131.903
1.42454e+06 -131.936
1.42514e+06 -131.969
1.42574e+06 -132.003
1.42634e+06 -132.036
1.42694e+06 -132.069
1.42754e+06 -132.103
1.42814e+06 -132.136
1.42874e+06 -132.169
1.42934e+06 -132.203
1.42994e+06 -132.236
1.43054e+06 -132.269
1.43114e+06 -132.303
1.43174e+06 -132.336
1.43234e+06 -132.369
1.43294e+06 -132.403
1.43354e+06 -132.436
1.43414e+06 -132.469
1.43474e+06 -132.503
1.43534e+06 -132.536
1.43594e+06 -132.57
1.43654e+06 -132.603
1.43714e+06 -132.636
1.43774e+06 -132.67
1.43834e+06 -132.703
1.43894e+06 -132.736
1.43954e+06 -132.77
1.44014e+06 -132.803
1.44074e+06 -132.836
1.44134e+06 -132.87
1.44194e+06 -132.903
1.44254e+06 -132.936
1.44314e+06 -132.97
1.44374e+06 -133.003
1.44434e+06 -133.036
1.44494e+06 -133.07
1.44554e+06 -133.103
1.44614e+06 -133.136
1.44674e+06 -133.17
1.44734e+06 -133.203
1.44794e+06 -133.236
1.44854e+06 -133.27
1.44914e+06 -133.303
1.44974e+06 -133.336
1.45035e+06 -133.37
1.45095e+06 -133.403
1.45155e+06 -133.436
1.45215e+06 -133.47
1.45275e+06 -133.503
1.45335e+06 -133.536
1.45395e+06 -133.57
1.45455e+06 -133.603
1.45515e+06 -133.636
1.45575e+06 -133.67
1.45635e+06 -133.703
1.45695e+06 -133.736
1.45755e+06 -133.77
1.45815e+06 -133.803
1.45875e+06 -133.836
1.45935e+06 -133.87
1.45995e+06 -133.903
1.46055e+06 -133.936
1.46115e+06 -133.97
1.46175e+06 -134.003
1.46235e+06 -134.036
1.46295e+06 -134.07
1.46355e+06 -134.103
1.46415e+06 -134.136
1.46475e+06 -134.17
1.46535e+06 -134.203
1.46595e+06 -134.236
1.46655e+06 -134.27
1.46715e+06 -134.303
1.46775e+06 -134.336
1.46835e+06 -134.37
1.46895e+06 -134.403
1.46955e+06 -134.437
1.47015e+06 -134.47
1.47075e+06 -134.503
1.47135e+06 -134.537
1.47195e+06 -134.57
1.47255e+06 -134.603
1.47315e+06 -134.637
1.47375e+06 -134.67
1.47435e+06 -134.703
1.47495e+06 -134.737
1.47555e+06 -134.77
1.47615e+06 -134.803
1.47675e+06 -134.837
1.47735e+06 -134.87
1.47795e+06 -134.903
1.47855e+06 -134.937
1.47915e+06 -134.97
1.47975e+06 -135.003
1.48035e+06 -135.037
1.48095e+06 -135.07
1.48155e+06 -135.103
1.48215e+06 -135.137
1.48275e+06 -135.17
1.48335e+06 -135.203
1.48395e+06 -135.237
1.48455e+06 -135.27
1.48515e+06 -135.303
1.48575e+06 -135.337
1.48635e+06 -135.37
1.48695e+06 -135.403
1.48755e+06 -135.437
1.48815e+06 -135.47
1.48875e+06 -135.503
1.48935e+06 -135.537
1.48995e+06 -135.57
1.49055e+06 -135.603
1.49115e+06 -135.637
1.49175e+06 -135.67
1.49235e+06 -135.703
1.49295e+06 -135.737
1.49355e+06 -135.77
1.49415e+06 -135.803
1.49475e+06 -135.837
1.49535e+06 -135.87
1.49595e+06 -135.903
1.49655e+06 -135.937
1.49715e+06 -135.97
1.49775e+06 -136.003
1.49835e+06 -136.037
1.49895e+06 -136.07
1.49955e+06 -136.103
1.50015e+06 -136.137
1.50075e+06 -136.17
1.50135e+06 -136.204
1.50195e+06 -136.237
1.50255e+06 -136.27
1.50315e+06 -136.304
1.50375e+06 -136.337
1.50435e+06 -136.37
1.50495e+06 -136.404
1.50555e+06 -136.437
1.50615e+06 -136.47
1.50675e+06 -136.504
1.50735e+06 -136.537
1.50795e+06 -136.57
1.50855e+06 -136.604
1.50915e+06 -136.637
1.50975e+06 -136.67
1.51035e+06 -136.704
1.51095e+06 -136.737
1.51155e+06 -136.77
1.51215e+06 -136.804
1.51275e+06 -136.837
1.51335e+06 -136.87
1.51395e+06 -136.904
1.51455e+06 -136.937
1.51515e+06 -136.97
1.51575e+06 -137.004
1.51635e+06 -137.037
1.51695e+06 -137.07
1.51755e+06 -137.104
1.51815e+06 -137.137
1.51875e+06 -137.17
1.51935e+06 -137.204
1.51995e+06 -137.237
1.52055e+06 -137.27
1.52115e+06 -137.304
1.52175e+06 -137.337
1.52235e+06 -137.37
1.52295e+06 -137.404
1.52355e+06 -137.437
1.52415e+06 -137.47
1.52475e+06 -137.504
1.52535e+06 -137.537
1.52595e+06 -137.57
1.52655e+06 -137.604
1.52715e+06 -137.637
1.52775e+06 -137.67
1.52835e+06 -137.704
1.52895e+06 -137.737
1.52955e+06 -137.77
1.53015e+06 -137.804
1.53075e+06 -137.837
1.53135e+06 -137.87
1.53195e+06 -137.904
1.53255e+06 -137.937
1.53315e+06 -137.97
1.53375e+06 -138.004
1.53435e+06 -138.037
1.53495e+06 -138.071
1.53555e+06 -138.104
1.53615e+06 -138.137
1.53675e+06 -138.171
1.53735e+06 -138.204
1.53795e+06 -138.237
1.53855e+06 -138.271
1.53915e+06 -138.304
1.53975e+06 -138.337
1.54035e+06 -138.371
1.54095e+06 -138.404
1.54155e+06 -138.437
1.54215e+06 -138.471
1.54275e+06 -138.504
1.54335e+06 -138.537
1.54395e+06 -138.571
1.54455e+06 -138.604
1.54515e+06 -138.637
1.54575e+06 -138.671
1.54635e+06 -138.704
1.54695e+06 -138.737
1.54755e+06 -138.771
1.54815e+06 -138.804
1.54875e+06 -138.837
1.54935e+06 -138.871
1.54995e+06 -138.904
1.55056e+06 -138.937
1.55116e+06 -138.971
1.55176e+06 -139.004
1.55236e+06 -139.037
1.55296e+06 -139.071
1.55356e+06 -139.104
1.55416e+06 -139.137
1.55476e+06 -139.171
1.55536e+06 -139.204
1.55596e+06 -139.237
1.55656e+06 -139.271
1.55716e+06 -139.304
1.55776e+06 -139.337
1.55836e+06 -139.371
1.55896e+06 -139.404
1.55956e+06 -139.437
1.56016e+06 -139.471
1.56076e+06 -139.504
1.56136e+06 -139.537
1.56196e+06 -139.571
1.56256e+06 -139.604
1.56316e+06 -139.637
1.56376e+06 -139.671
1.56436e+06 -139.704
1.56496e+06 -139.737
1.56556e+06 -139.771
1.56616e+06 -139.804
1.56676e+06 -139.838
1.56736e+06 -139.871
1.56796e+06 -139.904
1.56856e+06 -139.938
1.56916e+06 -139.971
1.56976e+06 -140.004
1.57036e+06 -140.038
1.57096e+06 -140.071
1.57156e+06 -140.104
1.57216e+06 -140.138
1.57276e+06 -140.171
1.57336e+06 -140.204
1.57396e+06 -140.238
1.57456e+06 -140.271
1.57516e+06 -140.304
1.57576e+06 -140.338
1.57636e+06 -140.371
1.57696e+06 -140.404
1.57756e+06 -140.438
1.57816e+06 -140.471
1.57876e+06 -140.504
1.57936e+06 -140.538
1.57996e+06 -140.571
1.58056e+06 -140.604
1.58116e+06 -140.638
1.58176e+06 -140.671
1.58236e+06 -140.704
1.58296e+06 -140.738
1.58356e+06 -140.771
1.58416e+06 -140.804
1.58476e+06 -140.838
1.58536e+06 -140.871
1.58596e+06 -140.904
1.58656e+06 -140.938
1.58716e+06 -140.971
1.58776e+06 -141.004
1.58836e+06 -141.038
1.58896e+06 -141.071
1.58956e+06 -141.104
1.59016e+06 -141.138
1.59076e+06 -141.171
1.59136e+06 -141.204
1.59196e+06 -141.238
1.59256e+06 -141.271
1.59316e+06 -141.304
1.59376e+06 -141.338
1.59436e+06 -141.371
1.59496e+06 -141.404
1.59556e+06 -141.438
1.59616e+06 -141.471
1.59676e+06 -141.504
1.59736e+06 -141.538
1.59796e+06 -141.571
1.59856e+06 -141.604
1.59916e+06 -141.638
1.59976e+06 -141.671
1.60036e+06 -141.705
1.60096e+06 -141.738
1.60156e+06 -141.771
1.60216e+06 -141.805
1.60276e+06 -141.838
1.60336e+06 -141.871
1.60396e+06 -141.905
1.60456e+06 -141.938
1.60516e+06 -141.971
1.60576e+06 -142.005
1.60636e+06 -142.038
1.60696e+06 -142.071
1.60756e+06 -142.105
1.60816e+06 -142.138
1.60876e+06 -142.171
1.60936e+06 -142.205
1.60996e+06 -142.238
1.61056e+06 -142.271
1.61116e+06 -142.305
1.61176e+06 -142.338
1.61236e+06 -142.371
1.61296e+06 -142.405
1.61356e+06 -142.438
1.61416e+06 -142.471
1.61476e+06 -142.505
1.61536e+06 -142.538
1.61596e+06 -142.571
1.61656e+06 -142.605
1.61716e+06 -142.638
1.61776e+06 -142.671
1.61836e+06 -142.705
1.61896e+06 -142.738
1.61956e+06 -142.771
1.62016e+06 -142.805
1.62076e+06 -142.838
1.62136e+06 -142.871
1.62196e+06 -142.905
1.62256e+06 -142.938
1.62316e+06 -142.971
1.62376e+06 -143.005
1.62436e+06 -143.038
1.62496e+06 -143.071
1.62556e+06 -143.105
1.62616e+06 -143.138
1.62676e+06 -143.171
1.62736e+06 -143.205
1.62796e+06 -143.238
1.62856e+06 -143.271
1.62916e+06 -143.305
1.62976e+06 -143.338
1.63036e+06 -143.371
1.63096e+06 -143.405
1.63156e+06 -143.438
1.63216e+06 -143.472
1.63276e+06 -143.505
1.63336e+06 -143.538
1.63396e+06 -143.572
1.63456e+06 -143.605
1.63516e+06 -143.638
1.63576e+06 -143.672
1.63636e+06 -143.705
1.63696e+06 -143.738
1.63756e+06 -143.772
1.63816e+06 -143.805
1.63876e+06 -143.838
1.63936e+06 -143.872
1.63996e+06 -143.905
1.64056e+06 -143.938
1.64116e+06 -143.972
1.64176e+06 -144.005
1.64236e+06 -144.038
1.64296e+06 -144.072
1.64356e+06 -144.105
1.64416e+06 -144.138
1.64476e+06 -144.172
1.64536e+06 -144.205
1.64596e+06 -144.238
1.64656e+06 -144.272
1.64716e+06 -144.305
1.64776e+06 -144.338
1.64836e+06 -144.372
1.64896e+06 -144.405
1.64956e+06 -144.438
1.65017e+06 -144.472
1.65077e+06 -144.505
1.65137e+06 -144.538
1.65197e+06 -144.572
1.65257e+06 -144.605
1.65317e+06 -144.638
1.65377e+06 -144.672
1.65437e+06 -144.705
1.65497e+06 -144.738
1.65557e+06 -144.772
1.65617e+06 -144.805
1.65677e+06 -144.838
1.65737e+06 -144.872
1.65797e+06 -144.905
1.65857e+06 -144.938
1.65917e+06 -144.972
1.65977e+06 -145.005
1.66037e+06 -145.038
1.66097e+06 -145.072
1.66157e+06 -145.105
1.66217e+06 -145.138
1.66277e+06 -145.172
1.66337e+06 -145.205
1.66397e+06 -145.239
1.66457e+06 -145.272
1.66517e+06 -145.305
1.66577e+06 -145.339
1.66637e+06 -145.372
1.66697e+06 -145.405
1.66757e+06 -145.439
1.66817e+06 -145.472
1.66877e+06 -145.505
1.66937e+06 -145.539
1.66997e+06 -145.572
1.67057e+06 -145.605
1.67117e+06 -145.639
1.67177e+06 -145.672
1.67237e+06 -145.705
1.67297e+06 -145.739
1.67357e+06 -145.772
1.67417e+06 -145.805
1.67477e+06 -145.839
1.67537e+06 -145.872
1.67597e+06 -145.905
1.67657e+06 -145.939
1.67717e+06 -145.972
1.67777e+06 -146.005
1.67837e+06 -146.039
1.67897e+06 -146.072
1.67957e+06 -146.105
1.68017e+06 -146.139
1.68077e+06 -146.172
1.68137e+06 -146.205
1.68197e+06 -146.239
1.68257e+06 -146.272
1.68317e+06 -146.305
1.68377e+06 -146.339
1.68437e+06 -146.372
1.68497e+06 -146.405
1.68557e+06 -146.439
1.68617e+06 -146.472
1.68677e+06 -146.505
1.68737e+06 -146.539
1.68797e+06 -146.572
1.68857e+06 -146.605
1.68917e+06 -146.639
1.68977e+06 -146.672
1.69037e+06 -146.705
1.69097e+06 -146.739
1.69157e+06 -146.772
1.69217e+06 -146.805
1.69277e+06 -146.839
1.69337e+06 -146.872
1.69397e+06 -146.905
1.69457e+06 -146.939
1.69517e+06 -146.972
1.69577e+06 -147.005
1.69637e+06 -147.039
1.69697e+06 -147.072
1.69757e+06 -147.106
1.69817e+06 -147.139
1.69877e+06 -147.172
1.69937e+06 -147.206
1.69997e+06 -147.239
1.70057e+06 -147.272
1.70117e+06 -147.306
1.70177e+06 -147.339
1.70237e+06 -147.372
1.70297e+06 -147.406
1.70357e+06 -147.439
1.70417e+06 -147.472
1.70477e+06 -147.506
1.70537e+06 -147.539
1.70597e+06 -147.572
1.70657e+06 -147.606
1.70717e+06 -147.639
1.70777e+06 -147.672
1.70837e+06 -147.706
1.70897e+06 -147.739
1.70957e+06 -147.772
1.71017e+06 -147.806
1.71077e+06 -147.839
1.71137e+06 -147.872
1.71197e+06 -147.906
1.71257e+06 -147.939
1.71317e+06 -147.972
1.71377e+06 -148.006
1.71437e+06 -148.039
1.71497e+06 -148.072
1.71557e+06 -148.106
1.71617e+06 -148.139
1.71677e+06 -148.172
1.71737e+06 -148.206
1.71797e+06 -148.239
1.71857e+06 -148.272
1.71917e+06 -148.306
1.71977e+06 -148.339
1.72037e+06 -148.372
1.72097e+06 -148.406
1.72157e+06 -148.439
1.72217e+06 -148.472
1.72277e+06 -148.506
1.72337e+06 -148.539
1.72397e+06 -148.572
1.72457e+06 -148.606
1.72517e+06 -148.639
1.72577e+06 -148.672
1.72637e+06 -148.706
1.72697e+06 -148.739
1.72757e+06 -148.772
1.72817e+06 -148.806
1.72877e+06 -148.839
1.72937e+06 -148.873
1.72997e+06 -148.906
1.73057e+06 -148.939
1.73117e+06 -148.973
1.73177e+06 -149.006
1.73237e+06 -149.039
1.73297e+06 -149.073
1.73357e+06 -149.106
1.73417e+06 -149.139
1.73477e+06 -149.173
1.73537e+06 -149.206
1.73597e+06 -149.239
1.73657e+06 -149.273
1.73717e+06 -149.306
1.73777e+06 -149.339
1.73837e+06 -149.373
1.73897e+06 -149.406
1.73957e+06 -149.439
1.74017e+06 -149.473
1.74077e+06 -149.506
1.74137e+06 -149.539
1.74197e+06 -149.573
1.74257e+06 -149.606
1.74317e+06 -149.639
1.74377e+06 -149.673
1.74437e+06 -149.706
1.74497e+06 -149.739
1.74557e+06 -149.773
1.74617e+06 -149.806
1.74677e+06 -149.839
1.74737e+06 -149.873
1.74797e+06 -149.906
1.74857e+06 -149.939
1.74917e+06 -149.973
1.74977e+06 -150.006
1.75038e+06 -150.039
1.75098e+06 -150.073
1.75158e+06 -150.106
1.75218e+06 -150.139
1.75278e+06 -150.173
1.75338e+06 -150.206
1.75398e+06 -150.239
1.75458e+06 -150.273
1.75518e+06 -150.306
1.75578e+06 -150.339
1.75638e+06 -150.373
1.75698e+06 -150.406
1.75758e+06 -150.439
1.75818e+06 -150.473
1.75878e+06 -150.506
1.75938e+06 -150.539
1.75998e+06 -150.573
1.76058e+06 -150.606
1.76118e+06 -150.639
1.76178e+06 -150.673
1.76238e+06 -150.706
1.76298e+06 -150.74
1.76358e+06 -150.773
1.76418e+06 -150.806
1.76478e+06 -150.84
1.76538e+06 -150.873
1.76598e+06 -150.906
1.76658e+06 -150.94
1.76718e+06 -150.973
1.76778e+06 -151.006
1.76838e+06 -151.04
1.76898e+06 -151.073
1.76958e+06 -151.106
1.77018e+06 -151.14
1.77078e+06 -151.173
1.77138e+06 -151.206
1.77198e+06 -151.24
1.77258e+06 -151.273
1.77318e+06 -151.306
1.77378e+06 -151.34
1.77438e+06 -151.373
1.77498e+06 -151.406
1.77558e+06 -151.44
1.77618e+06 -151.473
1.77678e+06 -151.506
1.77738e+06 -151.54
1.77798e+06 -151.573
1.77858e+06 -151.606
1.77918e+06 -151.64
1.77978e+06 -151.673
1.78038e+06 -151.706
1.78098e+06 -151.74
1.78158e+06 -151.773
1.78218e+06 -151.806
1.78278e+06 -151.84
1.78338e+06 -151.873
1.78398e+06 -151.906
1.78458e+06 -151.94
1.78518e+06 -151.973
1.78578e+06 -152.006
1.78638e+06 -152.04
1.78698e+06 -152.073
1.78758e+06 -152.106
1.78818e+06 -152.14
1.78878e+06 -152.173
1.78938e+06 -152.206
1.78998e+06 -152.24
1.79058e+06 -152.273
1.79118e+06 -152.306
1.79178e+06 -152.34
1.79238e+06 -152.373
1.79298e+06 -152.406
1.79358e+06 -152.44
1.79418e+06 -152.473
1.79478e+06 -152.507
1.79538e+06 -152.54
1.79598e+06 -152.573
1.79658e+06 -152.607
1.79718e+06 -152.64
1.79778e+06 -152.673
1.79838e+06 -152.707
1.79898e+06 -152.74
1.79958e+06 -152.773
1.80018e+06 -152.807
1.80078e+06 -152.84
1.80138e+06 -152.873
1.80198e+06 -152.907
1.80258e+06 -152.94
1.80318e+06 -152.973
1.80378e+06 -153.007
1.80438e+06 -153.04
1.80498e+06 -153.073
1.80558e+06 -153.107
1.80618e+06 -153.14
1.80678e+06 -153.173
1.80738e+06 -153.207
1.80798e+06 -153.24
1.80858e+06 -153.273
1.80918e+06 -153.307
1.80978e+06 -153.34
1.81038e+06 -153.373
1.81098e+06 -153.407
1.81158e+06 -153.44
1.81218e+06 -153.473
1.81278e+06 -153.507
1.81338e+06 -153.54
1.81398e+06 -153.573
1.81458e+06 -153.607
1.81518e+06 -153.64
1.81578e+06 -153.673
1.81638e+06 -153.707
1.81698e+06 -153.74
1.81758e+06 -153.773
1.81818e+06 -153.807
1.81878e+06 -153.84
1.81938e+06 -153.873
1.81998e+06 -153.907
1.82058e+06 -153.94
1.82118e+06 -153.973
1.82178e+06 -154.007
1.82238e+06 -154.04
1.82298e+06 -154.073
1.82358e+06 -154.107
1.82418e+06 -154.14
1.82478e+06 -154.173
1.82538e+06 -154.207
1.82598e+06 -154.24
1.82658e+06 -154.273
1.82718e+06 -154.307
1.82778e+06 -154.34
1.82838e+06 -154.374
1.82898e+06 -154.407
1.82958e+06 -154.44
1.83018e+06 -154.474
1.83078e+06 -154.507
1.83138e+06 -154.54
1.83198e+06 -154.574
1.83258e+06 -154.607
1.83318e+06 -154.64
1.83378e+06 -154.674
1.83438e+06 -154.707
1.83498e+06 -154.74
1.83558e+06 -154.774
1.83618e+06 -154.807
1.83678e+06 -154.84
1.83738e+06 -154.874
1.83798e+06 -154.907
1.83858e+06 -154.94
1.83918e+06 -154.974
1.83978e+06 -155.007
1.84038e+06 -155.04
1.84098e+06 -155.074
1.84158e+06 -155.107
1.84218e+06 -155.14
1.84278e+06 -155.174
1.84338e+06 -155.207
1.84398e+06 -155.24
1.84458e+06 -155.274
1.84518e+06 -155.307
1.84578e+06 -155.34
1.84638e+06 -155.374
1.84698e+06 -155.407
1.84758e+06 -155.44
1.84818e+06 -155.474
1.84878e+06 -155.507
1.84938e+06 -155.54
1.84998e+06 -155.574
1.85059e+06 -155.607
1.85119e+06 -155.64
1.85179e+06 -155.674
1.85239e+06 -155.707
1.85299e+06 -155.74
1.85359e+06 -155.774
1.85419e+06 -155.807
1.85479e+06 -155.84
1.85539e+06 -155.874
1.85599e+06 -155.907
1.85659e+06 -155.94
1.85719e+06 -155.974
1.85779e+06 -156.007
1.85839e+06 -156.04
1.85899e+06 -156.074
1.85959e+06 -156.107
1.86019e+06 -156.141
1.86079e+06 -156.174
1.86139e+06 -156.207
1.86199e+06 -156.241
1.86259e+06 -156.274
1.86319e+06 -156.307
1.86379e+06 -156.341
1.86439e+06 -156.374
1.86499e+06 -156.407
1.86559e+06 -156.441
1.86619e+06 -156.474
1.86679e+06 -156.507
1.86739e+06 -156.541
1.86799e+06 -156.574
1.86859e+06 -156.607
1.86919e+06 -156.641
1.86979e+06 -156.674
1.87039e+06 -156.707
1.87099e+06 -156.741
1.87159e+06 -156.774
1.87219e+06 -156.807
1.87279e+06 -156.841
1.87339e+06 -156.874
1.87399e+06 -156.907
1.87459e+06 -156.941
1.87519e+06 -156.974
1.87579e+06 -157.007
1.87639e+06 -157.041
1.87699e+06 -157.074
1.87759e+06 -157.107
1.87819e+06 -157.141
1.87879e+06 -157.174
1.87939e+06 -157.207
1.87999e+06 -157.241
1.88059e+06 -157.274
1.88119e+06 -157.307
1.88179e+06 -157.341
1.88239e+06 -157.374
1.88299e+06 -157.407
1.88359e+06 -157.441
1.88419e+06 -157.474
1.88479e+06 -157.507
1.88539e+06 -157.541
1.88599e+06 -157.574
1.88659e+06 -157.607
1.88719e+06 -157.641
1.88779e+06 -157.674
1.88839e+06 -157.707
1.88899e+06 -157.741
1.88959e+06 -157.774
1.89019e+06 -157.807
1.89079e+06 -157.841
1.89139e+06 -157.874
1.89199e+06 -157.907
1.89259e+06 -157.941
1.89319e+06 -157.974
1.89379e+06 -158.008
1.89439e+06 -158.041
1.89499e+06 -158.074
1.89559e+06 -158.108
1.89619e+06 -158.141
1.89679e+06 -158.174
1.89739e+06 -158.208
1.89799e+06 -158.241
1.89859e+06 -158.274
1.89919e+06 -158.308
1.89979e+06 -158.341
1.90039e+06 -158.374
1.90099e+06 -158.408
1.90159e+06 -158.441
1.90219e+06 -158.474
1.90279e+06 -158.508
1.90339e+06 -158.541
1.90399e+06 -158.574
1.90459e+06 -158.608
1.90519e+06 -158.641
1.90579e+06 -158.674
1.90639e+06 -158.708
1.90699e+06 -158.741
1.90759e+06 -158.774
1.90819e+06 -158.808
1.90879e+06 -158.841
1.90939e+06 -158.874
1.90999e+06 -158.908
1.91059e+06 -158.941
1.91119e+06 -158.974
1.91179e+06 -159.008
1.91239e+06 -159.041
1.91299e+06 -159.074
1.91359e+06 -159.108
1.91419e+06 -159.141
1.91479e+06 -159.174
1.91539e+06 -159.208
1.91599e+06 -159.241
1.91659e+06 -159.274
1.91719e+06 -159.308
1.91779e+06 -159.341
1.91839e+06 -159.374
1.91899e+06 -159.408
1.91959e+06 -159.441
1.92019e+06 -159.474
1.92079e+06 -159.508
1.92139e+06 -159.541
1.92199e+06 -159.574
1.92259e+06 -159.608
1.92319e+06 -159.641
1.92379e+06 -159.674
1.92439e+06 -159.708
1.92499e+06 -159.741
1.92559e+06 -159.775
1.92619e+06 -159.808
1.92679e+06 -159.841
1.92739e+06 -159.875
1.92799e+06 -159.908
1.92859e+06 -159.941
1.92919e+06 -159.975
1.92979e+06 -160.008
1.93039e+06 -160.041
1.93099e+06 -160.075
1.93159e+06 -160.108
1.93219e+06 -160.141
1.93279e+06 -160.175
1.93339e+06 -160.208
1.93399e+06 -160.241
1.93459e+06 -160.275
1.93519e+06 -160.308
1.93579e+06 -160.341
1.93639e+06 -160.375
1.93699e+06 -160.408
1.93759e+06 -160.441
1.93819e+06 -160.475
1.93879e+06 -160.508
1.93939e+06 -160.541
1.93999e+06 -160.575
1.94059e+06 -160.608
1.94119e+06 -160.641
1.94179e+06 -160.675
1.94239e+06 -160.708
1.94299e+06 -160.741
1.94359e+06 -160.775
1.94419e+06 -160.808
1.94479e+06 -160.841
1.94539e+06 -160.875
1.94599e+06 -160.908
1.94659e+06 -160.941
1.94719e+06 -160.975
1.94779e+06 -161.008
1.94839e+06 -161.041
1.94899e+06 -161.075
1.94959e+06 -161.108
1.9502e+06 -161.141
1.9508e+06 -161.175
1.9514e+06 -161.208
1.952e+06 -161.241
1.9526e+06 -161.275
1.9532e+06 -161.308
1.9538e+06 -161.341
1.9544e+06 -161.375
1.955e+06 -161.408
1.9556e+06 -161.441
1.9562e+06 -161.475
1.9568e+06 -161.508
1.9574e+06 -161.542
1.958e+06 -161.575
1.9586e+06 -161.608
1.9592e+06 -161.642
1.9598e+06 -161.675
1.9604e+06 -161.708
1.961e+06 -161.742
1.9616e+06 -161.775
1.9622e+06 -161.808
1.9628e+06 -161.842
1.9634e+06 -161.875
1.964e+06 -161.908
1.9646e+06 -161.942
1.9652e+06 -161.975
1.9658e+06 -162.008
1.9664e+06 -162.042
1.967e+06 -162.075
1.9676e+06 -162.108
1.9682e+06 -162.142
1.9688e+06 -162.175
1.9694e+06 -162.208
1.97e+06 -162.242
1.9706e+06 -162.275
1.9712e+06 -162.308
1.9718e+06 -162.342
1.9724e+06 -162.375
1.973e+06 -162.408
1.9736e+06 -162.442
1.9742e+06 -162.475
1.9748e+06 -162.508
1.9754e+06 -162.542
1.976e+06 -162.575
1.9766e+06 -162.608
1.9772e+06 -162.642
1.9778e+06 -162.675
1.9784e+06 -162.708
1.979e+06 -162.742
1.9796e+06 -162.775
1.9802e+06 -162.808
1.9808e+06 -162.842
1.9814e+06 -162.875
1.982e+06 -162.908
1.9826e+06 -162.942
1.9832e+06 -162.975
1.9838e+06 -163.008
1.9844e+06 -163.042
1.985e+06 -163.075
1.9856e+06 -163.108
1.9862e+06 -163.142
1.9868e+06 -163.175
1.9874e+06 -163.208
1.988e+06 -163.242
1.9886e+06 -163.275
1.9892e+06 -163.308
1.9898e+06 -163.342
1.9904e+06 -163.375
1.991e+06 -163.409
1.9916e+06 -163.442
1.9922e+06 -163.475
1.9928e+06 -163.509
1.9934e+06 -163.542
1.994e+06 -163.575
1.9946e+06 -163.609
1.9952e+06 -163.642
1.9958e+06 -163.675
1.9964e+06 -163.709
1.997e+06 -163.742
1.9976e+06 -163.775
1.9982e+06 -163.809
1.9988e+06 -163.842
1.9994e+06 -163.875
2e+06 -163.909
2.0006e+06 -163.942
2.0012e+06 -163.975
2.0018e+06 -164.009
2.0024e+06 -164.042
2.003e+06 -164.075
2.0036e+06 -164.109
2.0042e+06 -164.142
2.0048e+06 -164.175
2.0054e+06 -164.209
2.006e+06 -164.242
2.0066e+06 -164.275
2.0072e+06 -164.309
2.0078e+06 -164.342
2.0084e+06 -164.375
2.009e+06 -164.409
2.0096e+06 -164.442
2.0102e+06 -164.475
2.0108e+06 -164.509
2.0114e+06 -164.542
2.012e+06 -164.575
2.0126e+06 -164.609
2.0132e+06 -164.642
2.0138e+06 -164.675
2.0144e+06 -164.709
2.015e+06 -164.742
2.0156e+06 -164.775
2.0162e+06 -164.809
2.0168e+06 -164.842
2.0174e+06 -164.875
2.018e+06 -164.909
2.0186e+06 -164.942
2.0192e+06 -164.975
2.0198e+06 -165.009
2.0204e+06 -165.042
2.021e+06 -165.075
2.0216e+06 -165.109
2.0222e+06 -165.142
2.0228e+06 -165.176
2.0234e+06 -165.209
2.024e+06 -165.242
2.0246e+06 -165.276
2.0252e+06 -165.309
2.0258e+06 -165.342
2.0264e+06 -165.376
2.027e+06 -165.409
2.0276e+06 -165.442
2.0282e+06 -165.476
2.0288e+06 -165.509
2.0294e+06 -165.542
2.03e+06 -165.576
2.0306e+06 -165.609
2.0312e+06 -165.642
2.0318e+06 -165.676
2.0324e+06 -165.709
2.033e+06 -165.742
2.0336e+06 -165.776
2.0342e+06 -165.809
2.0348e+06 -165.842
2.0354e+06 -165.876
2.036e+06 -165.909
2.0366e+06 -165.942
2.0372e+06 -165.976
2.0378e+06 -166.009
2.0384e+06 -166.042
2.039e+06 -166.076
2.0396e+06 -166.109
2.0402e+06 -166.142
2.0408e+06 -166.176
2.0414e+06 -166.209
2.042e+06 -166.242
2.0426e+06 -166.276
2.0432e+06 -166.309
2.0438e+06 -166.342
2.0444e+06 -166.376
2.045e+06 -166.409
2.0456e+06 -166.442
2.0462e+06 -166.476
2.0468e+06 -166.509
2.0474e+06 -166.542
2.048e+06 -166.576
2.0486e+06 -166.609
2.0492e+06 -166.642
2.0498e+06 -166.676
2.05041e+06 -166.709
2.05101e+06 -166.742
2.05161e+06 -166.776
2.05221e+06 -166.809
2.05281e+06 -166.842
2.05341e+06 -166.876
2.05401e+06 -166.909
2.05461e+06 -166.942
2.05521e+06 -166.976
2.05581e+06 -167.009
2.05641e+06 -167.043
2.05701e+06 -167.076
2.05761e+06 -167.109
2.05821e+06 -167.143
2.05881e+06 -167.176
2.05941e+06 -167.209
2.06001e+06 -167.243
2.06061e+06 -167.276
2.06121e+06 -167.309
2.06181e+06 -167.343
2.06241e+06 -167.376
2.06301e+06 -167.409
2.06361e+06 -167.443
2.06421e+06 -167.476
2.06481e+06 -167.509
2.06541e+06 -167.543
2.06601e+06 -167.576
2.06661e+06 -167.609
2.06721e+06 -167.643
2.06781e+06 -167.676
2.06841e+06 -167.709
2.06901e+06 -167.743
2.06961e+06 -167.776
2.07021e+06 -167.809
2.07081e+06 -167.843
2.07141e+06 -167.876
2.07201e+06 -167.909
2.07261e+06 -167.943
2.07321e+06 -167.976
2.07381e+06 -168.009
2.07441e+06 -168.043
2.07501e+06 -168.076
2.07561e+06 -168.109
2.07621e+06 -168.143
2.07681e+06 -168.176
2.07741e+06 -168.209
2.07801e+06 -168.243
2.07861e+06 -168.276
2.07921e+06 -168.309
2.07981e+06 -168.343
2.08041e+06 -168.376
2.08101e+06 -168.409
2.08161e+06 -168.443
2.08221e+06 -168.476
2.08281e+06 -168.509
2.08341e+06 -168.543
2.08401e+06 -168.576
2.08461e+06 -168.609
2.08521e+06 -168.643
2.08581e+06 -168.676
2.08641e+06 -168.709
2.08701e+06 -168.743
2.08761e+06 -168.776
2.08821e+06 -168.81
2.08881e+06 -168.843
2.08941e+06 -168.876
2.09001e+06 -168.91
2.09061e+06 -168.943
2.09121e+06 -168.976
2.09181e+06 -169.01
2.09241e+06 -169.043
2.09301e+06 -169.076
2.09361e+06 -169.11
2.09421e+06 -169.143
2.09481e+06 -169.176
2.09541e+06 -169.21
2.09601e+06 -169.243
2.09661e+06 -169.276
2.09721e+06 -169.31
2.09781e+06 -169.343
2.09841e+06 -169.376
2.09901e+06 -169.41
2.09961e+06 -169.443
2.10021e+06 -169.476
2.10081e+06 -169.51
2.10141e+06 -169.543
2.10201e+06 -169.576
2.10261e+06 -169.61
2.10321e+06 -169.643
2.10381e+06 -169.676
2.10441e+06 -169.71
2.10501e+06 -169.743
2.10561e+06 -169.776
2.10621e+06 -169.81
2.10681e+06 -169.843
2.10741e+06 -169.876
2.10801e+06 -169.91
2.10861e+06 -169.943
2.10921e+06 -169.976
2.10981e+06 -170.01
2.11041e+06 -170.043
2.11101e+06 -170.076
2.11161e+06 -170.11
2.11221e+06 -170.143
2.11281e+06 -170.176
2.11341e+06 -170.21
2.11401e+06 -170.243
2.11461e+06 -170.276
2.11521e+06 -170.31
2.11581e+06 -170.343
2.11641e+06 -170.376
2.11701e+06 -170.41
2.11761e+06 -170.443
2.11821e+06 -170.476
2.11881e+06 -170.51
2.11941e+06 -170.543
2.12001e+06 -170.576
2.12061e+06 -170.61
2.12121e+06 -170.643
2.12181e+06 -170.677
2.12241e+06 -170.71
2.12301e+06 -170.743
2.12361e+06 -170.777
2.12421e+06 -170.81
2.12481e+06 -170.843
2.12541e+06 -170.877
2.12601e+06 -170.91
2.12661e+06 -170.943
2.12721e+06 -170.977
2.12781e+06 -171.01
2.12841e+06 -171.043
2.12901e+06 -171.077
2.12961e+06 -171.11
2.13021e+06 -171.143
2.13081e+06 -171.177
2.13141e+06 -171.21
2.13201e+06 -171.243
2.13261e+06 -171.277
2.13321e+06 -171.31
2.13381e+06 -171.343
2.13441e+06 -171.377
2.13501e+06 -171.41
2.13561e+06 -171.443
2.13621e+06 -171.477
2.13681e+06 -171.51
2.13741e+06 -171.543
2.13801e+06 -171.577
2.13861e+06 -171.61
2.13921e+06 -171.643
2.13981e+06 -171.677
2.14041e+06 -171.71
2.14101e+06 -171.743
2.14161e+06 -171.777
2.14221e+06 -171.81
2.14281e+06 -171.843
2.14341e+06 -171.877
2.14401e+06 -171.91
2.14461e+06 -171.943
2.14521e+06 -171.977
2.14581e+06 -172.01
2.14641e+06 -172.043
2.14701e+06 -172.077
2.14761e+06 -172.11
2.14821e+06 -172.143
2.14881e+06 -172.177
2.14941e+06 -172.21
2.15002e+06 -172.243
2.15062e+06 -172.277
2.15122e+06 -172.31
2.15182e+06 -172.343
2.15242e+06 -172.377
2.15302e+06 -172.41
2.15362e+06 -172.444
2.15422e+06 -172.477
2.15482e+06 -172.51
2.15542e+06 -172.544
2.15602e+06 -172.577
2.15662e+06 -172.61
2.15722e+06 -172.644
2.15782e+06 -172.677
2.15842e+06 -172.71
2.15902e+06 -172.744
2.15962e+06 -172.777
2.16022e+06 -172.81
2.16082e+06 -172.844
2.16142e+06 -172.877
2.16202e+06 -172.91
2.16262e+06 -172.944
2.16322e+06 -172.977
2.16382e+06 -173.01
2.16442e+06 -173.044
2.16502e+06 -173.077
2.16562e+06 -173.11
2.16622e+06 -173.144
2.16682e+06 -173.177
2.16742e+06 -173.21
2.16802e+06 -173.244
2.16862e+06 -173.277
2.16922e+06 -173.31
2.16982e+06 -173.344
2.17042e+06 -173.377
2.17102e+06 -173.41
2.17162e+06 -173.444
2.17222e+06 -173.477
2.17282e+06 -173.51
2.17342e+06 -173.544
2.17402e+06 -173.577
2.17462e+06 -173.61
2.17522e+06 -173.644
2.17582e+06 -173.677
2.17642e+06 -173.71
2.17702e+06 -173.744
2.17762e+06 -173.777
2.17822e+06 -173.81
2.17882e+06 -173.844
2.17942e+06 -173.877
2.18002e+06 -173.91
2.18062e+06 -173.944
2.18122e+06 -173.977
2.18182e+06 -174.01
2.18242e+06 -174.044
2.18302e+06 -174.077
2.18362e+06 -174.11
2.18422e+06 -174.144
2.18482e+06 -174.177
2.18542e+06 -174.21
2.18602e+06 -174.244
2.18662e+06 -174.277
2.18722e+06 -174.311
2.18782e+06 -174.344
2.18842e+06 -174.377
2.18902e+06 -174.411
2.18962e+06 -174.444
2.19022e+06 -174.477
2.19082e+06 -174.511
2.19142e+06 -174.544
2.19202e+06 -174.577
2.19262e+06 -174.611
2.19322e+06 -174.644
2.19382e+06 -174.677
2.19442e+06 -174.711
2.19502e+06 -174.744
2.19562e+06 -174.777
2.19622e+06 -174.811
2.19682e+06 -174.844
2.19742e+06 -174.877
2.19802e+06 -174.911
2.19862e+06 -174.944
2.19922e+06 -174.977
2.19982e+06 -175.011
2.20042e+06 -175.044
2.20102e+06 -175.077
2.20162e+06 -175.111
2.20222e+06 -175.144
2.20282e+06 -175.177
2.20342e+06 -175.211
2.20402e+06 -175.244
2.20462e+06 -175.277
2.20522e+06 -175.311
2.20582e+06 -175.344
2.20642e+06 -175.377
2.20702e+06 -175.411
2.20762e+06 -175.444
2.20822e+06 -175.477
2.20882e+06 -175.511
2.20942e+06 -175.544
2.21002e+06 -175.577
2.21062e+06 -175.611
2.21122e+06 -175.644
2.21182e+06 -175.677
2.21242e+06 -175.711
2.21302e+06 -175.744
2.21362e+06 -175.777
2.21422e+06 -175.811
2.21482e+06 -175.844
2.21542e+06 -175.877
2.21602e+06 -175.911
2.21662e+06 -175.944
2.21722e+06 -175.977
2.21782e+06 -176.011
2.21842e+06 -176.044
2.21902e+06 -176.078
2.21962e+06 -176.111
2.22022e+06 -176.144
2.22082e+06 -176.178
2.22142e+06 -176.211
2.22202e+06 -176.244
2.22262e+06 -176.278
2.22322e+06 -176.311
2.22382e+06 -176.344
2.22442e+06 -176.378
2.22502e+06 -176.411
2.22562e+06 -176.444
2.22622e+06 -176.478
2.22682e+06 -176.511
2.22742e+06 -176.544
2.22802e+06 -176.578
2.22862e+06 -176.611
2.22922e+06 -176.644
2.22982e+06 -176.678
2.23042e+06 -176.711
2.23102e+06 -176.744
2.23162e+06 -176.778
2.23222e+06 -176.811
2.23282e+06 -176.844
2.23342e+06 -176.878
2.23402e+06 -176.911
2.23462e+06 -176.944
2.23522e+06 -176.978
2.23582e+06 -177.011
2.23642e+06 -177.044
2.23702e+06 -177.078
2.23762e+06 -177.111
2.23822e+06 -177.144
2.23882e+06 -177.178
2.23942e+06 -177.211
2.24002e+06 -177.244
2.24062e+06 -177.278
2.24122e+06 -177.311
2.24182e+06 -177.344
2.24242e+06 -177.378
2.24302e+06 -177.411
2.24362e+06 -177.444
2.24422e+06 -177.478
2.24482e+06 -177.511
2.24542e+06 -177.544
2.24602e+06 -177.578
2.24662e+06 -177.611
2.24722e+06 -177.644
2.24782e+06 -177.678
2.24842e+06 -177.711
2.24902e+06 -177.744
2.24962e+06 -177.778
2.25023e+06 -177.811
2.25083e+06 -177.844
2.25143e+06 -177.878
2.25203e+06 -177.911
2.25263e+06 -177.945
2.25323e+06 -177.978
2.25383e+06 -178.011
2.25443e+06 -178.045
2.25503e+06 -178.078
2.25563e+06 -178.111
2.25623e+06 -178.145
2.25683e+06 -178.178
2.25743e+06 -178.211
2.25803e+06 -178.245
2.25863e+06 -178.278
2.25923e+06 -178.311
2.25983e+06 -178.345
2.26043e+06 -178.378
2.26103e+06 -178.411
2.26163e+06 -178.445
2.26223e+06 -178.478
2.26283e+06 -178.511
2.26343e+06 -178.545
2.26403e+06 -178.578
2.26463e+06 -178.611
2.26523e+06 -178.645
2.26583e+06 -178.678
2.26643e+06 -178.711
2.26703e+06 -178.745
2.26763e+06 -178.778
2.26823e+06 -178.811
2.26883e+06 -178.845
2.26943e+06 -178.878
2.27003e+06 -178.911
2.27063e+06 -178.945
2.27123e+06 -178.978
2.27183e+06 -179.011
2.27243e+06 -179.045
2.27303e+06 -179.078
2.27363e+06 -179.111
2.27423e+06 -179.145
2.27483e+06 -179.178
2.27543e+06 -179.211
2.27603e+06 -179.245
2.27663e+06 -179.278
2.27723e+06 -179.311
2.27783e+06 -179.345
2.27843e+06 -179.378
2.27903e+06 -179.411
2.27963e+06 -179.445
2.28023e+06 -179.478
2.28083e+06 -179.511
2.28143e+06 -179.545
2.28203e+06 -179.578
2.28263e+06 -179.611
2.28323e+06 -179.645
2.28383e+06 -179.678
2.28443e+06 -179.712
2.28503e+06 -179.745
2.28563e+06 -179.778
2.28623e+06 -179.812
2.28683e+06 -179.845
2.28743e+06 -179.878
2.28803e+06 -179.912
2.28863e+06 -179.945
2.28923e+06 -179.978
2.28983e+06 -180.012
2.29043e+06 -180.045
2.29103e+06 -180.078
2.29163e+06 -180.112
2.29223e+06 -180.145
2.29283e+06 -180.178
2.29343e+06 -180.212
2.29403e+06 -180.245
2.29463e+06 -180.278
2.29523e+06 -180.312
2.29583e+06 -180.345
2.29643e+06 -180.378
2.29703e+06 -180.412
2.29763e+06 -180.445
2.29823e+06 -180.478
2.29883e+06 -180.512
2.29943e+06 -180.545
2.30003e+06 -180.578
2.30063e+06 -180.612
2.30123e+06 -180.645
2.30183e+06 -180.678
2.30243e+06 -180.712
2.30303e+06 -180.745
2.30363e+06 -180.778
2.30423e+06 -180.812
2.30483e+06 -180.845
2.30543e+06 -180.878
2.30603e+06 -180.912
2.30663e+06 -180.945
2.30723e+06 -180.978
2.30783e+06 -181.012
2.30843e+06 -181.045
2.30903e+06 -181.078
2.30963e+06 -181.112
2.31023e+06 -181.145
2.31083e+06 -181.178
2.31143e+06 -181.212
2.31203e+06 -181.245
2.31263e+06 -181.278
2.31323e+06 -181.312
2.31383e+06 -181.345
2.31443e+06 -181.378
2.31503e+06 -181.412
2.31563e+06 -181.445
2.31623e+06 -181.479
2.31683e+06 -181.512
2.31743e+06 -181.545
2.31803e+06 -181.579
2.31863e+06 -181.612
2.31923e+06 -181.645
2.31983e+06 -181.679
2.32043e+06 -181.712
2.32103e+06 -181.745
2.32163e+06 -181.779
2.32223e+06 -181.812
2.32283e+06 -181.845
2.32343e+06 -181.879
2.32403e+06 -181.912
2.32463e+06 -181.945
2.32523e+06 -181.979
2.32583e+06 -182.012
2.32643e+06 -182.045
2.32703e+06 -182.079
2.32763e+06 -182.112
2.32823e+06 -182.145
2.32883e+06 -182.179
2.32943e+06 -182.212
2.33003e+06 -182.245
2.33063e+06 -182.279
2.33123e+06 -182.312
2.33183e+06 -182.345
2.33243e+06 -182.379
2.33303e+06 -182.412
2.33363e+06 -182.445
2.33423e+06 -182.479
2.33483e+06 -182.512
2.33543e+06 -182.545
2.33603e+06 -182.579
2.33663e+06 -182.612
2.33723e+06 -182.645
2.33783e+06 -182.679
2.33843e+06 -182.712
2.33903e+06 -182.745
2.33963e+06 -182.779
2.34023e+06 -182.812
2.34083e+06 -182.845
2.34143e+06 -182.879
2.34203e+06 -182.912
2.34263e+06 -182.945
2.34323e+06 -182.979
2.34383e+06 -183.012
2.34443e+06 -183.045
2.34503e+06 -183.079
2.34563e+06 -183.112
2.34623e+06 -183.145
2.34683e+06 -183.179
2.34743e+06 -183.212
2.34803e+06 -183.245
2.34863e+06 -183.279
2.34923e+06 -183.312
2.34983e+06 -183.346
2.35044e+06 -183.379
2.35104e+06 -183.412
2.35164e+06 -183.446
2.35224e+06 -183.479
2.35284e+06 -183.512
2.35344e+06 -183.546
2.35404e+06 -183.579
2.35464e+06 -183.612
2.35524e+06 -183.646
2.35584e+06 -183.679
2.35644e+06 -183.712
2.35704e+06 -183.746
2.35764e+06 -183.779
2.35824e+06 -183.812
2.35884e+06 -183.846
2.35944e+06 -183.879
2.36004e+06 -183.912
2.36064e+06 -183.946
2.36124e+06 -183.979
2.36184e+06 -184.012
2.36244e+06 -184.046
2.36304e+06 -184.079
2.36364e+06 -184.112
2.36424e+06 -184.146
2.36484e+06 -184.179
2.36544e+06 -184.212
2.36604e+06 -184.246
2.36664e+06 -184.279
2.36724e+06 -184.312
2.36784e+06 -184.346
2.36844e+06 -184.379
2.36904e+06 -184.412
2.36964e+06 -184.446
2.37024e+06 -184.479
2.37084e+06 -184.512
2.37144e+06 -184.546
2.37204e+06 -184.579
2.37264e+06 -184.612
2.37324e+06 -184.646
2.37384e+06 -184.679
2.37444e+06 -184.712
2.37504e+06 -184.746
2.37564e+06 -184.779
2.37624e+06 -184.812
2.37684e+06 -184.846
2.37744e+06 -184.879
2.37804e+06 -184.912
2.37864e+06 -184.946
2.37924e+06 -184.979
2.37984e+06 -185.012
2.38044e+06 -185.046
2.38104e+06 -185.079
2.38164e+06 -185.113
2.38224e+06 -185.146
2.38284e+06 -185.179
2.38344e+06 -185.213
2.38404e+06 -185.246
2.38464e+06 -185.279
2.38524e+06 -185.313
2.38584e+06 -185.346
2.38644e+06 -185.379
2.38704e+06 -185.413
2.38764e+06 -185.446
2.38824e+06 -185.479
2.38884e+06 -185.513
2.38944e+06 -185.546
2.39004e+06 -185.579
2.39064e+06 -185.613
2.39124e+06 -185.646
2.39184e+06 -185.679
2.39244e+06 -185.713
2.39304e+06 -185.746
2.39364e+06 -185.779
2.39424e+06 -185.813
2.39484e+06 -185.846
2.39544e+06 -185.879
2.39604e+06 -185.913
2.39664e+06 -185.946
2.39724e+06 -185.979
2.39784e+06 -186.013
2.39844e+06 -186.046
2.39904e+06 -186.079
2.39964e+06 -186.113
2.40024e+06 -186.146
2.40084e+06 -186.179
2.40144e+06 -186.213
2.40204e+06 -186.246
2.40264e+06 -186.279
2.40324e+06 -186.313
2.40384e+06 -186.346
2.40444e+06 -186.379
2.40504e+06 -186.413
2.40564e+06 -186.446
2.40624e+06 -186.479
2.40684e+06 -186.513
2.40744e+06 -186.546
2.40804e+06 -186.579
2.40864e+06 -186.613
2.40924e+06 -186.646
2.40984e+06 -186.679
2.41044e+06 -186.713
2.41104e+06 -186.746
2.41164e+06 -186.779
2.41224e+06 -186.813
2.41284e+06 -186.846
2.41344e+06 -186.879
2.41404e+06 -186.913
2.41464e+06 -186.946
2.41524e+06 -186.98
2.41584e+06 -187.013
2.41644e+06 -187.046
2.41704e+06 -187.08
2.41764e+06 -187.113
2.41824e+06 -187.146
2.41884e+06 -187.18
2.41944e+06 -187.213
2.42004e+06 -187.246
2.42064e+06 -187.28
2.42124e+06 -187.313
2.42184e+06 -187.346
2.42244e+06 -187.38
2.42304e+06 -187.413
2.42364e+06 -187.446
2.42424e+06 -187.48
2.42484e+06 -187.513
2.42544e+06 -187.546
2.42604e+06 -187.58
2.42664e+06 -187.613
2.42724e+06 -187.646
2.42784e+06 -187.68
2.42844e+06 -187.713
2.42904e+06 -187.746
2.42964e+06 -187.78
2.43024e+06 -187.813
2.43084e+06 -187.846
2.43144e+06 -187.88
2.43204e+06 -187.913
2.43264e+06 -187.946
2.43324e+06 -187.98
2.43384e+06 -188.013
2.43444e+06 -188.046
2.43504e+06 -188.08
2.43564e+06 -188.113
2.43624e+06 -188.146
2.43684e+06 -188.18
2.43744e+06 -188.213
2.43804e+06 -188.246
2.43864e+06 -188.28
2.43924e+06 -188.313
2.43984e+06 -188.346
2.44044e+06 -188.38
2.44104e+06 -188.413
2.44164e+06 -188.446
2.44224e+06 -188.48
2.44284e+06 -188.513
2.44344e+06 -188.546
2.44404e+06 -188.58
2.44464e+06 -188.613
2.44524e+06 -188.646
2.44584e+06 -188.68
2.44644e+06 -188.713
2.44704e+06 -188.747
2.44764e+06 -188.78
2.44824e+06 -188.813
2.44884e+06 -188.847
2.44944e+06 -188.88
2.45005e+06 -188.913
2.45065e+06 -188.947
2.45125e+06 -188.98
2.45185e+06 -189.013
2.45245e+06 -189.047
2.45305e+06 -189.08
2.45365e+06 -189.113
2.45425e+06 -189.147
2.45485e+06 -189.18
2.45545e+06 -189.213
2.45605e+06 -189.247
2.45665e+06 -189.28
2.45725e+06 -189.313
2.45785e+06 -189.347
2.45845e+06 -189.38
2.45905e+06 -189.413
2.45965e+06 -189.447
2.46025e+06 -189.48
2.46085e+06 -189.513
2.46145e+06 -189.547
2.46205e+06 -189.58
2.46265e+06 -189.613
2.46325e+06 -189.647
2.46385e+06 -189.68
2.46445e+06 -189.713
2.46505e+06 -189.747
2.46565e+06 -189.78
2.46625e+06 -189.813
2.46685e+06 -189.847
2.46745e+06 -189.88
2.46805e+06 -189.913
2.46865e+06 -189.947
2.46925e+06 -189.98
2.46985e+06 -190.013
2.47045e+06 -190.047
2.47105e+06 -190.08
2.47165e+06 -190.113
2.47225e+06 -190.147
2.47285e+06 -190.18
2.47345e+06 -190.213
2.47405e+06 -190.247
2.47465e+06 -190.28
2.47525e+06 -190.313
2.47585e+06 -190.347
2.47645e+06 -190.38
2.47705e+06 -190.413
2.47765e+06 -190.447
2.47825e+06 -190.48
2.47885e+06 -190.513
2.47945e+06 -190.547
2.48005e+06 -190.58
2.48065e+06 -190.614
2.48125e+06 -190.647
2.48185e+06 -190.68
2.48245e+06 -190.714
2.48305e+06 -190.747
2.48365e+06 -190.78
2.48425e+06 -190.814
2.48485e+06 -190.847
2.48545e+06 -190.88
2.48605e+06 -190.914
2.48665e+06 -190.947
2.48725e+06 -190.98
2.48785e+06 -191.014
2.48845e+06 -191.047
2.48905e+06 -191.08
2.48965e+06 -191.114
2.49025e+06 -191.147
2.49085e+06 -191.18
2.49145e+06 -191.214
2.49205e+06 -191.247
2.49265e+06 -191.28
2.49325e+06 -191.314
2.49385e+06 -191.347
2.49445e+06 -191.38
2.49505e+06 -191.414
2.49565e+06 -191.447
2.49625e+06 -191.48
2.49685e+06 -191.514
2.49745e+06 -191.547
2.49805e+06 -191.58
2.49865e+06 -191.614
2.49925e+06 -191.647
2.49985e+06 -191.68
2.50045e+06 -191.714
2.50105e+06 -191.747
2.50165e+06 -191.78
2.50225e+06 -191.814
2.50285e+06 -191.847
2.50345e+06 -191.88
2.50405e+06 -191.914
2.50465e+06 -191.947
2.50525e+06 -191.98
2.50585e+06 -192.014
2.50645e+06 -192.047
2.50705e+06 -192.08
2.50765e+06 -192.114
2.50825e+06 -192.147
2.50885e+06 -192.18
2.50945e+06 -192.214
2.51005e+06 -192.247
2.51065e+06 -192.28
2.51125e+06 -192.314
2.51185e+06 -192.347
2.51245e+06 -192.381
2.51305e+06 -192.414
2.51365e+06 -192.447
2.51425e+06 -192.481
2.51485e+06 -192.514
2.51545e+06 -192.547
2.51605e+06 -192.581
2.51665e+06 -192.614
2.51725e+06 -192.647
2.51785e+06 -192.681
2.51845e+06 -192.714
2.51905e+06 -192.747
2.51965e+06 -192.781
2.52025e+06 -192.814
2.52085e+06 -192.847
2.52145e+06 -192.881
2.52205e+06 -192.914
2.52265e+06 -192.947
2.52325e+06 -192.981
2.52385e+06 -193.014
2.52445e+06 -193.047
2.52505e+06 -193.081
2.52565e+06 -193.114
2.52625e+06 -193.147
2.52685e+06 -193.181
2.52745e+06 -193.214
2.52805e+06 -193.247
2.52865e+06 -193.281
2.52925e+06 -193.314
2.52985e+06 -193.347
2.53045e+06 -193.381
2.53105e+06 -193.414
2.53165e+06 -193.447
2.53225e+06 -193.481
2.53285e+06 -193.514
2.53345e+06 -193.547
2.53405e+06 -193.581
2.53465e+06 -193.614
2.53525e+06 -193.647
2.53585e+06 -193.681
2.53645e+06 -193.714
2.53705e+06 -193.747
2.53765e+06 -193.781
2.53825e+06 -193.814
2.53885e+06 -193.847
2.53945e+06 -193.881
2.54005e+06 -193.914
2.54065e+06 -193.947
2.54125e+06 -193.981
2.54185e+06 -194.014
2.54245e+06 -194.047
2.54305e+06 -194.081
2.54365e+06 -194.114
2.54425e+06 -194.147
2.54485e+06 -194.181
2.54545e+06 -194.214
2.54605e+06 -194.248
2.54665e+06 -194.281
2.54725e+06 -194.314
2.54785e+06 -194.348
2.54845e+06 -194.381
2.54905e+06 -194.414
2.54965e+06 -194.448
2.55026e+06 -194.481
2.55086e+06 -194.514
2.55146e+06 -194.548
2.55206e+06 -194.581
2.55266e+06 -194.614
2.55326e+06 -194.648
2.55386e+06 -194.681
2.55446e+06 -194.714
2.55506e+06 -194.748
2.55566e+06 -194.781
2.55626e+06 -194.814
2.55686e+06 -194.848
2.55746e+06 -194.881
2.55806e+06 -194.914
2.55866e+06 -194.948
2.55926e+06 -194.981
2.55986e+06 -195.014
2.56046e+06 -195.048
2.56106e+06 -195.081
2.56166e+06 -195.114
2.56226e+06 -195.148
2.56286e+06 -195.181
2.56346e+06 -195.214
2.56406e+06 -195.248
2.56466e+06 -195.281
2.56526e+06 -195.314
2.56586e+06 -195.348
2.56646e+06 -195.381
2.56706e+06 -195.414
2.56766e+06 -195.448
2.56826e+06 -195.481
2.56886e+06 -195.514
2.56946e+06 -195.548
2.57006e+06 -195.581
2.57066e+06 -195.614
2.57126e+06 -195.648
2.57186e+06 -195.681
2.57246e+06 -195.714
2.57306e+06 -195.748
2.57366e+06 -195.781
2.57426e+06 -195.814
2.57486e+06 -195.848
2.57546e+06 -195.881
2.57606e+06 -195.914
2.57666e+06 -195.948
2.57726e+06 -195.981
2.57786e+06 -196.015
2.57846e+06 -196.048
2.57906e+06 -196.081
2.57966e+06 -196.115
2.58026e+06 -196.148
2.58086e+06 -196.181
2.58146e+06 -196.215
2.58206e+06 -196.248
2.58266e+06 -196.281
2.58326e+06 -196.315
2.58386e+06 -196.348
2.58446e+06 -196.381
2.58506e+06 -196.415
2.58566e+06 -196.448
2.58626e+06 -196.481
2.58686e+06 -196.515
2.58746e+06 -196.548
2.58806e+06 -196.581
2.58866e+06 -196.615
2.58926e+06 -196.648
2.58986e+06 -196.681
2.59046e+06 -196.715
2.59106e+06 -196.748
2.59166e+06 -196.781
2.59226e+06 -196.815
2.59286e+06 -196.848
2.59346e+06 -196.881
2.59406e+06 -196.915
2.59466e+06 -196.948
2.59526e+06 -196.981
2.59586e+06 -197.015
2.59646e+06 -197.048
2.59706e+06 -197.081
2.59766e+06 -197.115
2.59826e+06 -197.148
2.59886e+06 -197.181
2.59946e+06 -197.215
2.60006e+06 -197.248
2.60066e+06 -197.281
2.60126e+06 -197.315
2.60186e+06 -197.348
2.60246e+06 -197.381
2.60306e+06 -197.415
2.60366e+06 -197.448
2.60426e+06 -197.481
2.60486e+06 -197.515
2.60546e+06 -197.548
2.60606e+06 -197.581
2.60666e+06 -197.615
2.60726e+06 -197.648
2.60786e+06 -197.681
2.60846e+06 -197.715
2.60906e+06 -197.748
2.60966e+06 -197.782
2.61026e+06 -197.815
2.61086e+06 -197.848
2.61146e+06 -197.882
2.61206e+06 -197.915
2.61266e+06 -197.948
2.61326e+06 -197.982
2.61386e+06 -198.015
2.61446e+06 -198.048
2.61506e+06 -198.082
2.61566e+06 -198.115
2.61626e+06 -198.148
2.61686e+06 -198.182
2.61746e+06 -198.215
2.61806e+06 -198.248
2.61866e+06 -198.282
2.61926e+06 -198.315
2.61986e+06 -198.348
2.62046e+06 -198.382
2.62106e+06 -198.415
2.62166e+06 -198.448
2.62226e+06 -198.482
2.62286e+06 -198.515
2.62346e+06 -198.548
2.62406e+06 -198.582
2.62466e+06 -198.615
2.62526e+06 -198.648
2.62586e+06 -198.682
2.62646e+06 -198.715
2.62706e+06 -198.748
2.62766e+06 -198.782
2.62826e+06 -198.815
2.62886e+06 -198.848
2.62946e+06 -198.882
2.63006e+06 -198.915
2.63066e+06 -198.948
2.63126e+06 -198.982
2.63186e+06 -199.015
2.63246e+06 -199.048
2.63306e+06 -199.082
2.63366e+06 -199.115
2.63426e+06 -199.148
2.63486e+06 -199.182
2.63546e+06 -199.215
2.63606e+06 -199.248
2.63666e+06 -199.282
2.63726e+06 -199.315
2.63786e+06 -199.348
2.63846e+06 -199.382
2.63906e+06 -199.415
2.63966e+06 -199.448
2.64026e+06 -199.482
2.64086e+06 -199.515
2.64146e+06 -199.548
2.64206e+06 -199.582
2.64266e+06 -199.615
2.64326e+06 -199.649
2.64386e+06 -199.682
2.64446e+06 -199.715
2.64506e+06 -199.749
2.64566e+06 -199.782
2.64626e+06 -199.815
2.64686e+06 -199.849
2.64746e+06 -199.882
2.64806e+06 -199.915
2.64866e+06 -199.949
2.64926e+06 -199.982
2.64986e+06 -200.015
2.65047e+06 -200.049
2.65107e+06 -200.082
2.65167e+06 -200.115
2.65227e+06 -200.149
2.65287e+06 -200.182
2.65347e+06 -200.215
2.65407e+06 -200.249
2.65467e+06 -200.282
2.65527e+06 -200.315
2.65587e+06 -200.349
2.65647e+06 -200.382
2.65707e+06 -200.415
2.65767e+06 -200.449
2.65827e+06 -200.482
2.65887e+06 -200.515
2.65947e+06 -200.549
2.66007e+06 -200.582
2.66067e+06 -200.615
2.66127e+06 -200.649
2.66187e+06 -200.682
2.66247e+06 -200.715
2.66307e+06 -200.749
2.66367e+06 -200.782
2.66427e+06 -200.815
2.66487e+06 -200.849
2.66547e+06 -200.882
2.66607e+06 -200.915
2.66667e+06 -200.949
2.66727e+06 -200.982
2.66787e+06 -201.015
2.66847e+06 -201.049
2.66907e+06 -201.082
2.66967e+06 -201.115
2.67027e+06 -201.149
2.67087e+06 -201.182
2.67147e+06 -201.215
2.67207e+06 -201.249
2.67267e+06 -201.282
2.67327e+06 -201.315
2.67387e+06 -201.349
2.67447e+06 -201.382
2.67507e+06 -201.416
2.67567e+06 -201.449
2.67627e+06 -201.482
2.67687e+06 -201.516
2.67747e+06 -201.549
2.67807e+06 -201.582
2.67867e+06 -201.616
2.67927e+06 -201.649
2.67987e+06 -201.682
2.68047e+06 -201.716
2.68107e+06 -201.749
2.68167e+06 -201.782
2.68227e+06 -201.816
2.68287e+06 -201.849
2.68347e+06 -201.882
2.68407e+06 -201.916
2.68467e+06 -201.949
2.68527e+06 -201.982
2.68587e+06 -202.016
2.68647e+06 -202.049
2.68707e+06 -202.082
2.68767e+06 -202.116
2.68827e+06 -202.149
2.68887e+06 -202.182
2.68947e+06 -202.216
2.69007e+06 -202.249
2.69067e+06 -202.282
2.69127e+06 -202.316
2.69187e+06 -202.349
2.69247e+06 -202.382
2.69307e+06 -202.416
2.69367e+06 -202.449
2.69427e+06 -202.482
2.69487e+06 -202.516
2.69547e+06 -202.549
2.69607e+06 -202.582
2.69667e+06 -202.616
2.69727e+06 -202.649
2.69787e+06 -202.682
2.69847e+06 -202.716
2.69907e+06 -202.749
2.69967e+06 -202.782
2.70027e+06 -202.816
2.70087e+06 -202.849
2.70147e+06 -202.882
2.70207e+06 -202.916
2.70267e+06 -202.949
2.70327e+06 -202.982
2.70387e+06 -203.016
2.70447e+06 -203.049
2.70507e+06 -203.082
2.70567e+06 -203.116
2.70627e+06 -203.149
2.70687e+06 -203.182
2.70747e+06 -203.216
2.70807e+06 -203.249
2.70867e+06 -203.283
2.70927e+06 -203.316
2.70987e+06 -203.349
2.71047e+06 -203.383
2.71107e+06 -203.416
2.71167e+06 -203.449
2.71227e+06 -203.483
2.71287e+06 -203.516
2.71347e+06 -203.549
2.71407e+06 -203.583
2.71467e+06 -203.616
2.71527e+06 -203.649
2.71587e+06 -203.683
2.71647e+06 -203.716
2.71707e+06 -203.749
2.71767e+06 -203.783
2.71827e+06 -203.816
2.71887e+06 -203.849
2.71947e+06 -203.883
2.72007e+06 -203.916
2.72067e+06 -203.949
2.72127e+06 -203.983
2.72187e+06 -204.016
2.72247e+06 -204.049
2.72307e+06 -204.083
2.72367e+06 -204.116
2.72427e+06 -204.149
2.72487e+06 -204.183
2.72547e+06 -204.216
2.72607e+06 -204.249
2.72667e+06 -204.283
2.72727e+06 -204.316
2.72787e+06 -204.349
2.72847e+06 -204.383
2.72907e+06 -204.416
2.72967e+06 -204.449
2.73027e+06 -204.483
2.73087e+06 -204.516
2.73147e+06 -204.549
2.73207e+06 -204.583
2.73267e+06 -204.616
2.73327e+06 -204.649
2.73387e+06 -204.683
2.73447e+06 -204.716
2.73507e+06 -204.749
2.73567e+06 -204.783
2.73627e+06 -204.816
2.73687e+06 -204.849
2.73747e+06 -204.883
2.73807e+06 -204.916
2.73867e+06 -204.949
2.73927e+06 -204.983
2.73987e+06 -205.016
2.74047e+06 -205.05
2.74107e+06 -205.083
2.74167e+06 -205.116
2.74227e+06 -205.15
2.74287e+06 -205.183
2.74347e+06 -205.216
2.74407e+06 -205.25
2.74467e+06 -205.283
2.74527e+06 -205.316
2.74587e+06 -205.35
2.74647e+06 -205.383
2.74707e+06 -205.416
2.74767e+06 -205.45
2.74827e+06 -205.483
2.74887e+06 -205.516
2.74947e+06 -205.55
2.75008e+06 -205.583
2.75068e+06 -205.616
2.75128e+06 -205.65
2.75188e+06 -205.683
2.75248e+06 -205.716
2.75308e+06 -205.75
2.75368e+06 -205.783
2.75428e+06 -205.816
2.75488e+06 -205.85
2.75548e+06 -205.883
2.75608e+06 -205.916
2.75668e+06 -205.95
2.75728e+06 -205.983
2.75788e+06 -206.016
2.75848e+06 -206.05
2.75908e+06 -206.083
2.75968e+06 -206.116
2.76028e+06 -206.15
2.76088e+06 -206.183
2.76148e+06 -206.216
2.76208e+06 -206.25
2.76268e+06 -206.283
2.76328e+06 -206.316
2.76388e+06 -206.35
2.76448e+06 -206.383
2.76508e+06 -206.416
2.76568e+06 -206.45
2.76628e+06 -206.483
2.76688e+06 -206.516
2.76748e+06 -206.55
2.76808e+06 -206.583
2.76868e+06 -206.616
2.76928e+06 -206.65
2.76988e+06 -206.683
2.77048e+06 -206.716
2.77108e+06 -206.75
2.77168e+06 -206.783
2.77228e+06 -206.816
2.77288e+06 -206.85
2.77348e+06 -206.883
2.77408e+06 -206.917
2.77468e+06 -206.95
2.77528e+06 -206.983
2.77588e+06 -207.017
2.77648e+06 -207.05
2.77708e+06 -207.083
2.77768e+06 -207.117
2.77828e+06 -207.15
2.77888e+06 -207.183
2.77948e+06 -207.217
2.78008e+06 -207.25
2.78068e+06 -207.283
2.78128e+06 -207.317
2.78188e+06 -207.35
2.78248e+06 -207.383
2.78308e+06 -207.417
2.78368e+06 -207.45
2.78428e+06 -207.483
2.78488e+06 -207.517
2.78548e+06 -207.55
2.78608e+06 -207.583
2.78668e+06 -207.617
2.78728e+06 -207.65
2.78788e+06 -207.683
2.78848e+06 -207.717
2.78908e+06 -207.75
2.78968e+06 -207.783
2.79028e+06 -207.817
2.79088e+06 -207.85
2.79148e+06 -207.883
2.79208e+06 -207.917
2.79268e+06 -207.95
2.79328e+06 -207.983
2.79388e+06 -208.017
2.79448e+06 -208.05
2.79508e+06 -208.083
2.79568e+06 -208.117
2.79628e+06 -208.15
2.79688e+06 -208.183
2.79748e+06 -208.217
2.79808e+06 -208.25
2.79868e+06 -208.283
2.79928e+06 -208.317
2.79988e+06 -208.35
2.80048e+06 -208.383
2.80108e+06 -208.417
2.80168e+06 -208.45
2.80228e+06 -208.483
2.80288e+06 -208.517
2.80348e+06 -208.55
2.80408e+06 -208.583
2.80468e+06 -208.617
2.80528e+06 -208.65
2.80588e+06 -208.684
2.80648e+06 -208.717
2.80708e+06 -208.75
2.80768e+06 -208.784
2.80828e+06 -208.817
2.80888e+06 -208.85
2.80948e+06 -208.884
2.81008e+06 -208.917
2.81068e+06 -208.95
2.81128e+06 -208.984
2.81188e+06 -209.017
2.81248e+06 -209.05
2.81308e+06 -209.084
2.81368e+06 -209.117
2.81428e+06 -209.15
2.81488e+06 -209.184
2.81548e+06 -209.217
2.81608e+06 -209.25
2.81668e+06 -209.284
2.81728e+06 -209.317
2.81788e+06 -209.35
2.81848e+06 -209.384
2.81908e+06 -209.417
2.81968e+06 -209.45
2.82028e+06 -209.484
2.82088e+06 -209.517
2.82148e+06 -209.55
2.82208e+06 -209.584
2.82268e+06 -209.617
2.82328e+06 -209.65
2.82388e+06 -209.684
2.82448e+06 -209.717
2.82508e+06 -209.75
2.82568e+06 -209.784
2.82628e+06 -209.817
2.82688e+06 -209.85
2.82748e+06 -209.884
2.82808e+06 -209.917
2.82868e+06 -209.95
2.82928e+06 -209.984
2.82988e+06 -210.017
2.83048e+06 -210.05
2.83108e+06 -210.084
2.83168e+06 -210.117
2.83228e+06 -210.15
2.83288e+06 -210.184
2.83348e+06 -210.217
2.83408e+06 -210.25
2.83468e+06 -210.284
2.83528e+06 -210.317
2.83588e+06 -210.35
2.83648e+06 -210.384
2.83708e+06 -210.417
2.83768e+06 -210.45
2.83828e+06 -210.484
2.83888e+06 -210.517
2.83948e+06 -210.551
2.84008e+06 -210.584
2.84068e+06 -210.617
2.84128e+06 -210.651
2.84188e+06 -210.684
2.84248e+06 -210.717
2.84308e+06 -210.751
2.84368e+06 -210.784
2.84428e+06 -210.817
2.84488e+06 -210.851
2.84548e+06 -210.884
2.84608e+06 -210.917
2.84668e+06 -210.951
2.84728e+06 -210.984
2.84788e+06 -211.017
2.84848e+06 -211.051
2.84908e+06 -211.084
2.84968e+06 -211.117
2.85029e+06 -211.151
2.85089e+06 -211.184
2.85149e+06 -211.217
2.85209e+06 -211.251
2.85269e+06 -211.284
2.85329e+06 -211.317
2.85389e+06 -211.351
2.85449e+06 -211.384
2.85509e+06 -211.417
2.85569e+06 -211.451
2.85629e+06 -211.484
2.85689e+06 -211.517
2.85749e+06 -211.551
2.85809e+06 -211.584
2.85869e+06 -211.617
2.85929e+06 -211.651
2.85989e+06 -211.684
2.86049e+06 -211.717
2.86109e+06 -211.751
2.86169e+06 -211.784
2.86229e+06 -211.817
2.86289e+06 -211.851
2.86349e+06 -211.884
2.86409e+06 -211.917
2.86469e+06 -211.951
2.86529e+06 -211.984
2.86589e+06 -212.017
2.86649e+06 -212.051
2.86709e+06 -212.084
2.86769e+06 -212.117
2.86829e+06 -212.151
2.86889e+06 -212.184
2.86949e+06 -212.217
2.87009e+06 -212.251
2.87069e+06 -212.284
2.87129e+06 -212.318
2.87189e+06 -212.351
2.87249e+06 -212.384
2.87309e+06 -212.418
2.87369e+06 -212.451
2.87429e+06 -212.484
2.87489e+06 -212.518
2.87549e+06 -212.551
2.87609e+06 -212.584
2.87669e+06 -212.618
2.87729e+06 -212.651
2.87789e+06 -212.684
2.87849e+06 -212.718
2.87909e+06 -212.751
2.87969e+06 -212.784
2.88029e+06 -212.818
2.88089e+06 -212.851
2.88149e+06 -212.884
2.88209e+06 -212.918
2.88269e+06 -212.951
2.88329e+06 -212.984
2.88389e+06 -213.018
2.88449e+06 -213.051
2.88509e+06 -213.084
2.88569e+06 -213.118
2.88629e+06 -213.151
2.88689e+06 -213.184
2.88749e+06 -213.218
2.88809e+06 -213.251
2.88869e+06 -213.284
2.88929e+06 -213.318
2.88989e+06 -213.351
2.89049e+06 -213.384
2.89109e+06 -213.418
2.89169e+06 -213.451
2.89229e+06 -213.484
2.89289e+06 -213.518
2.89349e+06 -213.551
2.89409e+06 -213.584
2.89469e+06 -213.618
2.89529e+06 -213.651
2.89589e+06 -213.684
2.89649e+06 -213.718
2.89709e+06 -213.751
2.89769e+06 -213.784
2.89829e+06 -213.818
2.89889e+06 -213.851
2.89949e+06 -213.884
2.90009e+06 -213.918
2.90069e+06 -213.951
2.90129e+06 -213.984
2.90189e+06 -214.018
2.90249e+06 -214.051
2.90309e+06 -214.085
2.90369e+06 -214.118
2.90429e+06 -214.151
2.90489e+06 -214.185
2.90549e+06 -214.218
2.90609e+06 -214.251
2.90669e+06 -214.285
2.90729e+06 -214.318
2.90789e+06 -214.351
2.90849e+06 -214.385
2.90909e+06 -214.418
2.90969e+06 -214.451
2.91029e+06 -214.485
2.91089e+06 -214.518
2.91149e+06 -214.551
2.91209e+06 -214.585
2.91269e+06 -214.618
2.91329e+06 -214.651
2.91389e+06 -214.685
2.91449e+06 -214.718
2.91509e+06 -214.751
2.91569e+06 -214.785
2.91629e+06 -214.818
2.91689e+06 -214.851
2.91749e+06 -214.885
2.91809e+06 -214.918
2.91869e+06 -214.951
2.91929e+06 -214.985
2.91989e+06 -215.018
2.92049e+06 -215.051
2.92109e+06 -215.085
2.92169e+06 -215.118
2.92229e+06 -215.151
2.92289e+06 -215.185
2.92349e+06 -215.218
2.92409e+06 -215.251
2.92469e+06 -215.285
2.92529e+06 -215.318
2.92589e+06 -215.351
2.92649e+06 -215.385
2.92709e+06 -215.418
2.92769e+06 -215.451
2.92829e+06 -215.485
2.92889e+06 -215.518
2.92949e+06 -215.551
2.93009e+06 -215.585
2.93069e+06 -215.618
2.93129e+06 -215.651
2.93189e+06 -215.685
2.93249e+06 -215.718
2.93309e+06 -215.751
2.93369e+06 -215.785
2.93429e+06 -215.818
2.93489e+06 -215.851
2.93549e+06 -215.885
2.93609e+06 -215.918
2.93669e+06 -215.952
2.93729e+06 -215.985
2.93789e+06 -216.018
2.93849e+06 -216.052
2.93909e+06 -216.085
2.93969e+06 -216.118
2.94029e+06 -216.152
2.94089e+06 -216.185
2.94149e+06 -216.218
2.94209e+06 -216.252
2.94269e+06 -216.285
2.94329e+06 -216.318
2.94389e+06 -216.352
2.94449e+06 -216.385
2.94509e+06 -216.418
2.94569e+06 -216.452
2.94629e+06 -216.485
2.94689e+06 -216.518
2.94749e+06 -216.552
2.94809e+06 -216.585
2.94869e+06 -216.618
2.94929e+06 -216.652
2.94989e+06 -216.685
2.9505e+06 -216.718
2.9511e+06 -216.752
2.9517e+06 -216.785
2.9523e+06 -216.818
2.9529e+06 -216.852
2.9535e+06 -216.885
2.9541e+06 -216.918
2.9547e+06 -216.952
2.9553e+06 -216.985
2.9559e+06 -217.018
2.9565e+06 -217.052
2.9571e+06 -217.085
2.9577e+06 -217.118
2.9583e+06 -217.152
2.9589e+06 -217.185
2.9595e+06 -217.218
2.9601e+06 -217.252
2.9607e+06 -217.285
2.9613e+06 -217.318
2.9619e+06 -217.352
2.9625e+06 -217.385
2.9631e+06 -217.418
2.9637e+06 -217.452
2.9643e+06 -217.485
2.9649e+06 -217.518
2.9655e+06 -217.552
2.9661e+06 -217.585
2.9667e+06 -217.618
2.9673e+06 -217.652
2.9679e+06 -217.685
2.9685e+06 -217.719
2.9691e+06 -217.752
2.9697e+06 -217.785
2.9703e+06 -217.819
2.9709e+06 -217.852
2.9715e+06 -217.885
2.9721e+06 -217.919
2.9727e+06 -217.952
2.9733e+06 -217.985
2.9739e+06 -218.019
2.9745e+06 -218.052
2.9751e+06 -218.085
2.9757e+06 -218.119
2.9763e+06 -218.152
2.9769e+06 -218.185
2.9775e+06 -218.219
2.9781e+06 -218.252
2.9787e+06 -218.285
2.9793e+06 -218.319
2.9799e+06 -218.352
2.9805e+06 -218.385
2.9811e+06 -218.419
2.9817e+06 -218.452
2.9823e+06 -218.485
2.9829e+06 -218.519
2.9835e+06 -218.552
2.9841e+06 -218.585
2.9847e+06 -218.619
2.9853e+06 -218.652
2.9859e+06 -218.685
2.9865e+06 -218.719
2.9871e+06 -218.752
2.9877e+06 -218.785
2.9883e+06 -218.819
2.9889e+06 -218.852
2.9895e+06 -218.885
2.9901e+06 -218.919
2.9907e+06 -218.952
2.9913e+06 -218.985
2.9919e+06 -219.019
2.9925e+06 -219.052
2.9931e+06 -219.085
2.9937e+06 -219.119
2.9943e+06 -219.152
2.9949e+06 -219.185
2.9955e+06 -219.219
2.9961e+06 -219.252
2.9967e+06 -219.285
2.9973e+06 -219.319
2.9979e+06 -219.352
2.9985e+06 -219.385
2.9991e+06 -219.419
2.9997e+06 -219.452
3.0003e+06 -219.485
3.0009e+06 -219.519
3.0015e+06 -219.552
3.0021e+06 -219.586
3.0027e+06 -219.619
3.0033e+06 -219.652
3.0039e+06 -219.686
3.0045e+06 -219.719
3.0051e+06 -219.752
3.0057e+06 -219.786
3.0063e+06 -219.819
3.0069e+06 -219.852
3.0075e+06 -219.886
3.0081e+06 -219.919
3.0087e+06 -219.952
3.0093e+06 -219.986
3.0099e+06 -220.019
3.0105e+06 -220.052
3.0111e+06 -220.086
3.0117e+06 -220.119
3.0123e+06 -220.152
3.0129e+06 -220.186
3.0135e+06 -220.219
3.0141e+06 -220.252
3.0147e+06 -220.286
3.0153e+06 -220.319
3.0159e+06 -220.352
3.0165e+06 -220.386
3.0171e+06 -220.419
3.0177e+06 -220.452
3.0183e+06 -220.486
3.0189e+06 -220.519
3.0195e+06 -220.552
3.0201e+06 -220.586
3.0207e+06 -220.619
3.0213e+06 -220.652
3.0219e+06 -220.686
3.0225e+06 -220.719
3.0231e+06 -220.752
3.0237e+06 -220.786
3.0243e+06 -220.819
3.0249e+06 -220.852
3.0255e+06 -220.886
3.0261e+06 -220.919
3.0267e+06 -220.952
3.0273e+06 -220.986
3.0279e+06 -221.019
3.0285e+06 -221.052
3.0291e+06 -221.086
3.0297e+06 -221.119
3.0303e+06 -221.152
3.0309e+06 -221.186
3.0315e+06 -221.219
3.0321e+06 -221.252
3.0327e+06 -221.286
3.0333e+06 -221.319
3.0339e+06 -221.353
3.0345e+06 -221.386
3.0351e+06 -221.419
3.0357e+06 -221.453
3.0363e+06 -221.486
3.0369e+06 -221.519
3.0375e+06 -221.553
3.0381e+06 -221.586
3.0387e+06 -221.619
3.0393e+06 -221.653
3.0399e+06 -221.686
3.0405e+06 -221.719
3.0411e+06 -221.753
3.0417e+06 -221.786
3.0423e+06 -221.819
3.0429e+06 -221.853
3.0435e+06 -221.886
3.0441e+06 -221.919
3.0447e+06 -221.953
3.0453e+06 -221.986
3.0459e+06 -222.019
3.0465e+06 -222.053
3.0471e+06 -222.086
3.0477e+06 -222.119
3.0483e+06 -222.153
3.0489e+06 -222.186
3.0495e+06 -222.219
3.05011e+06 -222.253
3.05071e+06 -222.286
3.05131e+06 -222.319
3.05191e+06 -222.353
3.05251e+06 -222.386
3.05311e+06 -222.419
3.05371e+06 -222.453
3.05431e+06 -222.486
3.05491e+06 -222.519
3.05551e+06 -222.553
3.05611e+06 -222.586
3.05671e+06 -222.619
3.05731e+06 -222.653
3.05791e+06 -222.686
3.05851e+06 -222.719
3.05911e+06 -222.753
3.05971e+06 -222.786
3.06031e+06 -222.819
3.06091e+06 -222.853
3.06151e+06 -222.886
3.06211e+06 -222.919
3.06271e+06 -222.953
3.06331e+06 -222.986
3.06391e+06 -223.019
3.06451e+06 -223.053
3.06511e+06 -223.086
3.06571e+06 -223.119
3.06631e+06 -223.153
3.06691e+06 -223.186
3.06751e+06 -223.22
3.06811e+06 -223.253
3.06871e+06 -223.286
3.06931e+06 -223.32
3.06991e+06 -223.353
3.07051e+06 -223.386
3.07111e+06 -223.42
3.07171e+06 -223.453
3.07231e+06 -223.486
3.07291e+06 -223.52
3.07351e+06 -223.553
3.07411e+06 -223.586
3.07471e+06 -223.62
3.07531e+06 -223.653
3.07591e+06 -223.686
3.07651e+06 -223.72
3.07711e+06 -223.753
3.07771e+06 -223.786
3.07831e+06 -223.82
3.07891e+06 -223.853
3.07951e+06 -223.886
3.08011e+06 -223.92
3.08071e+06 -223.953
3.08131e+06 -223.986
3.08191e+06 -224.02
3.08251e+06 -224.053
3.08311e+06 -224.086
3.08371e+06 -224.12
3.08431e+06 -224.153
3.08491e+06 -224.186
3.08551e+06 -224.22
3.08611e+06 -224.253
3.08671e+06 -224.286
3.08731e+06 -224.32
3.08791e+06 -224.353
3.08851e+06 -224.386
3.08911e+06 -224.42
3.08971e+06 -224.453
3.09031e+06 -224.486
3.09091e+06 -224.52
3.09151e+06 -224.553
3.09211e+06 -224.586
3.09271e+06 -224.62
3.09331e+06 -224.653
3.09391e+06 -224.686
3.09451e+06 -224.72
3.09511e+06 -224.753
3.09571e+06 -224.786
3.09631e+06 -224.82
3.09691e+06 -224.853
3.09751e+06 -224.886
3.09811e+06 -224.92
3.09871e+06 -224.953
3.09931e+06 -224.987
3.09991e+06 -225.02
3.10051e+06 -225.053
3.10111e+06 -225.087
3.10171e+06 -225.12
3.10231e+06 -225.153
3.10291e+06 -225.187
3.10351e+06 -225.22
3.10411e+06 -225.253
3.10471e+06 -225.287
3.10531e+06 -225.32
3.10591e+06 -225.353
3.10651e+06 -225.387
3.10711e+06 -225.42
3.10771e+06 -225.453
3.10831e+06 -225.487
3.10891e+06 -225.52
3.10951e+06 -225.553
3.11011e+06 -225.587
3.11071e+06 -225.62
3.11131e+06 -225.653
3.11191e+06 -225.687
3.11251e+06 -225.72
3.11311e+06 -225.753
3.11371e+06 -225.787
3.11431e+06 -225.82
3.11491e+06 -225.853
3.11551e+06 -225.887
3.11611e+06 -225.92
3.11671e+06 -225.953
3.11731e+06 -225.987
3.11791e+06 -226.02
3.11851e+06 -226.053
3.11911e+06 -226.087
3.11971e+06 -226.12
3.12031e+06 -226.153
3.12091e+06 -226.187
3.12151e+06 -226.22
3.12211e+06 -226.253
3.12271e+06 -226.287
3.12331e+06 -226.32
3.12391e+06 -226.353
3.12451e+06 -226.387
3.12511e+06 -226.42
3.12571e+06 -226.453
3.12631e+06 -226.487
3.12691e+06 -226.52
3.12751e+06 -226.553
3.12811e+06 -226.587
3.12871e+06 -226.62
3.12931e+06 -226.653
3.12991e+06 -226.687
3.13051e+06 -226.72
3.13111e+06 -226.753
3.13171e+06 -226.787
3.13231e+06 -226.82
3.13291e+06 -226.854
3.13351e+06 -226.887
3.13411e+06 -226.92
3.13471e+06 -226.954
3.13531e+06 -226.987
3.13591e+06 -227.02
3.13651e+06 -227.054
3.13711e+06 -227.087
3.13771e+06 -227.12
3.13831e+06 -227.154
3.13891e+06 -227.187
3.13951e+06 -227.22
3.14011e+06 -227.254
3.14071e+06 -227.287
3.14131e+06 -227.32
3.14191e+06 -227.354
3.14251e+06 -227.387
3.14311e+06 -227.42
3.14371e+06 -227.454
3.14431e+06 -227.487
3.14491e+06 -227.52
3.14551e+06 -227.554
3.14611e+06 -227.587
3.14671e+06 -227.62
3.14731e+06 -227.654
3.14791e+06 -227.687
3.14851e+06 -227.72
3.14911e+06 -227.754
3.14971e+06 -227.787
3.15032e+06 -227.82
3.15092e+06 -227.854
3.15152e+06 -227.887
3.15212e+06 -227.92
3.15272e+06 -227.954
3.15332e+06 -227.987
3.15392e+06 -228.02
3.15452e+06 -228.054
3.15512e+06 -228.087
3.15572e+06 -228.12
3.15632e+06 -228.154
3.15692e+06 -228.187
3.15752e+06 -228.22
3.15812e+06 -228.254
3.15872e+06 -228.287
3.15932e+06 -228.32
3.15992e+06 -228.354
3.16052e+06 -228.387
3.16112e+06 -228.42
3.16172e+06 -228.454
3.16232e+06 -228.487
3.16292e+06 -228.52
3.16352e+06 -228.554
3.16412e+06 -228.587
3.16472e+06 -228.621
3.16532e+06 -228.654
3.16592e+06 -228.687
3.16652e+06 -228.721
3.16712e+06 -228.754
3.16772e+06 -228.787
3.16832e+06 -228.821
3.16892e+06 -228.854
3.16952e+06 -228.887
3.17012e+06 -228.921
3.17072e+06 -228.954
3.17132e+06 -228.987
3.17192e+06 -229.021
3.17252e+06 -229.054
3.17312e+06 -229.087
3.17372e+06 -229.121
3.17432e+06 -229.154
3.17492e+06 -229.187
3.17552e+06 -229.221
3.17612e+06 -229.254
3.17672e+06 -229.287
3.17732e+06 -229.321
3.17792e+06 -229.354
3.17852e+06 -229.387
3.17912e+06 -229.421
3.17972e+06 -229.454
3.18032e+06 -229.487
3.18092e+06 -229.521
3.18152e+06 -229.554
3.18212e+06 -229.587
3.18272e+06 -229.621
3.18332e+06 -229.654
3.18392e+06 -229.687
3.18452e+06 -229.721
3.18512e+06 -229.754
3.18572e+06 -229.787
3.18632e+06 -229.821
3.18692e+06 -229.854
3.18752e+06 -229.887
3.18812e+06 -229.921
3.18872e+06 -229.954
3.18932e+06 -229.987
3.18992e+06 -230.021
3.19052e+06 -230.054
3.19112e+06 -230.087
3.19172e+06 -230.121
3.19232e+06 -230.154
3.19292e+06 -230.187
3.19352e+06 -230.221
3.19412e+06 -230.254
3.19472e+06 -230.287
3.19532e+06 -230.321
3.19592e+06 -230.354
3.19652e+06 -230.387
3.19712e+06 -230.421
3.19772e+06 -230.454
3.19832e+06 -230.488
3.19892e+06 -230.521
3.19952e+06 -230.554
3.20012e+06 -230.588
3.20072e+06 -230.621
3.20132e+06 -230.654
3.20192e+06 -230.688
3.20252e+06 -230.721
3.20312e+06 -230.754
3.20372e+06 -230.788
3.20432e+06 -230.821
3.20492e+06 -230.854
3.20552e+06 -230.888
3.20612e+06 -230.921
3.20672e+06 -230.954
3.20732e+06 -230.988
3.20792e+06 -231.021
3.20852e+06 -231.054
3.20912e+06 -231.088
3.20972e+06 -231.121
3.21032e+06 -231.154
3.21092e+06 -231.188
3.21152e+06 -231.221
3.21212e+06 -231.254
3.21272e+06 -231.288
3.21332e+06 -231.321
3.21392e+06 -231.354
3.21452e+06 -231.388
3.21512e+06 -231.421
3.21572e+06 -231.454
3.21632e+06 -231.488
3.21692e+06 -231.521
3.21752e+06 -231.554
3.21812e+06 -231.588
3.21872e+06 -231.621
3.21932e+06 -231.654
3.21992e+06 -231.688
3.22052e+06 -231.721
3.22112e+06 -231.754
3.22172e+06 -231.788
3.22232e+06 -231.821
3.22292e+06 -231.854
3.22352e+06 -231.888
3.22412e+06 -231.921
3.22472e+06 -231.954
3.22532e+06 -231.988
3.22592e+06 -232.021
3.22652e+06 -232.054
3.22712e+06 -232.088
3.22772e+06 -232.121
3.22832e+06 -232.154
3.22892e+06 -232.188
3.22952e+06 -232.221
3.23012e+06 -232.255
3.23072e+06 -232.288
3.23132e+06 -232.321
3.23192e+06 -232.355
3.23252e+06 -232.388
3.23312e+06 -232.421
3.23372e+06 -232.455
3.23432e+06 -232.488
3.23492e+06 -232.521
3.23552e+06 -232.555
3.23612e+06 -232.588
3.23672e+06 -232.621
3.23732e+06 -232.655
3.23792e+06 -232.688
3.23852e+06 -232.721
3.23912e+06 -232.755
3.23972e+06 -232.788
3.24032e+06 -232.821
3.24092e+06 -232.855
3.24152e+06 -232.888
3.24212e+06 -232.921
3.24272e+06 -232.955
3.24332e+06 -232.988
3.24392e+06 -233.021
3.24452e+06 -233.055
3.24512e+06 -233.088
3.24572e+06 -233.121
3.24632e+06 -233.155
3.24692e+06 -233.188
3.24752e+06 -233.221
3.24812e+06 -233.255
3.24872e+06 -233.288
3.24932e+06 -233.321
3.24992e+06 -233.355
3.25053e+06 -233.388
3.25113e+06 -233.421
3.25173e+06 -233.455
3.25233e+06 -233.488
3.25293e+06 -233.521
3.25353e+06 -233.555
3.25413e+06 -233.588
3.25473e+06 -233.621
3.25533e+06 -233.655
3.25593e+06 -233.688
3.25653e+06 -233.721
3.25713e+06 -233.755
3.25773e+06 -233.788
3.25833e+06 -233.821
3.25893e+06 -233.855
3.25953e+06 -233.888
3.26013e+06 -233.921
3.26073e+06 -233.955
3.26133e+06 -233.988
3.26193e+06 -234.022
3.26253e+06 -234.055
3.26313e+06 -234.088
3.26373e+06 -234.122
3.26433e+06 -234.155
3.26493e+06 -234.188
3.26553e+06 -234.222
3.26613e+06 -234.255
3.26673e+06 -234.288
3.26733e+06 -234.322
3.26793e+06 -234.355
3.26853e+06 -234.388
3.26913e+06 -234.422
3.26973e+06 -234.455
3.27033e+06 -234.488
3.27093e+06 -234.522
3.27153e+06 -234.555
3.27213e+06 -234.588
3.27273e+06 -234.622
3.27333e+06 -234.655
3.27393e+06 -234.688
3.27453e+06 -234.722
3.27513e+06 -234.755
3.27573e+06 -234.788
3.27633e+06 -234.822
3.27693e+06 -234.855
3.27753e+06 -234.888
3.27813e+06 -234.922
3.27873e+06 -234.955
3.27933e+06 -234.988
3.27993e+06 -235.022
3.28053e+06 -235.055
3.28113e+06 -235.088
3.28173e+06 -235.122
3.28233e+06 -235.155
3.28293e+06 -235.188
3.28353e+06 -235.222
3.28413e+06 -235.255
3.28473e+06 -235.288
3.28533e+06 -235.322
3.28593e+06 -235.355
3.28653e+06 -235.388
3.28713e+06 -235.422
3.28773e+06 -235.455
3.28833e+06 -235.488
3.28893e+06 -235.522
3.28953e+06 -235.555
3.29013e+06 -235.588
3.29073e+06 -235.622
3.29133e+06 -235.655
3.29193e+06 -235.688
3.29253e+06 -235.722
3.29313e+06 -235.755
3.29373e+06 -235.788
3.29433e+06 -235.822
3.29493e+06 -235.855
3.29553e+06 -235.889
3.29613e+06 -235.922
3.29673e+06 -235.955
3.29733e+06 -235.989
3.29793e+06 -236.022
3.29853e+06 -236.055
3.29913e+06 -236.089
3.29973e+06 -236.122
3.30033e+06 -236.155
3.30093e+06 -236.189
3.30153e+06 -236.222
3.30213e+06 -236.255
3.30273e+06 -236.289
3.30333e+06 -236.322
3.30393e+06 -236.355
3.30453e+06 -236.389
3.30513e+06 -236.422
3.30573e+06 -236.455
3.30633e+06 -236.489
3.30693e+06 -236.522
3.30753e+06 -236.555
3.30813e+06 -236.589
3.30873e+06 -236.622
3.30933e+06 -236.655
3.30993e+06 -236.689
3.31053e+06 -236.722
3.31113e+06 -236.755
3.31173e+06 -236.789
3.31233e+06 -236.822
3.31293e+06 -236.855
3.31353e+06 -236.889
3.31413e+06 -236.922
3.31473e+06 -236.955
3.31533e+06 -236.989
3.31593e+06 -237.022
3.31653e+06 -237.055
3.31713e+06 -237.089
3.31773e+06 -237.122
3.31833e+06 -237.155
3.31893e+06 -237.189
3.31953e+06 -237.222
3.32013e+06 -237.255
3.32073e+06 -237.289
3.32133e+06 -237.322
3.32193e+06 -237.355
3.32253e+06 -237.389
3.32313e+06 -237.422
3.32373e+06 -237.455
3.32433e+06 -237.489
3.32493e+06 -237.522
3.32553e+06 -237.555
3.32613e+06 -237.589
3.32673e+06 -237.622
3.32733e+06 -237.656
3.32793e+06 -237.689
3.32853e+06 -237.722
3.32913e+06 -237.756
3.32973e+06 -237.789
3.33033e+06 -237.822
3.33093e+06 -237.856
3.33153e+06 -237.889
3.33213e+06 -237.922
3.33273e+06 -237.956
3.33333e+06 -237.989
3.33393e+06 -238.022
3.33453e+06 -238.056
3.33513e+06 -238.089
3.33573e+06 -238.122
3.33633e+06 -238.156
3.33693e+06 -238.189
3.33753e+06 -238.222
3.33813e+06 -238.256
3.33873e+06 -238.289
3.33933e+06 -238.322
3.33993e+06 -238.356
3.34053e+06 -238.389
3.34113e+06 -238.422
3.34173e+06 -238.456
3.34233e+06 -238.489
3.34293e+06 -238.522
3.34353e+06 -238.556
3.34413e+06 -238.589
3.34473e+06 -238.622
3.34533e+06 -238.656
3.34593e+06 -238.689
3.34653e+06 -238.722
3.34713e+06 -238.756
3.34773e+06 -238.789
3.34833e+06 -238.822
3.34893e+06 -238.856
3.34953e+06 -238.889
3.35014e+06 -238.922
3.35074e+06 -238.956
3.35134e+06 -238.989
3.35194e+06 -239.022
3.35254e+06 -239.056
3.35314e+06 -239.089
3.35374e+06 -239.122
3.35434e+06 -239.156
3.35494e+06 -239.189
3.35554e+06 -239.222
3.35614e+06 -239.256
3.35674e+06 -239.289
3.35734e+06 -239.322
3.35794e+06 -239.356
3.35854e+06 -239.389
3.35914e+06 -239.422
3.35974e+06 -239.456
3.36034e+06 -239.489
3.36094e+06 -239.523
3.36154e+06 -239.556
3.36214e+06 -239.589
3.36274e+06 -239.623
3.36334e+06 -239.656
3.36394e+06 -239.689
3.36454e+06 -239.723
3.36514e+06 -239.756
3.36574e+06 -239.789
3.36634e+06 -239.823
3.36694e+06 -239.856
3.36754e+06 -239.889
3.36814e+06 -239.923
3.36874e+06 -239.956
3.36934e+06 -239.989
3.36994e+06 -240.023
3.37054e+06 -240.056
3.37114e+06 -240.089
3.37174e+06 -240.123
3.37234e+06 -240.156
3.37294e+06 -240.189
3.37354e+06 -240.223
3.37414e+06 -240.256
3.37474e+06 -240.289
3.37534e+06 -240.323
3.37594e+06 -240.356
3.37654e+06 -240.389
3.37714e+06 -240.423
3.37774e+06 -240.456
3.37834e+06 -240.489
3.37894e+06 -240.523
3.37954e+06 -240.556
3.38014e+06 -240.589
3.38074e+06 -240.623
3.38134e+06 -240.656
3.38194e+06 -240.689
3.38254e+06 -240.723
3.38314e+06 -240.756
3.38374e+06 -240.789
3.38434e+06 -240.823
3.38494e+06 -240.856
3.38554e+06 -240.889
3.38614e+06 -240.923
3.38674e+06 -240.956
3.38734e+06 -240.989
3.38794e+06 -241.023
3.38854e+06 -241.056
3.38914e+06 -241.089
3.38974e+06 -241.123
3.39034e+06 -241.156
3.39094e+06 -241.189
3.39154e+06 -241.223
3.39214e+06 -241.256
3.39274e+06 -241.29
3.39334e+06 -241.323
3.39394e+06 -241.356
3.39454e+06 -241.39
3.39514e+06 -241.423
3.39574e+06 -241.456
3.39634e+06 -241.49
3.39694e+06 -241.523
3.39754e+06 -241.556
3.39814e+06 -241.59
3.39874e+06 -241.623
3.39934e+06 -241.656
3.39994e+06 -241.69
3.40054e+06 -241.723
3.40114e+06 -241.756
3.40174e+06 -241.79
3.40234e+06 -241.823
3.40294e+06 -241.856
3.40354e+06 -241.89
3.40414e+06 -241.923
3.40474e+06 -241.956
3.40534e+06 -241.99
3.40594e+06 -242.023
3.40654e+06 -242.056
3.40714e+06 -242.09
3.40774e+06 -242.123
3.40834e+06 -242.156
3.40894e+06 -242.19
3.40954e+06 -242.223
3.41014e+06 -242.256
3.41074e+06 -242.29
3.41134e+06 -242.323
3.41194e+06 -242.356
3.41254e+06 -242.39
3.41314e+06 -242.423
3.41374e+06 -242.456
3.41434e+06 -242.49
3.41494e+06 -242.523
3.41554e+06 -242.556
3.41614e+06 -242.59
3.41674e+06 -242.623
3.41734e+06 -242.656
3.41794e+06 -242.69
3.41854e+06 -242.723
3.41914e+06 -242.756
3.41974e+06 -242.79
3.42034e+06 -242.823
3.42094e+06 -242.856
3.42154e+06 -242.89
3.42214e+06 -242.923
3.42274e+06 -242.956
3.42334e+06 -242.99
3.42394e+06 -243.023
3.42454e+06 -243.056
3.42514e+06 -243.09
3.42574e+06 -243.123
3.42634e+06 -243.157
3.42694e+06 -243.19
3.42754e+06 -243.223
3.42814e+06 -243.257
3.42874e+06 -243.29
3.42934e+06 -243.323
3.42994e+06 -243.357
3.43054e+06 -243.39
3.43114e+06 -243.423
3.43174e+06 -243.457
3.43234e+06 -243.49
3.43294e+06 -243.523
3.43354e+06 -243.557
3.43414e+06 -243.59
3.43474e+06 -243.623
3.43534e+06 -243.657
3.43594e+06 -243.69
3.43654e+06 -243.723
3.43714e+06 -243.757
3.43774e+06 -243.79
3.43834e+06 -243.823
3.43894e+06 -243.857
3.43954e+06 -243.89
3.44014e+06 -243.923
3.44074e+06 -243.957
3.44134e+06 -243.99
3.44194e+06 -244.023
3.44254e+06 -244.057
3.44314e+06 -244.09
3.44374e+06 -244.123
3.44434e+06 -244.157
3.44494e+06 -244.19
3.44554e+06 -244.223
3.44614e+06 -244.257
3.44674e+06 -244.29
3.44734e+06 -244.323
3.44794e+06 -244.357
3.44854e+06 -244.39
3.44914e+06 -244.423
3.44974e+06 -244.457
3.45035e+06 -244.49
3.45095e+06 -244.523
3.45155e+06 -244.557
3.45215e+06 -244.59
3.45275e+06 -244.623
3.45335e+06 -244.657
3.45395e+06 -244.69
3.45455e+06 -244.723
3.45515e+06 -244.757
3.45575e+06 -244.79
3.45635e+06 -244.823
3.45695e+06 -244.857
3.45755e+06 -244.89
3.45815e+06 -244.924
3.45875e+06 -244.957
3.45935e+06 -244.99
3.45995e+06 -245.024
3.46055e+06 -245.057
3.46115e+06 -245.09
3.46175e+06 -245.124
3.46235e+06 -245.157
3.46295e+06 -245.19
3.46355e+06 -245.224
3.46415e+06 -245.257
3.46475e+06 -245.29
3.46535e+06 -245.324
3.46595e+06 -245.357
3.46655e+06 -245.39
3.46715e+06 -245.424
3.46775e+06 -245.457
3.46835e+06 -245.49
3.46895e+06 -245.524
3.46955e+06 -245.557
3.47015e+06 -245.59
3.47075e+06 -245.624
3.47135e+06 -245.657
3.47195e+06 -245.69
3.47255e+06 -245.724
3.47315e+06 -245.757
3.47375e+06 -245.79
3.47435e+06 -245.824
3.47495e+06 -245.857
3.47555e+06 -245.89
3.47615e+06 -245.924
3.47675e+06 -245.957
3.47735e+06 -245.99
3.47795e+06 -246.024
3.47855e+06 -246.057
3.47915e+06 -246.09
3.47975e+06 -246.124
3.48035e+06 -246.157
3.48095e+06 -246.19
3.48155e+06 -246.224
3.48215e+06 -246.257
3.48275e+06 -246.29
3.48335e+06 -246.324
3.48395e+06 -246.357
3.48455e+06 -246.39
3.48515e+06 -246.424
3.48575e+06 -246.457
3.48635e+06 -246.49
3.48695e+06 -246.524
3.48755e+06 -246.557
3.48815e+06 -246.59
3.48875e+06 -246.624
3.48935e+06 -246.657
3.48995e+06 -246.69
3.49055e+06 -246.724
3.49115e+06 -246.757
3.49175e+06 -246.791
3.49235e+06 -246.824
3.49295e+06 -246.857
3.49355e+06 -246.891
3.49415e+06 -246.924
3.49475e+06 -246.957
3.49535e+06 -246.991
3.49595e+06 -247.024
3.49655e+06 -247.057
3.49715e+06 -247.091
3.49775e+06 -247.124
3.49835e+06 -247.157
3.49895e+06 -247.191
3.49955e+06 -247.224
3.50015e+06 -247.257
3.50075e+06 -247.291
3.50135e+06 -247.324
3.50195e+06 -247.357
3.50255e+06 -247.391
3.50315e+06 -247.424
3.50375e+06 -247.457
3.50435e+06 -247.491
3.50495e+06 -247.524
3.50555e+06 -247.557
3.50615e+06 -247.591
3.50675e+06 -247.624
3.50735e+06 -247.657
3.50795e+06 -247.691
3.50855e+06 -247.724
3.50915e+06 -247.757
3.50975e+06 -247.791
3.51035e+06 -247.824
3.51095e+06 -247.857
3.51155e+06 -247.891
3.51215e+06 -247.924
3.51275e+06 -247.957
3.51335e+06 -247.991
3.51395e+06 -248.024
3.51455e+06 -248.057
3.51515e+06 -248.091
3.51575e+06 -248.124
3.51635e+06 -248.157
3.51695e+06 -248.191
3.51755e+06 -248.224
3.51815e+06 -248.257
3.51875e+06 -248.291
3.51935e+06 -248.324
3.51995e+06 -248.357
3.52055e+06 -248.391
3.52115e+06 -248.424
3.52175e+06 -248.457
3.52235e+06 -248.491
3.52295e+06 -248.524
3.52355e+06 -248.558
3.52415e+06 -248.591
3.52475e+06 -248.624
3.52535e+06 -248.658
3.52595e+06 -248.691
3.52655e+06 -248.724
3.52715e+06 -248.758
3.52775e+06 -248.791
3.52835e+06 -248.824
3.52895e+06 -248.858
3.52955e+06 -248.891
3.53015e+06 -248.924
3.53075e+06 -248.958
3.53135e+06 -248.991
3.53195e+06 -249.024
3.53255e+06 -249.058
3.53315e+06 -249.091
3.53375e+06 -249.124
3.53435e+06 -249.158
3.53495e+06 -249.191
3.53555e+06 -249.224
3.53615e+06 -249.258
3.53675e+06 -249.291
3.53735e+06 -249.324
3.53795e+06 -249.358
3.53855e+06 -249.391
3.53915e+06 -249.424
3.53975e+06 -249.458
3.54035e+06 -249.491
3.54095e+06 -249.524
3.54155e+06 -249.558
3.54215e+06 -249.591
3.54275e+06 -249.624
3.54335e+06 -249.658
3.54395e+06 -249.691
3.54455e+06 -249.724
3.54515e+06 -249.758
3.54575e+06 -249.791
3.54635e+06 -249.824
3.54695e+06 -249.858
3.54755e+06 -249.891
3.54815e+06 -249.924
3.54875e+06 -249.958
3.54935e+06 -249.991
3.54995e+06 -250.024
3.55056e+06 -250.058
3.55116e+06 -250.091
3.55176e+06 -250.124
3.55236e+06 -250.158
3.55296e+06 -250.191
3.55356e+06 -250.224
3.55416e+06 -250.258
3.55476e+06 -250.291
3.55536e+06 -250.325
3.55596e+06 -250.358
3.55656e+06 -250.391
3.55716e+06 -250.425
3.55776e+06 -250.458
3.55836e+06 -250.491
3.55896e+06 -250.525
3.55956e+06 -250.558
3.56016e+06 -250.591
3.56076e+06 -250.625
3.56136e+06 -250.658
3.56196e+06 -250.691
3.56256e+06 -250.725
3.56316e+06 -250.758
3.56376e+06 -250.791
3.56436e+06 -250.825
3.56496e+06 -250.858
3.56556e+06 -250.891
3.56616e+06 -250.925
3.56676e+06 -250.958
3.56736e+06 -250.991
3.56796e+06 -251.025
3.56856e+06 -251.058
3.56916e+06 -251.091
3.56976e+06 -251.125
3.57036e+06 -251.158
3.57096e+06 -251.191
3.57156e+06 -251.225
3.57216e+06 -251.258
3.57276e+06 -251.291
3.57336e+06 -251.325
3.57396e+06 -251.358
3.57456e+06 -251.391
3.57516e+06 -251.425
3.57576e+06 -251.458
3.57636e+06 -251.491
3.57696e+06 -251.525
3.57756e+06 -251.558
3.57816e+06 -251.591
3.57876e+06 -251.625
3.57936e+06 -251.658
3.57996e+06 -251.691
3.58056e+06 -251.725
3.58116e+06 -251.758
3.58176e+06 -251.791
3.58236e+06 -251.825
3.58296e+06 -251.858
3.58356e+06 -251.891
3.58416e+06 -251.925
3.58476e+06 -251.958
3.58536e+06 -251.991
3.58596e+06 -252.025
3.58656e+06 -252.058
3.58716e+06 -252.091
3.58776e+06 -252.125
3.58836e+06 -252.158
3.58896e+06 -252.192
3.58956e+06 -252.225
3.59016e+06 -252.258
3.59076e+06 -252.292
3.59136e+06 -252.325
3.59196e+06 -252.358
3.59256e+06 -252.392
3.59316e+06 -252.425
3.59376e+06 -252.458
3.59436e+06 -252.492
3.59496e+06 -252.525
3.59556e+06 -252.558
3.59616e+06 -252.592
3.59676e+06 -252.625
3.59736e+06 -252.658
3.59796e+06 -252.692
3.59856e+06 -252.725
3.59916e+06 -252.758
3.59976e+06 -252.792
3.60036e+06 -252.825
3.60096e+06 -252.858
3.60156e+06 -252.892
3.60216e+06 -252.925
3.60276e+06 -252.958
3.60336e+06 -252.992
3.60396e+06 -253.025
3.60456e+06 -253.058
3.60516e+06 -253.092
3.60576e+06 -253.125
3.60636e+06 -253.158
3.60696e+06 -253.192
3.60756e+06 -253.225
3.60816e+06 -253.258
3.60876e+06 -253.292
3.60936e+06 -253.325
3.60996e+06 -253.358
3.61056e+06 -253.392
3.61116e+06 -253.425
3.61176e+06 -253.458
3.61236e+06 -253.492
3.61296e+06 -253.525
3.61356e+06 -253.558
3.61416e+06 -253.592
3.61476e+06 -253.625
3.61536e+06 -253.658
3.61596e+06 -253.692
3.61656e+06 -253.725
3.61716e+06 -253.758
3.61776e+06 -253.792
3.61836e+06 -253.825
3.61896e+06 -253.858
3.61956e+06 -253.892
3.62016e+06 -253.925
3.62076e+06 -253.959
3.62136e+06 -253.992
3.62196e+06 -254.025
3.62256e+06 -254.059
3.62316e+06 -254.092
3.62376e+06 -254.125
3.62436e+06 -254.159
3.62496e+06 -254.192
3.62556e+06 -254.225
3.62616e+06 -254.259
3.62676e+06 -254.292
3.62736e+06 -254.325
3.62796e+06 -254.359
3.62856e+06 -254.392
3.62916e+06 -254.425
3.62976e+06 -254.459
3.63036e+06 -254.492
3.63096e+06 -254.525
3.63156e+06 -254.559
3.63216e+06 -254.592
3.63276e+06 -254.625
3.63336e+06 -254.659
3.63396e+06 -254.692
3.63456e+06 -254.725
3.63516e+06 -254.759
3.63576e+06 -254.792
3.63636e+06 -254.825
3.63696e+06 -254.859
3.63756e+06 -254.892
3.63816e+06 -254.925
3.63876e+06 -254.959
3.63936e+06 -254.992
3.63996e+06 -255.025
3.64056e+06 -255.059
3.64116e+06 -255.092
3.64176e+06 -255.125
3.64236e+06 -255.159
3.64296e+06 -255.192
3.64356e+06 -255.225
3.64416e+06 -255.259
3.64476e+06 -255.292
3.64536e+06 -255.325
3.64596e+06 -255.359
3.64656e+06 -255.392
3.64716e+06 -255.425
3.64776e+06 -255.459
3.64836e+06 -255.492
3.64896e+06 -255.525
3.64956e+06 -255.559
3.65017e+06 -255.592
3.65077e+06 -255.625
3.65137e+06 -255.659
3.65197e+06 -255.692
3.65257e+06 -255.725
3.65317e+06 -255.759
3.65377e+06 -255.792
3.65437e+06 -255.826
3.65497e+06 -255.859
3.65557e+06 -255.892
3.65617e+06 -255.926
3.65677e+06 -255.959
3.65737e+06 -255.992
3.65797e+06 -256.026
3.65857e+06 -256.059
3.65917e+06 -256.092
3.65977e+06 -256.126
3.66037e+06 -256.159
3.66097e+06 -256.192
3.66157e+06 -256.226
3.66217e+06 -256.259
3.66277e+06 -256.292
3.66337e+06 -256.326
3.66397e+06 -256.359
3.66457e+06 -256.392
3.66517e+06 -256.426
3.66577e+06 -256.459
3.66637e+06 -256.492
3.66697e+06 -256.526
3.66757e+06 -256.559
3.66817e+06 -256.592
3.66877e+06 -256.626
3.66937e+06 -256.659
3.66997e+06 -256.692
3.67057e+06 -256.726
3.67117e+06 -256.759
3.67177e+06 -256.792
3.67237e+06 -256.826
3.67297e+06 -256.859
3.67357e+06 -256.892
3.67417e+06 -256.926
3.67477e+06 -256.959
3.67537e+06 -256.992
3.67597e+06 -257.026
3.67657e+06 -257.059
3.67717e+06 -257.092
3.67777e+06 -257.126
3.67837e+06 -257.159
3.67897e+06 -257.192
3.67957e+06 -257.226
3.68017e+06 -257.259
3.68077e+06 -257.292
3.68137e+06 -257.326
3.68197e+06 -257.359
3.68257e+06 -257.392
3.68317e+06 -257.426
3.68377e+06 -257.459
3.68437e+06 -257.492
3.68497e+06 -257.526
3.68557e+06 -257.559
3.68617e+06 -257.593
3.68677e+06 -257.626
3.68737e+06 -257.659
3.68797e+06 -257.693
3.68857e+06 -257.726
3.68917e+06 -257.759
3.68977e+06 -257.793
3.69037e+06 -257.826
3.69097e+06 -257.859
3.69157e+06 -257.893
3.69217e+06 -257.926
3.69277e+06 -257.959
3.69337e+06 -257.993
3.69397e+06 -258.026
3.69457e+06 -258.059
3.69517e+06 -258.093
3.69577e+06 -258.126
3.69637e+06 -258.159
3.69697e+06 -258.193
3.69757e+06 -258.226
3.69817e+06 -258.259
3.69877e+06 -258.293
3.69937e+06 -258.326
3.69997e+06 -258.359
3.70057e+06 -258.393
3.70117e+06 -258.426
3.70177e+06 -258.459
3.70237e+06 -258.493
3.70297e+06 -258.526
3.70357e+06 -258.559
3.70417e+06 -258.593
3.70477e+06 -258.626
3.70537e+06 -258.659
3.70597e+06 -258.693
3.70657e+06 -258.726
3.70717e+06 -258.759
3.70777e+06 -258.793
3.70837e+06 -258.826
3.70897e+06 -258.859
3.70957e+06 -258.893
3.71017e+06 -258.926
3.71077e+06 -258.959
3.71137e+06 -258.993
3.71197e+06 -259.026
3.71257e+06 -259.059
3.71317e+06 -259.093
3.71377e+06 -259.126
3.71437e+06 -259.159
3.71497e+06 -259.193
3.71557e+06 -259.226
3.71617e+06 -259.259
3.71677e+06 -259.293
3.71737e+06 -259.326
3.71797e+06 -259.359
3.71857e+06 -259.393
3.71917e+06 -259.426
3.71977e+06 -259.46
3.72037e+06 -259.493
3.72097e+06 -259.526
3.72157e+06 -259.56
3.72217e+06 -259.593
3.72277e+06 -259.626
3.72337e+06 -259.66
3.72397e+06 -259.693
3.72457e+06 -259.726
3.72517e+06 -259.76
3.72577e+06 -259.793
3.72637e+06 -259.826
3.72697e+06 -259.86
3.72757e+06 -259.893
3.72817e+06 -259.926
3.72877e+06 -259.96
3.72937e+06 -259.993
3.72997e+06 -260.026
3.73057e+06 -260.06
3.73117e+06 -260.093
3.73177e+06 -260.126
3.73237e+06 -260.16
3.73297e+06 -260.193
3.73357e+06 -260.226
3.73417e+06 -260.26
3.73477e+06 -260.293
3.73537e+06 -260.326
3.73597e+06 -260.36
3.73657e+06 -260.393
3.73717e+06 -260.426
3.73777e+06 -260.46
3.73837e+06 -260.493
3.73897e+06 -260.526
3.73957e+06 -260.56
3.74017e+06 -260.593
3.74077e+06 -260.626
3.74137e+06 -260.66
3.74197e+06 -260.693
3.74257e+06 -260.726
3.74317e+06 -260.76
3.74377e+06 -260.793
3.74437e+06 -260.826
3.74497e+06 -260.86
3.74557e+06 -260.893
3.74617e+06 -260.926
3.74677e+06 -260.96
3.74737e+06 -260.993
3.74797e+06 -261.026
3.74857e+06 -261.06
3.74917e+06 -261.093
3.74977e+06 -261.126
3.75038e+06 -261.16
3.75098e+06 -261.193
3.75158e+06 -261.227
3.75218e+06 -261.26
3.75278e+06 -261.293
3.75338e+06 -261.327
3.75398e+06 -261.36
3.75458e+06 -261.393
3.75518e+06 -261.427
3.75578e+06 -261.46
3.75638e+06 -261.493
3.75698e+06 -261.527
3.75758e+06 -261.56
3.75818e+06 -261.593
3.75878e+06 -261.627
3.75938e+06 -261.66
3.75998e+06 -261.693
3.76058e+06 -261.727
3.76118e+06 -261.76
3.76178e+06 -261.793
3.76238e+06 -261.827
3.76298e+06 -261.86
3.76358e+06 -261.893
3.76418e+06 -261.927
3.76478e+06 -261.96
3.76538e+06 -261.993
3.76598e+06 -262.027
3.76658e+06 -262.06
3.76718e+06 -262.093
3.76778e+06 -262.127
3.76838e+06 -262.16
3.76898e+06 -262.193
3.76958e+06 -262.227
3.77018e+06 -262.26
3.77078e+06 -262.293
3.77138e+06 -262.327
3.77198e+06 -262.36
3.77258e+06 -262.393
3.77318e+06 -262.427
3.77378e+06 -262.46
3.77438e+06 -262.493
3.77498e+06 -262.527
3.77558e+06 -262.56
3.77618e+06 -262.593
3.77678e+06 -262.627
3.77738e+06 -262.66
3.77798e+06 -262.693
3.77858e+06 -262.727
3.77918e+06 -262.76
3.77978e+06 -262.793
3.78038e+06 -262.827
3.78098e+06 -262.86
3.78158e+06 -262.893
3.78218e+06 -262.927
3.78278e+06 -262.96
3.78338e+06 -262.993
3.78398e+06 -263.027
3.78458e+06 -263.06
3.78518e+06 -263.094
3.78578e+06 -263.127
3.78638e+06 -263.16
3.78698e+06 -263.194
3.78758e+06 -263.227
3.78818e+06 -263.26
3.78878e+06 -263.294
3.78938e+06 -263.327
3.78998e+06 -263.36
3.79058e+06 -263.394
3.79118e+06 -263.427
3.79178e+06 -263.46
3.79238e+06 -263.494
3.79298e+06 -263.527
3.79358e+06 -263.56
3.79418e+06 -263.594
3.79478e+06 -263.627
3.79538e+06 -263.66
3.79598e+06 -263.694
3.79658e+06 -263.727
3.79718e+06 -263.76
3.79778e+06 -263.794
3.79838e+06 -263.827
3.79898e+06 -263.86
3.79958e+06 -263.894
3.80018e+06 -263.927
3.80078e+06 -263.96
3.80138e+06 -263.994
3.80198e+06 -264.027
3.80258e+06 -264.06
3.80318e+06 -264.094
3.80378e+06 -264.127
3.80438e+06 -264.16
3.80498e+06 -264.194
3.80558e+06 -264.227
3.80618e+06 -264.26
3.80678e+06 -264.294
3.80738e+06 -264.327
3.80798e+06 -264.36
3.80858e+06 -264.394
3.80918e+06 -264.427
3.80978e+06 -264.46
3.81038e+06 -264.494
3.81098e+06 -264.527
3.81158e+06 -264.56
3.81218e+06 -264.594
3.81278e+06 -264.627
3.81338e+06 -264.66
3.81398e+06 -264.694
3.81458e+06 -264.727
3.81518e+06 -264.76
3.81578e+06 -264.794
3.81638e+06 -264.827
3.81698e+06 -264.861
3.81758e+06 -264.894
3.81818e+06 -264.927
3.81878e+06 -264.961
3.81938e+06 -264.994
3.81998e+06 -265.027
3.82058e+06 -265.061
3.82118e+06 -265.094
3.82178e+06 -265.127
3.82238e+06 -265.161
3.82298e+06 -265.194
3.82358e+06 -265.227
3.82418e+06 -265.261
3.82478e+06 -265.294
3.82538e+06 -265.327
3.82598e+06 -265.361
3.82658e+06 -265.394
3.82718e+06 -265.427
3.82778e+06 -265.461
3.82838e+06 -265.494
3.82898e+06 -265.527
3.82958e+06 -265.561
3.83018e+06 -265.594
3.83078e+06 -265.627
3.83138e+06 -265.661
3.83198e+06 -265.694
3.83258e+06 -265.727
3.83318e+06 -265.761
3.83378e+06 -265.794
3.83438e+06 -265.827
3.83498e+06 -265.861
3.83558e+06 -265.894
3.83618e+06 -265.927
3.83678e+06 -265.961
3.83738e+06 -265.994
3.83798e+06 -266.027
3.83858e+06 -266.061
3.83918e+06 -266.094
3.83978e+06 -266.127
3.84038e+06 -266.161
3.84098e+06 -266.194
3.84158e+06 -266.227
3.84218e+06 -266.261
3.84278e+06 -266.294
3.84338e+06 -266.327
3.84398e+06 -266.361
3.84458e+06 -266.394
3.84518e+06 -266.427
3.84578e+06 -266.461
3.84638e+06 -266.494
3.84698e+06 -266.527
3.84758e+06 -266.561
3.84818e+06 -266.594
3.84878e+06 -266.628
3.84938e+06 -266.661
3.84998e+06 -266.694
3.85059e+06 -266.728
3.85119e+06 -266.761
3.85179e+06 -266.794
3.85239e+06 -266.828
3.85299e+06 -266.861
3.85359e+06 -266.894
3.85419e+06 -266.928
3.85479e+06 -266.961
3.85539e+06 -266.994
3.85599e+06 -267.028
3.85659e+06 -267.061
3.85719e+06 -267.094
3.85779e+06 -267.128
3.85839e+06 -267.161
3.85899e+06 -267.194
3.85959e+06 -267.228
3.86019e+06 -267.261
3.86079e+06 -267.294
3.86139e+06 -267.328
3.86199e+06 -267.361
3.86259e+06 -267.394
3.86319e+06 -267.428
3.86379e+06 -267.461
3.86439e+06 -267.494
3.86499e+06 -267.528
3.86559e+06 -267.561
3.86619e+06 -267.594
3.86679e+06 -267.628
3.86739e+06 -267.661
3.86799e+06 -267.694
3.86859e+06 -267.728
3.86919e+06 -267.761
3.86979e+06 -267.794
3.87039e+06 -267.828
3.87099e+06 -267.861
3.87159e+06 -267.894
3.87219e+06 -267.928
3.87279e+06 -267.961
3.87339e+06 -267.994
3.87399e+06 -268.028
3.87459e+06 -268.061
3.87519e+06 -268.094
3.87579e+06 -268.128
3.87639e+06 -268.161
3.87699e+06 -268.194
3.87759e+06 -268.228
3.87819e+06 -268.261
3.87879e+06 -268.294
3.87939e+06 -268.328
3.87999e+06 -268.361
3.88059e+06 -268.394
3.88119e+06 -268.428
3.88179e+06 -268.461
3.88239e+06 -268.495
3.88299e+06 -268.528
3.88359e+06 -268.561
3.88419e+06 -268.595
3.88479e+06 -268.628
3.88539e+06 -268.661
3.88599e+06 -268.695
3.88659e+06 -268.728
3.88719e+06 -268.761
3.88779e+06 -268.795
3.88839e+06 -268.828
3.88899e+06 -268.861
3.88959e+06 -268.895
3.89019e+06 -268.928
3.89079e+06 -268.961
3.89139e+06 -268.995
3.89199e+06 -269.028
3.89259e+06 -269.061
3.89319e+06 -265.264
3.89379e+06 -259.228
3.89439e+06 -253.589
3.89499e+06 -248.304
3.89559e+06 -243.339
3.89619e+06 -238.663
3.89679e+06 -234.248
3.89739e+06 -230.071
3.89799e+06 -226.112
3.89859e+06 -222.352
3.89919e+06 -218.775
3.89979e+06 -215.367
3.90039e+06 -212.115
3.90099e+06 -209.008
3.90159e+06 -206.034
3.90219e+06 -203.185
3.90279e+06 -200.452
3.90339e+06 -197.828
3.90399e+06 -195.306
3.90459e+06 -192.878
3.90519e+06 -190.54
3.90579e+06 -188.286
3.90639e+06 -186.112
3.90699e+06 -184.011
3.90759e+06 -181.982
3.90819e+06 -180.019
3.90879e+06 -178.118
3.90939e+06 -176.278
3.90999e+06 -174.494
3.91059e+06 -172.765
3.91119e+06 -171.086
3.91179e+06 -169.456
3.91239e+06 -167.873
3.91299e+06 -166.334
3.91359e+06 -164.837
3.91419e+06 -163.38
3.91479e+06 -161.962
3.91539e+06 -160.581
3.91599e+06 -159.236
3.91659e+06 -157.924
3.91719e+06 -156.645
3.91779e+06 -155.396
3.91839e+06 -154.178
3.91899e+06 -152.989
3.91959e+06 -151.827
3.92019e+06 -150.691
3.92079e+06 -149.582
3.92139e+06 -148.497
3.92199e+06 -147.436
3.92259e+06 -146.397
3.92319e+06 -145.381
3.92379e+06 -144.386
3.92439e+06 -143.412
3.92499e+06 -142.457
3.92559e+06 -141.522
3.92619e+06 -140.605
3.92679e+06 -139.707
3.92739e+06 -138.826
3.92799e+06 -137.961
3.92859e+06 -137.113
3.92919e+06 -136.281
3.92979e+06 -135.464
3.93039e+06 -134.662
3.93099e+06 -133.875
3.93159e+06 -133.101
3.93219e+06 -132.341
3.93279e+06 -131.594
3.93339e+06 -130.86
3.93399e+06 -130.139
3.93459e+06 -129.43
3.93519e+06 -128.732
3.93579e+06 -128.046
3.93639e+06 -127.371
3.93699e+06 -126.707
3.93759e+06 -126.054
3.93819e+06 -125.411
3.93879e+06 -124.778
3.93939e+06 -124.154
3.93999e+06 -123.54
3.94059e+06 -122.936
3.94119e+06 -122.34
3.94179e+06 -121.754
3.94239e+06 -121.176
3.94299e+06 -120.606
3.94359e+06 -120.045
3.94419e+06 -119.491
3.94479e+06 -118.946
3.94539e+06 -118.408
3.94599e+06 -117.878
3.94659e+06 -117.355
3.94719e+06 -116.839
3.94779e+06 -116.33
3.94839e+06 -115.827
3.94899e+06 -115.332
3.94959e+06 -114.843
3.9502e+06 -114.36
3.9508e+06 -113.884
3.9514e+06 -113.414
3.952e+06 -112.949
3.9526e+06 -112.491
3.9532e+06 -112.038
3.9538e+06 -111.591
3.9544e+06 -111.15
3.955e+06 -110.714
3.9556e+06 -110.283
3.9562e+06 -109.857
3.9568e+06 -109.437
3.9574e+06 -109.021
3.958e+06 -108.611
3.9586e+06 -108.205
3.9592e+06 -107.803
3.9598e+06 -107.407
3.9604e+06 -107.015
3.961e+06 -106.627
3.9616e+06 -106.244
3.9622e+06 -105.865
3.9628e+06 -105.49
3.9634e+06 -105.119
3.964e+06 -104.753
3.9646e+06 -104.39
3.9652e+06 -104.031
3.9658e+06 -103.676
3.9664e+06 -103.325
3.967e+06 -102.978
3.9676e+06 -102.634
3.9682e+06 -102.294
3.9688e+06 -101.957
3.9694e+06 -101.624
3.97e+06 -101.294
3.9706e+06 -100.967
3.9712e+06 -100.644
3.9718e+06 -100.324
3.9724e+06 -100.007
3.973e+06 -99.6934
3.9736e+06 -99.3827
3.9742e+06 -99.0751
3.9748e+06 -98.7704
3.9754e+06 -98.4687
3.976e+06 -98.1699
3.9766e+06 -97.8739
3.9772e+06 -97.5807
3.9778e+06 -97.2902
3.9784e+06 -97.0024
3.979e+06 -96.7174
3.9796e+06 -96.4349
3.9802e+06 -96.155
3.9808e+06 -95.8777
3.9814e+06 -95.6029
3.982e+06 -95.3305
3.9826e+06 -95.0606
3.9832e+06 -94.7931
3.9838e+06 -94.528
3.9844e+06 -94.2652
3.985e+06 -94.0047
3.9856e+06 -93.7464
3.9862e+06 -93.4904
3.9868e+06 -93.2366
3.9874e+06 -92.9849
3.988e+06 -92.7354
3.9886e+06 -92.488
3.9892e+06 -92.2427
3.9898e+06 -91.9994
3.9904e+06 -91.7582
3.991e+06 -91.5189
3.9916e+06 -91.2816
3.9922e+06 -91.0463
3.9928e+06 -90.8129
3.9934e+06 -90.5813
3.994e+06 -90.3517
3.9946e+06 -90.1238
3.9952e+06 -89.8978
3.9958e+06 -89.6736
3.9964e+06 -89.4512
3.997e+06 -89.2305
3.9976e+06 -89.0115
3.9982e+06 -88.7942
3.9988e+06 -88.5786
3.9994e+06 -88.3647
4e+06 -88.1524
4.0006e+06 -87.9417
4.0012e+06 -87.7326
4.0018e+06 -87.5251
4.0024e+06 -87.3191
4.003e+06 -87.1147
4.0036e+06 -86.9118
4.0042e+06 -86.7104
4.0048e+06 -86.5105
4.0054e+06 -86.3121
4.006e+06 -86.1151
4.0066e+06 -85.9195
4.0072e+06 -85.7253
4.0078e+06 -85.5326
4.0084e+06 -85.3412
4.009e+06 -85.1512
4.0096e+06 -84.9625
4.0102e+06 -84.7752
4.0108e+06 -84.5892
4.0114e+06 -84.4045
4.012e+06 -84.2211
4.0126e+06 -84.0389
4.0132e+06 -83.858
4.0138e+06 -83.6784
4.0144e+06 -83.4999
4.015e+06 -83.3227
4.0156e+06 -83.1467
4.0162e+06 -82.9719
4.0168e+06 -82.7983
4.0174e+06 -82.6258
4.018e+06 -82.4545
4.0186e+06 -82.2843
4.0192e+06 -82.1152
4.0198e+06 -81.9472
4.0204e+06 -81.7804
4.021e+06 -81.6146
4.0216e+06 -81.4499
4.0222e+06 -81.2863
4.0228e+06 -81.1238
4.0234e+06 -80.9622
4.024e+06 -80.8017
4.0246e+06 -80.6423
4.0252e+06 -80.4838
4.0258e+06 -80.3264
4.0264e+06 -80.1699
4.027e+06 -80.0144
4.0276e+06 -79.8599
4.0282e+06 -79.7063
4.0288e+06 -79.5537
4.0294e+06 -79.4021
4.03e+06 -79.2513
4.0306e+06 -79.1015
4.0312e+06 -78.9526
4.0318e+06 -78.8046
4.0324e+06 -78.6575
4.033e+06 -78.5113
4.0336e+06 -78.366
4.0342e+06 -78.2215
4.0348e+06 -78.0779
4.0354e+06 -77.9352
4.036e+06 -77.7932
4.0366e+06 -77.6522
4.0372e+06 -77.5119
4.0378e+06 -77.3725
4.0384e+06 -77.2339
4.039e+06 -77.0961
4.0396e+06 -76.959
4.0402e+06 -76.8228
4.0408e+06 -76.6873
4.0414e+06 -76.5527
4.042e+06 -76.4188
4.0426e+06 -76.2856
4.0432e+06 -76.1532
4.0438e+06 -76.0216
4.0444e+06 -75.8906
4.045e+06 -75.7605
4.0456e+06 -75.631
4.0462e+06 -75.5023
4.0468e+06 -75.3742
4.0474e+06 -75.2469
4.048e+06 -75.1203
4.0486e+06 -74.9944
4.0492e+06 -74.8691
4.0498e+06 -74.7446
4.05041e+06 -74.6207
4.05101e+06 -74.4975
4.05161e+06 -74.3749
4.05221e+06 -74.253
4.05281e+06 -74.1317
4.05341e+06 -74.0111
4.05401e+06 -73.8912
4.05461e+06 -73.7719
4.05521e+06 -73.6532
4.05581e+06 -73.5351
4.05641e+06 -73.4176
4.05701e+06 -73.3008
4.05761e+06 -73.1845
4.05821e+06 -73.0689
4.05881e+06 -72.9539
4.05941e+06 -72.8394
4.06001e+06 -72.7256
4.06061e+06 -72.6123
4.06121e+06 -72.4996
4.06181e+06 -72.3875
4.06241e+06 -72.2759
4.06301e+06 -72.1649
4.06361e+06 -72.0545
4.06421e+06 -71.9446
4.06481e+06 -71.8353
4.06541e+06 -71.7265
4.06601e+06 -71.6182
4.06661e+06 -71.5105
4.06721e+06 -71.4033
4.06781e+06 -71.2967
4.06841e+06 -71.1906
4.06901e+06 -71.085
4.06961e+06 -70.9799
4.07021e+06 -70.8753
4.07081e+06 -70.7712
4.07141e+06 -70.6676
4.07201e+06 -70.5646
4.07261e+06 -70.462
4.07321e+06 -70.3599
4.07381e+06 -70.2583
4.07441e+06 -70.1572
4.07501e+06 -70.0565
4.07561e+06 -69.9564
4.07621e+06 -69.8567
4.07681e+06 -69.7575
4.07741e+06 -69.6587
4.07801e+06 -69.5604
4.07861e+06 -69.4626
4.07921e+06 -69.3652
4.07981e+06 -69.2683
4.08041e+06 -69.1718
4.08101e+06 -69.0757
4.08161e+06 -68.9801
4.08221e+06 -68.885
4.08281e+06 -68.7903
4.08341e+06 -68.696
4.08401e+06 -68.6021
4.08461e+06 -68.5087
4.08521e+06 -68.4156
4.08581e+06 -68.323
4.08641e+06 -68.2309
4.08701e+06 -68.1391
4.08761e+06 -68.0477
4.08821e+06 -67.9568
4.08881e+06 -67.8662
4.08941e+06 -67.7761
4.09001e+06 -67.6863
4.09061e+06 -67.5969
4.09121e+06 -67.508
4.09181e+06 -67.4194
4.09241e+06 -67.3312
4.09301e+06 -67.2434
4.09361e+06 -67.156
4.09421e+06 -67.0689
4.09481e+06 -66.9823
4.09541e+06 -66.896
4.09601e+06 -66.81
4.09661e+06 -66.7245
4.09721e+06 -66.6393
4.09781e+06 -66.5544
4.09841e+06 -66.47
4.09901e+06 -66.3858
4.09961e+06 -66.3021
4.10021e+06 -66.2187
4.10081e+06 -66.1356
4.10141e+06 -66.0529
4.10201e+06 -65.9705
4.10261e+06 -65.8885
4.10321e+06 -65.8068
4.10381e+06 -65.7255
4.10441e+06 -65.6445
4.10501e+06 -65.5638
4.10561e+06 -65.4835
4.10621e+06 -65.4035
4.10681e+06 -65.3238
4.10741e+06 -65.2444
4.10801e+06 -65.1654
4.10861e+06 -65.0867
4.10921e+06 -65.0083
4.10981e+06 -64.9302
4.11041e+06 -64.8525
4.11101e+06 -64.775
4.11161e+06 -64.6979
4.11221e+06 -64.621
4.11281e+06 -64.5445
4.11341e+06 -64.4683
4.11401e+06 -64.3924
4.11461e+06 -64.3168
4.11521e+06 -64.2415
4.11581e+06 -64.1664
4.11641e+06 -64.0917
4.11701e+06 -64.0173
4.11761e+06 -63.9431
4.11821e+06 -63.8693
4.11881e+06 -63.7957
4.11941e+06 -63.7224
4.12001e+06 -63.6494
4.12061e+06 -63.5767
4.12121e+06 -63.5043
4.12181e+06 -63.4321
4.12241e+06 -63.3603
4.12301e+06 -63.2887
4.12361e+06 -63.2173
4.12421e+06 -63.1463
4.12481e+06 -63.0755
4.12541e+06 -63.005
4.12601e+06 -62.9347
4.12661e+06 -62.8647
4.12721e+06 -62.795
4.12781e+06 -62.7255
4.12841e+06 -62.6563
4.12901e+06 -62.5874
4.12961e+06 -62.5187
4.13021e+06 -62.4503
4.13081e+06 -62.3821
4.13141e+06 -62.3142
4.13201e+06 -62.2465
4.13261e+06 -62.1791
4.13321e+06 -62.1119
4.13381e+06 -62.0449
4.13441e+06 -61.9783
4.13501e+06 -61.9118
4.13561e+06 -61.8456
4.13621e+06 -61.7796
4.13681e+06 -61.7139
4.13741e+06 -61.6484
4.13801e+06 -61.5832
4.13861e+06 -61.5182
4.13921e+06 -61.4534
4.13981e+06 -61.3889
4.14041e+06 -61.3245
4.14101e+06 -61.2605
4.14161e+06 -61.1966
4.14221e+06 -61.133
4.14281e+06 -61.0696
4.14341e+06 -61.0064
4.14401e+06 -60.9434
4.14461e+06 -60.8807
4.14521e+06 -60.8182
4.14581e+06 -60.7559
4.14641e+06 -60.6938
4.14701e+06 -60.6319
4.14761e+06 -60.5703
4.14821e+06 -60.5089
4.14881e+06 -60.4476
4.14941e+06 -60.3866
4.15002e+06 -60.3258
4.15062e+06 -60.2652
4.15122e+06 -60.2049
4.15182e+06 -60.1447
4.15242e+06 -60.0847
4.15302e+06 -60.025
4.15362e+06 -59.9654
4.15422e+06 -59.9061
4.15482e+06 -59.8469
4.15542e+06 -59.788
4.15602e+06 -59.7292
4.15662e+06 -59.6706
4.15722e+06 -59.6123
4.15782e+06 -59.5541
4.15842e+06 -59.4962
4.15902e+06 -59.4384
4.15962e+06 -59.3808
4.16022e+06 -59.3234
4.16082e+06 -59.2662
4.16142e+06 -59.2092
4.16202e+06 -59.1524
4.16262e+06 -59.0958
4.16322e+06 -59.0393
4.16382e+06 -58.9831
4.16442e+06 -58.927
4.16502e+06 -58.8711
4.16562e+06 -58.8154
4.16622e+06 -58.7599
4.16682e+06 -58.7045
4.16742e+06 -58.6494
4.16802e+06 -58.5944
4.16862e+06 -58.5396
4.16922e+06 -58.4849
4.16982e+06 -58.4305
4.17042e+06 -58.3762
4.17102e+06 -58.3221
4.17162e+06 -58.2682
4.17222e+06 -58.2144
4.17282e+06 -58.1608
4.17342e+06 -58.1074
4.17402e+06 -58.0541
4.17462e+06 -58.0011
4.17522e+06 -57.9482
4.17582e+06 -57.8954
4.17642e+06 -57.8428
4.17702e+06 -57.7904
4.17762e+06 -57.7382
4.17822e+06 -57.6861
4.17882e+06 -57.6342
4.17942e+06 -57.5824
4.18002e+06 -57.5308
4.18062e+06 -57.4794
4.18122e+06 -57.4281
4.18182e+06 -57.377
4.18242e+06 -57.326
4.18302e+06 -57.2752
4.18362e+06 -57.2246
4.18422e+06 -57.1741
4.18482e+06 -57.1238
4.18542e+06 -57.0736
4.18602e+06 -57.0236
4.18662e+06 -56.9737
4.18722e+06 -56.924
4.18782e+06 -56.8744
4.18842e+06 -56.825
4.18902e+06 -56.7757
4.18962e+06 -56.7266
4.19022e+06 -56.6776
4.19082e+06 -56.6288
4.19142e+06 -56.5801
4.19202e+06 -56.5316
4.19262e+06 -56.4832
4.19322e+06 -56.435
4.19382e+06 -56.3869
4.19442e+06 -56.3389
4.19502e+06 -56.2911
4.19562e+06 -56.2434
4.19622e+06 -56.1959
4.19682e+06 -56.1485
4.19742e+06 -56.1013
4.19802e+06 -56.0542
4.19862e+06 -56.0072
4.19922e+06 -55.9604
4.19982e+06 -55.9137
4.20042e+06 -55.8671
4.20102e+06 -55.8207
4.20162e+06 -55.7744
4.20222e+06 -55.7282
4.20282e+06 -55.6822
4.20342e+06 -55.6363
4.20402e+06 -55.5906
4.20462e+06 -55.545
4.20522e+06 -55.4995
4.20582e+06 -55.4541
4.20642e+06 -55.4089
4.20702e+06 -55.3638
4.20762e+06 -55.3188
4.20822e+06 -55.274
4.20882e+06 -55.2293
4.20942e+06 -55.1847
4.21002e+06 -55.1402
4.21062e+06 -55.0959
4.21122e+06 -55.0517
4.21182e+06 -55.0076
4.21242e+06 -54.9637
4.21302e+06 -54.9198
4.21362e+06 -54.8761
4.21422e+06 -54.8325
4.21482e+06 -54.7891
4.21542e+06 -54.7457
4.21602e+06 -54.7025
4.21662e+06 -54.6594
4.21722e+06 -54.6164
4.21782e+06 -54.5736
4.21842e+06 -54.5308
4.21902e+06 -54.4882
4.21962e+06 -54.4457
4.22022e+06 -54.4033
4.22082e+06 -54.3611
4.22142e+06 -54.3189
4.22202e+06 -54.2769
4.22262e+06 -54.2349
4.22322e+06 -54.1931
4.22382e+06 -54.1514
4.22442e+06 -54.1099
4.22502e+06 -54.0684
4.22562e+06 -54.027
4.22622e+06 -53.9858
4.22682e+06 -53.9447
4.22742e+06 -53.9036
4.22802e+06 -53.8627
4.22862e+06 -53.8219
4.22922e+06 -53.7813
4.22982e+06 -53.7407
4.23042e+06 -53.7002
4.23102e+06 -53.6598
4.23162e+06 -53.6196
4.23222e+06 -53.5794
4.23282e+06 -53.5394
4.23342e+06 -53.4995
4.23402e+06 -53.4596
4.23462e+06 -53.4199
4.23522e+06 -53.3803
4.23582e+06 -53.3408
4.23642e+06 -53.3014
4.23702e+06 -53.2621
4.23762e+06 -53.2229
4.23822e+06 -53.1838
4.23882e+06 -53.1448
4.23942e+06 -53.1059
4.24002e+06 -53.0671
4.24062e+06 -53.0284
4.24122e+06 -52.9899
4.24182e+06 -52.9514
4.24242e+06 -52.913
4.24302e+06 -52.8747
4.24362e+06 -52.8365
4.24422e+06 -52.7984
4.24482e+06 -52.7604
4.24542e+06 -52.7225
4.24602e+06 -52.6847
4.24662e+06 -52.647
4.24722e+06 -52.6094
4.24782e+06 -52.5719
4.24842e+06 -52.5345
4.24902e+06 -52.4972
4.24962e+06 -52.46
4.25023e+06 -52.4229
4.25083e+06 -52.3858
4.25143e+06 -52.3489
4.25203e+06 -52.3121
4.25263e+06 -52.2753
4.25323e+06 -52.2387
4.25383e+06 -52.2021
4.25443e+06 -52.1656
4.25503e+06 -52.1293
4.25563e+06 -52.093
4.25623e+06 -52.0568
4.25683e+06 -52.0207
4.25743e+06 -51.9846
4.25803e+06 -51.9487
4.25863e+06 -51.9129
4.25923e+06 -51.8771
4.25983e+06 -51.8415
4.26043e+06 -51.8059
4.26103e+06 -51.7704
4.26163e+06 -51.735
4.26223e+06 -51.6997
4.26283e+06 -51.6645
4.26343e+06 -51.6294
4.26403e+06 -51.5943
4.26463e+06 -51.5594
4.26523e+06 -51.5245
4.26583e+06 -51.4897
4.26643e+06 -51.455
4.26703e+06 -51.4204
4.26763e+06 -51.3858
4.26823e+06 -51.3514
4.26883e+06 -51.317
4.26943e+06 -51.2827
4.27003e+06 -51.2485
4.27063e+06 -51.2144
4.27123e+06 -51.1804
4.27183e+06 -51.1464
4.27243e+06 -51.1125
4.27303e+06 -51.0788
4.27363e+06 -51.045
4.27423e+06 -51.0114
4.27483e+06 -50.9779
4.27543e+06 -50.9444
4.27603e+06 -50.911
4.27663e+06 -50.8777
4.27723e+06 -50.8445
4.27783e+06 -50.8113
4.27843e+06 -50.7782
4.27903e+06 -50.7453
4.27963e+06 -50.7123
4.28023e+06 -50.6795
4.28083e+06 -50.6467
4.28143e+06 -50.6141
4.28203e+06 -50.5815
4.28263e+06 -50.5489
4.28323e+06 -50.5165
4.28383e+06 -50.4841
4.28443e+06 -50.4518
4.28503e+06 -50.4196
4.28563e+06 -50.3874
4.28623e+06 -50.3553
4.28683e+06 -50.3233
4.28743e+06 -50.2914
4.28803e+06 -50.2596
4.28863e+06 -50.2278
4.28923e+06 -50.1961
4.28983e+06 -50.1644
4.29043e+06 -50.1329
4.29103e+06 -50.1014
4.29163e+06 -50.07
4.29223e+06 -50.0386
4.29283e+06 -50.0074
4.29343e+06 -49.9762
4.29403e+06 -49.945
4.29463e+06 -49.914
4.29523e+06 -49.883
4.29583e+06 -49.8521
4.29643e+06 -49.8212
4.29703e+06 -49.7905
4.29763e+06 -49.7597
4.29823e+06 -49.7291
4.29883e+06 -49.6985
4.29943e+06 -49.6681
4.30003e+06 -49.6376
4.30063e+06 -49.6073
4.30123e+06 -49.577
4.30183e+06 -49.5467
4.30243e+06 -49.5166
4.30303e+06 -49.4865
4.30363e+06 -49.4565
4.30423e+06 -49.4265
4.30483e+06 -49.3966
4.30543e+06 -49.3668
4.30603e+06 -49.3371
4.30663e+06 -49.3074
4.30723e+06 -49.2778
4.30783e+06 -49.2482
4.30843e+06 -49.2187
4.30903e+06 -49.1893
4.30963e+06 -49.1599
4.31023e+06 -49.1306
4.31083e+06 -49.1014
4.31143e+06 -49.0722
4.31203e+06 -49.0431
4.31263e+06 -49.0141
4.31323e+06 -48.9851
4.31383e+06 -48.9562
4.31443e+06 -48.9274
4.31503e+06 -48.8986
4.31563e+06 -48.8698
4.31623e+06 -48.8412
4.31683e+06 -48.8126
4.31743e+06 -48.7841
4.31803e+06 -48.7556
4.31863e+06 -48.7272
4.31923e+06 -48.6988
4.31983e+06 -48.6705
4.32043e+06 -48.6423
4.32103e+06 -48.6141
4.32163e+06 -48.586
4.32223e+06 -48.558
4.32283e+06 -48.53
4.32343e+06 -48.5021
4.32403e+06 -48.4742
4.32463e+06 -48.4464
4.32523e+06 -48.4186
4.32583e+06 -48.3909
4.32643e+06 -48.3633
4.32703e+06 -48.3357
4.32763e+06 -48.3082
4.32823e+06 -48.2808
4.32883e+06 -48.2534
4.32943e+06 -48.226
4.33003e+06 -48.1988
4.33063e+06 -48.1715
4.33123e+06 -48.1444
4.33183e+06 -48.1173
4.33243e+06 -48.0902
4.33303e+06 -48.0632
4.33363e+06 -48.0363
4.33423e+06 -48.0094
4.33483e+06 -47.9826
4.33543e+06 -47.9558
4.33603e+06 -47.9291
4.33663e+06 -47.9024
4.33723e+06 -47.8758
4.33783e+06 -47.8493
4.33843e+06 -47.8228
4.33903e+06 -47.7963
4.33963e+06 -47.77
4.34023e+06 -47.7436
4.34083e+06 -47.7174
4.34143e+06 -47.6911
4.34203e+06 -47.665
4.34263e+06 -47.6389
4.34323e+06 -47.6128
4.34383e+06 -47.5868
4.34443e+06 -47.5608
4.34503e+06 -47.5349
4.34563e+06 -47.5091
4.34623e+06 -47.4833
4.34683e+06 -47.4576
4.34743e+06 -47.4319
4.34803e+06 -47.4062
4.34863e+06 -47.3807
4.34923e+06 -47.3551
4.34983e+06 -47.3297
4.35044e+06 -47.3042
4.35104e+06 -47.2788
4.35164e+06 -47.2535
4.35224e+06 -47.2282
4.35284e+06 -47.203
4.35344e+06 -47.1779
4.35404e+06 -47.1527
4.35464e+06 -47.1277
4.35524e+06 -47.1026
4.35584e+06 -47.0777
4.35644e+06 -47.0527
4.35704e+06 -47.0279
4.35764e+06 -47.0031
4.35824e+06 -46.9783
4.35884e+06 -46.9536
4.35944e+06 -46.9289
4.36004e+06 -46.9043
4.36064e+06 -46.8797
4.36124e+06 -46.8552
4.36184e+06 -46.8307
4.36244e+06 -46.8063
4.36304e+06 -46.7819
4.36364e+06 -46.7575
4.36424e+06 -46.7333
4.36484e+06 -46.709
4.36544e+06 -46.6848
4.36604e+06 -46.6607
4.36664e+06 -46.6366
4.36724e+06 -46.6125
4.36784e+06 -46.5885
4.36844e+06 -46.5646
4.36904e+06 -46.5407
4.36964e+06 -46.5168
4.37024e+06 -46.493
4.37084e+06 -46.4692
4.37144e+06 -46.4455
4.37204e+06 -46.4218
4.37264e+06 -46.3982
4.37324e+06 -46.3746
4.37384e+06 -46.3511
4.37444e+06 -46.3276
4.37504e+06 -46.3041
4.37564e+06 -46.2807
4.37624e+06 -46.2574
4.37684e+06 -46.2341
4.37744e+06 -46.2108
4.37804e+06 -46.1876
4.37864e+06 -46.1644
4.37924e+06 -46.1413
4.37984e+06 -46.1182
4.38044e+06 -46.0951
4.38104e+06 -46.0721
4.38164e+06 -46.0492
4.38224e+06 -46.0263
4.38284e+06 -46.0034
4.38344e+06 -45.9806
4.38404e+06 -45.9578
4.38464e+06 -45.935
4.38524e+06 -45.9123
4.38584e+06 -45.8897
4.38644e+06 -45.8671
4.38704e+06 -45.8445
4.38764e+06 -45.822
4.38824e+06 -45.7995
4.38884e+06 -45.777
4.38944e+06 -45.7546
4.39004e+06 -45.7323
4.39064e+06 -45.71
4.39124e+06 -45.6877
4.39184e+06 -45.6655
4.39244e+06 -45.6433
4.39304e+06 -45.6211
4.39364e+06 -45.599
4.39424e+06 -45.5769
4.39484e+06 -45.5549
4.39544e+06 -45.5329
4.39604e+06 -45.511
4.39664e+06 -45.4891
4.39724e+06 -45.4672
4.39784e+06 -45.4454
4.39844e+06 -45.4236
4.39904e+06 -45.4019
4.39964e+06 -45.3802
4.40024e+06 -45.3585
4.40084e+06 -45.3369
4.40144e+06 -45.3153
4.40204e+06 -45.2937
4.40264e+06 -45.2722
4.40324e+06 -45.2508
4.40384e+06 -45.2294
4.40444e+06 -45.208
4.40504e+06 -45.1866
4.40564e+06 -45.1653
4.40624e+06 -45.144
4.40684e+06 -45.1228
4.40744e+06 -45.1016
4.40804e+06 -45.0805
4.40864e+06 -45.0593
4.40924e+06 -45.0383
4.40984e+06 -45.0172
4.41044e+06 -44.9962
4.41104e+06 -44.9753
4.41164e+06 -44.9543
4.41224e+06 -44.9335
4.41284e+06 -44.9126
4.41344e+06 -44.8918
4.41404e+06 -44.871
4.41464e+06 -44.8503
4.41524e+06 -44.8296
4.41584e+06 -44.8089
4.41644e+06 -44.7883
4.41704e+06 -44.7677
4.41764e+06 -44.7471
4.41824e+06 -44.7266
4.41884e+06 -44.7061
4.41944e+06 -44.6857
4.42004e+06 -44.6653
4.42064e+06 -44.6449
4.42124e+06 -44.6246
4.42184e+06 -44.6043
4.42244e+06 -44.584
4.42304e+06 -44.5638
4.42364e+06 -44.5436
4.42424e+06 -44.5235
4.42484e+06 -44.5033
4.42544e+06 -44.4832
4.42604e+06 -44.4632
4.42664e+06 -44.4432
4.42724e+06 -44.4232
4.42784e+06 -44.4033
4.42844e+06 -44.3834
4.42904e+06 -44.3635
4.42964e+06 -44.3436
4.43024e+06 -44.3238
4.43084e+06 -44.3041
4.43144e+06 -44.2843
4.43204e+06 -44.2646
4.43264e+06 -44.245
4.43324e+06 -44.2253
4.43384e+06 -44.2057
4.43444e+06 -44.1862
4.43504e+06 -44.1666
4.43564e+06 -44.1471
4.43624e+06 -44.1277
4.43684e+06 -44.1082
4.43744e+06 -44.0888
4.43804e+06 -44.0695
4.43864e+06 -44.0501
4.43924e+06 -44.0308
4.43984e+06 -44.0116
4.44044e+06 -43.9924
4.44104e+06 -43.9732
4.44164e+06 -43.954
4.44224e+06 -43.9349
4.44284e+06 -43.9158
4.44344e+06 -43.8967
4.44404e+06 -43.8777
4.44464e+06 -43.8587
4.44524e+06 -43.8397
4.44584e+06 -43.8208
4.44644e+06 -43.8018
4.44704e+06 -43.783
4.44764e+06 -43.7641
4.44824e+06 -43.7453
4.44884e+06 -43.7265
4.44944e+06 -43.7078
4.45005e+06 -43.6891
4.45065e+06 -43.6704
4.45125e+06 -43.6518
4.45185e+06 -43.6331
4.45245e+06 -43.6145
4.45305e+06 -43.596
4.45365e+06 -43.5775
4.45425e+06 -43.559
4.45485e+06 -43.5405
4.45545e+06 -43.5221
4.45605e+06 -43.5037
4.45665e+06 -43.4853
4.45725e+06 -43.467
4.45785e+06 -43.4487
4.45845e+06 -43.4304
4.45905e+06 -43.4121
4.45965e+06 -43.3939
4.46025e+06 -43.3757
4.46085e+06 -43.3576
4.46145e+06 -43.3394
4.46205e+06 -43.3213
4.46265e+06 -43.3033
4.46325e+06 -43.2852
4.46385e+06 -43.2672
4.46445e+06 -43.2492
4.46505e+06 -43.2313
4.46565e+06 -43.2134
4.46625e+06 -43.1955
4.46685e+06 -43.1776
4.46745e+06 -43.1598
4.46805e+06 -43.142
4.46865e+06 -43.1242
4.46925e+06 -43.1065
4.46985e+06 -43.0888
4.47045e+06 -43.0711
4.47105e+06 -43.0534
4.47165e+06 -43.0358
4.47225e+06 -43.0182
4.47285e+06 -43.0006
4.47345e+06 -42.9831
4.47405e+06 -42.9656
4.47465e+06 -42.9481
4.47525e+06 -42.9306
4.47585e+06 -42.9132
4.47645e+06 -42.8958
4.47705e+06 -42.8784
4.47765e+06 -42.8611
4.47825e+06 -42.8438
4.47885e+06 -42.8265
4.47945e+06 -42.8092
4.48005e+06 -42.792
4.48065e+06 -42.7748
4.48125e+06 -42.7576
4.48185e+06 -42.7404
4.48245e+06 -42.7233
4.48305e+06 -42.7062
4.48365e+06 -42.6892
4.48425e+06 -42.6721
4.48485e+06 -42.6551
4.48545e+06 -42.6381
4.48605e+06 -42.6212
4.48665e+06 -42.6042
4.48725e+06 -42.5873
4.48785e+06 -42.5704
4.48845e+06 -42.5536
4.48905e+06 -42.5368
4.48965e+06 -42.52
4.49025e+06 -42.5032
4.49085e+06 -42.4865
4.49145e+06 -42.4697
4.49205e+06 -42.453
4.49265e+06 -42.4364
4.49325e+06 -42.4197
4.49385e+06 -42.4031
4.49445e+06 -42.3865
4.49505e+06 -42.37
4.49565e+06 -42.3534
4.49625e+06 -42.3369
4.49685e+06 -42.3204
4.49745e+06 -42.304
4.49805e+06 -42.2876
4.49865e+06 -42.2712
4.49925e+06 -42.2548
4.49985e+06 -42.2384
4.50045e+06 -42.2221
4.50105e+06 -42.2058
4.50165e+06 -42.1895
4.50225e+06 -42.1733
4.50285e+06 -42.157
4.50345e+06 -42.1408
4.50405e+06 -42.1246
4.50465e+06 -42.1085
4.50525e+06 -42.0924
4.50585e+06 -42.0763
4.50645e+06 -42.0602
4.50705e+06 -42.0441
4.50765e+06 -42.0281
4.50825e+06 -42.0121
4.50885e+06 -41.9961
4.50945e+06 -41.9802
4.51005e+06 -41.9642
4.51065e+06 -41.9483
4.51125e+06 -41.9325
4.51185e+06 -41.9166
4.51245e+06 -41.9008
4.51305e+06 -41.885
4.51365e+06 -41.8692
4.51425e+06 -41.8534
4.51485e+06 -41.8377
4.51545e+06 -41.822
4.51605e+06 -41.8063
4.51665e+06 -41.7906
4.51725e+06 -41.775
4.51785e+06 -41.7594
4.51845e+06 -41.7438
4.51905e+06 -41.7282
4.51965e+06 -41.7127
4.52025e+06 -41.6971
4.52085e+06 -41.6816
4.52145e+06 -41.6662
4.52205e+06 -41.6507
4.52265e+06 -41.6353
4.52325e+06 -41.6199
4.52385e+06 -41.6045
4.52445e+06 -41.5891
4.52505e+06 -41.5738
4.52565e+06 -41.5585
4.52625e+06 -41.5432
4.52685e+06 -41.5279
4.52745e+06 -41.5127
4.52805e+06 -41.4975
4.52865e+06 -41.4823
4.52925e+06 -41.4671
4.52985e+06 -41.452
4.53045e+06 -41.4368
4.53105e+06 -41.4217
4.53165e+06 -41.4066
4.53225e+06 -41.3916
4.53285e+06 -41.3765
4.53345e+06 -41.3615
4.53405e+06 -41.3465
4.53465e+06 -41.3316
4.53525e+06 -41.3166
4.53585e+06 -41.3017
4.53645e+06 -41.2868
4.53705e+06 -41.2719
4.53765e+06 -41.257
4.53825e+06 -41.2422
4.53885e+06 -41.2274
4.53945e+06 -41.2126
4.54005e+06 -41.1978
4.54065e+06 -41.183
4.54125e+06 -41.1683
4.54185e+06 -41.1536
4.54245e+06 -41.1389
4.54305e+06 -41.1242
4.54365e+06 -41.1096
4.54425e+06 -41.095
4.54485e+06 -41.0804
4.54545e+06 -41.0658
4.54605e+06 -41.0512
4.54665e+06 -41.0367
4.54725e+06 -41.0222
4.54785e+06 -41.0077
4.54845e+06 -40.9932
4.54905e+06 -40.9787
4.54965e+06 -40.9643
4.55026e+06 -40.9499
4.55086e+06 -40.9355
4.55146e+06 -40.9211
4.55206e+06 -40.9068
4.55266e+06 -40.8925
4.55326e+06 -40.8781
4.55386e+06 -40.8639
4.55446e+06 -40.8496
4.55506e+06 -40.8353
4.55566e+06 -40.8211
4.55626e+06 -40.8069
4.55686e+06 -40.7927
4.55746e+06 -40.7786
4.55806e+06 -40.7644
4.55866e+06 -40.7503
4.55926e+06 -40.7362
4.55986e+06 -40.7221
4.56046e+06 -40.708
4.56106e+06 -40.694
4.56166e+06 -40.68
4.56226e+06 -40.666
4.56286e+06 -40.652
4.56346e+06 -40.638
4.56406e+06 -40.6241
4.56466e+06 -40.6102
4.56526e+06 -40.5963
4.56586e+06 -40.5824
4.56646e+06 -40.5685
4.56706e+06 -40.5547
4.56766e+06 -40.5408
4.56826e+06 -40.527
4.56886e+06 -40.5132
4.56946e+06 -40.4995
4.57006e+06 -40.4857
4.57066e+06 -40.472
4.57126e+06 -40.4583
4.57186e+06 -40.4446
4.57246e+06 -40.4309
4.57306e+06 -40.4173
4.57366e+06 -40.4037
4.57426e+06 -40.39
4.57486e+06 -40.3764
4.57546e+06 -40.3629
4.57606e+06 -40.3493
4.57666e+06 -40.3358
4.57726e+06 -40.3223
4.57786e+06 -40.3088
4.57846e+06 -40.2953
4.57906e+06 -40.2818
4.57966e+06 -40.2684
4.58026e+06 -40.255
4.58086e+06 -40.2416
4.58146e+06 -40.2282
4.58206e+06 -40.2148
4.58266e+06 -40.2015
4.58326e+06 -40.1881
4.58386e+06 -40.1748
4.58446e+06 -40.1615
4.58506e+06 -40.1482
4.58566e+06 -40.135
4.58626e+06 -40.1218
4.58686e+06 -40.1085
4.58746e+06 -40.0953
4.58806e+06 -40.0821
4.58866e+06 -40.069
4.58926e+06 -40.0558
4.58986e+06 -40.0427
4.59046e+06 -40.0296
4.59106e+06 -40.0165
4.59166e+06 -40.0034
4.59226e+06 -39.9904
4.59286e+06 -39.9773
4.59346e+06 -39.9643
4.59406e+06 -39.9513
4.59466e+06 -39.9383
4.59526e+06 -39.9253
4.59586e+06 -39.9124
4.59646e+06 -39.8995
4.59706e+06 -39.8865
4.59766e+06 -39.8737
4.59826e+06 -39.8608
4.59886e+06 -39.8479
4.59946e+06 -39.8351
4.60006e+06 -39.8222
4.60066e+06 -39.8094
4.60126e+06 -39.7966
4.60186e+06 -39.7839
4.60246e+06 -39.7711
4.60306e+06 -39.7584
4.60366e+06 -39.7456
4.60426e+06 -39.7329
4.60486e+06 -39.7202
4.60546e+06 -39.7076
4.60606e+06 -39.6949
4.60666e+06 -39.6823
4.60726e+06 -39.6696
4.60786e+06 -39.657
4.60846e+06 -39.6445
4.60906e+06 -39.6319
4.60966e+06 -39.6193
4.61026e+06 -39.6068
4.61086e+06 -39.5943
4.61146e+06 -39.5818
4.61206e+06 -39.5693
4.61266e+06 -39.5568
4.61326e+06 -39.5444
4.61386e+06 -39.5319
4.61446e+06 -39.5195
4.61506e+06 -39.5071
4.61566e+06 -39.4947
4.61626e+06 -39.4823
4.61686e+06 -39.47
4.61746e+06 -39.4577
4.61806e+06 -39.4453
4.61866e+06 -39.433
4.61926e+06 -39.4207
4.61986e+06 -39.4085
4.62046e+06 -39.3962
4.62106e+06 -39.384
4.62166e+06 -39.3717
4.62226e+06 -39.3595
4.62286e+06 -39.3473
4.62346e+06 -39.3352
4.62406e+06 -39.323
4.62466e+06 -39.3109
4.62526e+06 -39.2987
4.62586e+06 -39.2866
4.62646e+06 -39.2745
4.62706e+06 -39.2624
4.62766e+06 -39.2504
4.62826e+06 -39.2383
4.62886e+06 -39.2263
4.62946e+06 -39.2143
4.63006e+06 -39.2023
4.63066e+06 -39.1903
4.63126e+06 -39.1783
4.63186e+06 -39.1664
4.63246e+06 -39.1544
4.63306e+06 -39.1425
4.63366e+06 -39.1306
4.63426e+06 -39.1187
4.63486e+06 -39.1068
4.63546e+06 -39.095
4.63606e+06 -39.0831
4.63666e+06 -39.0713
4.63726e+06 -39.0595
4.63786e+06 -39.0477
4.63846e+06 -39.0359
4.63906e+06 -39.0241
4.63966e+06 -39.0124
4.64026e+06 -39.0006
4.64086e+06 -38.9889
4.64146e+06 -38.9772
4.64206e+06 -38.9655
4.64266e+06 -38.9538
4.64326e+06 -38.9422
4.64386e+06 -38.9305
4.64446e+06 -38.9189
4.64506e+06 -38.9073
4.64566e+06 -38.8957
4.64626e+06 -38.8841
4.64686e+06 -38.8725
4.64746e+06 -38.8609
4.64806e+06 -38.8494
4.64866e+06 -38.8379
4.64926e+06 -38.8263
4.64986e+06 -38.8148
4.65047e+06 -38.8034
4.65107e+06 -38.7919
4.65167e+06 -38.7804
4.65227e+06 -38.769
4.65287e+06 -38.7576
4.65347e+06 -38.7462
4.65407e+06 -38.7348
4.65467e+06 -38.7234
4.65527e+06 -38.712
4.65587e+06 -38.7006
4.65647e+06 -38.6893
4.65707e+06 -38.678
4.65767e+06 -38.6667
4.65827e+06 -38.6554
4.65887e+06 -38.6441
4.65947e+06 -38.6328
4.66007e+06 -38.6216
4.66067e+06 -38.6103
4.66127e+06 -38.5991
4.66187e+06 -38.5879
4.66247e+06 -38.5767
4.66307e+06 -38.5655
4.66367e+06 -38.5543
4.66427e+06 -38.5432
4.66487e+06 -38.532
4.66547e+06 -38.5209
4.66607e+06 -38.5098
4.66667e+06 -38.4987
4.66727e+06 -38.4876
4.66787e+06 -38.4765
4.66847e+06 -38.4655
4.66907e+06 -38.4544
4.66967e+06 -38.4434
4.67027e+06 -38.4324
4.67087e+06 -38.4214
4.67147e+06 -38.4104
4.67207e+06 -38.3994
4.67267e+06 -38.3884
4.67327e+06 -38.3775
4.67387e+06 -38.3665
4.67447e+06 -38.3556
4.67507e+06 -38.3447
4.67567e+06 -38.3338
4.67627e+06 -38.3229
4.67687e+06 -38.3121
4.67747e+06 -38.3012
4.67807e+06 -38.2904
4.67867e+06 -38.2795
4.67927e+06 -38.2687
4.67987e+06 -38.2579
4.68047e+06 -38.2471
4.68107e+06 -38.2364
4.68167e+06 -38.2256
4.68227e+06 -38.2148
4.68287e+06 -38.2041
4.68347e+06 -38.1934
4.68407e+06 -38.1827
4.68467e+06 -38.172
4.68527e+06 -38.1613
4.68587e+06 -38.1506
4.68647e+06 -38.14
4.68707e+06 -38.1293
4.68767e+06 -38.1187
4.68827e+06 -38.1081
4.68887e+06 -38.0975
4.68947e+06 -38.0869
4.69007e+06 -38.0763
4.69067e+06 -38.0657
4.69127e+06 -38.0552
4.69187e+06 -38.0446
4.69247e+06 -38.0341
4.69307e+06 -38.0236
4.69367e+06 -38.0131
4.69427e+06 -38.0026
4.69487e+06 -37.9921
4.69547e+06 -37.9817
4.69607e+06 -37.9712
4.69667e+06 -37.9608
4.69727e+06 -37.9503
4.69787e+06 -37.9399
4.69847e+06 -37.9295
4.69907e+06 -37.9191
4.69967e+06 -37.9088
4.70027e+06 -37.8984
4.70087e+06 -37.8881
4.70147e+06 -37.8777
4.70207e+06 -37.8674
4.70267e+06 -37.8571
4.70327e+06 -37.8468
4.70387e+06 -37.8365
4.70447e+06 -37.8262
4.70507e+06 -37.8159
4.70567e+06 -37.8057
4.70627e+06 -37.7954
4.70687e+06 -37.7852
4.70747e+06 -37.775
4.70807e+06 -37.7648
4.70867e+06 -37.7546
4.70927e+06 -37.7444
4.70987e+06 -37.7343
4.71047e+06 -37.7241
4.71107e+06 -37.714
4.71167e+06 -37.7038
4.71227e+06 -37.6937
4.71287e+06 -37.6836
4.71347e+06 -37.6735
4.71407e+06 -37.6634
4.71467e+06 -37.6534
4.71527e+06 -37.6433
4.71587e+06 -37.6332
4.71647e+06 -37.6232
4.71707e+06 -37.6132
4.71767e+06 -37.6032
4.71827e+06 -37.5932
4.71887e+06 -37.5832
4.71947e+06 -37.5732
4.72007e+06 -37.5632
4.72067e+06 -37.5533
4.72127e+06 -37.5434
4.72187e+06 -37.5334
4.72247e+06 -37.5235
4.72307e+06 -37.5136
4.72367e+06 -37.5037
4.72427e+06 -37.4938
4.72487e+06 -37.4839
4.72547e+06 -37.4741
4.72607e+06 -37.4642
4.72667e+06 -37.4544
4.72727e+06 -37.4446
4.72787e+06 -37.4348
4.72847e+06 -37.425
4.72907e+06 -37.4152
4.72967e+06 -37.4054
4.73027e+06 -37.3956
4.73087e+06 -37.3859
4.73147e+06 -37.3761
4.73207e+06 -37.3664
4.73267e+06 -37.3567
4.73327e+06 -37.347
4.73387e+06 -37.3372
4.73447e+06 -37.3276
4.73507e+06 -37.3179
4.73567e+06 -37.3082
4.73627e+06 -37.2986
4.73687e+06 -37.2889
4.73747e+06 -37.2793
4.73807e+06 -37.2697
4.73867e+06 -37.26
4.73927e+06 -37.2504
4.73987e+06 -37.2409
4.74047e+06 -37.2313
4.74107e+06 -37.2217
4.74167e+06 -37.2122
4.74227e+06 -37.2026
4.74287e+06 -37.1931
4.74347e+06 -37.1836
4.74407e+06 -37.174
4.74467e+06 -37.1645
4.74527e+06 -37.1551
4.74587e+06 -37.1456
4.74647e+06 -37.1361
4.74707e+06 -37.1266
4.74767e+06 -37.1172
4.74827e+06 -37.1078
4.74887e+06 -37.0983
4.74947e+06 -37.0889
4.75008e+06 -37.0795
4.75068e+06 -37.0701
4.75128e+06 -37.0607
4.75188e+06 -37.0514
4.75248e+06 -37.042
4.75308e+06 -37.0327
4.75368e+06 -37.0233
4.75428e+06 -37.014
4.75488e+06 -37.0047
4.75548e+06 -36.9954
4.75608e+06 -36.9861
4.75668e+06 -36.9768
4.75728e+06 -36.9675
4.75788e+06 -36.9582
4.75848e+06 -36.949
4.75908e+06 -36.9397
4.75968e+06 -36.9305
4.76028e+06 -36.9213
4.76088e+06 -36.9121
4.76148e+06 -36.9029
4.76208e+06 -36.8937
4.76268e+06 -36.8845
4.76328e+06 -36.8753
4.76388e+06 -36.8661
4.76448e+06 -36.857
4.76508e+06 -36.8478
4.76568e+06 -36.8387
4.76628e+06 -36.8296
4.76688e+06 -36.8205
4.76748e+06 -36.8114
4.76808e+06 -36.8023
4.76868e+06 -36.7932
4.76928e+06 -36.7841
4.76988e+06 -36.7751
4.77048e+06 -36.766
4.77108e+06 -36.757
4.77168e+06 -36.748
4.77228e+06 -36.7389
4.77288e+06 -36.7299
4.77348e+06 -36.7209
4.77408e+06 -36.7119
4.77468e+06 -36.703
4.77528e+06 -36.694
4.77588e+06 -36.685
4.77648e+06 -36.6761
4.77708e+06 -36.6671
4.77768e+06 -36.6582
4.77828e+06 -36.6493
4.77888e+06 -36.6404
4.77948e+06 -36.6315
4.78008e+06 -36.6226
4.78068e+06 -36.6137
4.78128e+06 -36.6048
4.78188e+06 -36.596
4.78248e+06 -36.5871
4.78308e+06 -36.5783
4.78368e+06 -36.5694
4.78428e+06 -36.5606
4.78488e+06 -36.5518
4.78548e+06 -36.543
4.78608e+06 -36.5342
4.78668e+06 -36.5254
4.78728e+06 -36.5167
4.78788e+06 -36.5079
4.78848e+06 -36.4991
4.78908e+06 -36.4904
4.78968e+06 -36.4817
4.79028e+06 -36.4729
4.79088e+06 -36.4642
4.79148e+06 -36.4555
4.79208e+06 -36.4468
4.79268e+06 -36.4381
4.79328e+06 -36.4294
4.79388e+06 -36.4208
4.79448e+06 -36.4121
4.79508e+06 -36.4035
4.79568e+06 -36.3948
4.79628e+06 -36.3862
4.79688e+06 -36.3776
4.79748e+06 -36.3689
4.79808e+06 -36.3603
4.79868e+06 -36.3517
4.79928e+06 -36.3432
4.79988e+06 -36.3346
4.80048e+06 -36.326
4.80108e+06 -36.3175
4.80168e+06 -36.3089
4.80228e+06 -36.3004
4.80288e+06 -36.2918
4.80348e+06 -36.2833
4.80408e+06 -36.2748
4.80468e+06 -36.2663
4.80528e+06 -36.2578
4.80588e+06 -36.2493
4.80648e+06 -36.2409
4.80708e+06 -36.2324
4.80768e+06 -36.2239
4.80828e+06 -36.2155
4.80888e+06 -36.2071
4.80948e+06 -36.1986
4.81008e+06 -36.1902
4.81068e+06 -36.1818
4.81128e+06 -36.1734
4.81188e+06 -36.165
4.81248e+06 -36.1566
4.81308e+06 -36.1482
4.81368e+06 -36.1399
4.81428e+06 -36.1315
4.81488e+06 -36.1232
4.81548e+06 -36.1148
4.81608e+06 -36.1065
4.81668e+06 -36.0982
4.81728e+06 -36.0899
4.81788e+06 -36.0816
4.81848e+06 -36.0733
4.81908e+06 -36.065
4.81968e+06 -36.0567
4.82028e+06 -36.0484
4.82088e+06 -36.0402
4.82148e+06 -36.0319
4.82208e+06 -36.0237
4.82268e+06 -36.0154
4.82328e+06 -36.0072
4.82388e+06 -35.999
4.82448e+06 -35.9908
4.82508e+06 -35.9826
4.82568e+06 -35.9744
4.82628e+06 -35.9662
4.82688e+06 -35.9581
4.82748e+06 -35.9499
4.82808e+06 -35.9417
4.82868e+06 -35.9336
4.82928e+06 -35.9254
4.82988e+06 -35.9173
4.83048e+06 -35.9092
4.83108e+06 -35.9011
4.83168e+06 -35.893
4.83228e+06 -35.8849
4.83288e+06 -35.8768
4.83348e+06 -35.8687
4.83408e+06 -35.8606
4.83468e+06 -35.8526
4.83528e+06 -35.8445
4.83588e+06 -35.8365
4.83648e+06 -35.8284
4.83708e+06 -35.8204
4.83768e+06 -35.8124
4.83828e+06 -35.8044
4.83888e+06 -35.7964
4.83948e+06 -35.7884
4.84008e+06 -35.7804
4.84068e+06 -35.7724
4.84128e+06 -35.7645
4.84188e+06 -35.7565
4.84248e+06 -35.7485
4.84308e+06 -35.7406
4.84368e+06 -35.7327
4.84428e+06 -35.7247
4.84488e+06 -35.7168
4.84548e+06 -35.7089
4.84608e+06 -35.701
4.84668e+06 -35.6931
4.84728e+06 -35.6852
4.84788e+06 -35.6773
4.84848e+06 -35.6695
4.84908e+06 -35.6616
4.84968e+06 -35.6537
4.85029e+06 -35.6459
4.85089e+06 -35.638
4.85149e+06 -35.6302
4.85209e+06 -35.6224
4.85269e+06 -35.6146
4.85329e+06 -35.6068
4.85389e+06 -35.599
4.85449e+06 -35.5912
4.85509e+06 -35.5834
4.85569e+06 -35.5756
4.85629e+06 -35.5679
4.85689e+06 -35.5601
4.85749e+06 -35.5523
4.85809e+06 -35.5446
4.85869e+06 -35.5369
4.85929e+06 -35.5291
4.85989e+06 -35.5214
4.86049e+06 -35.5137
4.86109e+06 -35.506
4.86169e+06 -35.4983
4.86229e+06 -35.4906
4.86289e+06 -35.4829
4.86349e+06 -35.4753
4.86409e+06 -35.4676
4.86469e+06 -35.4599
4.86529e+06 -35.4523
4.86589e+06 -35.4447
4.86649e+06 -35.437
4.86709e+06 -35.4294
4.86769e+06 -35.4218
4.86829e+06 -35.4142
4.86889e+06 -35.4066
4.86949e+06 -35.399
4.87009e+06 -35.3914
4.87069e+06 -35.3838
4.87129e+06 -35.3762
4.87189e+06 -35.3687
4.87249e+06 -35.3611
4.87309e+06 -35.3536
4.87369e+06 -35.346
4.87429e+06 -35.3385
4.87489e+06 -35.331
4.87549e+06 -35.3234
4.87609e+06 -35.3159
4.87669e+06 -35.3084
4.87729e+06 -35.3009
4.87789e+06 -35.2935
4.87849e+06 -35.286
4.87909e+06 -35.2785
4.87969e+06 -35.271
4.88029e+06 -35.2636
4.88089e+06 -35.2561
4.88149e+06 -35.2487
4.88209e+06 -35.2412
4.88269e+06 -35.2338
4.88329e+06 -35.2264
4.88389e+06 -35.219
4.88449e+06 -35.2116
4.88509e+06 -35.2042
4.88569e+06 -35.1968
4.88629e+06 -35.1894
4.88689e+06 -35.182
4.88749e+06 -35.1747
4.88809e+06 -35.1673
4.88869e+06 -35.1599
4.88929e+06 -35.1526
4.88989e+06 -35.1453
4.89049e+06 -35.1379
4.89109e+06 -35.1306
4.89169e+06 -35.1233
4.89229e+06 -35.116
4.89289e+06 -35.1087
4.89349e+06 -35.1014
4.89409e+06 -35.0941
4.89469e+06 -35.0868
4.89529e+06 -35.0795
4.89589e+06 -35.0723
4.89649e+06 -35.065
4.89709e+06 -35.0577
4.89769e+06 -35.0505
4.89829e+06 -35.0433
4.89889e+06 -35.036
4.89949e+06 -35.0288
4.90009e+06 -35.0216
4.90069e+06 -35.0144
4.90129e+06 -35.0072
4.90189e+06 -35
4.90249e+06 -34.9928
4.90309e+06 -34.9856
4.90369e+06 -34.9784
4.90429e+06 -34.9713
4.90489e+06 -34.9641
4.90549e+06 -34.9569
4.90609e+06 -34.9498
4.90669e+06 -34.9427
4.90729e+06 -34.9355
4.90789e+06 -34.9284
4.90849e+06 -34.9213
4.90909e+06 -34.9142
4.90969e+06 -34.9071
4.91029e+06 -34.9
4.91089e+06 -34.8929
4.91149e+06 -34.8858
4.91209e+06 -34.8787
4.91269e+06 -34.8716
4.91329e+06 -34.8646
4.91389e+06 -34.8575
4.91449e+06 -34.8505
4.91509e+06 -34.8434
4.91569e+06 -34.8364
4.91629e+06 -34.8294
4.91689e+06 -34.8223
4.91749e+06 -34.8153
4.91809e+06 -34.8083
4.91869e+06 -34.8013
4.91929e+06 -34.7943
4.91989e+06 -34.7873
4.92049e+06 -34.7804
4.92109e+06 -34.7734
4.92169e+06 -34.7664
4.92229e+06 -34.7594
4.92289e+06 -34.7525
4.92349e+06 -34.7455
4.92409e+06 -34.7386
4.92469e+06 -34.7317
4.92529e+06 -34.7247
4.92589e+06 -34.7178
4.92649e+06 -34.7109
4.92709e+06 -34.704
4.92769e+06 -34.6971
4.92829e+06 -34.6902
4.92889e+06 -34.6833
4.92949e+06 -34.6764
4.93009e+06 -34.6696
4.93069e+06 -34.6627
4.93129e+06 -34.6558
4.93189e+06 -34.649
4.93249e+06 -34.6421
4.93309e+06 -34.6353
4.93369e+06 -34.6284
4.93429e+06 -34.6216
4.93489e+06 -34.6148
4.93549e+06 -34.608
4.93609e+06 -34.6012
4.93669e+06 -34.5944
4.93729e+06 -34.5876
4.93789e+06 -34.5808
4.93849e+06 -34.574
4.93909e+06 -34.5672
4.93969e+06 -34.5605
4.94029e+06 -34.5537
4.94089e+06 -34.5469
4.94149e+06 -34.5402
4.94209e+06 -34.5334
4.94269e+06 -34.5267
4.94329e+06 -34.52
4.94389e+06 -34.5132
4.94449e+06 -34.5065
4.94509e+06 -34.4998
4.94569e+06 -34.4931
4.94629e+06 -34.4864
4.94689e+06 -34.4797
4.94749e+06 -34.473
4.94809e+06 -34.4663
4.94869e+06 -34.4597
4.94929e+06 -34.453
4.94989e+06 -34.4463
4.9505e+06 -34.4397
4.9511e+06 -34.433
4.9517e+06 -34.4264
4.9523e+06 -34.4197
4.9529e+06 -34.4131
4.9535e+06 -34.4065
4.9541e+06 -34.3999
4.9547e+06 -34.3933
4.9553e+06 -34.3867
4.9559e+06 -34.3801
4.9565e+06 -34.3735
4.9571e+06 -34.3669
4.9577e+06 -34.3603
4.9583e+06 -34.3537
4.9589e+06 -34.3472
4.9595e+06 -34.3406
4.9601e+06 -34.334
4.9607e+06 -34.3275
4.9613e+06 -34.3209
4.9619e+06 -34.3144
4.9625e+06 -34.3079
4.9631e+06 -34.3013
4.9637e+06 -34.2948
4.9643e+06 -34.2883
4.9649e+06 -34.2818
4.9655e+06 -34.2753
4.9661e+06 -34.2688
4.9667e+06 -34.2623
4.9673e+06 -34.2558
4.9679e+06 -34.2494
4.9685e+06 -34.2429
4.9691e+06 -34.2364
4.9697e+06 -34.23
4.9703e+06 -34.2235
4.9709e+06 -34.2171
4.9715e+06 -34.2106
4.9721e+06 -34.2042
4.9727e+06 -34.1977
4.9733e+06 -34.1913
4.9739e+06 -34.1849
4.9745e+06 -34.1785
4.9751e+06 -34.1721
4.9757e+06 -34.1657
4.9763e+06 -34.1593
4.9769e+06 -34.1529
4.9775e+06 -34.1465
4.9781e+06 -34.1401
4.9787e+06 -34.1338
4.9793e+06 -34.1274
4.9799e+06 -34.1211
4.9805e+06 -34.1147
4.9811e+06 -34.1084
4.9817e+06 -34.102
4.9823e+06 -34.0957
4.9829e+06 -34.0893
4.9835e+06 -34.083
4.9841e+06 -34.0767
4.9847e+06 -34.0704
4.9853e+06 -34.0641
4.9859e+06 -34.0578
4.9865e+06 -34.0515
4.9871e+06 -34.0452
4.9877e+06 -34.0389
4.9883e+06 -34.0326
4.9889e+06 -34.0264
4.9895e+06 -34.0201
4.9901e+06 -34.0138
4.9907e+06 -34.0076
4.9913e+06 -34.0013
4.9919e+06 -33.9951
4.9925e+06 -33.9889
4.9931e+06 -33.9826
4.9937e+06 -33.9764
4.9943e+06 -33.9702
4.9949e+06 -33.964
4.9955e+06 -33.9578
4.9961e+06 -33.9516
4.9967e+06 -33.9454
4.9973e+06 -33.9392
4.9979e+06 -33.933
4.9985e+06 -33.9268
4.9991e+06 -33.9206
4.9997e+06 -33.9144
5.0003e+06 -33.9083
5.0009e+06 -33.9021
5.0015e+06 -33.896
5.0021e+06 -33.8898
5.0027e+06 -33.8837
5.0033e+06 -33.8775
5.0039e+06 -33.8714
5.0045e+06 -33.8653
5.0051e+06 -33.8592
5.0057e+06 -33.8531
5.0063e+06 -33.8469
5.0069e+06 -33.8408
5.0075e+06 -33.8347
5.0081e+06 -33.8287
5.0087e+06 -33.8226
5.0093e+06 -33.8165
5.0099e+06 -33.8104
5.0105e+06 -33.8043
5.0111e+06 -33.7983
5.0117e+06 -33.7922
5.0123e+06 -33.7862
5.0129e+06 -33.7801
5.0135e+06 -33.7741
5.0141e+06 -33.768
5.0147e+06 -33.762
5.0153e+06 -33.756
5.0159e+06 -33.7499
5.0165e+06 -33.7439
5.0171e+06 -33.7379
5.0177e+06 -33.7319
5.0183e+06 -33.7259
5.0189e+06 -33.7199
5.0195e+06 -33.7139
5.0201e+06 -33.7079
5.0207e+06 -33.702
5.0213e+06 -33.696
5.0219e+06 -33.69
5.0225e+06 -33.6841
5.0231e+06 -33.6781
5.0237e+06 -33.6721
5.0243e+06 -33.6662
5.0249e+06 -33.6603
5.0255e+06 -33.6543
5.0261e+06 -33.6484
5.0267e+06 -33.6425
5.0273e+06 -33.6365
5.0279e+06 -33.6306
5.0285e+06 -33.6247
5.0291e+06 -33.6188
5.0297e+06 -33.6129
5.0303e+06 -33.607
5.0309e+06 -33.6011
5.0315e+06 -33.5952
5.0321e+06 -33.5894
5.0327e+06 -33.5835
5.0333e+06 -33.5776
5.0339e+06 -33.5718
5.0345e+06 -33.5659
5.0351e+06 -33.56
5.0357e+06 -33.5542
5.0363e+06 -33.5484
5.0369e+06 -33.5425
5.0375e+06 -33.5367
5.0381e+06 -33.5309
5.0387e+06 -33.525
5.0393e+06 -33.5192
5.0399e+06 -33.5134
5.0405e+06 -33.5076
5.0411e+06 -33.5018
5.0417e+06 -33.496
5.0423e+06 -33.4902
5.0429e+06 -33.4844
5.0435e+06 -33.4786
5.0441e+06 -33.4729
5.0447e+06 -33.4671
5.0453e+06 -33.4613
5.0459e+06 -33.4556
5.0465e+06 -33.4498
5.0471e+06 -33.444
5.0477e+06 -33.4383
5.0483e+06 -33.4326
5.0489e+06 -33.4268
5.0495e+06 -33.4211
5.05011e+06 -33.4154
5.05071e+06 -33.4096
5.05131e+06 -33.4039
5.05191e+06 -33.3982
5.05251e+06 -33.3925
5.05311e+06 -33.3868
5.05371e+06 -33.3811
5.05431e+06 -33.3754
5.05491e+06 -33.3697
5.05551e+06 -33.3641
5.05611e+06 -33.3584
5.05671e+06 -33.3527
5.05731e+06 -33.347
5.05791e+06 -33.3414
5.05851e+06 -33.3357
5.05911e+06 -33.3301
5.05971e+06 -33.3244
5.06031e+06 -33.3188
5.06091e+06 -33.3131
5.06151e+06 -33.3075
5.06211e+06 -33.3019
5.06271e+06 -33.2962
5.06331e+06 -33.2906
5.06391e+06 -33.285
5.06451e+06 -33.2794
5.06511e+06 -33.2738
5.06571e+06 -33.2682
5.06631e+06 -33.2626
5.06691e+06 -33.257
5.06751e+06 -33.2514
5.06811e+06 -33.2459
5.06871e+06 -33.2403
5.06931e+06 -33.2347
5.06991e+06 -33.2291
5.07051e+06 -33.2236
5.07111e+06 -33.218
5.07171e+06 -33.2125
5.07231e+06 -33.2069
5.07291e+06 -33.2014
5.07351e+06 -33.1959
5.07411e+06 -33.1903
5.07471e+06 -33.1848
5.07531e+06 -33.1793
5.07591e+06 -33.1738
5.07651e+06 -33.1682
5.07711e+06 -33.1627
5.07771e+06 -33.1572
5.07831e+06 -33.1517
5.07891e+06 -33.1462
5.07951e+06 -33.1407
5.08011e+06 -33.1353
5.08071e+06 -33.1298
5.08131e+06 -33.1243
5.08191e+06 -33.1188
5.08251e+06 -33.1134
5.08311e+06 -33.1079
5.08371e+06 -33.1024
5.08431e+06 -33.097
5.08491e+06 -33.0915
5.08551e+06 -33.0861
5.08611e+06 -33.0807
5.08671e+06 -33.0752
5.08731e+06 -33.0698
5.08791e+06 -33.0644
5.08851e+06 -33.0589
5.08911e+06 -33.0535
5.08971e+06 -33.0481
5.09031e+06 -33.0427
5.09091e+06 -33.0373
5.09151e+06 -33.0319
5.09211e+06 -33.0265
5.09271e+06 -33.0211
5.09331e+06 -33.0157
5.09391e+06 -33.0104
5.09451e+06 -33.005
5.09511e+06 -32.9996
5.09571e+06 -32.9943
5.09631e+06 -32.9889
5.09691e+06 -32.9835
5.09751e+06 -32.9782
5.09811e+06 -32.9728
5.09871e+06 -32.9675
5.09931e+06 -32.9622
5.09991e+06 -32.9568
5.10051e+06 -32.9515
5.10111e+06 -32.9462
5.10171e+06 -32.9408
5.10231e+06 -32.9355
5.10291e+06 -32.9302
5.10351e+06 -32.9249
5.10411e+06 -32.9196
5.10471e+06 -32.9143
5.10531e+06 -32.909
5.10591e+06 -32.9037
5.10651e+06 -32.8984
5.10711e+06 -32.8932
5.10771e+06 -32.8879
5.10831e+06 -32.8826
5.10891e+06 -32.8773
5.10951e+06 -32.8721
5.11011e+06 -32.8668
5.11071e+06 -32.8616
5.11131e+06 -32.8563
5.11191e+06 -32.8511
5.11251e+06 -32.8458
5.11311e+06 -32.8406
5.11371e+06 -32.8353
5.11431e+06 -32.8301
5.11491e+06 -32.8249
5.11551e+06 -32.8197
5.11611e+06 -32.8145
5.11671e+06 -32.8092
5.11731e+06 -32.804
5.11791e+06 -32.7988
5.11851e+06 -32.7936
5.11911e+06 -32.7884
5.11971e+06 -32.7833
5.12031e+06 -32.7781
5.12091e+06 -32.7729
5.12151e+06 -32.7677
5.12211e+06 -32.7625
5.12271e+06 -32.7574
5.12331e+06 -32.7522
5.12391e+06 -32.747
5.12451e+06 -32.7419
5.12511e+06 -32.7367
5.12571e+06 -32.7316
5.12631e+06 -32.7264
5.12691e+06 -32.7213
5.12751e+06 -32.7162
5.12811e+06 -32.711
5.12871e+06 -32.7059
5.12931e+06 -32.7008
5.12991e+06 -32.6957
5.13051e+06 -32.6906
5.13111e+06 -32.6855
5.13171e+06 -32.6803
5.13231e+06 -32.6752
5.13291e+06 -32.6701
5.13351e+06 -32.6651
5.13411e+06 -32.66
5.13471e+06 -32.6549
5.13531e+06 -32.6498
5.13591e+06 -32.6447
5.13651e+06 -32.6397
5.13711e+06 -32.6346
5.13771e+06 -32.6295
5.13831e+06 -32.6245
5.13891e+06 -32.6194
5.13951e+06 -32.6144
5.14011e+06 -32.6093
5.14071e+06 -32.6043
5.14131e+06 -32.5992
5.14191e+06 -32.5942
5.14251e+06 -32.5892
5.14311e+06 -32.5841
5.14371e+06 -32.5791
5.14431e+06 -32.5741
5.14491e+06 -32.5691
5.14551e+06 -32.5641
5.14611e+06 -32.5591
5.14671e+06 -32.5541
5.14731e+06 -32.5491
5.14791e+06 -32.5441
5.14851e+06 -32.5391
5.14911e+06 -32.5341
5.14971e+06 -32.5291
5.15032e+06 -32.5241
5.15092e+06 -32.5192
5.15152e+06 -32.5142
5.15212e+06 -32.5092
5.15272e+06 -32.5043
5.15332e+06 -32.4993
5.15392e+06 -32.4943
5.15452e+06 -32.4894
5.15512e+06 -32.4845
5.15572e+06 -32.4795
5.15632e+06 -32.4746
5.15692e+06 -32.4696
5.15752e+06 -32.4647
5.15812e+06 -32.4598
5.15872e+06 -32.4549
5.15932e+06 -32.4499
5.15992e+06 -32.445
5.16052e+06 -32.4401
5.16112e+06 -32.4352
5.16172e+06 -32.4303
5.16232e+06 -32.4254
5.16292e+06 -32.4205
5.16352e+06 -32.4156
5.16412e+06 -32.4107
5.16472e+06 -32.4059
5.16532e+06 -32.401
5.16592e+06 -32.3961
5.16652e+06 -32.3912
5.16712e+06 -32.3864
5.16772e+06 -32.3815
5.16832e+06 -32.3766
5.16892e+06 -32.3718
5.16952e+06 -32.3669
5.17012e+06 -32.3621
5.17072e+06 -32.3572
5.17132e+06 -32.3524
5.17192e+06 -32.3476
5.17252e+06 -32.3427
5.17312e+06 -32.3379
5.17372e+06 -32.3331
5.17432e+06 -32.3283
5.17492e+06 -32.3234
5.17552e+06 -32.3186
5.17612e+06 -32.3138
5.17672e+06 -32.309
5.17732e+06 -32.3042
5.17792e+06 -32.2994
5.17852e+06 -32.2946
5.17912e+06 -32.2898
5.17972e+06 -32.285
5.18032e+06 -32.2803
5.18092e+06 -32.2755
5.18152e+06 -32.2707
5.18212e+06 -32.2659
5.18272e+06 -32.2612
5.18332e+06 -32.2564
5.18392e+06 -32.2516
5.18452e+06 -32.2469
5.18512e+06 -32.2421
5.18572e+06 -32.2374
5.18632e+06 -32.2326
5.18692e+06 -32.2279
5.18752e+06 -32.2232
5.18812e+06 -32.2184
5.18872e+06 -32.2137
5.18932e+06 -32.209
5.18992e+06 -32.2042
5.19052e+06 -32.1995
5.19112e+06 -32.1948
5.19172e+06 -32.1901
5.19232e+06 -32.1854
5.19292e+06 -32.1807
5.19352e+06 -32.176
5.19412e+06 -32.1713
5.19472e+06 -32.1666
5.19532e+06 -32.1619
5.19592e+06 -32.1572
5.19652e+06 -32.1525
5.19712e+06 -32.1479
5.19772e+06 -32.1432
5.19832e+06 -32.1385
5.19892e+06 -32.1338
5.19952e+06 -32.1292
5.20012e+06 -32.1245
5.20072e+06 -32.1199
5.20132e+06 -32.1152
5.20192e+06 -32.1106
5.20252e+06 -32.1059
5.20312e+06 -32.1013
5.20372e+06 -32.0966
5.20432e+06 -32.092
5.20492e+06 -32.0874
5.20552e+06 -32.0827
5.20612e+06 -32.0781
5.20672e+06 -32.0735
5.20732e+06 -32.0689
5.20792e+06 -32.0643
5.20852e+06 -32.0597
5.20912e+06 -32.0551
5.20972e+06 -32.0505
5.21032e+06 -32.0459
5.21092e+06 -32.0413
5.21152e+06 -32.0367
5.21212e+06 -32.0321
5.21272e+06 -32.0275
5.21332e+06 -32.0229
5.21392e+06 -32.0183
5.21452e+06 -32.0138
5.21512e+06 -32.0092
5.21572e+06 -32.0046
5.21632e+06 -32.0001
5.21692e+06 -31.9955
5.21752e+06 -31.9909
5.21812e+06 -31.9864
5.21872e+06 -31.9818
5.21932e+06 -31.9773
5.21992e+06 -31.9728
5.22052e+06 -31.9682
5.22112e+06 -31.9637
5.22172e+06 -31.9591
5.22232e+06 -31.9546
5.22292e+06 -31.9501
5.22352e+06 -31.9456
5.22412e+06 -31.9411
5.22472e+06 -31.9365
5.22532e+06 -31.932
5.22592e+06 -31.9275
5.22652e+06 -31.923
5.22712e+06 -31.9185
5.22772e+06 -31.914
5.22832e+06 -31.9095
5.22892e+06 -31.905
5.22952e+06 -31.9005
5.23012e+06 -31.8961
5.23072e+06 -31.8916
5.23132e+06 -31.8871
5.23192e+06 -31.8826
5.23252e+06 -31.8782
5.23312e+06 -31.8737
5.23372e+06 -31.8692
5.23432e+06 -31.8648
5.23492e+06 -31.8603
5.23552e+06 -31.8559
5.23612e+06 -31.8514
5.23672e+06 -31.847
5.23732e+06 -31.8425
5.23792e+06 -31.8381
5.23852e+06 -31.8337
5.23912e+06 -31.8292
5.23972e+06 -31.8248
5.24032e+06 -31.8204
5.24092e+06 -31.8159
5.24152e+06 -31.8115
5.24212e+06 -31.8071
5.24272e+06 -31.8027
5.24332e+06 -31.7983
5.24392e+06 -31.7939
5.24452e+06 -31.7895
5.24512e+06 -31.7851
5.24572e+06 -31.7807
5.24632e+06 -31.7763
5.24692e+06 -31.7719
5.24752e+06 -31.7675
5.24812e+06 -31.7631
5.24872e+06 -31.7588
5.24932e+06 -31.7544
5.24992e+06 -31.75
5.25053e+06 -31.7456
5.25113e+06 -31.7413
5.25173e+06 -31.7369
5.25233e+06 -31.7326
5.25293e+06 -31.7282
5.25353e+06 -31.7238
5.25413e+06 -31.7195
5.25473e+06 -31.7152
5.25533e+06 -31.7108
5.25593e+06 -31.7065
5.25653e+06 -31.7021
5.25713e+06 -31.6978
5.25773e+06 -31.6935
5.25833e+06 -31.6891
5.25893e+06 -31.6848
5.25953e+06 -31.6805
5.26013e+06 -31.6762
5.26073e+06 -31.6719
5.26133e+06 -31.6676
5.26193e+06 -31.6633
5.26253e+06 -31.659
5.26313e+06 -31.6547
5.26373e+06 -31.6504
5.26433e+06 -31.6461
5.26493e+06 -31.6418
5.26553e+06 -31.6375
5.26613e+06 -31.6332
5.26673e+06 -31.6289
5.26733e+06 -31.6246
5.26793e+06 -31.6204
5.26853e+06 -31.6161
5.26913e+06 -31.6118
5.26973e+06 -31.6076
5.27033e+06 -31.6033
5.27093e+06 -31.599
5.27153e+06 -31.5948
5.27213e+06 -31.5905
5.27273e+06 -31.5863
5.27333e+06 -31.582
5.27393e+06 -31.5778
5.27453e+06 -31.5736
5.27513e+06 -31.5693
5.27573e+06 -31.5651
5.27633e+06 -31.5609
5.27693e+06 -31.5566
5.27753e+06 -31.5524
5.27813e+06 -31.5482
5.27873e+06 -31.544
5.27933e+06 -31.5397
5.27993e+06 -31.5355
5.28053e+06 -31.5313
5.28113e+06 -31.5271
5.28173e+06 -31.5229
5.28233e+06 -31.5187
5.28293e+06 -31.5145
5.28353e+06 -31.5103
5.28413e+06 -31.5061
5.28473e+06 -31.502
5.28533e+06 -31.4978
5.28593e+06 -31.4936
5.28653e+06 -31.4894
5.28713e+06 -31.4852
5.28773e+06 -31.4811
5.28833e+06 -31.4769
5.28893e+06 -31.4727
5.28953e+06 -31.4686
5.29013e+06 -31.4644
5.29073e+06 -31.4603
5.29133e+06 -31.4561
5.29193e+06 -31.452
5.29253e+06 -31.4478
5.29313e+06 -31.4437
5.29373e+06 -31.4395
5.29433e+06 -31.4354
5.29493e+06 -31.4312
5.29553e+06 -31.4271
5.29613e+06 -31.423
5.29673e+06 -31.4189
5.29733e+06 -31.4147
5.29793e+06 -31.4106
5.29853e+06 -31.4065
5.29913e+06 -31.4024
5.29973e+06 -31.3983
5.30033e+06 -31.3942
5.30093e+06 -31.3901
5.30153e+06 -31.386
5.30213e+06 -31.3819
5.30273e+06 -31.3778
5.30333e+06 -31.3737
5.30393e+06 -31.3696
5.30453e+06 -31.3655
5.30513e+06 -31.3614
5.30573e+06 -31.3573
5.30633e+06 -31.3533
5.30693e+06 -31.3492
5.30753e+06 -31.3451
5.30813e+06 -31.3411
5.30873e+06 -31.337
5.30933e+06 -31.3329
5.30993e+06 -31.3289
5.31053e+06 -31.3248
5.31113e+06 -31.3208
5.31173e+06 -31.3167
5.31233e+06 -31.3127
5.31293e+06 -31.3086
5.31353e+06 -31.3046
5.31413e+06 -31.3005
5.31473e+06 -31.2965
5.31533e+06 -31.2925
5.31593e+06 -31.2884
5.31653e+06 -31.2844
5.31713e+06 -31.2804
5.31773e+06 -31.2764
5.31833e+06 -31.2723
5.31893e+06 -31.2683
5.31953e+06 -31.2643
5.32013e+06 -31.2603
5.32073e+06 -31.2563
5.32133e+06 -31.2523
5.32193e+06 -31.2483
5.32253e+06 -31.2443
5.32313e+06 -31.2403
5.32373e+06 -31.2363
5.32433e+06 -31.2323
5.32493e+06 -31.2283
5.32553e+06 -31.2243
5.32613e+06 -31.2204
5.32673e+06 -31.2164
5.32733e+06 -31.2124
5.32793e+06 -31.2084
5.32853e+06 -31.2045
5.32913e+06 -31.2005
5.32973e+06 -31.1965
5.33033e+06 -31.1926
5.33093e+06 -31.1886
5.33153e+06 -31.1847
5.33213e+06 -31.1807
5.33273e+06 -31.1768
5.33333e+06 -31.1728
5.33393e+06 -31.1689
5.33453e+06 -31.1649
5.33513e+06 -31.161
5.33573e+06 -31.157
5.33633e+06 -31.1531
5.33693e+06 -31.1492
5.33753e+06 -31.1453
5.33813e+06 -31.1413
5.33873e+06 -31.1374
5.33933e+06 -31.1335
5.33993e+06 -31.1296
5.34053e+06 -31.1257
5.34113e+06 -31.1218
5.34173e+06 -31.1178
5.34233e+06 -31.1139
5.34293e+06 -31.11
5.34353e+06 -31.1061
5.34413e+06 -31.1022
5.34473e+06 -31.0983
5.34533e+06 -31.0945
5.34593e+06 -31.0906
5.34653e+06 -31.0867
5.34713e+06 -31.0828
5.34773e+06 -31.0789
5.34833e+06 -31.075
5.34893e+06 -31.0712
5.34953e+06 -31.0673
5.35014e+06 -31.0634
5.35074e+06 -31.0596
5.35134e+06 -31.0557
5.35194e+06 -31.0518
5.35254e+06 -31.048
5.35314e+06 -31.0441
5.35374e+06 -31.0403
5.35434e+06 -31.0364
5.35494e+06 -31.0326
5.35554e+06 -31.0287
5.35614e+06 -31.0249
5.35674e+06 -31.0211
5.35734e+06 -31.0172
5.35794e+06 -31.0134
5.35854e+06 -31.0096
5.35914e+06 -31.0057
5.35974e+06 -31.0019
5.36034e+06 -30.9981
5.36094e+06 -30.9943
5.36154e+06 -30.9904
5.36214e+06 -30.9866
5.36274e+06 -30.9828
5.36334e+06 -30.979
5.36394e+06 -30.9752
5.36454e+06 -30.9714
5.36514e+06 -30.9676
5.36574e+06 -30.9638
5.36634e+06 -30.96
5.36694e+06 -30.9562
5.36754e+06 -30.9524
5.36814e+06 -30.9486
5.36874e+06 -30.9448
5.36934e+06 -30.9411
5.36994e+06 -30.9373
5.37054e+06 -30.9335
5.37114e+06 -30.9297
5.37174e+06 -30.926
5.37234e+06 -30.9222
5.37294e+06 -30.9184
5.37354e+06 -30.9147
5.37414e+06 -30.9109
5.37474e+06 -30.9071
5.37534e+06 -30.9034
5.37594e+06 -30.8996
5.37654e+06 -30.8959
5.37714e+06 -30.8921
5.37774e+06 -30.8884
5.37834e+06 -30.8846
5.37894e+06 -30.8809
5.37954e+06 -30.8772
5.38014e+06 -30.8734
5.38074e+06 -30.8697
5.38134e+06 -30.866
5.38194e+06 -30.8622
5.38254e+06 -30.8585
5.38314e+06 -30.8548
5.38374e+06 -30.8511
5.38434e+06 -30.8474
5.38494e+06 -30.8436
5.38554e+06 -30.8399
5.38614e+06 -30.8362
5.38674e+06 -30.8325
5.38734e+06 -30.8288
5.38794e+06 -30.8251
5.38854e+06 -30.8214
5.38914e+06 -30.8177
5.38974e+06 -30.814
5.39034e+06 -30.8103
5.39094e+06 -30.8066
5.39154e+06 -30.803
5.39214e+06 -30.7993
5.39274e+06 -30.7956
5.39334e+06 -30.7919
5.39394e+06 -30.7882
5.39454e+06 -30.7846
5.39514e+06 -30.7809
5.39574e+06 -30.7772
5.39634e+06 -30.7736
5.39694e+06 -30.7699
5.39754e+06 -30.7662
5.39814e+06 -30.7626
5.39874e+06 -30.7589
5.39934e+06 -30.7553
5.39994e+06 -30.7516
5.40054e+06 -30.748
5.40114e+06 -30.7443
5.40174e+06 -30.7407
5.40234e+06 -30.737
5.40294e+06 -30.7334
5.40354e+06 -30.7298
5.40414e+06 -30.7261
5.40474e+06 -30.7225
5.40534e+06 -30.7189
5.40594e+06 -30.7153
5.40654e+06 -30.7116
5.40714e+06 -30.708
5.40774e+06 -30.7044
5.40834e+06 -30.7008
5.40894e+06 -30.6972
5.40954e+06 -30.6936
5.41014e+06 -30.6899
5.41074e+06 -30.6863
5.41134e+06 -30.6827
5.41194e+06 -30.6791
5.41254e+06 -30.6755
5.41314e+06 -30.6719
5.41374e+06 -30.6683
5.41434e+06 -30.6648
5.41494e+06 -30.6612
5.41554e+06 -30.6576
5.41614e+06 -30.654
5.41674e+06 -30.6504
5.41734e+06 -30.6468
5.41794e+06 -30.6433
5.41854e+06 -30.6397
5.41914e+06 -30.6361
5.41974e+06 -30.6325
5.42034e+06 -30.629
5.42094e+06 -30.6254
5.42154e+06 -30.6219
5.42214e+06 -30.6183
5.42274e+06 -30.6147
5.42334e+06 -30.6112
5.42394e+06 -30.6076
5.42454e+06 -30.6041
5.42514e+06 -30.6005
5.42574e+06 -30.597
5.42634e+06 -30.5935
5.42694e+06 -30.5899
5.42754e+06 -30.5864
5.42814e+06 -30.5828
5.42874e+06 -30.5793
5.42934e+06 -30.5758
5.42994e+06 -30.5722
5.43054e+06 -30.5687
5.43114e+06 -30.5652
5.43174e+06 -30.5617
5.43234e+06 -30.5582
5.43294e+06 -30.5546
5.43354e+06 -30.5511
5.43414e+06 -30.5476
5.43474e+06 -30.5441
5.43534e+06 -30.5406
5.43594e+06 -30.5371
5.43654e+06 -30.5336
5.43714e+06 -30.5301
5.43774e+06 -30.5266
5.43834e+06 -30.5231
5.43894e+06 -30.5196
5.43954e+06 -30.5161
5.44014e+06 -30.5126
5.44074e+06 -30.5092
5.44134e+06 -30.5057
5.44194e+06 -30.5022
5.44254e+06 -30.4987
5.44314e+06 -30.4952
5.44374e+06 -30.4918
5.44434e+06 -30.4883
5.44494e+06 -30.4848
5.44554e+06 -30.4814
5.44614e+06 -30.4779
5.44674e+06 -30.4744
5.44734e+06 -30.471
5.44794e+06 -30.4675
5.44854e+06 -30.4641
5.44914e+06 -30.4606
5.44974e+06 -30.4572
5.45035e+06 -30.4537
5.45095e+06 -30.4503
5.45155e+06 -30.4468
5.45215e+06 -30.4434
5.45275e+06 -30.4399
5.45335e+06 -30.4365
5.45395e+06 -30.4331
5.45455e+06 -30.4296
5.45515e+06 -30.4262
5.45575e+06 -30.4228
5.45635e+06 -30.4194
5.45695e+06 -30.4159
5.45755e+06 -30.4125
5.45815e+06 -30.4091
5.45875e+06 -30.4057
5.45935e+06 -30.4023
5.45995e+06 -30.3989
5.46055e+06 -30.3954
5.46115e+06 -30.392
5.46175e+06 -30.3886
5.46235e+06 -30.3852
5.46295e+06 -30.3818
5.46355e+06 -30.3784
5.46415e+06 -30.375
5.46475e+06 -30.3716
5.46535e+06 -30.3683
5.46595e+06 -30.3649
5.46655e+06 -30.3615
5.46715e+06 -30.3581
5.46775e+06 -30.3547
5.46835e+06 -30.3513
5.46895e+06 -30.348
5.46955e+06 -30.3446
5.47015e+06 -30.3412
5.47075e+06 -30.3378
5.47135e+06 -30.3345
5.47195e+06 -30.3311
5.47255e+06 -30.3277
5.47315e+06 -30.3244
5.47375e+06 -30.321
5.47435e+06 -30.3177
5.47495e+06 -30.3143
5.47555e+06 -30.3109
5.47615e+06 -30.3076
5.47675e+06 -30.3043
5.47735e+06 -30.3009
5.47795e+06 -30.2976
5.47855e+06 -30.2942
5.47915e+06 -30.2909
5.47975e+06 -30.2875
5.48035e+06 -30.2842
5.48095e+06 -30.2809
5.48155e+06 -30.2775
5.48215e+06 -30.2742
5.48275e+06 -30.2709
5.48335e+06 -30.2676
5.48395e+06 -30.2642
5.48455e+06 -30.2609
5.48515e+06 -30.2576
5.48575e+06 -30.2543
5.48635e+06 -30.251
5.48695e+06 -30.2477
5.48755e+06 -30.2444
5.48815e+06 -30.241
5.48875e+06 -30.2377
5.48935e+06 -30.2344
5.48995e+06 -30.2311
5.49055e+06 -30.2278
5.49115e+06 -30.2245
5.49175e+06 -30.2212
5.49235e+06 -30.218
5.49295e+06 -30.2147
5.49355e+06 -30.2114
5.49415e+06 -30.2081
5.49475e+06 -30.2048
5.49535e+06 -30.2015
5.49595e+06 -30.1983
5.49655e+06 -30.195
5.49715e+06 -30.1917
5.49775e+06 -30.1884
5.49835e+06 -30.1852
5.49895e+06 -30.1819
5.49955e+06 -30.1786
5.50015e+06 -30.1754
5.50075e+06 -30.1721
5.50135e+06 -30.1688
5.50195e+06 -30.1656
5.50255e+06 -30.1623
5.50315e+06 -30.1591
5.50375e+06 -30.1558
5.50435e+06 -30.1526
5.50495e+06 -30.1493
5.50555e+06 -30.1461
5.50615e+06 -30.1428
5.50675e+06 -30.1396
5.50735e+06 -30.1364
5.50795e+06 -30.1331
5.50855e+06 -30.1299
5.50915e+06 -30.1267
5.50975e+06 -30.1234
5.51035e+06 -30.1202
5.51095e+06 -30.117
5.51155e+06 -30.1137
5.51215e+06 -30.1105
5.51275e+06 -30.1073
5.51335e+06 -30.1041
5.51395e+06 -30.1009
5.51455e+06 -30.0977
5.51515e+06 -30.0944
5.51575e+06 -30.0912
5.51635e+06 -30.088
5.51695e+06 -30.0848
5.51755e+06 -30.0816
5.51815e+06 -30.0784
5.51875e+06 -30.0752
5.51935e+06 -30.072
5.51995e+06 -30.0688
5.52055e+06 -30.0656
5.52115e+06 -30.0624
5.52175e+06 -30.0593
5.52235e+06 -30.0561
5.52295e+06 -30.0529
5.52355e+06 -30.0497
5.52415e+06 -30.0465
5.52475e+06 -30.0433
5.52535e+06 -30.0402
5.52595e+06 -30.037
5.52655e+06 -30.0338
5.52715e+06 -30.0307
5.52775e+06 -30.0275
5.52835e+06 -30.0243
5.52895e+06 -30.0212
5.52955e+06 -30.018
5.53015e+06 -30.0148
5.53075e+06 -30.0117
5.53135e+06 -30.0085
5.53195e+06 -30.0054
5.53255e+06 -30.0022
5.53315e+06 -29.9991
5.53375e+06 -29.9959
5.53435e+06 -29.9928
5.53495e+06 -29.9896
5.53555e+06 -29.9865
5.53615e+06 -29.9833
5.53675e+06 -29.9802
5.53735e+06 -29.9771
5.53795e+06 -29.9739
5.53855e+06 -29.9708
5.53915e+06 -29.9677
5.53975e+06 -29.9645
5.54035e+06 -29.9614
5.54095e+06 -29.9583
5.54155e+06 -29.9552
5.54215e+06 -29.9521
5.54275e+06 -29.9489
5.54335e+06 -29.9458
5.54395e+06 -29.9427
5.54455e+06 -29.9396
5.54515e+06 -29.9365
5.54575e+06 -29.9334
5.54635e+06 -29.9303
5.54695e+06 -29.9272
5.54755e+06 -29.9241
5.54815e+06 -29.921
5.54875e+06 -29.9179
5.54935e+06 -29.9148
5.54995e+06 -29.9117
5.55056e+06 -29.9086
5.55116e+06 -29.9055
5.55176e+06 -29.9024
5.55236e+06 -29.8993
5.55296e+06 -29.8962
5.55356e+06 -29.8931
5.55416e+06 -29.8901
5.55476e+06 -29.887
5.55536e+06 -29.8839
5.55596e+06 -29.8808
5.55656e+06 -29.8778
5.55716e+06 -29.8747
5.55776e+06 -29.8716
5.55836e+06 -29.8686
5.55896e+06 -29.8655
5.55956e+06 -29.8624
5.56016e+06 -29.8594
5.56076e+06 -29.8563
5.56136e+06 -29.8533
5.56196e+06 -29.8502
5.56256e+06 -29.8471
5.56316e+06 -29.8441
5.56376e+06 -29.841
5.56436e+06 -29.838
5.56496e+06 -29.8349
5.56556e+06 -29.8319
5.56616e+06 -29.8289
5.56676e+06 -29.8258
5.56736e+06 -29.8228
5.56796e+06 -29.8197
5.56856e+06 -29.8167
5.56916e+06 -29.8137
5.56976e+06 -29.8107
5.57036e+06 -29.8076
5.57096e+06 -29.8046
5.57156e+06 -29.8016
5.57216e+06 -29.7985
5.57276e+06 -29.7955
5.57336e+06 -29.7925
5.57396e+06 -29.7895
5.57456e+06 -29.7865
5.57516e+06 -29.7835
5.57576e+06 -29.7805
5.57636e+06 -29.7774
5.57696e+06 -29.7744
5.57756e+06 -29.7714
5.57816e+06 -29.7684
5.57876e+06 -29.7654
5.57936e+06 -29.7624
5.57996e+06 -29.7594
5.58056e+06 -29.7564
5.58116e+06 -29.7534
5.58176e+06 -29.7504
5.58236e+06 -29.7474
5.58296e+06 -29.7445
5.58356e+06 -29.7415
5.58416e+06 -29.7385
5.58476e+06 -29.7355
5.58536e+06 -29.7325
5.58596e+06 -29.7295
5.58656e+06 -29.7266
5.58716e+06 -29.7236
5.58776e+06 -29.7206
5.58836e+06 -29.7176
5.58896e+06 -29.7147
5.58956e+06 -29.7117
5.59016e+06 -29.7087
5.59076e+06 -29.7058
5.59136e+06 -29.7028
5.59196e+06 -29.6998
5.59256e+06 -29.6969
5.59316e+06 -29.6939
5.59376e+06 -29.691
5.59436e+06 -29.688
5.59496e+06 -29.6851
5.59556e+06 -29.6821
5.59616e+06 -29.6792
5.59676e+06 -29.6762
5.59736e+06 -29.6733
5.59796e+06 -29.6703
5.59856e+06 -29.6674
5.59916e+06 -29.6645
5.59976e+06 -29.6615
5.60036e+06 -29.6586
5.60096e+06 -29.6556
5.60156e+06 -29.6527
5.60216e+06 -29.6498
5.60276e+06 -29.6469
5.60336e+06 -29.6439
5.60396e+06 -29.641
5.60456e+06 -29.6381
5.60516e+06 -29.6352
5.60576e+06 -29.6322
5.60636e+06 -29.6293
5.60696e+06 -29.6264
5.60756e+06 -29.6235
5.60816e+06 -29.6206
5.60876e+06 -29.6177
5.60936e+06 -29.6148
5.60996e+06 -29.6119
5.61056e+06 -29.609
5.61116e+06 -29.606
5.61176e+06 -29.6031
5.61236e+06 -29.6002
5.61296e+06 -29.5973
5.61356e+06 -29.5945
5.61416e+06 -29.5916
5.61476e+06 -29.5887
5.61536e+06 -29.5858
5.61596e+06 -29.5829
5.61656e+06 -29.58
5.61716e+06 -29.5771
5.61776e+06 -29.5742
5.61836e+06 -29.5713
5.61896e+06 -29.5685
5.61956e+06 -29.5656
5.62016e+06 -29.5627
5.62076e+06 -29.5598
5.62136e+06 -29.557
5.62196e+06 -29.5541
5.62256e+06 -29.5512
5.62316e+06 -29.5484
5.62376e+06 -29.5455
5.62436e+06 -29.5426
5.62496e+06 -29.5398
5.62556e+06 -29.5369
5.62616e+06 -29.534
5.62676e+06 -29.5312
5.62736e+06 -29.5283
5.62796e+06 -29.5255
5.62856e+06 -29.5226
5.62916e+06 -29.5198
5.62976e+06 -29.5169
5.63036e+06 -29.5141
5.63096e+06 -29.5112
5.63156e+06 -29.5084
5.63216e+06 -29.5055
5.63276e+06 -29.5027
5.63336e+06 -29.4999
5.63396e+06 -29.497
5.63456e+06 -29.4942
5.63516e+06 -29.4914
5.63576e+06 -29.4885
5.63636e+06 -29.4857
5.63696e+06 -29.4829
5.63756e+06 -29.48
5.63816e+06 -29.4772
5.63876e+06 -29.4744
5.63936e+06 -29.4716
5.63996e+06 -29.4688
5.64056e+06 -29.4659
5.64116e+06 -29.4631
5.64176e+06 -29.4603
5.64236e+06 -29.4575
5.64296e+06 -29.4547
5.64356e+06 -29.4519
5.64416e+06 -29.4491
5.64476e+06 -29.4463
5.64536e+06 -29.4435
5.64596e+06 -29.4407
5.64656e+06 -29.4379
5.64716e+06 -29.4351
5.64776e+06 -29.4323
5.64836e+06 -29.4295
5.64896e+06 -29.4267
5.64956e+06 -29.4239
5.65017e+06 -29.4211
5.65077e+06 -29.4183
5.65137e+06 -29.4155
5.65197e+06 -29.4127
5.65257e+06 -29.4099
5.65317e+06 -29.4072
5.65377e+06 -29.4044
5.65437e+06 -29.4016
5.65497e+06 -29.3988
5.65557e+06 -29.3961
5.65617e+06 -29.3933
5.65677e+06 -29.3905
5.65737e+06 -29.3877
5.65797e+06 -29.385
5.65857e+06 -29.3822
5.65917e+06 -29.3794
5.65977e+06 -29.3767
5.66037e+06 -29.3739
5.66097e+06 -29.3711
5.66157e+06 -29.3684
5.66217e+06 -29.3656
5.66277e+06 -29.3629
5.66337e+06 -29.3601
5.66397e+06 -29.3574
5.66457e+06 -29.3546
5.66517e+06 -29.3519
5.66577e+06 -29.3491
5.66637e+06 -29.3464
5.66697e+06 -29.3436
5.66757e+06 -29.3409
5.66817e+06 -29.3382
5.66877e+06 -29.3354
5.66937e+06 -29.3327
5.66997e+06 -29.3299
5.67057e+06 -29.3272
5.67117e+06 -29.3245
5.67177e+06 -29.3217
5.67237e+06 -29.319
5.67297e+06 -29.3163
5.67357e+06 -29.3136
5.67417e+06 -29.3108
5.67477e+06 -29.3081
5.67537e+06 -29.3054
5.67597e+06 -29.3027
5.67657e+06 -29.3
5.67717e+06 -29.2972
5.67777e+06 -29.2945
5.67837e+06 -29.2918
5.67897e+06 -29.2891
5.67957e+06 -29.2864
5.68017e+06 -29.2837
5.68077e+06 -29.281
5.68137e+06 -29.2783
5.68197e+06 -29.2756
5.68257e+06 -29.2729
5.68317e+06 -29.2702
5.68377e+06 -29.2675
5.68437e+06 -29.2648
5.68497e+06 -29.2621
5.68557e+06 -29.2594
5.68617e+06 -29.2567
5.68677e+06 -29.254
5.68737e+06 -29.2513
5.68797e+06 -29.2486
5.68857e+06 -29.2459
5.68917e+06 -29.2432
5.68977e+06 -29.2406
5.69037e+06 -29.2379
5.69097e+06 -29.2352
5.69157e+06 -29.2325
5.69217e+06 -29.2298
5.69277e+06 -29.2272
5.69337e+06 -29.2245
5.69397e+06 -29.2218
5.69457e+06 -29.2192
5.69517e+06 -29.2165
5.69577e+06 -29.2138
5.69637e+06 -29.2112
5.69697e+06 -29.2085
5.69757e+06 -29.2058
5.69817e+06 -29.2032
5.69877e+06 -29.2005
5.69937e+06 -29.1979
5.69997e+06 -29.1952
5.70057e+06 -29.1925
5.70117e+06 -29.1899
5.70177e+06 -29.1872
5.70237e+06 -29.1846
5.70297e+06 -29.1819
5.70357e+06 -29.1793
5.70417e+06 -29.1767
5.70477e+06 -29.174
5.70537e+06 -29.1714
5.70597e+06 -29.1687
5.70657e+06 -29.1661
5.70717e+06 -29.1634
5.70777e+06 -29.1608
5.70837e+06 -29.1582
5.70897e+06 -29.1555
5.70957e+06 -29.1529
5.71017e+06 -29.1503
5.71077e+06 -29.1477
5.71137e+06 -29.145
5.71197e+06 -29.1424
5.71257e+06 -29.1398
5.71317e+06 -29.1372
5.71377e+06 -29.1345
5.71437e+06 -29.1319
5.71497e+06 -29.1293
5.71557e+06 -29.1267
5.71617e+06 -29.1241
5.71677e+06 -29.1215
5.71737e+06 -29.1189
5.71797e+06 -29.1162
5.71857e+06 -29.1136
5.71917e+06 -29.111
5.71977e+06 -29.1084
5.72037e+06 -29.1058
5.72097e+06 -29.1032
5.72157e+06 -29.1006
5.72217e+06 -29.098
5.72277e+06 -29.0954
5.72337e+06 -29.0928
5.72397e+06 -29.0902
5.72457e+06 -29.0876
5.72517e+06 -29.085
5.72577e+06 -29.0825
5.72637e+06 -29.0799
5.72697e+06 -29.0773
5.72757e+06 -29.0747
5.72817e+06 -29.0721
5.72877e+06 -29.0695
5.72937e+06 -29.0669
5.72997e+06 -29.0644
5.73057e+06 -29.0618
5.73117e+06 -29.0592
5.73177e+06 -29.0566
5.73237e+06 -29.0541
5.73297e+06 -29.0515
5.73357e+06 -29.0489
5.73417e+06 -29.0464
5.73477e+06 -29.0438
5.73537e+06 -29.0412
5.73597e+06 -29.0387
5.73657e+06 -29.0361
5.73717e+06 -29.0335
5.73777e+06 -29.031
5.73837e+06 -29.0284
5.73897e+06 -29.0259
5.73957e+06 -29.0233
5.74017e+06 -29.0207
5.74077e+06 -29.0182
5.74137e+06 -29.0156
5.74197e+06 -29.0131
5.74257e+06 -29.0105
5.74317e+06 -29.008
5.74377e+06 -29.0055
5.74437e+06 -29.0029
5.74497e+06 -29.0004
5.74557e+06 -28.9978
5.74617e+06 -28.9953
5.74677e+06 -28.9927
5.74737e+06 -28.9902
5.74797e+06 -28.9877
5.74857e+06 -28.9851
5.74917e+06 -28.9826
5.74977e+06 -28.9801
5.75038e+06 -28.9776
5.75098e+06 -28.975
5.75158e+06 -28.9725
5.75218e+06 -28.97
5.75278e+06 -28.9674
5.75338e+06 -28.9649
5.75398e+06 -28.9624
5.75458e+06 -28.9599
5.75518e+06 -28.9574
5.75578e+06 -28.9549
5.75638e+06 -28.9523
5.75698e+06 -28.9498
5.75758e+06 -28.9473
5.75818e+06 -28.9448
5.75878e+06 -28.9423
5.75938e+06 -28.9398
5.75998e+06 -28.9373
5.76058e+06 -28.9348
5.76118e+06 -28.9323
5.76178e+06 -28.9298
5.76238e+06 -28.9273
5.76298e+06 -28.9248
5.76358e+06 -28.9223
5.76418e+06 -28.9198
5.76478e+06 -28.9173
5.76538e+06 -28.9148
5.76598e+06 -28.9123
5.76658e+06 -28.9098
5.76718e+06 -28.9073
5.76778e+06 -28.9048
5.76838e+06 -28.9023
5.76898e+06 -28.8999
5.76958e+06 -28.8974
5.77018e+06 -28.8949
5.77078e+06 -28.8924
5.77138e+06 -28.8899
5.77198e+06 -28.8875
5.77258e+06 -28.885
5.77318e+06 -28.8825
5.77378e+06 -28.88
5.77438e+06 -28.8776
5.77498e+06 -28.8751
5.77558e+06 -28.8726
5.77618e+06 -28.8702
5.77678e+06 -28.8677
5.77738e+06 -28.8652
5.77798e+06 -28.8628
5.77858e+06 -28.8603
5.77918e+06 -28.8578
5.77978e+06 -28.8554
5.78038e+06 -28.8529
5.78098e+06 -28.8505
5.78158e+06 -28.848
5.78218e+06 -28.8456
5.78278e+06 -28.8431
5.78338e+06 -28.8406
5.78398e+06 -28.8382
5.78458e+06 -28.8357
5.78518e+06 -28.8333
5.78578e+06 -28.8309
5.78638e+06 -28.8284
5.78698e+06 -28.826
5.78758e+06 -28.8235
5.78818e+06 -28.8211
5.78878e+06 -28.8186
5.78938e+06 -28.8162
5.78998e+06 -28.8138
5.79058e+06 -28.8113
5.79118e+06 -28.8089
5.79178e+06 -28.8065
5.79238e+06 -28.804
5.79298e+06 -28.8016
5.79358e+06 -28.7992
5.79418e+06 -28.7968
5.79478e+06 -28.7943
5.79538e+06 -28.7919
5.79598e+06 -28.7895
5.79658e+06 -28.7871
5.79718e+06 -28.7847
5.79778e+06 -28.7822
5.79838e+06 -28.7798
5.79898e+06 -28.7774
5.79958e+06 -28.775
5.80018e+06 -28.7726
5.80078e+06 -28.7702
5.80138e+06 -28.7678
5.80198e+06 -28.7653
5.80258e+06 -28.7629
5.80318e+06 -28.7605
5.80378e+06 -28.7581
5.80438e+06 -28.7557
5.80498e+06 -28.7533
5.80558e+06 -28.7509
5.80618e+06 -28.7485
5.80678e+06 -28.7461
5.80738e+06 -28.7437
5.80798e+06 -28.7413
5.80858e+06 -28.7389
5.80918e+06 -28.7365
5.80978e+06 -28.7342
5.81038e+06 -28.7318
5.81098e+06 -28.7294
5.81158e+06 -28.727
5.81218e+06 -28.7246
5.81278e+06 -28.7222
5.81338e+06 -28.7198
5.81398e+06 -28.7175
5.81458e+06 -28.7151
5.81518e+06 -28.7127
5.81578e+06 -28.7103
5.81638e+06 -28.7079
5.81698e+06 -28.7056
5.81758e+06 -28.7032
5.81818e+06 -28.7008
5.81878e+06 -28.6984
5.81938e+06 -28.6961
5.81998e+06 -28.6937
5.82058e+06 -28.6913
5.82118e+06 -28.689
5.82178e+06 -28.6866
5.82238e+06 -28.6842
5.82298e+06 -28.6819
5.82358e+06 -28.6795
5.82418e+06 -28.6772
5.82478e+06 -28.6748
5.82538e+06 -28.6725
5.82598e+06 -28.6701
5.82658e+06 -28.6677
5.82718e+06 -28.6654
5.82778e+06 -28.663
5.82838e+06 -28.6607
5.82898e+06 -28.6583
5.82958e+06 -28.656
5.83018e+06 -28.6536
5.83078e+06 -28.6513
5.83138e+06 -28.649
5.83198e+06 -28.6466
5.83258e+06 -28.6443
5.83318e+06 -28.6419
5.83378e+06 -28.6396
5.83438e+06 -28.6373
5.83498e+06 -28.6349
5.83558e+06 -28.6326
5.83618e+06 -28.6303
5.83678e+06 -28.6279
5.83738e+06 -28.6256
5.83798e+06 -28.6233
5.83858e+06 -28.6209
5.83918e+06 -28.6186
5.83978e+06 -28.6163
5.84038e+06 -28.614
5.84098e+06 -28.6116
5.84158e+06 -28.6093
5.84218e+06 -28.607
5.84278e+06 -28.6047
5.84338e+06 -28.6024
5.84398e+06 -28.6
5.84458e+06 -28.5977
5.84518e+06 -28.5954
5.84578e+06 -28.5931
5.84638e+06 -28.5908
5.84698e+06 -28.5885
5.84758e+06 -28.5862
5.84818e+06 -28.5839
5.84878e+06 -28.5816
5.84938e+06 -28.5792
5.84998e+06 -28.5769
5.85059e+06 -28.5746
5.85119e+06 -28.5723
5.85179e+06 -28.57
5.85239e+06 -28.5677
5.85299e+06 -28.5654
5.85359e+06 -28.5631
5.85419e+06 -28.5608
5.85479e+06 -28.5586
5.85539e+06 -28.5563
5.85599e+06 -28.554
5.85659e+06 -28.5517
5.85719e+06 -28.5494
5.85779e+06 -28.5471
5.85839e+06 -28.5448
5.85899e+06 -28.5425
5.85959e+06 -28.5402
5.86019e+06 -28.538
5.86079e+06 -28.5357
5.86139e+06 -28.5334
5.86199e+06 -28.5311
5.86259e+06 -28.5288
5.86319e+06 -28.5266
5.86379e+06 -28.5243
5.86439e+06 -28.522
5.86499e+06 -28.5198
5.86559e+06 -28.5175
5.86619e+06 -28.5152
5.86679e+06 -28.5129
5.86739e+06 -28.5107
5.86799e+06 -28.5084
5.86859e+06 -28.5061
5.86919e+06 -28.5039
5.86979e+06 -28.5016
5.87039e+06 -28.4994
5.87099e+06 -28.4971
5.87159e+06 -28.4948
5.87219e+06 -28.4926
5.87279e+06 -28.4903
5.87339e+06 -28.4881
5.87399e+06 -28.4858
5.87459e+06 -28.4836
5.87519e+06 -28.4813
5.87579e+06 -28.4791
5.87639e+06 -28.4768
5.87699e+06 -28.4746
5.87759e+06 -28.4723
5.87819e+06 -28.4701
5.87879e+06 -28.4678
5.87939e+06 -28.4656
5.87999e+06 -28.4633
5.88059e+06 -28.4611
5.88119e+06 -28.4589
5.88179e+06 -28.4566
5.88239e+06 -28.4544
5.88299e+06 -28.4521
5.88359e+06 -28.4499
5.88419e+06 -28.4477
5.88479e+06 -28.4454
5.88539e+06 -28.4432
5.88599e+06 -28.441
5.88659e+06 -28.4388
5.88719e+06 -28.4365
5.88779e+06 -28.4343
5.88839e+06 -28.4321
5.88899e+06 -28.4299
5.88959e+06 -28.4276
5.89019e+06 -28.4254
5.89079e+06 -28.4232
5.89139e+06 -28.421
5.89199e+06 -28.4188
5.89259e+06 -28.4165
5.89319e+06 -28.4143
5.89379e+06 -28.4121
5.89439e+06 -28.4099
5.89499e+06 -28.4077
5.89559e+06 -28.4055
5.89619e+06 -28.4033
5.89679e+06 -28.4011
5.89739e+06 -28.3988
5.89799e+06 -28.3966
5.89859e+06 -28.3944
5.89919e+06 -28.3922
5.89979e+06 -28.39
5.90039e+06 -28.3878
5.90099e+06 -28.3856
5.90159e+06 -28.3834
5.90219e+06 -28.3812
5.90279e+06 -28.379
5.90339e+06 -28.3768
5.90399e+06 -28.3746
5.90459e+06 -28.3725
5.90519e+06 -28.3703
5.90579e+06 -28.3681
5.90639e+06 -28.3659
5.90699e+06 -28.3637
5.90759e+06 -28.3615
5.90819e+06 -28.3593
5.90879e+06 -28.3571
5.90939e+06 -28.355
5.90999e+06 -28.3528
5.91059e+06 -28.3506
5.91119e+06 -28.3484
5.91179e+06 -28.3462
5.91239e+06 -28.3441
5.91299e+06 -28.3419
5.91359e+06 -28.3397
5.91419e+06 -28.3375
5.91479e+06 -28.3354
5.91539e+06 -28.3332
5.91599e+06 -28.331
5.91659e+06 -28.3288
5.91719e+06 -28.3267
5.91779e+06 -28.3245
5.91839e+06 -28.3223
5.91899e+06 -28.3202
5.91959e+06 -28.318
5.92019e+06 -28.3159
5.92079e+06 -28.3137
5.92139e+06 -28.3115
5.92199e+06 -28.3094
5.92259e+06 -28.3072
5.92319e+06 -28.3051
5.92379e+06 -28.3029
5.92439e+06 -28.3007
5.92499e+06 -28.2986
5.92559e+06 -28.2964
5.92619e+06 -28.2943
5.92679e+06 -28.2921
5.92739e+06 -28.29
5.92799e+06 -28.2878
5.92859e+06 -28.2857
5.92919e+06 -28.2836
5.92979e+06 -28.2814
5.93039e+06 -28.2793
5.93099e+06 -28.2771
5.93159e+06 -28.275
5.93219e+06 -28.2728
5.93279e+06 -28.2707
5.93339e+06 -28.2686
5.93399e+06 -28.2664
5.93459e+06 -28.2643
5.93519e+06 -28.2622
5.93579e+06 -28.26
5.93639e+06 -28.2579
5.93699e+06 -28.2558
5.93759e+06 -28.2536
5.93819e+06 -28.2515
5.93879e+06 -28.2494
5.93939e+06 -28.2473
5.93999e+06 -28.2451
5.94059e+06 -28.243
5.94119e+06 -28.2409
5.94179e+06 -28.2388
5.94239e+06 -28.2366
5.94299e+06 -28.2345
5.94359e+06 -28.2324
5.94419e+06 -28.2303
5.94479e+06 -28.2282
5.94539e+06 -28.2261
5.94599e+06 -28.2239
5.94659e+06 -28.2218
5.94719e+06 -28.2197
5.94779e+06 -28.2176
5.94839e+06 -28.2155
5.94899e+06 -28.2134
5.94959e+06 -28.2113
5.9502e+06 -28.2092
5.9508e+06 -28.2071
5.9514e+06 -28.205
5.952e+06 -28.2029
5.9526e+06 -28.2008
5.9532e+06 -28.1987
5.9538e+06 -28.1966
5.9544e+06 -28.1945
5.955e+06 -28.1924
5.9556e+06 -28.1903
5.9562e+06 -28.1882
5.9568e+06 -28.1861
5.9574e+06 -28.184
5.958e+06 -28.1819
5.9586e+06 -28.1798
5.9592e+06 -28.1777
5.9598e+06 -28.1756
5.9604e+06 -28.1735
5.961e+06 -28.1715
5.9616e+06 -28.1694
5.9622e+06 -28.1673
5.9628e+06 -28.1652
5.9634e+06 -28.1631
5.964e+06 -28.161
5.9646e+06 -28.159
5.9652e+06 -28.1569
5.9658e+06 -28.1548
5.9664e+06 -28.1527
5.967e+06 -28.1507
5.9676e+06 -28.1486
5.9682e+06 -28.1465
5.9688e+06 -28.1444
5.9694e+06 -28.1424
5.97e+06 -28.1403
5.9706e+06 -28.1382
5.9712e+06 -28.1362
5.9718e+06 -28.1341
5.9724e+06 -28.132
5.973e+06 -28.13
5.9736e+06 -28.1279
5.9742e+06 -28.1258
5.9748e+06 -28.1238
5.9754e+06 -28.1217
5.976e+06 -28.1197
5.9766e+06 -28.1176
5.9772e+06 -28.1155
5.9778e+06 -28.1135
5.9784e+06 -28.1114
5.979e+06 -28.1094
5.9796e+06 -28.1073
5.9802e+06 -28.1053
5.9808e+06 -28.1032
5.9814e+06 -28.1012
5.982e+06 -28.0991
5.9826e+06 -28.0971
5.9832e+06 -28.095
5.9838e+06 -28.093
5.9844e+06 -28.0909
5.985e+06 -28.0889
5.9856e+06 -28.0869
5.9862e+06 -28.0848
5.9868e+06 -28.0828
5.9874e+06 -28.0807
5.988e+06 -28.0787
5.9886e+06 -28.0767
5.9892e+06 -28.0746
5.9898e+06 -28.0726
5.9904e+06 -28.0706
5.991e+06 -28.0685
5.9916e+06 -28.0665
5.9922e+06 -28.0645
5.9928e+06 -28.0624
5.9934e+06 -28.0604
5.994e+06 -28.0584
5.9946e+06 -28.0563
5.9952e+06 -28.0543
5.9958e+06 -28.0523
5.9964e+06 -28.0503
5.997e+06 -28.0483
5.9976e+06 -28.0462
5.9982e+06 -28.0442
5.9988e+06 -28.0422
5.9994e+06 -28.0402
6e+06 -28.0382
