0 3153.63
600.06 3153.63
1200.12 3153.63
1800.18 3153.63
2400.24 3153.63
3000.3 3153.63
3600.36 3153.63
4200.42 3153.63
4800.48 3153.63
5400.54 3153.63
6000.6 3153.63
6600.66 3153.62
7200.72 3153.62
7800.78 3153.62
8400.84 3153.62
9000.9 3153.62
9600.96 3153.61
10201 3153.61
10801.1 3153.61
11401.1 3153.6
12001.2 3153.6
12601.3 3153.6
13201.3 3153.59
13801.4 3153.59
14401.4 3153.58
15001.5 3153.58
15601.6 3153.58
16201.6 3153.57
16801.7 3153.57
17401.7 3153.56
18001.8 3153.56
18601.9 3153.55
19201.9 3153.54
19802 3153.54
20402 3153.53
21002.1 3153.53
21602.2 3153.52
22202.2 3153.51
22802.3 3153.51
23402.3 3153.5
24002.4 3153.49
24602.5 3153.48
25202.5 3153.48
25802.6 3153.47
26402.6 3153.46
27002.7 3153.45
27602.8 3153.45
28202.8 3153.44
28802.9 3153.43
29402.9 3153.42
30003 3153.41
30603.1 3153.4
31203.1 3153.39
31803.2 3153.38
32403.2 3153.37
33003.3 3153.36
33603.4 3153.35
34203.4 3153.34
34803.5 3153.33
35403.5 3153.32
36003.6 3153.31
36603.7 3153.3
37203.7 3153.29
37803.8 3153.28
38403.8 3153.27
39003.9 3153.25
39604 3153.24
40204 3153.23
40804.1 3153.22
41404.1 3153.21
42004.2 3153.19
42604.3 3153.18
43204.3 3153.17
43804.4 3153.15
44404.4 3153.14
45004.5 3153.13
45604.6 3153.11
46204.6 3153.1
46804.7 3153.08
47404.7 3153.07
48004.8 3153.06
48604.9 3153.04
49204.9 3153.03
49805 3153.01
50405 3153
51005.1 3152.98
51605.2 3152.96
52205.2 3152.95
52805.3 3152.93
53405.3 3152.92
54005.4 3152.9
54605.5 3152.88
55205.5 3152.87
55805.6 3152.85
56405.6 3152.83
57005.7 3152.82
57605.8 3152.8
58205.8 3152.78
58805.9 3152.76
59405.9 3152.75
60006 3152.73
60606.1 3152.71
61206.1 3152.69
61806.2 3152.67
62406.2 3152.65
63006.3 3152.63
63606.4 3152.61
64206.4 3152.59
64806.5 3152.58
65406.5 3152.56
66006.6 3152.54
66606.7 3152.51
67206.7 3152.49
67806.8 3152.47
68406.8 3152.45
69006.9 3152.43
69607 3152.41
70207 3152.39
70807.1 3152.37
71407.1 3152.35
72007.2 3152.32
72607.3 3152.3
73207.3 3152.28
73807.4 3152.26
74407.4 3152.24
75007.5 3152.21
75607.6 3152.19
76207.6 3152.17
76807.7 3152.14
77407.7 3152.12
78007.8 3152.1
78607.9 3152.07
79207.9 3152.05
79808 3152.02
80408 3152
81008.1 3151.97
81608.2 3151.95
82208.2 3151.92
82808.3 3151.9
83408.3 3151.87
84008.4 3151.85
84608.5 3151.82
85208.5 3151.8
85808.6 3151.77
86408.6 3151.74
87008.7 3151.72
87608.8 3151.69
88208.8 3151.66
88808.9 3151.64
89408.9 3151.61
90009 3151.58
90609.1 3151.56
91209.1 3151.53
91809.2 3151.5
92409.2 3151.47
93009.3 3151.44
93609.4 3151.42
94209.4 3151.39
94809.5 3151.36
95409.5 3151.33
96009.6 3151.3
96609.7 3151.27
97209.7 3151.24
97809.8 3151.21
98409.8 3151.18
99009.9 3151.15
99610 3151.12
100210 3151.09
100810 3151.06
101410 3151.03
102010 3151
102610 3150.97
103210 3150.93
103810 3150.9
104410 3150.87
105011 3150.84
105611 3150.81
106211 3150.77
106811 3150.74
107411 3150.71
108011 3150.68
108611 3150.64
109211 3150.61
109811 3150.58
110411 3150.54
111011 3150.51
111611 3150.47
112211 3150.44
112811 3150.41
113411 3150.37
114011 3150.34
114611 3150.3
115212 3150.27
115812 3150.23
116412 3150.2
117012 3150.16
117612 3150.12
118212 3150.09
118812 3150.05
119412 3150.02
120012 3149.98
120612 3149.94
121212 3149.91
121812 3149.87
122412 3149.83
123012 3149.79
123612 3149.76
124212 3149.72
124812 3149.68
125413 3149.64
126013 3149.6
126613 3149.56
127213 3149.53
127813 3149.49
128413 3149.45
129013 3149.41
129613 3149.37
130213 3149.33
130813 3149.29
131413 3149.25
132013 3149.21
132613 3149.17
133213 3149.13
133813 3149.09
134413 3149.05
135014 3149
135614 3148.96
136214 3148.92
136814 3148.88
137414 3148.84
138014 3148.8
138614 3148.75
139214 3148.71
139814 3148.67
140414 3148.63
141014 3148.58
141614 3148.54
142214 3148.5
142814 3148.45
143414 3148.41
144014 3148.36
144614 3148.32
145215 3148.28
145815 3148.23
146415 3148.19
147015 3148.14
147615 3148.1
148215 3148.05
148815 3148.01
149415 3147.96
150015 3147.91
150615 3147.87
151215 3147.82
151815 3147.78
152415 3147.73
153015 3147.68
153615 3147.64
154215 3147.59
154815 3147.54
155416 3147.49
156016 3147.45
156616 3147.4
157216 3147.35
157816 3147.3
158416 3147.25
159016 3147.2
159616 3147.16
160216 3147.11
160816 3147.06
161416 3147.01
162016 3146.96
162616 3146.91
163216 3146.86
163816 3146.81
164416 3146.76
165017 3146.71
165617 3146.66
166217 3146.61
166817 3146.56
167417 3146.51
168017 3146.45
168617 3146.4
169217 3146.35
169817 3146.3
170417 3146.25
171017 3146.19
171617 3146.14
172217 3146.09
172817 3146.04
173417 3145.98
174017 3145.93
174617 3145.88
175218 3145.82
175818 3145.77
176418 3145.72
177018 3145.66
177618 3145.61
178218 3145.55
178818 3145.5
179418 3145.44
180018 3145.39
180618 3145.33
181218 3145.28
181818 3145.22
182418 3145.17
183018 3145.11
183618 3145.05
184218 3145
184818 3144.94
185419 3144.88
186019 3144.83
186619 3144.77
187219 3144.71
187819 3144.65
188419 3144.6
189019 3144.54
189619 3144.48
190219 3144.42
190819 3144.36
191419 3144.31
192019 3144.25
192619 3144.19
193219 3144.13
193819 3144.07
194419 3144.01
195020 3143.95
195620 3143.89
196220 3143.83
196820 3143.77
197420 3143.71
198020 3143.65
198620 3143.59
199220 3143.53
199820 3143.47
200420 3143.4
201020 3143.34
201620 3143.28
202220 3143.22
202820 3143.16
203420 3143.09
204020 3143.03
204620 3142.97
205221 3142.91
205821 3142.84
206421 3142.78
207021 3142.72
207621 3142.65
208221 3142.59
208821 3142.53
209421 3142.46
210021 3142.4
210621 3142.33
211221 3142.27
211821 3142.2
212421 3142.14
213021 3142.07
213621 3142.01
214221 3141.94
214821 3141.87
215422 3141.81
216022 3141.74
216622 3141.68
217222 3141.61
217822 3141.54
218422 3141.48
219022 3141.41
219622 3141.34
220222 3141.27
220822 3141.21
221422 3141.14
222022 3141.07
222622 3141
223222 3140.93
223822 3140.86
224422 3140.8
225023 3140.73
225623 3140.66
226223 3140.59
226823 3140.52
227423 3140.45
228023 3140.38
228623 3140.31
229223 3140.24
229823 3140.17
230423 3140.1
231023 3140.03
231623 3139.95
232223 3139.88
232823 3139.81
233423 3139.74
234023 3139.67
234623 3139.6
235224 3139.52
235824 3139.45
236424 3139.38
237024 3139.31
237624 3139.23
238224 3139.16
238824 3139.09
239424 3139.01
240024 3138.94
240624 3138.87
241224 3138.79
241824 3138.72
242424 3138.64
243024 3138.57
243624 3138.49
244224 3138.42
244824 3138.34
245425 3138.27
246025 3138.19
246625 3138.12
247225 3138.04
247825 3137.96
248425 3137.89
249025 3137.81
249625 3137.73
250225 3137.66
250825 3137.58
251425 3137.5
252025 3137.43
252625 3137.35
253225 3137.27
253825 3137.19
254425 3137.11
255026 3137.04
255626 3136.96
256226 3136.88
256826 3136.8
257426 3136.72
258026 3136.64
258626 3136.56
259226 3136.48
259826 3136.4
260426 3136.32
261026 3136.24
261626 3136.16
262226 3136.08
262826 3136
263426 3135.92
264026 3135.84
264626 3135.75
265227 3135.67
265827 3135.59
266427 3135.51
267027 3135.43
267627 3135.34
268227 3135.26
268827 3135.18
269427 3135.1
270027 3135.01
270627 3134.93
271227 3134.85
271827 3134.76
272427 3134.68
273027 3134.59
273627 3134.51
274227 3134.43
274827 3134.34
275428 3134.26
276028 3134.17
276628 3134.09
277228 3134
277828 3133.91
278428 3133.83
279028 3133.74
279628 3133.66
280228 3133.57
280828 3133.48
281428 3133.4
282028 3133.31
282628 3133.22
283228 3133.14
283828 3133.05
284428 3132.96
285029 3132.87
285629 3132.78
286229 3132.7
286829 3132.61
287429 3132.52
288029 3132.43
288629 3132.34
289229 3132.25
289829 3132.16
290429 3132.07
291029 3131.98
291629 3131.89
292229 3131.8
292829 3131.71
293429 3131.62
294029 3131.53
294629 3131.44
295230 3131.35
295830 3131.26
296430 3131.17
297030 3131.07
297630 3130.98
298230 3130.89
298830 3130.8
299430 3130.71
300030 3130.61
300630 3130.52
301230 3130.43
301830 3130.33
302430 3130.24
303030 3130.15
303630 3130.05
304230 3129.96
304830 3129.87
305431 3129.77
306031 3129.68
306631 3129.58
307231 3129.49
307831 3129.39
308431 3129.3
309031 3129.2
309631 3129.1
310231 3129.01
310831 3128.91
311431 3128.82
312031 3128.72
312631 3128.62
313231 3128.53
313831 3128.43
314431 3128.33
315032 3128.23
315632 3128.14
316232 3128.04
316832 3127.94
317432 3127.84
318032 3127.74
318632 3127.65
319232 3127.55
319832 3127.45
320432 3127.35
321032 3127.25
321632 3127.15
322232 3127.05
322832 3126.95
323432 3126.85
324032 3126.75
324632 3126.65
325233 3126.55
325833 3126.45
326433 3126.35
327033 3126.25
327633 3126.14
328233 3126.04
328833 3125.94
329433 3125.84
330033 3125.74
330633 3125.63
331233 3125.53
331833 3125.43
332433 3125.33
333033 3125.22
333633 3125.12
334233 3125.01
334833 3124.91
335434 3124.81
336034 3124.7
336634 3124.6
337234 3124.49
337834 3124.39
338434 3124.28
339034 3124.18
339634 3124.07
340234 3123.97
340834 3123.86
341434 3123.76
342034 3123.65
342634 3123.54
343234 3123.44
343834 3123.33
344434 3123.22
345035 3123.12
345635 3123.01
346235 3122.9
346835 3122.79
347435 3122.69
348035 3122.58
348635 3122.47
349235 3122.36
349835 3122.25
350435 3122.14
351035 3122.04
351635 3121.93
352235 3121.82
352835 3121.71
353435 3121.6
354035 3121.49
354635 3121.38
355236 3121.27
355836 3121.16
356436 3121.05
357036 3120.93
357636 3120.82
358236 3120.71
358836 3120.6
359436 3120.49
360036 3120.38
360636 3120.26
361236 3120.15
361836 3120.04
362436 3119.93
363036 3119.81
363636 3119.7
364236 3119.59
364836 3119.47
365437 3119.36
366037 3119.25
366637 3119.13
367237 3119.02
367837 3118.9
368437 3118.79
369037 3118.67
369637 3118.56
370237 3118.44
370837 3118.33
371437 3118.21
372037 3118.1
372637 3117.98
373237 3117.86
373837 3117.75
374437 3117.63
375038 3117.51
375638 3117.4
376238 3117.28
376838 3117.16
377438 3117.04
378038 3116.93
378638 3116.81
379238 3116.69
379838 3116.57
380438 3116.45
381038 3116.33
381638 3116.22
382238 3116.1
382838 3115.98
383438 3115.86
384038 3115.74
384638 3115.62
385239 3115.5
385839 3115.38
386439 3115.26
387039 3115.14
387639 3115.01
388239 3114.89
388839 3114.77
389439 3114.65
390039 3114.53
390639 3114.41
391239 3114.28
391839 3114.16
392439 3114.04
393039 3113.92
393639 3113.79
394239 3113.67
394839 3113.55
395440 3113.42
396040 3113.3
396640 3113.18
397240 3113.05
397840 3112.93
398440 3112.8
399040 3112.68
399640 3112.55
400240 3112.43
400840 3112.3
401440 3112.18
402040 3112.05
402640 3111.92
403240 3111.8
403840 3111.67
404440 3111.55
405041 3111.42
405641 3111.29
406241 3111.16
406841 3111.04
407441 3110.91
408041 3110.78
408641 3110.65
409241 3110.53
409841 3110.4
410441 3110.27
411041 3110.14
411641 3110.01
412241 3109.88
412841 3109.75
413441 3109.62
414041 3109.49
414641 3109.36
415242 3109.23
415842 3109.1
416442 3108.97
417042 3108.84
417642 3108.71
418242 3108.58
418842 3108.45
419442 3108.32
420042 3108.19
420642 3108.05
421242 3107.92
421842 3107.79
422442 3107.66
423042 3107.52
423642 3107.39
424242 3107.26
424842 3107.12
425443 3106.99
426043 3106.86
426643 3106.72
427243 3106.59
427843 3106.45
428443 3106.32
429043 3106.18
429643 3106.05
430243 3105.91
430843 3105.78
431443 3105.64
432043 3105.51
432643 3105.37
433243 3105.24
433843 3105.1
434443 3104.96
435044 3104.83
435644 3104.69
436244 3104.55
436844 3104.41
437444 3104.28
438044 3104.14
438644 3104
439244 3103.86
439844 3103.72
440444 3103.59
441044 3103.45
441644 3103.31
442244 3103.17
442844 3103.03
443444 3102.89
444044 3102.75
444644 3102.61
445245 3102.47
445845 3102.33
446445 3102.19
447045 3102.05
447645 3101.91
448245 3101.77
448845 3101.62
449445 3101.48
450045 3101.34
450645 3101.2
451245 3101.06
451845 3100.91
452445 3100.77
453045 3100.63
453645 3100.48
454245 3100.34
454845 3100.2
455446 3100.05
456046 3099.91
456646 3099.77
457246 3099.62
457846 3099.48
458446 3099.33
459046 3099.19
459646 3099.04
460246 3098.9
460846 3098.75
461446 3098.61
462046 3098.46
462646 3098.31
463246 3098.17
463846 3098.02
464446 3097.87
465047 3097.73
465647 3097.58
466247 3097.43
466847 3097.28
467447 3097.14
468047 3096.99
468647 3096.84
469247 3096.69
469847 3096.54
470447 3096.39
471047 3096.25
471647 3096.1
472247 3095.95
472847 3095.8
473447 3095.65
474047 3095.5
474647 3095.35
475248 3095.2
475848 3095.05
476448 3094.89
477048 3094.74
477648 3094.59
478248 3094.44
478848 3094.29
479448 3094.14
480048 3093.98
480648 3093.83
481248 3093.68
481848 3093.53
482448 3093.37
483048 3093.22
483648 3093.07
484248 3092.91
484848 3092.76
485449 3092.61
486049 3092.45
486649 3092.3
487249 3092.14
487849 3091.99
488449 3091.83
489049 3091.68
489649 3091.52
490249 3091.37
490849 3091.21
491449 3091.05
492049 3090.9
492649 3090.74
493249 3090.58
493849 3090.43
494449 3090.27
495050 3090.11
495650 3089.96
496250 3089.8
496850 3089.64
497450 3089.48
498050 3089.32
498650 3089.16
499250 3089.01
499850 3088.85
500450 3088.69
501050 3088.53
501650 3088.37
502250 3088.21
502850 3088.05
503450 3087.89
504050 3087.73
504650 3087.57
505251 3087.41
505851 3087.24
506451 3087.08
507051 3086.92
507651 3086.76
508251 3086.6
508851 3086.44
509451 3086.27
510051 3086.11
510651 3085.95
511251 3085.78
511851 3085.62
512451 3085.46
513051 3085.29
513651 3085.13
514251 3084.97
514851 3084.8
515452 3084.64
516052 3084.47
516652 3084.31
517252 3084.14
517852 3083.98
518452 3083.81
519052 3083.65
519652 3083.48
520252 3083.31
520852 3083.15
521452 3082.98
522052 3082.81
522652 3082.65
523252 3082.48
523852 3082.31
524452 3082.14
525053 3081.98
525653 3081.81
526253 3081.64
526853 3081.47
527453 3081.3
528053 3081.13
528653 3080.96
529253 3080.79
529853 3080.62
530453 3080.45
531053 3080.28
531653 3080.11
532253 3079.94
532853 3079.77
533453 3079.6
534053 3079.43
534653 3079.26
535254 3079.09
535854 3078.92
536454 3078.74
537054 3078.57
537654 3078.4
538254 3078.23
538854 3078.05
539454 3077.88
540054 3077.71
540654 3077.53
541254 3077.36
541854 3077.19
542454 3077.01
543054 3076.84
543654 3076.66
544254 3076.49
544854 3076.31
545455 3076.14
546055 3075.96
546655 3075.79
547255 3075.61
547855 3075.43
548455 3075.26
549055 3075.08
549655 3074.9
550255 3074.73
550855 3074.55
551455 3074.37
552055 3074.19
552655 3074.02
553255 3073.84
553855 3073.66
554455 3073.48
555056 3073.3
555656 3073.12
556256 3072.95
556856 3072.77
557456 3072.59
558056 3072.41
558656 3072.23
559256 3072.05
559856 3071.87
560456 3071.68
561056 3071.5
561656 3071.32
562256 3071.14
562856 3070.96
563456 3070.78
564056 3070.6
564656 3070.41
565257 3070.23
565857 3070.05
566457 3069.87
567057 3069.68
567657 3069.5
568257 3069.32
568857 3069.13
569457 3068.95
570057 3068.76
570657 3068.58
571257 3068.39
571857 3068.21
572457 3068.02
573057 3067.84
573657 3067.65
574257 3067.47
574857 3067.28
575458 3067.1
576058 3066.91
576658 3066.72
577258 3066.54
577858 3066.35
578458 3066.16
579058 3065.97
579658 3065.79
580258 3065.6
580858 3065.41
581458 3065.22
582058 3065.03
582658 3064.84
583258 3064.65
583858 3064.46
584458 3064.28
585059 3064.09
585659 3063.9
586259 3063.71
586859 3063.51
587459 3063.32
588059 3063.13
588659 3062.94
589259 3062.75
589859 3062.56
590459 3062.37
591059 3062.18
591659 3061.98
592259 3061.79
592859 3061.6
593459 3061.41
594059 3061.21
594659 3061.02
595260 3060.83
595860 3060.63
596460 3060.44
597060 3060.24
597660 3060.05
598260 3059.85
598860 3059.66
599460 3059.46
600060 3059.27
600660 3059.07
601260 3058.88
601860 3058.68
602460 3058.49
603060 3058.29
603660 3058.09
604260 3057.9
604860 3057.7
605461 3057.5
606061 3057.3
606661 3057.1
607261 3056.91
607861 3056.71
608461 3056.51
609061 3056.31
609661 3056.11
610261 3055.91
610861 3055.71
611461 3055.51
612061 3055.31
612661 3055.11
613261 3054.91
613861 3054.71
614461 3054.51
615062 3054.31
615662 3054.11
616262 3053.91
616862 3053.71
617462 3053.5
618062 3053.3
618662 3053.1
619262 3052.9
619862 3052.69
620462 3052.49
621062 3052.29
621662 3052.08
622262 3051.88
622862 3051.68
623462 3051.47
624062 3051.27
624662 3051.06
625263 3050.86
625863 3050.65
626463 3050.45
627063 3050.24
627663 3050.04
628263 3049.83
628863 3049.62
629463 3049.42
630063 3049.21
630663 3049
631263 3048.8
631863 3048.59
632463 3048.38
633063 3048.17
633663 3047.96
634263 3047.76
634863 3047.55
635464 3047.34
636064 3047.13
636664 3046.92
637264 3046.71
637864 3046.5
638464 3046.29
639064 3046.08
639664 3045.87
640264 3045.66
640864 3045.45
641464 3045.24
642064 3045.03
642664 3044.81
643264 3044.6
643864 3044.39
644464 3044.18
645065 3043.97
645665 3043.75
646265 3043.54
646865 3043.33
647465 3043.11
648065 3042.9
648665 3042.68
649265 3042.47
649865 3042.26
650465 3042.04
651065 3041.83
651665 3041.61
652265 3041.4
652865 3041.18
653465 3040.96
654065 3040.75
654665 3040.53
655266 3040.32
655866 3040.1
656466 3039.88
657066 3039.66
657666 3039.45
658266 3039.23
658866 3039.01
659466 3038.79
660066 3038.57
660666 3038.36
661266 3038.14
661866 3037.92
662466 3037.7
663066 3037.48
663666 3037.26
664266 3037.04
664866 3036.82
665467 3036.6
666067 3036.38
666667 3036.16
667267 3035.93
667867 3035.71
668467 3035.49
669067 3035.27
669667 3035.05
670267 3034.82
670867 3034.6
671467 3034.38
672067 3034.16
672667 3033.93
673267 3033.71
673867 3033.48
674467 3033.26
675068 3033.04
675668 3032.81
676268 3032.59
676868 3032.36
677468 3032.14
678068 3031.91
678668 3031.68
679268 3031.46
679868 3031.23
680468 3031.01
681068 3030.78
681668 3030.55
682268 3030.32
682868 3030.1
683468 3029.87
684068 3029.64
684668 3029.41
685269 3029.18
685869 3028.96
686469 3028.73
687069 3028.5
687669 3028.27
688269 3028.04
688869 3027.81
689469 3027.58
690069 3027.35
690669 3027.12
691269 3026.89
691869 3026.65
692469 3026.42
693069 3026.19
693669 3025.96
694269 3025.73
694869 3025.49
695470 3025.26
696070 3025.03
696670 3024.8
697270 3024.56
697870 3024.33
698470 3024.1
699070 3023.86
699670 3023.63
700270 3023.39
700870 3023.16
701470 3022.92
702070 3022.69
702670 3022.45
703270 3022.22
703870 3021.98
704470 3021.74
705071 3021.51
705671 3021.27
706271 3021.03
706871 3020.8
707471 3020.56
708071 3020.32
708671 3020.08
709271 3019.84
709871 3019.61
710471 3019.37
711071 3019.13
711671 3018.89
712271 3018.65
712871 3018.41
713471 3018.17
714071 3017.93
714671 3017.69
715272 3017.45
715872 3017.21
716472 3016.96
717072 3016.72
717672 3016.48
718272 3016.24
718872 3016
719472 3015.75
720072 3015.51
720672 3015.27
721272 3015.03
721872 3014.78
722472 3014.54
723072 3014.29
723672 3014.05
724272 3013.81
724872 3013.56
725473 3013.32
726073 3013.07
726673 3012.83
727273 3012.58
727873 3012.33
728473 3012.09
729073 3011.84
729673 3011.59
730273 3011.35
730873 3011.1
731473 3010.85
732073 3010.6
732673 3010.36
733273 3010.11
733873 3009.86
734473 3009.61
735074 3009.36
735674 3009.11
736274 3008.86
736874 3008.61
737474 3008.36
738074 3008.11
738674 3007.86
739274 3007.61
739874 3007.36
740474 3007.11
741074 3006.86
741674 3006.61
742274 3006.35
742874 3006.1
743474 3005.85
744074 3005.6
744674 3005.34
745275 3005.09
745875 3004.84
746475 3004.58
747075 3004.33
747675 3004.07
748275 3003.82
748875 3003.56
749475 3003.31
750075 3003.05
750675 3002.8
751275 3002.54
751875 3002.28
752475 3002.03
753075 3001.77
753675 3001.51
754275 3001.26
754875 3001
755476 3000.74
756076 3000.48
756676 3000.23
757276 2999.97
757876 2999.71
758476 2999.45
759076 2999.19
759676 2998.93
760276 2998.67
760876 2998.41
761476 2998.15
762076 2997.89
762676 2997.63
763276 2997.37
763876 2997.11
764476 2996.85
765077 2996.58
765677 2996.32
766277 2996.06
766877 2995.8
767477 2995.53
768077 2995.27
768677 2995.01
769277 2994.74
769877 2994.48
770477 2994.21
771077 2993.95
771677 2993.69
772277 2993.42
772877 2993.15
773477 2992.89
774077 2992.62
774677 2992.36
775278 2992.09
775878 2991.82
776478 2991.56
777078 2991.29
777678 2991.02
778278 2990.76
778878 2990.49
779478 2990.22
780078 2989.95
780678 2989.68
781278 2989.41
781878 2989.14
782478 2988.87
783078 2988.6
783678 2988.33
784278 2988.06
784878 2987.79
785479 2987.52
786079 2987.25
786679 2986.98
787279 2986.71
787879 2986.44
788479 2986.16
789079 2985.89
789679 2985.62
790279 2985.35
790879 2985.07
791479 2984.8
792079 2984.53
792679 2984.25
793279 2983.98
793879 2983.7
794479 2983.43
795080 2983.15
795680 2982.88
796280 2982.6
796880 2982.33
797480 2982.05
798080 2981.77
798680 2981.5
799280 2981.22
799880 2980.94
800480 2980.66
801080 2980.39
801680 2980.11
802280 2979.83
802880 2979.55
803480 2979.27
804080 2978.99
804680 2978.71
805281 2978.43
805881 2978.15
806481 2977.87
807081 2977.59
807681 2977.31
808281 2977.03
808881 2976.75
809481 2976.47
810081 2976.19
810681 2975.9
811281 2975.62
811881 2975.34
812481 2975.06
813081 2974.77
813681 2974.49
814281 2974.21
814881 2973.92
815482 2973.64
816082 2973.35
816682 2973.07
817282 2972.78
817882 2972.5
818482 2972.21
819082 2971.93
819682 2971.64
820282 2971.35
820882 2971.07
821482 2970.78
822082 2970.49
822682 2970.2
823282 2969.92
823882 2969.63
824482 2969.34
825083 2969.05
825683 2968.76
826283 2968.47
826883 2968.18
827483 2967.89
828083 2967.6
828683 2967.31
829283 2967.02
829883 2966.73
830483 2966.44
831083 2966.15
831683 2965.86
832283 2965.56
832883 2965.27
833483 2964.98
834083 2964.69
834683 2964.39
835284 2964.1
835884 2963.81
836484 2963.51
837084 2963.22
837684 2962.92
838284 2962.63
838884 2962.33
839484 2962.04
840084 2961.74
840684 2961.45
841284 2961.15
841884 2960.85
842484 2960.56
843084 2960.26
843684 2959.96
844284 2959.66
844884 2959.37
845485 2959.07
846085 2958.77
846685 2958.47
847285 2958.17
847885 2957.87
848485 2957.57
849085 2957.27
849685 2956.97
850285 2956.67
850885 2956.37
851485 2956.07
852085 2955.77
852685 2955.47
853285 2955.16
853885 2954.86
854485 2954.56
855086 2954.26
855686 2953.95
856286 2953.65
856886 2953.35
857486 2953.04
858086 2952.74
858686 2952.43
859286 2952.13
859886 2951.82
860486 2951.52
861086 2951.21
861686 2950.91
862286 2950.6
862886 2950.3
863486 2949.99
864086 2949.68
864686 2949.37
865287 2949.07
865887 2948.76
866487 2948.45
867087 2948.14
867687 2947.83
868287 2947.52
868887 2947.21
869487 2946.9
870087 2946.59
870687 2946.28
871287 2945.97
871887 2945.66
872487 2945.35
873087 2945.04
873687 2944.73
874287 2944.42
874887 2944.1
875488 2943.79
876088 2943.48
876688 2943.17
877288 2942.85
877888 2942.54
878488 2942.22
879088 2941.91
879688 2941.6
880288 2941.28
880888 2940.97
881488 2940.65
882088 2940.33
882688 2940.02
883288 2939.7
883888 2939.39
884488 2939.07
885089 2938.75
885689 2938.43
886289 2938.12
886889 2937.8
887489 2937.48
888089 2937.16
888689 2936.84
889289 2936.52
889889 2936.2
890489 2935.88
891089 2935.56
891689 2935.24
892289 2934.92
892889 2934.6
893489 2934.28
894089 2933.96
894689 2933.64
895290 2933.31
895890 2932.99
896490 2932.67
897090 2932.35
897690 2932.02
898290 2931.7
898890 2931.37
899490 2931.05
900090 2930.72
900690 2930.4
901290 2930.07
901890 2929.75
902490 2929.42
903090 2929.1
903690 2928.77
904290 2928.44
904890 2928.12
905491 2927.79
906091 2927.46
906691 2927.13
907291 2926.81
907891 2926.48
908491 2926.15
909091 2925.82
909691 2925.49
910291 2925.16
910891 2924.83
911491 2924.5
912091 2924.17
912691 2923.84
913291 2923.51
913891 2923.18
914491 2922.84
915092 2922.51
915692 2922.18
916292 2921.85
916892 2921.51
917492 2921.18
918092 2920.85
918692 2920.51
919292 2920.18
919892 2919.85
920492 2919.51
921092 2919.18
921692 2918.84
922292 2918.5
922892 2918.17
923492 2917.83
924092 2917.5
924692 2917.16
925293 2916.82
925893 2916.48
926493 2916.15
927093 2915.81
927693 2915.47
928293 2915.13
928893 2914.79
929493 2914.45
930093 2914.11
930693 2913.77
931293 2913.43
931893 2913.09
932493 2912.75
933093 2912.41
933693 2912.07
934293 2911.73
934893 2911.38
935494 2911.04
936094 2910.7
936694 2910.36
937294 2910.01
937894 2909.67
938494 2909.33
939094 2908.98
939694 2908.64
940294 2908.29
940894 2907.95
941494 2907.6
942094 2907.26
942694 2906.91
943294 2906.56
943894 2906.22
944494 2905.87
945095 2905.52
945695 2905.18
946295 2904.83
946895 2904.48
947495 2904.13
948095 2903.78
948695 2903.43
949295 2903.08
949895 2902.73
950495 2902.38
951095 2902.03
951695 2901.68
952295 2901.33
952895 2900.98
953495 2900.63
954095 2900.28
954695 2899.92
955296 2899.57
955896 2899.22
956496 2898.87
957096 2898.51
957696 2898.16
958296 2897.8
958896 2897.45
959496 2897.1
960096 2896.74
960696 2896.39
961296 2896.03
961896 2895.67
962496 2895.32
963096 2894.96
963696 2894.6
964296 2894.25
964896 2893.89
965497 2893.53
966097 2893.17
966697 2892.82
967297 2892.46
967897 2892.1
968497 2891.74
969097 2891.38
969697 2891.02
970297 2890.66
970897 2890.3
971497 2889.94
972097 2889.58
972697 2889.21
973297 2888.85
973897 2888.49
974497 2888.13
975098 2887.77
975698 2887.4
976298 2887.04
976898 2886.68
977498 2886.31
978098 2885.95
978698 2885.58
979298 2885.22
979898 2884.85
980498 2884.49
981098 2884.12
981698 2883.75
982298 2883.39
982898 2883.02
983498 2882.65
984098 2882.29
984698 2881.92
985299 2881.55
985899 2881.18
986499 2880.81
987099 2880.44
987699 2880.08
988299 2879.71
988899 2879.34
989499 2878.97
990099 2878.59
990699 2878.22
991299 2877.85
991899 2877.48
992499 2877.11
993099 2876.74
993699 2876.36
994299 2875.99
994899 2875.62
995500 2875.25
996100 2874.87
996700 2874.5
997300 2874.12
997900 2873.75
998500 2873.37
999100 2873
999700 2872.62
1.0003e+06 2872.25
1.0009e+06 2871.87
1.0015e+06 2871.49
1.0021e+06 2871.12
1.0027e+06 2870.74
1.0033e+06 2870.36
1.0039e+06 2869.99
1.0045e+06 2869.61
1.0051e+06 2869.23
1.0057e+06 2868.85
1.0063e+06 2868.47
1.0069e+06 2868.09
1.0075e+06 2867.71
1.0081e+06 2867.33
1.0087e+06 2866.95
1.0093e+06 2866.57
1.0099e+06 2866.19
1.0105e+06 2865.81
1.0111e+06 2865.43
1.0117e+06 2865.05
1.0123e+06 2864.66
1.0129e+06 2864.28
1.0135e+06 2863.9
1.0141e+06 2863.52
1.0147e+06 2863.13
1.0153e+06 2862.75
1.0159e+06 2862.36
1.0165e+06 2861.98
1.0171e+06 2861.6
1.0177e+06 2861.21
1.0183e+06 2860.82
1.0189e+06 2860.44
1.0195e+06 2860.05
1.0201e+06 2859.67
1.0207e+06 2859.28
1.0213e+06 2858.89
1.0219e+06 2858.51
1.0225e+06 2858.12
1.0231e+06 2857.73
1.0237e+06 2857.34
1.0243e+06 2856.95
1.0249e+06 2856.57
1.0255e+06 2856.18
1.0261e+06 2855.79
1.0267e+06 2855.4
1.0273e+06 2855.01
1.0279e+06 2854.62
1.0285e+06 2854.23
1.0291e+06 2853.84
1.0297e+06 2853.44
1.0303e+06 2853.05
1.0309e+06 2852.66
1.0315e+06 2852.27
1.0321e+06 2851.88
1.0327e+06 2851.48
1.0333e+06 2851.09
1.0339e+06 2850.7
1.0345e+06 2850.3
1.0351e+06 2849.91
1.0357e+06 2849.52
1.0363e+06 2849.12
1.0369e+06 2848.73
1.0375e+06 2848.33
1.0381e+06 2847.93
1.0387e+06 2847.54
1.0393e+06 2847.14
1.0399e+06 2846.75
1.0405e+06 2846.35
1.0411e+06 2845.95
1.0417e+06 2845.55
1.0423e+06 2845.16
1.0429e+06 2844.76
1.0435e+06 2844.36
1.0441e+06 2843.96
1.0447e+06 2843.56
1.0453e+06 2843.16
1.0459e+06 2842.76
1.0465e+06 2842.36
1.0471e+06 2841.96
1.0477e+06 2841.56
1.0483e+06 2841.16
1.0489e+06 2840.76
1.0495e+06 2840.36
1.05011e+06 2839.96
1.05071e+06 2839.56
1.05131e+06 2839.15
1.05191e+06 2838.75
1.05251e+06 2838.35
1.05311e+06 2837.94
1.05371e+06 2837.54
1.05431e+06 2837.14
1.05491e+06 2836.73
1.05551e+06 2836.33
1.05611e+06 2835.92
1.05671e+06 2835.52
1.05731e+06 2835.11
1.05791e+06 2834.71
1.05851e+06 2834.3
1.05911e+06 2833.9
1.05971e+06 2833.49
1.06031e+06 2833.08
1.06091e+06 2832.67
1.06151e+06 2832.27
1.06211e+06 2831.86
1.06271e+06 2831.45
1.06331e+06 2831.04
1.06391e+06 2830.63
1.06451e+06 2830.22
1.06511e+06 2829.81
1.06571e+06 2829.41
1.06631e+06 2829
1.06691e+06 2828.59
1.06751e+06 2828.17
1.06811e+06 2827.76
1.06871e+06 2827.35
1.06931e+06 2826.94
1.06991e+06 2826.53
1.07051e+06 2826.12
1.07111e+06 2825.7
1.07171e+06 2825.29
1.07231e+06 2824.88
1.07291e+06 2824.47
1.07351e+06 2824.05
1.07411e+06 2823.64
1.07471e+06 2823.22
1.07531e+06 2822.81
1.07591e+06 2822.39
1.07651e+06 2821.98
1.07711e+06 2821.56
1.07771e+06 2821.15
1.07831e+06 2820.73
1.07891e+06 2820.32
1.07951e+06 2819.9
1.08011e+06 2819.48
1.08071e+06 2819.07
1.08131e+06 2818.65
1.08191e+06 2818.23
1.08251e+06 2817.81
1.08311e+06 2817.39
1.08371e+06 2816.98
1.08431e+06 2816.56
1.08491e+06 2816.14
1.08551e+06 2815.72
1.08611e+06 2815.3
1.08671e+06 2814.88
1.08731e+06 2814.46
1.08791e+06 2814.04
1.08851e+06 2813.62
1.08911e+06 2813.19
1.08971e+06 2812.77
1.09031e+06 2812.35
1.09091e+06 2811.93
1.09151e+06 2811.51
1.09211e+06 2811.08
1.09271e+06 2810.66
1.09331e+06 2810.24
1.09391e+06 2809.81
1.09451e+06 2809.39
1.09511e+06 2808.97
1.09571e+06 2808.54
1.09631e+06 2808.12
1.09691e+06 2807.69
1.09751e+06 2807.27
1.09811e+06 2806.84
1.09871e+06 2806.42
1.09931e+06 2805.99
1.09991e+06 2805.56
1.10051e+06 2805.14
1.10111e+06 2804.71
1.10171e+06 2804.28
1.10231e+06 2803.85
1.10291e+06 2803.43
1.10351e+06 2803
1.10411e+06 2802.57
1.10471e+06 2802.14
1.10531e+06 2801.71
1.10591e+06 2801.28
1.10651e+06 2800.85
1.10711e+06 2800.42
1.10771e+06 2799.99
1.10831e+06 2799.56
1.10891e+06 2799.13
1.10951e+06 2798.7
1.11011e+06 2798.27
1.11071e+06 2797.84
1.11131e+06 2797.41
1.11191e+06 2796.98
1.11251e+06 2796.54
1.11311e+06 2796.11
1.11371e+06 2795.68
1.11431e+06 2795.24
1.11491e+06 2794.81
1.11551e+06 2794.38
1.11611e+06 2793.94
1.11671e+06 2793.51
1.11731e+06 2793.07
1.11791e+06 2792.64
1.11851e+06 2792.21
1.11911e+06 2791.77
1.11971e+06 2791.33
1.12031e+06 2790.9
1.12091e+06 2790.46
1.12151e+06 2790.03
1.12211e+06 2789.59
1.12271e+06 2789.15
1.12331e+06 2788.72
1.12391e+06 2788.28
1.12451e+06 2787.84
1.12511e+06 2787.4
1.12571e+06 2786.96
1.12631e+06 2786.53
1.12691e+06 2786.09
1.12751e+06 2785.65
1.12811e+06 2785.21
1.12871e+06 2784.77
1.12931e+06 2784.33
1.12991e+06 2783.89
1.13051e+06 2783.45
1.13111e+06 2783.01
1.13171e+06 2782.57
1.13231e+06 2782.13
1.13291e+06 2781.69
1.13351e+06 2781.24
1.13411e+06 2780.8
1.13471e+06 2780.36
1.13531e+06 2779.92
1.13591e+06 2779.48
1.13651e+06 2779.03
1.13711e+06 2778.59
1.13771e+06 2778.15
1.13831e+06 2777.7
1.13891e+06 2777.26
1.13951e+06 2776.81
1.14011e+06 2776.37
1.14071e+06 2775.93
1.14131e+06 2775.48
1.14191e+06 2775.04
1.14251e+06 2774.59
1.14311e+06 2774.14
1.14371e+06 2773.7
1.14431e+06 2773.25
1.14491e+06 2772.81
1.14551e+06 2772.36
1.14611e+06 2771.91
1.14671e+06 2771.47
1.14731e+06 2771.02
1.14791e+06 2770.57
1.14851e+06 2770.12
1.14911e+06 2769.68
1.14971e+06 2769.23
1.15032e+06 2768.78
1.15092e+06 2768.33
1.15152e+06 2767.88
1.15212e+06 2767.43
1.15272e+06 2766.98
1.15332e+06 2766.53
1.15392e+06 2766.08
1.15452e+06 2765.63
1.15512e+06 2765.18
1.15572e+06 2764.73
1.15632e+06 2764.28
1.15692e+06 2763.83
1.15752e+06 2763.38
1.15812e+06 2762.93
1.15872e+06 2762.48
1.15932e+06 2762.02
1.15992e+06 2761.57
1.16052e+06 2761.12
1.16112e+06 2760.67
1.16172e+06 2760.21
1.16232e+06 2759.76
1.16292e+06 2759.31
1.16352e+06 2758.85
1.16412e+06 2758.4
1.16472e+06 2757.95
1.16532e+06 2757.49
1.16592e+06 2757.04
1.16652e+06 2756.58
1.16712e+06 2756.13
1.16772e+06 2755.67
1.16832e+06 2755.22
1.16892e+06 2754.76
1.16952e+06 2754.31
1.17012e+06 2753.85
1.17072e+06 2753.39
1.17132e+06 2752.94
1.17192e+06 2752.48
1.17252e+06 2752.02
1.17312e+06 2751.57
1.17372e+06 2751.11
1.17432e+06 2750.65
1.17492e+06 2750.19
1.17552e+06 2749.74
1.17612e+06 2749.28
1.17672e+06 2748.82
1.17732e+06 2748.36
1.17792e+06 2747.9
1.17852e+06 2747.44
1.17912e+06 2746.99
1.17972e+06 2746.53
1.18032e+06 2746.07
1.18092e+06 2745.61
1.18152e+06 2745.15
1.18212e+06 2744.69
1.18272e+06 2744.23
1.18332e+06 2743.77
1.18392e+06 2743.31
1.18452e+06 2742.85
1.18512e+06 2742.38
1.18572e+06 2741.92
1.18632e+06 2741.46
1.18692e+06 2741
1.18752e+06 2740.54
1.18812e+06 2740.08
1.18872e+06 2739.61
1.18932e+06 2739.15
1.18992e+06 2738.69
1.19052e+06 2738.23
1.19112e+06 2737.76
1.19172e+06 2737.3
1.19232e+06 2736.84
1.19292e+06 2736.37
1.19352e+06 2735.91
1.19412e+06 2735.45
1.19472e+06 2734.98
1.19532e+06 2734.52
1.19592e+06 2734.05
1.19652e+06 2733.59
1.19712e+06 2733.12
1.19772e+06 2732.66
1.19832e+06 2732.19
1.19892e+06 2731.73
1.19952e+06 2731.26
1.20012e+06 2730.8
1.20072e+06 2730.33
1.20132e+06 2729.86
1.20192e+06 2729.4
1.20252e+06 2728.93
1.20312e+06 2728.47
1.20372e+06 2728
1.20432e+06 2727.53
1.20492e+06 2727.07
1.20552e+06 2726.6
1.20612e+06 2726.13
1.20672e+06 2725.66
1.20732e+06 2725.2
1.20792e+06 2724.73
1.20852e+06 2724.26
1.20912e+06 2723.79
1.20972e+06 2723.32
1.21032e+06 2722.85
1.21092e+06 2722.39
1.21152e+06 2721.92
1.21212e+06 2721.45
1.21272e+06 2720.98
1.21332e+06 2720.51
1.21392e+06 2720.04
1.21452e+06 2719.57
1.21512e+06 2719.1
1.21572e+06 2718.63
1.21632e+06 2718.16
1.21692e+06 2717.69
1.21752e+06 2717.22
1.21812e+06 2716.75
1.21872e+06 2716.28
1.21932e+06 2715.81
1.21992e+06 2715.34
1.22052e+06 2714.87
1.22112e+06 2714.4
1.22172e+06 2713.92
1.22232e+06 2713.45
1.22292e+06 2712.98
1.22352e+06 2712.51
1.22412e+06 2712.04
1.22472e+06 2711.57
1.22532e+06 2711.09
1.22592e+06 2710.62
1.22652e+06 2710.15
1.22712e+06 2709.68
1.22772e+06 2709.2
1.22832e+06 2708.73
1.22892e+06 2708.26
1.22952e+06 2707.78
1.23012e+06 2707.31
1.23072e+06 2706.84
1.23132e+06 2706.36
1.23192e+06 2705.89
1.23252e+06 2705.42
1.23312e+06 2704.94
1.23372e+06 2704.47
1.23432e+06 2703.99
1.23492e+06 2703.52
1.23552e+06 2703.05
1.23612e+06 2702.57
1.23672e+06 2702.1
1.23732e+06 2701.62
1.23792e+06 2701.15
1.23852e+06 2700.67
1.23912e+06 2700.2
1.23972e+06 2699.72
1.24032e+06 2699.25
1.24092e+06 2698.77
1.24152e+06 2698.3
1.24212e+06 2697.82
1.24272e+06 2697.34
1.24332e+06 2696.87
1.24392e+06 2696.39
1.24452e+06 2695.92
1.24512e+06 2695.44
1.24572e+06 2694.96
1.24632e+06 2694.49
1.24692e+06 2694.01
1.24752e+06 2693.53
1.24812e+06 2693.06
1.24872e+06 2692.58
1.24932e+06 2692.1
1.24992e+06 2691.63
1.25053e+06 2691.15
1.25113e+06 2690.67
1.25173e+06 2690.19
1.25233e+06 2689.72
1.25293e+06 2689.24
1.25353e+06 2688.76
1.25413e+06 2688.28
1.25473e+06 2687.81
1.25533e+06 2687.33
1.25593e+06 2686.85
1.25653e+06 2686.37
1.25713e+06 2685.89
1.25773e+06 2685.42
1.25833e+06 2684.94
1.25893e+06 2684.46
1.25953e+06 2683.98
1.26013e+06 2683.5
1.26073e+06 2683.02
1.26133e+06 2682.54
1.26193e+06 2682.06
1.26253e+06 2681.59
1.26313e+06 2681.11
1.26373e+06 2680.63
1.26433e+06 2680.15
1.26493e+06 2679.67
1.26553e+06 2679.19
1.26613e+06 2678.71
1.26673e+06 2678.23
1.26733e+06 2677.75
1.26793e+06 2677.27
1.26853e+06 2676.79
1.26913e+06 2676.31
1.26973e+06 2675.83
1.27033e+06 2675.35
1.27093e+06 2674.87
1.27153e+06 2674.39
1.27213e+06 2673.91
1.27273e+06 2673.43
1.27333e+06 2672.95
1.27393e+06 2672.47
1.27453e+06 2671.99
1.27513e+06 2671.51
1.27573e+06 2671.03
1.27633e+06 2670.55
1.27693e+06 2670.07
1.27753e+06 2669.59
1.27813e+06 2669.11
1.27873e+06 2668.62
1.27933e+06 2668.14
1.27993e+06 2667.66
1.28053e+06 2667.18
1.28113e+06 2666.7
1.28173e+06 2666.22
1.28233e+06 2665.74
1.28293e+06 2665.26
1.28353e+06 2664.78
1.28413e+06 2664.29
1.28473e+06 2663.81
1.28533e+06 2663.33
1.28593e+06 2662.85
1.28653e+06 2662.37
1.28713e+06 2661.89
1.28773e+06 2661.4
1.28833e+06 2660.92
1.28893e+06 2660.44
1.28953e+06 2659.96
1.29013e+06 2659.48
1.29073e+06 2659
1.29133e+06 2658.51
1.29193e+06 2658.03
1.29253e+06 2657.55
1.29313e+06 2657.07
1.29373e+06 2656.59
1.29433e+06 2656.1
1.29493e+06 2655.62
1.29553e+06 2655.14
1.29613e+06 2654.66
1.29673e+06 2654.17
1.29733e+06 2653.69
1.29793e+06 2653.21
1.29853e+06 2652.73
1.29913e+06 2652.24
1.29973e+06 2651.76
1.30033e+06 2651.28
1.30093e+06 2650.8
1.30153e+06 2650.31
1.30213e+06 2649.83
1.30273e+06 2649.35
1.30333e+06 2648.87
1.30393e+06 2648.38
1.30453e+06 2647.9
1.30513e+06 2647.42
1.30573e+06 2646.94
1.30633e+06 2646.45
1.30693e+06 2645.97
1.30753e+06 2645.49
1.30813e+06 2645
1.30873e+06 2644.52
1.30933e+06 2644.04
1.30993e+06 2643.56
1.31053e+06 2643.07
1.31113e+06 2642.59
1.31173e+06 2642.11
1.31233e+06 2641.62
1.31293e+06 2641.14
1.31353e+06 2640.66
1.31413e+06 2640.17
1.31473e+06 2639.69
1.31533e+06 2639.21
1.31593e+06 2638.73
1.31653e+06 2638.24
1.31713e+06 2637.76
1.31773e+06 2637.28
1.31833e+06 2636.79
1.31893e+06 2636.31
1.31953e+06 2635.83
1.32013e+06 2635.34
1.32073e+06 2634.86
1.32133e+06 2634.38
1.32193e+06 2633.89
1.32253e+06 2633.41
1.32313e+06 2632.93
1.32373e+06 2632.44
1.32433e+06 2631.96
1.32493e+06 2631.48
1.32553e+06 2631
1.32613e+06 2630.51
1.32673e+06 2630.03
1.32733e+06 2629.55
1.32793e+06 2629.06
1.32853e+06 2628.58
1.32913e+06 2628.1
1.32973e+06 2627.61
1.33033e+06 2627.13
1.33093e+06 2626.65
1.33153e+06 2626.16
1.33213e+06 2625.68
1.33273e+06 2625.2
1.33333e+06 2624.71
1.33393e+06 2624.23
1.33453e+06 2623.75
1.33513e+06 2623.27
1.33573e+06 2622.78
1.33633e+06 2622.3
1.33693e+06 2621.82
1.33753e+06 2621.33
1.33813e+06 2620.85
1.33873e+06 2620.37
1.33933e+06 2619.88
1.33993e+06 2619.4
1.34053e+06 2618.92
1.34113e+06 2618.44
1.34173e+06 2617.95
1.34233e+06 2617.47
1.34293e+06 2616.99
1.34353e+06 2616.5
1.34413e+06 2616.02
1.34473e+06 2615.54
1.34533e+06 2615.06
1.34593e+06 2614.57
1.34653e+06 2614.09
1.34713e+06 2613.61
1.34773e+06 2613.12
1.34833e+06 2612.64
1.34893e+06 2612.16
1.34953e+06 2611.68
1.35014e+06 2611.19
1.35074e+06 2610.71
1.35134e+06 2610.23
1.35194e+06 2609.75
1.35254e+06 2609.26
1.35314e+06 2608.78
1.35374e+06 2608.3
1.35434e+06 2607.82
1.35494e+06 2607.33
1.35554e+06 2606.85
1.35614e+06 2606.37
1.35674e+06 2605.89
1.35734e+06 2605.4
1.35794e+06 2604.92
1.35854e+06 2604.44
1.35914e+06 2603.96
1.35974e+06 2603.48
1.36034e+06 2602.99
1.36094e+06 2602.51
1.36154e+06 2602.03
1.36214e+06 2601.55
1.36274e+06 2601.07
1.36334e+06 2600.58
1.36394e+06 2600.1
1.36454e+06 2599.62
1.36514e+06 2599.14
1.36574e+06 2598.66
1.36634e+06 2598.17
1.36694e+06 2597.69
1.36754e+06 2597.21
1.36814e+06 2596.73
1.36874e+06 2596.25
1.36934e+06 2595.77
1.36994e+06 2595.28
1.37054e+06 2594.8
1.37114e+06 2594.32
1.37174e+06 2593.84
1.37234e+06 2593.36
1.37294e+06 2592.88
1.37354e+06 2592.4
1.37414e+06 2591.91
1.37474e+06 2591.43
1.37534e+06 2590.95
1.37594e+06 2590.47
1.37654e+06 2589.99
1.37714e+06 2589.51
1.37774e+06 2589.03
1.37834e+06 2588.55
1.37894e+06 2588.07
1.37954e+06 2587.59
1.38014e+06 2587.11
1.38074e+06 2586.62
1.38134e+06 2586.14
1.38194e+06 2585.66
1.38254e+06 2585.18
1.38314e+06 2584.7
1.38374e+06 2584.22
1.38434e+06 2583.74
1.38494e+06 2583.26
1.38554e+06 2582.78
1.38614e+06 2582.3
1.38674e+06 2581.82
1.38734e+06 2581.34
1.38794e+06 2580.86
1.38854e+06 2580.38
1.38914e+06 2579.9
1.38974e+06 2579.42
1.39034e+06 2578.94
1.39094e+06 2578.46
1.39154e+06 2577.98
1.39214e+06 2577.5
1.39274e+06 2577.02
1.39334e+06 2576.54
1.39394e+06 2576.06
1.39454e+06 2575.58
1.39514e+06 2575.11
1.39574e+06 2574.63
1.39634e+06 2574.15
1.39694e+06 2573.67
1.39754e+06 2573.19
1.39814e+06 2572.71
1.39874e+06 2572.23
1.39934e+06 2571.75
1.39994e+06 2571.27
1.40054e+06 2570.79
1.40114e+06 2570.32
1.40174e+06 2569.84
1.40234e+06 2569.36
1.40294e+06 2568.88
1.40354e+06 2568.4
1.40414e+06 2567.92
1.40474e+06 2567.44
1.40534e+06 2566.97
1.40594e+06 2566.49
1.40654e+06 2566.01
1.40714e+06 2565.53
1.40774e+06 2565.05
1.40834e+06 2564.58
1.40894e+06 2564.1
1.40954e+06 2563.62
1.41014e+06 2563.14
1.41074e+06 2562.66
1.41134e+06 2562.19
1.41194e+06 2561.71
1.41254e+06 2561.23
1.41314e+06 2560.76
1.41374e+06 2560.28
1.41434e+06 2559.8
1.41494e+06 2559.32
1.41554e+06 2558.85
1.41614e+06 2558.37
1.41674e+06 2557.89
1.41734e+06 2557.42
1.41794e+06 2556.94
1.41854e+06 2556.46
1.41914e+06 2555.99
1.41974e+06 2555.51
1.42034e+06 2555.03
1.42094e+06 2554.56
1.42154e+06 2554.08
1.42214e+06 2553.6
1.42274e+06 2553.13
1.42334e+06 2552.65
1.42394e+06 2552.18
1.42454e+06 2551.7
1.42514e+06 2551.22
1.42574e+06 2550.75
1.42634e+06 2550.27
1.42694e+06 2549.8
1.42754e+06 2549.32
1.42814e+06 2548.85
1.42874e+06 2548.37
1.42934e+06 2547.89
1.42994e+06 2547.42
1.43054e+06 2546.94
1.43114e+06 2546.47
1.43174e+06 2545.99
1.43234e+06 2545.52
1.43294e+06 2545.04
1.43354e+06 2544.57
1.43414e+06 2544.09
1.43474e+06 2543.62
1.43534e+06 2543.15
1.43594e+06 2542.67
1.43654e+06 2542.2
1.43714e+06 2541.72
1.43774e+06 2541.25
1.43834e+06 2540.77
1.43894e+06 2540.3
1.43954e+06 2539.83
1.44014e+06 2539.35
1.44074e+06 2538.88
1.44134e+06 2538.4
1.44194e+06 2537.93
1.44254e+06 2537.46
1.44314e+06 2536.98
1.44374e+06 2536.51
1.44434e+06 2536.04
1.44494e+06 2535.56
1.44554e+06 2535.09
1.44614e+06 2534.62
1.44674e+06 2534.15
1.44734e+06 2533.67
1.44794e+06 2533.2
1.44854e+06 2532.73
1.44914e+06 2532.25
1.44974e+06 2531.78
1.45035e+06 2531.31
1.45095e+06 2530.84
1.45155e+06 2530.36
1.45215e+06 2529.89
1.45275e+06 2529.42
1.45335e+06 2528.95
1.45395e+06 2528.48
1.45455e+06 2528
1.45515e+06 2527.53
1.45575e+06 2527.06
1.45635e+06 2526.59
1.45695e+06 2526.12
1.45755e+06 2525.65
1.45815e+06 2525.18
1.45875e+06 2524.7
1.45935e+06 2524.23
1.45995e+06 2523.76
1.46055e+06 2523.29
1.46115e+06 2522.82
1.46175e+06 2522.35
1.46235e+06 2521.88
1.46295e+06 2521.41
1.46355e+06 2520.94
1.46415e+06 2520.47
1.46475e+06 2520
1.46535e+06 2519.53
1.46595e+06 2519.06
1.46655e+06 2518.59
1.46715e+06 2518.12
1.46775e+06 2517.65
1.46835e+06 2517.18
1.46895e+06 2516.71
1.46955e+06 2516.24
1.47015e+06 2515.77
1.47075e+06 2515.3
1.47135e+06 2514.83
1.47195e+06 2514.36
1.47255e+06 2513.89
1.47315e+06 2513.42
1.47375e+06 2512.95
1.47435e+06 2512.48
1.47495e+06 2512.02
1.47555e+06 2511.55
1.47615e+06 2511.08
1.47675e+06 2510.61
1.47735e+06 2510.14
1.47795e+06 2509.67
1.47855e+06 2509.2
1.47915e+06 2508.74
1.47975e+06 2508.27
1.48035e+06 2507.8
1.48095e+06 2507.33
1.48155e+06 2506.87
1.48215e+06 2506.4
1.48275e+06 2505.93
1.48335e+06 2505.46
1.48395e+06 2505
1.48455e+06 2504.53
1.48515e+06 2504.06
1.48575e+06 2503.59
1.48635e+06 2503.13
1.48695e+06 2502.66
1.48755e+06 2502.19
1.48815e+06 2501.73
1.48875e+06 2501.26
1.48935e+06 2500.79
1.48995e+06 2500.33
1.49055e+06 2499.86
1.49115e+06 2499.39
1.49175e+06 2498.93
1.49235e+06 2498.46
1.49295e+06 2498
1.49355e+06 2497.53
1.49415e+06 2497.06
1.49475e+06 2496.6
1.49535e+06 2496.13
1.49595e+06 2495.67
1.49655e+06 2495.2
1.49715e+06 2494.74
1.49775e+06 2494.27
1.49835e+06 2493.81
1.49895e+06 2493.34
1.49955e+06 2492.88
1.50015e+06 2492.41
1.50075e+06 2491.95
1.50135e+06 2491.48
1.50195e+06 2491.02
1.50255e+06 2490.55
1.50315e+06 2490.09
1.50375e+06 2489.63
1.50435e+06 2489.16
1.50495e+06 2488.7
1.50555e+06 2488.23
1.50615e+06 2487.77
1.50675e+06 2487.31
1.50735e+06 2486.84
1.50795e+06 2486.38
1.50855e+06 2485.92
1.50915e+06 2485.45
1.50975e+06 2484.99
1.51035e+06 2484.53
1.51095e+06 2484.06
1.51155e+06 2483.6
1.51215e+06 2483.14
1.51275e+06 2482.67
1.51335e+06 2482.21
1.51395e+06 2481.75
1.51455e+06 2481.29
1.51515e+06 2480.82
1.51575e+06 2480.36
1.51635e+06 2479.9
1.51695e+06 2479.44
1.51755e+06 2478.98
1.51815e+06 2478.51
1.51875e+06 2478.05
1.51935e+06 2477.59
1.51995e+06 2477.12
1.52055e+06 2476.66
1.52115e+06 2476.19
1.52175e+06 2475.73
1.52235e+06 2475.26
1.52295e+06 2474.8
1.52355e+06 2474.33
1.52415e+06 2473.87
1.52475e+06 2473.4
1.52535e+06 2472.94
1.52595e+06 2472.47
1.52655e+06 2472.01
1.52715e+06 2471.54
1.52775e+06 2471.08
1.52835e+06 2470.62
1.52895e+06 2470.15
1.52955e+06 2469.69
1.53015e+06 2469.23
1.53075e+06 2468.76
1.53135e+06 2468.3
1.53195e+06 2467.84
1.53255e+06 2467.38
1.53315e+06 2466.91
1.53375e+06 2466.45
1.53435e+06 2465.99
1.53495e+06 2465.53
1.53555e+06 2465.06
1.53615e+06 2464.6
1.53675e+06 2464.14
1.53735e+06 2463.68
1.53795e+06 2463.22
1.53855e+06 2462.75
1.53915e+06 2462.29
1.53975e+06 2461.83
1.54035e+06 2461.37
1.54095e+06 2460.91
1.54155e+06 2460.45
1.54215e+06 2459.99
1.54275e+06 2459.53
1.54335e+06 2459.07
1.54395e+06 2458.61
1.54455e+06 2458.15
1.54515e+06 2457.68
1.54575e+06 2457.22
1.54635e+06 2456.76
1.54695e+06 2456.3
1.54755e+06 2455.84
1.54815e+06 2455.38
1.54875e+06 2454.92
1.54935e+06 2454.46
1.54995e+06 2454.01
1.55056e+06 2453.55
1.55116e+06 2453.09
1.55176e+06 2452.63
1.55236e+06 2452.17
1.55296e+06 2451.71
1.55356e+06 2451.25
1.55416e+06 2450.79
1.55476e+06 2450.33
1.55536e+06 2449.87
1.55596e+06 2449.42
1.55656e+06 2448.96
1.55716e+06 2448.5
1.55776e+06 2448.04
1.55836e+06 2447.58
1.55896e+06 2447.12
1.55956e+06 2446.67
1.56016e+06 2446.21
1.56076e+06 2445.75
1.56136e+06 2445.29
1.56196e+06 2444.84
1.56256e+06 2444.38
1.56316e+06 2443.92
1.56376e+06 2443.46
1.56436e+06 2443.01
1.56496e+06 2442.55
1.56556e+06 2442.09
1.56616e+06 2441.64
1.56676e+06 2441.18
1.56736e+06 2440.72
1.56796e+06 2440.27
1.56856e+06 2439.81
1.56916e+06 2439.35
1.56976e+06 2438.9
1.57036e+06 2438.44
1.57096e+06 2437.98
1.57156e+06 2437.53
1.57216e+06 2437.07
1.57276e+06 2436.62
1.57336e+06 2436.16
1.57396e+06 2435.71
1.57456e+06 2435.25
1.57516e+06 2434.79
1.57576e+06 2434.34
1.57636e+06 2433.88
1.57696e+06 2433.43
1.57756e+06 2432.97
1.57816e+06 2432.52
1.57876e+06 2432.06
1.57936e+06 2431.61
1.57996e+06 2431.16
1.58056e+06 2430.7
1.58116e+06 2430.25
1.58176e+06 2429.79
1.58236e+06 2429.34
1.58296e+06 2428.88
1.58356e+06 2428.43
1.58416e+06 2427.98
1.58476e+06 2427.52
1.58536e+06 2427.07
1.58596e+06 2426.61
1.58656e+06 2426.16
1.58716e+06 2425.71
1.58776e+06 2425.25
1.58836e+06 2424.8
1.58896e+06 2424.35
1.58956e+06 2423.89
1.59016e+06 2423.44
1.59076e+06 2422.99
1.59136e+06 2422.54
1.59196e+06 2422.08
1.59256e+06 2421.63
1.59316e+06 2421.18
1.59376e+06 2420.73
1.59436e+06 2420.27
1.59496e+06 2419.82
1.59556e+06 2419.37
1.59616e+06 2418.92
1.59676e+06 2418.47
1.59736e+06 2418.01
1.59796e+06 2417.56
1.59856e+06 2417.11
1.59916e+06 2416.66
1.59976e+06 2416.21
1.60036e+06 2415.76
1.60096e+06 2415.3
1.60156e+06 2414.85
1.60216e+06 2414.4
1.60276e+06 2413.95
1.60336e+06 2413.5
1.60396e+06 2413.05
1.60456e+06 2412.6
1.60516e+06 2412.15
1.60576e+06 2411.7
1.60636e+06 2411.25
1.60696e+06 2410.8
1.60756e+06 2410.35
1.60816e+06 2409.9
1.60876e+06 2409.45
1.60936e+06 2409
1.60996e+06 2408.55
1.61056e+06 2408.1
1.61116e+06 2407.65
1.61176e+06 2407.2
1.61236e+06 2406.75
1.61296e+06 2406.3
1.61356e+06 2405.85
1.61416e+06 2405.4
1.61476e+06 2404.95
1.61536e+06 2404.5
1.61596e+06 2404.05
1.61656e+06 2403.6
1.61716e+06 2403.15
1.61776e+06 2402.71
1.61836e+06 2402.26
1.61896e+06 2401.81
1.61956e+06 2401.36
1.62016e+06 2400.91
1.62076e+06 2400.46
1.62136e+06 2400.02
1.62196e+06 2399.57
1.62256e+06 2399.12
1.62316e+06 2398.67
1.62376e+06 2398.22
1.62436e+06 2397.78
1.62496e+06 2397.33
1.62556e+06 2396.88
1.62616e+06 2396.43
1.62676e+06 2395.99
1.62736e+06 2395.54
1.62796e+06 2395.09
1.62856e+06 2394.65
1.62916e+06 2394.2
1.62976e+06 2393.75
1.63036e+06 2393.3
1.63096e+06 2392.86
1.63156e+06 2392.41
1.63216e+06 2391.96
1.63276e+06 2391.52
1.63336e+06 2391.07
1.63396e+06 2390.63
1.63456e+06 2390.18
1.63516e+06 2389.73
1.63576e+06 2389.29
1.63636e+06 2388.84
1.63696e+06 2388.4
1.63756e+06 2387.95
1.63816e+06 2387.5
1.63876e+06 2387.06
1.63936e+06 2386.61
1.63996e+06 2386.17
1.64056e+06 2385.72
1.64116e+06 2385.28
1.64176e+06 2384.83
1.64236e+06 2384.39
1.64296e+06 2383.94
1.64356e+06 2383.5
1.64416e+06 2383.05
1.64476e+06 2382.61
1.64536e+06 2382.16
1.64596e+06 2381.72
1.64656e+06 2381.27
1.64716e+06 2380.83
1.64776e+06 2380.39
1.64836e+06 2379.94
1.64896e+06 2379.5
1.64956e+06 2379.05
1.65017e+06 2378.61
1.65077e+06 2378.17
1.65137e+06 2377.72
1.65197e+06 2377.28
1.65257e+06 2376.84
1.65317e+06 2376.39
1.65377e+06 2375.95
1.65437e+06 2375.51
1.65497e+06 2375.06
1.65557e+06 2374.62
1.65617e+06 2374.18
1.65677e+06 2373.73
1.65737e+06 2373.29
1.65797e+06 2372.85
1.65857e+06 2372.4
1.65917e+06 2371.96
1.65977e+06 2371.52
1.66037e+06 2371.08
1.66097e+06 2370.63
1.66157e+06 2370.19
1.66217e+06 2369.75
1.66277e+06 2369.31
1.66337e+06 2368.87
1.66397e+06 2368.42
1.66457e+06 2367.98
1.66517e+06 2367.54
1.66577e+06 2367.1
1.66637e+06 2366.66
1.66697e+06 2366.22
1.66757e+06 2365.77
1.66817e+06 2365.33
1.66877e+06 2364.89
1.66937e+06 2364.45
1.66997e+06 2364.01
1.67057e+06 2363.57
1.67117e+06 2363.13
1.67177e+06 2362.69
1.67237e+06 2362.25
1.67297e+06 2361.81
1.67357e+06 2361.37
1.67417e+06 2360.92
1.67477e+06 2360.48
1.67537e+06 2360.04
1.67597e+06 2359.6
1.67657e+06 2359.16
1.67717e+06 2358.72
1.67777e+06 2358.28
1.67837e+06 2357.84
1.67897e+06 2357.4
1.67957e+06 2356.96
1.68017e+06 2356.52
1.68077e+06 2356.09
1.68137e+06 2355.65
1.68197e+06 2355.21
1.68257e+06 2354.77
1.68317e+06 2354.33
1.68377e+06 2353.89
1.68437e+06 2353.45
1.68497e+06 2353.01
1.68557e+06 2352.57
1.68617e+06 2352.13
1.68677e+06 2351.69
1.68737e+06 2351.26
1.68797e+06 2350.82
1.68857e+06 2350.38
1.68917e+06 2349.94
1.68977e+06 2349.5
1.69037e+06 2349.06
1.69097e+06 2348.62
1.69157e+06 2348.19
1.69217e+06 2347.75
1.69277e+06 2347.31
1.69337e+06 2346.87
1.69397e+06 2346.44
1.69457e+06 2346
1.69517e+06 2345.56
1.69577e+06 2345.12
1.69637e+06 2344.68
1.69697e+06 2344.25
1.69757e+06 2343.81
1.69817e+06 2343.37
1.69877e+06 2342.94
1.69937e+06 2342.5
1.69997e+06 2342.06
1.70057e+06 2341.63
1.70117e+06 2341.19
1.70177e+06 2340.75
1.70237e+06 2340.31
1.70297e+06 2339.88
1.70357e+06 2339.44
1.70417e+06 2339.01
1.70477e+06 2338.57
1.70537e+06 2338.13
1.70597e+06 2337.7
1.70657e+06 2337.26
1.70717e+06 2336.82
1.70777e+06 2336.39
1.70837e+06 2335.95
1.70897e+06 2335.52
1.70957e+06 2335.08
1.71017e+06 2334.65
1.71077e+06 2334.21
1.71137e+06 2333.77
1.71197e+06 2333.34
1.71257e+06 2332.9
1.71317e+06 2332.47
1.71377e+06 2332.03
1.71437e+06 2331.6
1.71497e+06 2331.16
1.71557e+06 2330.73
1.71617e+06 2330.29
1.71677e+06 2329.86
1.71737e+06 2329.42
1.71797e+06 2328.99
1.71857e+06 2328.55
1.71917e+06 2328.12
1.71977e+06 2327.69
1.72037e+06 2327.25
1.72097e+06 2326.82
1.72157e+06 2326.38
1.72217e+06 2325.95
1.72277e+06 2325.51
1.72337e+06 2325.08
1.72397e+06 2324.65
1.72457e+06 2324.21
1.72517e+06 2323.78
1.72577e+06 2323.35
1.72637e+06 2322.91
1.72697e+06 2322.48
1.72757e+06 2322.05
1.72817e+06 2321.61
1.72877e+06 2321.18
1.72937e+06 2320.75
1.72997e+06 2320.31
1.73057e+06 2319.88
1.73117e+06 2319.45
1.73177e+06 2319.01
1.73237e+06 2318.58
1.73297e+06 2318.15
1.73357e+06 2317.72
1.73417e+06 2317.28
1.73477e+06 2316.85
1.73537e+06 2316.42
1.73597e+06 2315.99
1.73657e+06 2315.55
1.73717e+06 2315.12
1.73777e+06 2314.69
1.73837e+06 2314.26
1.73897e+06 2313.82
1.73957e+06 2313.39
1.74017e+06 2312.96
1.74077e+06 2312.53
1.74137e+06 2312.1
1.74197e+06 2311.67
1.74257e+06 2311.23
1.74317e+06 2310.8
1.74377e+06 2310.37
1.74437e+06 2309.94
1.74497e+06 2309.51
1.74557e+06 2309.08
1.74617e+06 2308.65
1.74677e+06 2308.22
1.74737e+06 2307.78
1.74797e+06 2307.35
1.74857e+06 2306.92
1.74917e+06 2306.49
1.74977e+06 2306.06
1.75038e+06 2305.63
1.75098e+06 2305.2
1.75158e+06 2304.77
1.75218e+06 2304.34
1.75278e+06 2303.91
1.75338e+06 2303.48
1.75398e+06 2303.05
1.75458e+06 2302.62
1.75518e+06 2302.19
1.75578e+06 2301.76
1.75638e+06 2301.33
1.75698e+06 2300.9
1.75758e+06 2300.47
1.75818e+06 2300.04
1.75878e+06 2299.61
1.75938e+06 2299.18
1.75998e+06 2298.75
1.76058e+06 2298.32
1.76118e+06 2297.89
1.76178e+06 2297.46
1.76238e+06 2297.03
1.76298e+06 2296.6
1.76358e+06 2296.17
1.76418e+06 2295.75
1.76478e+06 2295.32
1.76538e+06 2294.89
1.76598e+06 2294.46
1.76658e+06 2294.03
1.76718e+06 2293.6
1.76778e+06 2293.17
1.76838e+06 2292.74
1.76898e+06 2292.32
1.76958e+06 2291.89
1.77018e+06 2291.46
1.77078e+06 2291.03
1.77138e+06 2290.6
1.77198e+06 2290.17
1.77258e+06 2289.75
1.77318e+06 2289.32
1.77378e+06 2288.89
1.77438e+06 2288.46
1.77498e+06 2288.04
1.77558e+06 2287.61
1.77618e+06 2287.18
1.77678e+06 2286.75
1.77738e+06 2286.32
1.77798e+06 2285.9
1.77858e+06 2285.47
1.77918e+06 2285.04
1.77978e+06 2284.62
1.78038e+06 2284.19
1.78098e+06 2283.76
1.78158e+06 2283.33
1.78218e+06 2282.91
1.78278e+06 2282.48
1.78338e+06 2282.05
1.78398e+06 2281.63
1.78458e+06 2281.2
1.78518e+06 2280.77
1.78578e+06 2280.35
1.78638e+06 2279.92
1.78698e+06 2279.49
1.78758e+06 2279.07
1.78818e+06 2278.64
1.78878e+06 2278.22
1.78938e+06 2277.79
1.78998e+06 2277.36
1.79058e+06 2276.94
1.79118e+06 2276.51
1.79178e+06 2276.08
1.79238e+06 2275.66
1.79298e+06 2275.23
1.79358e+06 2274.81
1.79418e+06 2274.38
1.79478e+06 2273.96
1.79538e+06 2273.53
1.79598e+06 2273.11
1.79658e+06 2272.68
1.79718e+06 2272.25
1.79778e+06 2271.83
1.79838e+06 2271.4
1.79898e+06 2270.98
1.79958e+06 2270.55
1.80018e+06 2270.13
1.80078e+06 2269.7
1.80138e+06 2269.28
1.80198e+06 2268.85
1.80258e+06 2268.43
1.80318e+06 2268.01
1.80378e+06 2267.58
1.80438e+06 2267.16
1.80498e+06 2266.73
1.80558e+06 2266.31
1.80618e+06 2265.88
1.80678e+06 2265.46
1.80738e+06 2265.03
1.80798e+06 2264.61
1.80858e+06 2264.19
1.80918e+06 2263.76
1.80978e+06 2263.34
1.81038e+06 2262.91
1.81098e+06 2262.49
1.81158e+06 2262.07
1.81218e+06 2261.64
1.81278e+06 2261.22
1.81338e+06 2260.8
1.81398e+06 2260.37
1.81458e+06 2259.95
1.81518e+06 2259.52
1.81578e+06 2259.1
1.81638e+06 2258.68
1.81698e+06 2258.25
1.81758e+06 2257.83
1.81818e+06 2257.41
1.81878e+06 2256.99
1.81938e+06 2256.56
1.81998e+06 2256.14
1.82058e+06 2255.72
1.82118e+06 2255.29
1.82178e+06 2254.87
1.82238e+06 2254.45
1.82298e+06 2254.03
1.82358e+06 2253.6
1.82418e+06 2253.18
1.82478e+06 2252.76
1.82538e+06 2252.34
1.82598e+06 2251.91
1.82658e+06 2251.49
1.82718e+06 2251.07
1.82778e+06 2250.65
1.82838e+06 2250.22
1.82898e+06 2249.8
1.82958e+06 2249.38
1.83018e+06 2248.96
1.83078e+06 2248.54
1.83138e+06 2248.12
1.83198e+06 2247.69
1.83258e+06 2247.27
1.83318e+06 2246.85
1.83378e+06 2246.43
1.83438e+06 2246.01
1.83498e+06 2245.59
1.83558e+06 2245.16
1.83618e+06 2244.74
1.83678e+06 2244.32
1.83738e+06 2243.9
1.83798e+06 2243.48
1.83858e+06 2243.06
1.83918e+06 2242.64
1.83978e+06 2242.22
1.84038e+06 2241.8
1.84098e+06 2241.37
1.84158e+06 2240.95
1.84218e+06 2240.53
1.84278e+06 2240.11
1.84338e+06 2239.69
1.84398e+06 2239.27
1.84458e+06 2238.85
1.84518e+06 2238.43
1.84578e+06 2238.01
1.84638e+06 2237.59
1.84698e+06 2237.17
1.84758e+06 2236.75
1.84818e+06 2236.33
1.84878e+06 2235.91
1.84938e+06 2235.49
1.84998e+06 2235.07
1.85059e+06 2234.65
1.85119e+06 2234.23
1.85179e+06 2233.81
1.85239e+06 2233.39
1.85299e+06 2232.97
1.85359e+06 2232.55
1.85419e+06 2232.13
1.85479e+06 2231.71
1.85539e+06 2231.29
1.85599e+06 2230.87
1.85659e+06 2230.45
1.85719e+06 2230.03
1.85779e+06 2229.61
1.85839e+06 2229.19
1.85899e+06 2228.78
1.85959e+06 2228.36
1.86019e+06 2227.94
1.86079e+06 2227.52
1.86139e+06 2227.1
1.86199e+06 2226.68
1.86259e+06 2226.26
1.86319e+06 2225.84
1.86379e+06 2225.42
1.86439e+06 2225.01
1.86499e+06 2224.59
1.86559e+06 2224.17
1.86619e+06 2223.75
1.86679e+06 2223.33
1.86739e+06 2222.91
1.86799e+06 2222.49
1.86859e+06 2222.08
1.86919e+06 2221.66
1.86979e+06 2221.24
1.87039e+06 2220.82
1.87099e+06 2220.4
1.87159e+06 2219.99
1.87219e+06 2219.57
1.87279e+06 2219.15
1.87339e+06 2218.73
1.87399e+06 2218.31
1.87459e+06 2217.9
1.87519e+06 2217.48
1.87579e+06 2217.06
1.87639e+06 2216.64
1.87699e+06 2216.23
1.87759e+06 2215.81
1.87819e+06 2215.39
1.87879e+06 2214.97
1.87939e+06 2214.56
1.87999e+06 2214.14
1.88059e+06 2213.72
1.88119e+06 2213.3
1.88179e+06 2212.89
1.88239e+06 2212.47
1.88299e+06 2212.05
1.88359e+06 2211.64
1.88419e+06 2211.22
1.88479e+06 2210.8
1.88539e+06 2210.39
1.88599e+06 2209.97
1.88659e+06 2209.55
1.88719e+06 2209.14
1.88779e+06 2208.72
1.88839e+06 2208.3
1.88899e+06 2207.89
1.88959e+06 2207.47
1.89019e+06 2207.05
1.89079e+06 2206.64
1.89139e+06 2206.22
1.89199e+06 2205.8
1.89259e+06 2205.39
1.89319e+06 2204.97
1.89379e+06 2204.56
1.89439e+06 2204.14
1.89499e+06 2203.72
1.89559e+06 2203.31
1.89619e+06 2202.89
1.89679e+06 2202.48
1.89739e+06 2202.06
1.89799e+06 2201.64
1.89859e+06 2201.23
1.89919e+06 2200.81
1.89979e+06 2200.4
1.90039e+06 2199.98
1.90099e+06 2199.57
1.90159e+06 2199.15
1.90219e+06 2198.74
1.90279e+06 2198.32
1.90339e+06 2197.91
1.90399e+06 2197.49
1.90459e+06 2197.08
1.90519e+06 2196.66
1.90579e+06 2196.24
1.90639e+06 2195.83
1.90699e+06 2195.41
1.90759e+06 2195
1.90819e+06 2194.58
1.90879e+06 2194.17
1.90939e+06 2193.76
1.90999e+06 2193.34
1.91059e+06 2192.93
1.91119e+06 2192.51
1.91179e+06 2192.1
1.91239e+06 2191.68
1.91299e+06 2191.27
1.91359e+06 2190.85
1.91419e+06 2190.44
1.91479e+06 2190.02
1.91539e+06 2189.61
1.91599e+06 2189.2
1.91659e+06 2188.78
1.91719e+06 2188.37
1.91779e+06 2187.95
1.91839e+06 2187.54
1.91899e+06 2187.12
1.91959e+06 2186.71
1.92019e+06 2186.3
1.92079e+06 2185.88
1.92139e+06 2185.47
1.92199e+06 2185.06
1.92259e+06 2184.64
1.92319e+06 2184.23
1.92379e+06 2183.81
1.92439e+06 2183.4
1.92499e+06 2182.99
1.92559e+06 2182.57
1.92619e+06 2182.16
1.92679e+06 2181.75
1.92739e+06 2181.33
1.92799e+06 2180.92
1.92859e+06 2180.51
1.92919e+06 2180.09
1.92979e+06 2179.68
1.93039e+06 2179.27
1.93099e+06 2178.85
1.93159e+06 2178.44
1.93219e+06 2178.03
1.93279e+06 2177.61
1.93339e+06 2177.2
1.93399e+06 2176.79
1.93459e+06 2176.38
1.93519e+06 2175.96
1.93579e+06 2175.55
1.93639e+06 2175.14
1.93699e+06 2174.72
1.93759e+06 2174.31
1.93819e+06 2173.9
1.93879e+06 2173.49
1.93939e+06 2173.07
1.93999e+06 2172.66
1.94059e+06 2172.25
1.94119e+06 2171.84
1.94179e+06 2171.42
1.94239e+06 2171.01
1.94299e+06 2170.6
1.94359e+06 2170.19
1.94419e+06 2169.78
1.94479e+06 2169.36
1.94539e+06 2168.95
1.94599e+06 2168.54
1.94659e+06 2168.13
1.94719e+06 2167.72
1.94779e+06 2167.3
1.94839e+06 2166.89
1.94899e+06 2166.48
1.94959e+06 2166.07
1.9502e+06 2165.66
1.9508e+06 2165.24
1.9514e+06 2164.83
1.952e+06 2164.42
1.9526e+06 2164.01
1.9532e+06 2163.6
1.9538e+06 2163.19
1.9544e+06 2162.78
1.955e+06 2162.36
1.9556e+06 2161.95
1.9562e+06 2161.54
1.9568e+06 2161.13
1.9574e+06 2160.72
1.958e+06 2160.31
1.9586e+06 2159.9
1.9592e+06 2159.49
1.9598e+06 2159.07
1.9604e+06 2158.66
1.961e+06 2158.25
1.9616e+06 2157.84
1.9622e+06 2157.43
1.9628e+06 2157.02
1.9634e+06 2156.61
1.964e+06 2156.2
1.9646e+06 2155.79
1.9652e+06 2155.38
1.9658e+06 2154.97
1.9664e+06 2154.56
1.967e+06 2154.15
1.9676e+06 2153.73
1.9682e+06 2153.32
1.9688e+06 2152.91
1.9694e+06 2152.5
1.97e+06 2152.09
1.9706e+06 2151.68
1.9712e+06 2151.27
1.9718e+06 2150.86
1.9724e+06 2150.45
1.973e+06 2150.04
1.9736e+06 2149.63
1.9742e+06 2149.22
1.9748e+06 2148.81
1.9754e+06 2148.4
1.976e+06 2147.99
1.9766e+06 2147.58
1.9772e+06 2147.17
1.9778e+06 2146.76
1.9784e+06 2146.35
1.979e+06 2145.94
1.9796e+06 2145.53
1.9802e+06 2145.12
1.9808e+06 2144.71
1.9814e+06 2144.3
1.982e+06 2143.89
1.9826e+06 2143.49
1.9832e+06 2143.08
1.9838e+06 2142.67
1.9844e+06 2142.26
1.985e+06 2141.85
1.9856e+06 2141.44
1.9862e+06 2141.03
1.9868e+06 2140.62
1.9874e+06 2140.21
1.988e+06 2139.8
1.9886e+06 2139.39
1.9892e+06 2138.98
1.9898e+06 2138.57
1.9904e+06 2138.16
1.991e+06 2137.76
1.9916e+06 2137.35
1.9922e+06 2136.94
1.9928e+06 2136.53
1.9934e+06 2136.12
1.994e+06 2135.71
1.9946e+06 2135.3
1.9952e+06 2134.89
1.9958e+06 2134.49
1.9964e+06 2134.08
1.997e+06 2133.67
1.9976e+06 2133.26
1.9982e+06 2132.85
1.9988e+06 2132.44
1.9994e+06 2132.03
2e+06 2131.63
2.0006e+06 2131.22
2.0012e+06 2130.81
2.0018e+06 2130.4
2.0024e+06 2129.99
2.003e+06 2129.58
2.0036e+06 2129.18
2.0042e+06 2128.77
2.0048e+06 2128.36
2.0054e+06 2127.95
2.006e+06 2127.54
2.0066e+06 2127.13
2.0072e+06 2126.73
2.0078e+06 2126.32
2.0084e+06 2125.91
2.009e+06 2125.5
2.0096e+06 2125.1
2.0102e+06 2124.69
2.0108e+06 2124.28
2.0114e+06 2123.87
2.012e+06 2123.46
2.0126e+06 2123.06
2.0132e+06 2122.65
2.0138e+06 2122.24
2.0144e+06 2121.83
2.015e+06 2121.43
2.0156e+06 2121.02
2.0162e+06 2120.61
2.0168e+06 2120.2
2.0174e+06 2119.8
2.018e+06 2119.39
2.0186e+06 2118.98
2.0192e+06 2118.57
2.0198e+06 2118.17
2.0204e+06 2117.76
2.021e+06 2117.35
2.0216e+06 2116.95
2.0222e+06 2116.54
2.0228e+06 2116.13
2.0234e+06 2115.72
2.024e+06 2115.32
2.0246e+06 2114.91
2.0252e+06 2114.5
2.0258e+06 2114.1
2.0264e+06 2113.69
2.027e+06 2113.28
2.0276e+06 2112.88
2.0282e+06 2112.47
2.0288e+06 2112.06
2.0294e+06 2111.65
2.03e+06 2111.25
2.0306e+06 2110.84
2.0312e+06 2110.43
2.0318e+06 2110.03
2.0324e+06 2109.62
2.033e+06 2109.22
2.0336e+06 2108.81
2.0342e+06 2108.4
2.0348e+06 2108
2.0354e+06 2107.59
2.036e+06 2107.18
2.0366e+06 2106.78
2.0372e+06 2106.37
2.0378e+06 2105.96
2.0384e+06 2105.56
2.039e+06 2105.15
2.0396e+06 2104.75
2.0402e+06 2104.34
2.0408e+06 2103.93
2.0414e+06 2103.53
2.042e+06 2103.12
2.0426e+06 2102.71
2.0432e+06 2102.31
2.0438e+06 2101.9
2.0444e+06 2101.5
2.045e+06 2101.09
2.0456e+06 2100.69
2.0462e+06 2100.28
2.0468e+06 2099.87
2.0474e+06 2099.47
2.048e+06 2099.06
2.0486e+06 2098.66
2.0492e+06 2098.25
2.0498e+06 2097.84
2.05041e+06 2097.44
2.05101e+06 2097.03
2.05161e+06 2096.63
2.05221e+06 2096.22
2.05281e+06 2095.82
2.05341e+06 2095.41
2.05401e+06 2095.01
2.05461e+06 2094.6
2.05521e+06 2094.2
2.05581e+06 2093.79
2.05641e+06 2093.38
2.05701e+06 2092.98
2.05761e+06 2092.57
2.05821e+06 2092.17
2.05881e+06 2091.76
2.05941e+06 2091.36
2.06001e+06 2090.95
2.06061e+06 2090.55
2.06121e+06 2090.14
2.06181e+06 2089.74
2.06241e+06 2089.33
2.06301e+06 2088.93
2.06361e+06 2088.52
2.06421e+06 2088.12
2.06481e+06 2087.71
2.06541e+06 2087.31
2.06601e+06 2086.9
2.06661e+06 2086.5
2.06721e+06 2086.09
2.06781e+06 2085.69
2.06841e+06 2085.28
2.06901e+06 2084.88
2.06961e+06 2084.47
2.07021e+06 2084.07
2.07081e+06 2083.67
2.07141e+06 2083.26
2.07201e+06 2082.86
2.07261e+06 2082.45
2.07321e+06 2082.05
2.07381e+06 2081.64
2.07441e+06 2081.24
2.07501e+06 2080.83
2.07561e+06 2080.43
2.07621e+06 2080.03
2.07681e+06 2079.62
2.07741e+06 2079.22
2.07801e+06 2078.81
2.07861e+06 2078.41
2.07921e+06 2078
2.07981e+06 2077.6
2.08041e+06 2077.2
2.08101e+06 2076.79
2.08161e+06 2076.39
2.08221e+06 2075.98
2.08281e+06 2075.58
2.08341e+06 2075.17
2.08401e+06 2074.77
2.08461e+06 2074.37
2.08521e+06 2073.96
2.08581e+06 2073.56
2.08641e+06 2073.15
2.08701e+06 2072.75
2.08761e+06 2072.35
2.08821e+06 2071.94
2.08881e+06 2071.54
2.08941e+06 2071.14
2.09001e+06 2070.73
2.09061e+06 2070.33
2.09121e+06 2069.92
2.09181e+06 2069.52
2.09241e+06 2069.12
2.09301e+06 2068.71
2.09361e+06 2068.31
2.09421e+06 2067.91
2.09481e+06 2067.5
2.09541e+06 2067.1
2.09601e+06 2066.7
2.09661e+06 2066.29
2.09721e+06 2065.89
2.09781e+06 2065.49
2.09841e+06 2065.08
2.09901e+06 2064.68
2.09961e+06 2064.27
2.10021e+06 2063.87
2.10081e+06 2063.47
2.10141e+06 2063.07
2.10201e+06 2062.66
2.10261e+06 2062.26
2.10321e+06 2061.86
2.10381e+06 2061.45
2.10441e+06 2061.05
2.10501e+06 2060.65
2.10561e+06 2060.24
2.10621e+06 2059.84
2.10681e+06 2059.44
2.10741e+06 2059.03
2.10801e+06 2058.63
2.10861e+06 2058.23
2.10921e+06 2057.82
2.10981e+06 2057.42
2.11041e+06 2057.02
2.11101e+06 2056.62
2.11161e+06 2056.21
2.11221e+06 2055.81
2.11281e+06 2055.41
2.11341e+06 2055
2.11401e+06 2054.6
2.11461e+06 2054.2
2.11521e+06 2053.8
2.11581e+06 2053.39
2.11641e+06 2052.99
2.11701e+06 2052.59
2.11761e+06 2052.19
2.11821e+06 2051.78
2.11881e+06 2051.38
2.11941e+06 2050.98
2.12001e+06 2050.58
2.12061e+06 2050.17
2.12121e+06 2049.77
2.12181e+06 2049.37
2.12241e+06 2048.97
2.12301e+06 2048.56
2.12361e+06 2048.16
2.12421e+06 2047.76
2.12481e+06 2047.36
2.12541e+06 2046.95
2.12601e+06 2046.55
2.12661e+06 2046.15
2.12721e+06 2045.75
2.12781e+06 2045.34
2.12841e+06 2044.94
2.12901e+06 2044.54
2.12961e+06 2044.14
2.13021e+06 2043.74
2.13081e+06 2043.33
2.13141e+06 2042.93
2.13201e+06 2042.53
2.13261e+06 2042.13
2.13321e+06 2041.72
2.13381e+06 2041.32
2.13441e+06 2040.92
2.13501e+06 2040.52
2.13561e+06 2040.12
2.13621e+06 2039.71
2.13681e+06 2039.31
2.13741e+06 2038.91
2.13801e+06 2038.51
2.13861e+06 2038.11
2.13921e+06 2037.71
2.13981e+06 2037.3
2.14041e+06 2036.9
2.14101e+06 2036.5
2.14161e+06 2036.1
2.14221e+06 2035.7
2.14281e+06 2035.29
2.14341e+06 2034.89
2.14401e+06 2034.49
2.14461e+06 2034.09
2.14521e+06 2033.69
2.14581e+06 2033.29
2.14641e+06 2032.88
2.14701e+06 2032.48
2.14761e+06 2032.08
2.14821e+06 2031.68
2.14881e+06 2031.28
2.14941e+06 2030.88
2.15002e+06 2030.48
2.15062e+06 2030.07
2.15122e+06 2029.67
2.15182e+06 2029.27
2.15242e+06 2028.87
2.15302e+06 2028.47
2.15362e+06 2028.07
2.15422e+06 2027.67
2.15482e+06 2027.26
2.15542e+06 2026.86
2.15602e+06 2026.46
2.15662e+06 2026.06
2.15722e+06 2025.66
2.15782e+06 2025.26
2.15842e+06 2024.86
2.15902e+06 2024.46
2.15962e+06 2024.05
2.16022e+06 2023.65
2.16082e+06 2023.25
2.16142e+06 2022.85
2.16202e+06 2022.45
2.16262e+06 2022.05
2.16322e+06 2021.65
2.16382e+06 2021.25
2.16442e+06 2020.85
2.16502e+06 2020.44
2.16562e+06 2020.04
2.16622e+06 2019.64
2.16682e+06 2019.24
2.16742e+06 2018.84
2.16802e+06 2018.44
2.16862e+06 2018.04
2.16922e+06 2017.64
2.16982e+06 2017.24
2.17042e+06 2016.84
2.17102e+06 2016.44
2.17162e+06 2016.03
2.17222e+06 2015.63
2.17282e+06 2015.23
2.17342e+06 2014.83
2.17402e+06 2014.43
2.17462e+06 2014.03
2.17522e+06 2013.63
2.17582e+06 2013.23
2.17642e+06 2012.83
2.17702e+06 2012.43
2.17762e+06 2012.03
2.17822e+06 2011.63
2.17882e+06 2011.23
2.17942e+06 2010.83
2.18002e+06 2010.43
2.18062e+06 2010.02
2.18122e+06 2009.62
2.18182e+06 2009.22
2.18242e+06 2008.82
2.18302e+06 2008.42
2.18362e+06 2008.02
2.18422e+06 2007.62
2.18482e+06 2007.22
2.18542e+06 2006.82
2.18602e+06 2006.42
2.18662e+06 2006.02
2.18722e+06 2005.62
2.18782e+06 2005.22
2.18842e+06 2004.82
2.18902e+06 2004.42
2.18962e+06 2004.02
2.19022e+06 2003.62
2.19082e+06 2003.22
2.19142e+06 2002.82
2.19202e+06 2002.42
2.19262e+06 2002.02
2.19322e+06 2001.62
2.19382e+06 2001.22
2.19442e+06 2000.82
2.19502e+06 2000.42
2.19562e+06 2000.02
2.19622e+06 1999.62
2.19682e+06 1999.22
2.19742e+06 1998.82
2.19802e+06 1998.42
2.19862e+06 1998.02
2.19922e+06 1997.62
2.19982e+06 1997.21
2.20042e+06 1996.81
2.20102e+06 1996.41
2.20162e+06 1996.01
2.20222e+06 1995.61
2.20282e+06 1995.21
2.20342e+06 1994.81
2.20402e+06 1994.41
2.20462e+06 1994.02
2.20522e+06 1993.62
2.20582e+06 1993.22
2.20642e+06 1992.82
2.20702e+06 1992.42
2.20762e+06 1992.02
2.20822e+06 1991.62
2.20882e+06 1991.22
2.20942e+06 1990.82
2.21002e+06 1990.42
2.21062e+06 1990.02
2.21122e+06 1989.62
2.21182e+06 1989.22
2.21242e+06 1988.82
2.21302e+06 1988.42
2.21362e+06 1988.02
2.21422e+06 1987.62
2.21482e+06 1987.22
2.21542e+06 1986.82
2.21602e+06 1986.42
2.21662e+06 1986.02
2.21722e+06 1985.62
2.21782e+06 1985.22
2.21842e+06 1984.82
2.21902e+06 1984.42
2.21962e+06 1984.02
2.22022e+06 1983.62
2.22082e+06 1983.22
2.22142e+06 1982.82
2.22202e+06 1982.42
2.22262e+06 1982.02
2.22322e+06 1981.62
2.22382e+06 1981.22
2.22442e+06 1980.82
2.22502e+06 1980.42
2.22562e+06 1980.03
2.22622e+06 1979.63
2.22682e+06 1979.23
2.22742e+06 1978.83
2.22802e+06 1978.43
2.22862e+06 1978.03
2.22922e+06 1977.63
2.22982e+06 1977.23
2.23042e+06 1976.83
2.23102e+06 1976.43
2.23162e+06 1976.03
2.23222e+06 1975.63
2.23282e+06 1975.23
2.23342e+06 1974.83
2.23402e+06 1974.43
2.23462e+06 1974.03
2.23522e+06 1973.64
2.23582e+06 1973.24
2.23642e+06 1972.84
2.23702e+06 1972.44
2.23762e+06 1972.04
2.23822e+06 1971.64
2.23882e+06 1971.24
2.23942e+06 1970.84
2.24002e+06 1970.44
2.24062e+06 1970.04
2.24122e+06 1969.64
2.24182e+06 1969.24
2.24242e+06 1968.84
2.24302e+06 1968.45
2.24362e+06 1968.05
2.24422e+06 1967.65
2.24482e+06 1967.25
2.24542e+06 1966.85
2.24602e+06 1966.45
2.24662e+06 1966.05
2.24722e+06 1965.65
2.24782e+06 1965.25
2.24842e+06 1964.85
2.24902e+06 1964.45
2.24962e+06 1964.06
2.25023e+06 1963.66
2.25083e+06 1963.26
2.25143e+06 1962.86
2.25203e+06 1962.46
2.25263e+06 1962.06
2.25323e+06 1961.66
2.25383e+06 1961.26
2.25443e+06 1960.86
2.25503e+06 1960.46
2.25563e+06 1960.07
2.25623e+06 1959.67
2.25683e+06 1959.27
2.25743e+06 1958.87
2.25803e+06 1958.47
2.25863e+06 1958.07
2.25923e+06 1957.67
2.25983e+06 1957.27
2.26043e+06 1956.87
2.26103e+06 1956.48
2.26163e+06 1956.08
2.26223e+06 1955.68
2.26283e+06 1955.28
2.26343e+06 1954.88
2.26403e+06 1954.48
2.26463e+06 1954.08
2.26523e+06 1953.68
2.26583e+06 1953.28
2.26643e+06 1952.89
2.26703e+06 1952.49
2.26763e+06 1952.09
2.26823e+06 1951.69
2.26883e+06 1951.29
2.26943e+06 1950.89
2.27003e+06 1950.49
2.27063e+06 1950.09
2.27123e+06 1949.7
2.27183e+06 1949.3
2.27243e+06 1948.9
2.27303e+06 1948.5
2.27363e+06 1948.1
2.27423e+06 1947.7
2.27483e+06 1947.3
2.27543e+06 1946.91
2.27603e+06 1946.51
2.27663e+06 1946.11
2.27723e+06 1945.71
2.27783e+06 1945.31
2.27843e+06 1944.91
2.27903e+06 1944.51
2.27963e+06 1944.11
2.28023e+06 1943.72
2.28083e+06 1943.32
2.28143e+06 1942.92
2.28203e+06 1942.52
2.28263e+06 1942.12
2.28323e+06 1941.72
2.28383e+06 1941.32
2.28443e+06 1940.93
2.28503e+06 1940.53
2.28563e+06 1940.13
2.28623e+06 1939.73
2.28683e+06 1939.33
2.28743e+06 1938.93
2.28803e+06 1938.53
2.28863e+06 1938.14
2.28923e+06 1937.74
2.28983e+06 1937.34
2.29043e+06 1936.94
2.29103e+06 1936.54
2.29163e+06 1936.14
2.29223e+06 1935.75
2.29283e+06 1935.35
2.29343e+06 1934.95
2.29403e+06 1934.55
2.29463e+06 1934.15
2.29523e+06 1933.75
2.29583e+06 1933.35
2.29643e+06 1932.96
2.29703e+06 1932.56
2.29763e+06 1932.16
2.29823e+06 1931.76
2.29883e+06 1931.36
2.29943e+06 1930.96
2.30003e+06 1930.57
2.30063e+06 1930.17
2.30123e+06 1929.77
2.30183e+06 1929.37
2.30243e+06 1928.97
2.30303e+06 1928.57
2.30363e+06 1928.17
2.30423e+06 1927.78
2.30483e+06 1927.38
2.30543e+06 1926.98
2.30603e+06 1926.58
2.30663e+06 1926.18
2.30723e+06 1925.78
2.30783e+06 1925.39
2.30843e+06 1924.99
2.30903e+06 1924.59
2.30963e+06 1924.19
2.31023e+06 1923.79
2.31083e+06 1923.39
2.31143e+06 1923
2.31203e+06 1922.6
2.31263e+06 1922.2
2.31323e+06 1921.8
2.31383e+06 1921.4
2.31443e+06 1921
2.31503e+06 1920.61
2.31563e+06 1920.21
2.31623e+06 1919.81
2.31683e+06 1919.41
2.31743e+06 1919.01
2.31803e+06 1918.62
2.31863e+06 1918.22
2.31923e+06 1917.82
2.31983e+06 1917.42
2.32043e+06 1917.02
2.32103e+06 1916.62
2.32163e+06 1916.23
2.32223e+06 1915.83
2.32283e+06 1915.43
2.32343e+06 1915.03
2.32403e+06 1914.63
2.32463e+06 1914.23
2.32523e+06 1913.84
2.32583e+06 1913.44
2.32643e+06 1913.04
2.32703e+06 1912.64
2.32763e+06 1912.24
2.32823e+06 1911.84
2.32883e+06 1911.45
2.32943e+06 1911.05
2.33003e+06 1910.65
2.33063e+06 1910.25
2.33123e+06 1909.85
2.33183e+06 1909.46
2.33243e+06 1909.06
2.33303e+06 1908.66
2.33363e+06 1908.26
2.33423e+06 1907.86
2.33483e+06 1907.46
2.33543e+06 1907.07
2.33603e+06 1906.67
2.33663e+06 1906.27
2.33723e+06 1905.87
2.33783e+06 1905.47
2.33843e+06 1905.08
2.33903e+06 1904.68
2.33963e+06 1904.28
2.34023e+06 1903.88
2.34083e+06 1903.48
2.34143e+06 1903.08
2.34203e+06 1902.69
2.34263e+06 1902.29
2.34323e+06 1901.89
2.34383e+06 1901.49
2.34443e+06 1901.09
2.34503e+06 1900.7
2.34563e+06 1900.3
2.34623e+06 1899.9
2.34683e+06 1899.5
2.34743e+06 1899.1
2.34803e+06 1898.7
2.34863e+06 1898.31
2.34923e+06 1897.91
2.34983e+06 1897.51
2.35044e+06 1897.11
2.35104e+06 1896.71
2.35164e+06 1896.32
2.35224e+06 1895.92
2.35284e+06 1895.52
2.35344e+06 1895.12
2.35404e+06 1894.72
2.35464e+06 1894.32
2.35524e+06 1893.93
2.35584e+06 1893.53
2.35644e+06 1893.13
2.35704e+06 1892.73
2.35764e+06 1892.33
2.35824e+06 1891.94
2.35884e+06 1891.54
2.35944e+06 1891.14
2.36004e+06 1890.74
2.36064e+06 1890.34
2.36124e+06 1889.95
2.36184e+06 1889.55
2.36244e+06 1889.15
2.36304e+06 1888.75
2.36364e+06 1888.35
2.36424e+06 1887.95
2.36484e+06 1887.56
2.36544e+06 1887.16
2.36604e+06 1886.76
2.36664e+06 1886.36
2.36724e+06 1885.96
2.36784e+06 1885.57
2.36844e+06 1885.17
2.36904e+06 1884.77
2.36964e+06 1884.37
2.37024e+06 1883.97
2.37084e+06 1883.57
2.37144e+06 1883.18
2.37204e+06 1882.78
2.37264e+06 1882.38
2.37324e+06 1881.98
2.37384e+06 1881.58
2.37444e+06 1881.19
2.37504e+06 1880.79
2.37564e+06 1880.39
2.37624e+06 1879.99
2.37684e+06 1879.59
2.37744e+06 1879.19
2.37804e+06 1878.8
2.37864e+06 1878.4
2.37924e+06 1878
2.37984e+06 1877.6
2.38044e+06 1877.2
2.38104e+06 1876.81
2.38164e+06 1876.41
2.38224e+06 1876.01
2.38284e+06 1875.61
2.38344e+06 1875.21
2.38404e+06 1874.81
2.38464e+06 1874.42
2.38524e+06 1874.02
2.38584e+06 1873.62
2.38644e+06 1873.22
2.38704e+06 1872.82
2.38764e+06 1872.43
2.38824e+06 1872.03
2.38884e+06 1871.63
2.38944e+06 1871.23
2.39004e+06 1870.83
2.39064e+06 1870.43
2.39124e+06 1870.04
2.39184e+06 1869.64
2.39244e+06 1869.24
2.39304e+06 1868.84
2.39364e+06 1868.44
2.39424e+06 1868.04
2.39484e+06 1867.65
2.39544e+06 1867.25
2.39604e+06 1866.85
2.39664e+06 1866.45
2.39724e+06 1866.05
2.39784e+06 1865.66
2.39844e+06 1865.26
2.39904e+06 1864.86
2.39964e+06 1864.46
2.40024e+06 1864.06
2.40084e+06 1863.66
2.40144e+06 1863.27
2.40204e+06 1862.87
2.40264e+06 1862.47
2.40324e+06 1862.07
2.40384e+06 1861.67
2.40444e+06 1861.27
2.40504e+06 1860.88
2.40564e+06 1860.48
2.40624e+06 1860.08
2.40684e+06 1859.68
2.40744e+06 1859.28
2.40804e+06 1858.88
2.40864e+06 1858.49
2.40924e+06 1858.09
2.40984e+06 1857.69
2.41044e+06 1857.29
2.41104e+06 1856.89
2.41164e+06 1856.49
2.41224e+06 1856.1
2.41284e+06 1855.7
2.41344e+06 1855.3
2.41404e+06 1854.9
2.41464e+06 1854.5
2.41524e+06 1854.1
2.41584e+06 1853.71
2.41644e+06 1853.31
2.41704e+06 1852.91
2.41764e+06 1852.51
2.41824e+06 1852.11
2.41884e+06 1851.71
2.41944e+06 1851.31
2.42004e+06 1850.92
2.42064e+06 1850.52
2.42124e+06 1850.12
2.42184e+06 1849.72
2.42244e+06 1849.32
2.42304e+06 1848.92
2.42364e+06 1848.53
2.42424e+06 1848.13
2.42484e+06 1847.73
2.42544e+06 1847.33
2.42604e+06 1846.93
2.42664e+06 1846.53
2.42724e+06 1846.13
2.42784e+06 1845.74
2.42844e+06 1845.34
2.42904e+06 1844.94
2.42964e+06 1844.54
2.43024e+06 1844.14
2.43084e+06 1843.74
2.43144e+06 1843.35
2.43204e+06 1842.95
2.43264e+06 1842.55
2.43324e+06 1842.15
2.43384e+06 1841.75
2.43444e+06 1841.35
2.43504e+06 1840.95
2.43564e+06 1840.56
2.43624e+06 1840.16
2.43684e+06 1839.76
2.43744e+06 1839.36
2.43804e+06 1838.96
2.43864e+06 1838.56
2.43924e+06 1838.16
2.43984e+06 1837.76
2.44044e+06 1837.37
2.44104e+06 1836.97
2.44164e+06 1836.57
2.44224e+06 1836.17
2.44284e+06 1835.77
2.44344e+06 1835.37
2.44404e+06 1834.97
2.44464e+06 1834.58
2.44524e+06 1834.18
2.44584e+06 1833.78
2.44644e+06 1833.38
2.44704e+06 1832.98
2.44764e+06 1832.58
2.44824e+06 1832.18
2.44884e+06 1831.78
2.44944e+06 1831.39
2.45005e+06 1830.99
2.45065e+06 1830.59
2.45125e+06 1830.19
2.45185e+06 1829.79
2.45245e+06 1829.39
2.45305e+06 1828.99
2.45365e+06 1828.59
2.45425e+06 1828.2
2.45485e+06 1827.8
2.45545e+06 1827.4
2.45605e+06 1827
2.45665e+06 1826.6
2.45725e+06 1826.2
2.45785e+06 1825.8
2.45845e+06 1825.4
2.45905e+06 1825
2.45965e+06 1824.61
2.46025e+06 1824.21
2.46085e+06 1823.81
2.46145e+06 1823.41
2.46205e+06 1823.01
2.46265e+06 1822.61
2.46325e+06 1822.21
2.46385e+06 1821.81
2.46445e+06 1821.41
2.46505e+06 1821.02
2.46565e+06 1820.62
2.46625e+06 1820.22
2.46685e+06 1819.82
2.46745e+06 1819.42
2.46805e+06 1819.02
2.46865e+06 1818.62
2.46925e+06 1818.22
2.46985e+06 1817.82
2.47045e+06 1817.42
2.47105e+06 1817.02
2.47165e+06 1816.63
2.47225e+06 1816.23
2.47285e+06 1815.83
2.47345e+06 1815.43
2.47405e+06 1815.03
2.47465e+06 1814.63
2.47525e+06 1814.23
2.47585e+06 1813.83
2.47645e+06 1813.43
2.47705e+06 1813.03
2.47765e+06 1812.63
2.47825e+06 1812.24
2.47885e+06 1811.84
2.47945e+06 1811.44
2.48005e+06 1811.04
2.48065e+06 1810.64
2.48125e+06 1810.24
2.48185e+06 1809.84
2.48245e+06 1809.44
2.48305e+06 1809.04
2.48365e+06 1808.64
2.48425e+06 1808.24
2.48485e+06 1807.84
2.48545e+06 1807.44
2.48605e+06 1807.04
2.48665e+06 1806.65
2.48725e+06 1806.25
2.48785e+06 1805.85
2.48845e+06 1805.45
2.48905e+06 1805.05
2.48965e+06 1804.65
2.49025e+06 1804.25
2.49085e+06 1803.85
2.49145e+06 1803.45
2.49205e+06 1803.05
2.49265e+06 1802.65
2.49325e+06 1802.25
2.49385e+06 1801.85
2.49445e+06 1801.45
2.49505e+06 1801.05
2.49565e+06 1800.65
2.49625e+06 1800.25
2.49685e+06 1799.85
2.49745e+06 1799.46
2.49805e+06 1799.06
2.49865e+06 1798.66
2.49925e+06 1798.26
2.49985e+06 1797.86
2.50045e+06 1797.46
2.50105e+06 1797.06
2.50165e+06 1796.66
2.50225e+06 1796.26
2.50285e+06 1795.86
2.50345e+06 1795.46
2.50405e+06 1795.06
2.50465e+06 1794.66
2.50525e+06 1794.26
2.50585e+06 1793.86
2.50645e+06 1793.46
2.50705e+06 1793.06
2.50765e+06 1792.66
2.50825e+06 1792.26
2.50885e+06 1791.86
2.50945e+06 1791.46
2.51005e+06 1791.06
2.51065e+06 1790.66
2.51125e+06 1790.26
2.51185e+06 1789.86
2.51245e+06 1789.46
2.51305e+06 1789.06
2.51365e+06 1788.66
2.51425e+06 1788.26
2.51485e+06 1787.86
2.51545e+06 1787.46
2.51605e+06 1787.06
2.51665e+06 1786.66
2.51725e+06 1786.26
2.51785e+06 1785.86
2.51845e+06 1785.46
2.51905e+06 1785.06
2.51965e+06 1784.66
2.52025e+06 1784.26
2.52085e+06 1783.86
2.52145e+06 1783.46
2.52205e+06 1783.06
2.52265e+06 1782.66
2.52325e+06 1782.26
2.52385e+06 1781.86
2.52445e+06 1781.46
2.52505e+06 1781.06
2.52565e+06 1780.66
2.52625e+06 1780.26
2.52685e+06 1779.86
2.52745e+06 1779.46
2.52805e+06 1779.06
2.52865e+06 1778.66
2.52925e+06 1778.26
2.52985e+06 1777.86
2.53045e+06 1777.46
2.53105e+06 1777.06
2.53165e+06 1776.66
2.53225e+06 1776.26
2.53285e+06 1775.86
2.53345e+06 1775.46
2.53405e+06 1775.06
2.53465e+06 1774.66
2.53525e+06 1774.26
2.53585e+06 1773.86
2.53645e+06 1773.46
2.53705e+06 1773.06
2.53765e+06 1772.66
2.53825e+06 1772.25
2.53885e+06 1771.85
2.53945e+06 1771.45
2.54005e+06 1771.05
2.54065e+06 1770.65
2.54125e+06 1770.25
2.54185e+06 1769.85
2.54245e+06 1769.45
2.54305e+06 1769.05
2.54365e+06 1768.65
2.54425e+06 1768.25
2.54485e+06 1767.85
2.54545e+06 1767.45
2.54605e+06 1767.05
2.54665e+06 1766.65
2.54725e+06 1766.25
2.54785e+06 1765.84
2.54845e+06 1765.44
2.54905e+06 1765.04
2.54965e+06 1764.64
2.55026e+06 1764.24
2.55086e+06 1763.84
2.55146e+06 1763.44
2.55206e+06 1763.04
2.55266e+06 1762.64
2.55326e+06 1762.24
2.55386e+06 1761.84
2.55446e+06 1761.44
2.55506e+06 1761.03
2.55566e+06 1760.63
2.55626e+06 1760.23
2.55686e+06 1759.83
2.55746e+06 1759.43
2.55806e+06 1759.03
2.55866e+06 1758.63
2.55926e+06 1758.23
2.55986e+06 1757.83
2.56046e+06 1757.43
2.56106e+06 1757.02
2.56166e+06 1756.62
2.56226e+06 1756.22
2.56286e+06 1755.82
2.56346e+06 1755.42
2.56406e+06 1755.02
2.56466e+06 1754.62
2.56526e+06 1754.22
2.56586e+06 1753.81
2.56646e+06 1753.41
2.56706e+06 1753.01
2.56766e+06 1752.61
2.56826e+06 1752.21
2.56886e+06 1751.81
2.56946e+06 1751.41
2.57006e+06 1751.01
2.57066e+06 1750.6
2.57126e+06 1750.2
2.57186e+06 1749.8
2.57246e+06 1749.4
2.57306e+06 1749
2.57366e+06 1748.6
2.57426e+06 1748.2
2.57486e+06 1747.79
2.57546e+06 1747.39
2.57606e+06 1746.99
2.57666e+06 1746.59
2.57726e+06 1746.19
2.57786e+06 1745.79
2.57846e+06 1745.38
2.57906e+06 1744.98
2.57966e+06 1744.58
2.58026e+06 1744.18
2.58086e+06 1743.78
2.58146e+06 1743.38
2.58206e+06 1742.97
2.58266e+06 1742.57
2.58326e+06 1742.17
2.58386e+06 1741.77
2.58446e+06 1741.37
2.58506e+06 1740.96
2.58566e+06 1740.56
2.58626e+06 1740.16
2.58686e+06 1739.76
2.58746e+06 1739.36
2.58806e+06 1738.95
2.58866e+06 1738.55
2.58926e+06 1738.15
2.58986e+06 1737.75
2.59046e+06 1737.35
2.59106e+06 1736.94
2.59166e+06 1736.54
2.59226e+06 1736.14
2.59286e+06 1735.74
2.59346e+06 1735.34
2.59406e+06 1734.93
2.59466e+06 1734.53
2.59526e+06 1734.13
2.59586e+06 1733.73
2.59646e+06 1733.33
2.59706e+06 1732.92
2.59766e+06 1732.52
2.59826e+06 1732.12
2.59886e+06 1731.72
2.59946e+06 1731.31
2.60006e+06 1730.91
2.60066e+06 1730.51
2.60126e+06 1730.11
2.60186e+06 1729.7
2.60246e+06 1729.3
2.60306e+06 1728.9
2.60366e+06 1728.5
2.60426e+06 1728.09
2.60486e+06 1727.69
2.60546e+06 1727.29
2.60606e+06 1726.89
2.60666e+06 1726.48
2.60726e+06 1726.08
2.60786e+06 1725.68
2.60846e+06 1725.28
2.60906e+06 1724.87
2.60966e+06 1724.47
2.61026e+06 1724.07
2.61086e+06 1723.67
2.61146e+06 1723.26
2.61206e+06 1722.86
2.61266e+06 1722.46
2.61326e+06 1722.05
2.61386e+06 1721.65
2.61446e+06 1721.25
2.61506e+06 1720.85
2.61566e+06 1720.44
2.61626e+06 1720.04
2.61686e+06 1719.64
2.61746e+06 1719.23
2.61806e+06 1718.83
2.61866e+06 1718.43
2.61926e+06 1718.02
2.61986e+06 1717.62
2.62046e+06 1717.22
2.62106e+06 1716.82
2.62166e+06 1716.41
2.62226e+06 1716.01
2.62286e+06 1715.61
2.62346e+06 1715.2
2.62406e+06 1714.8
2.62466e+06 1714.4
2.62526e+06 1713.99
2.62586e+06 1713.59
2.62646e+06 1713.19
2.62706e+06 1712.78
2.62766e+06 1712.38
2.62826e+06 1711.98
2.62886e+06 1711.57
2.62946e+06 1711.17
2.63006e+06 1710.77
2.63066e+06 1710.36
2.63126e+06 1709.96
2.63186e+06 1709.55
2.63246e+06 1709.15
2.63306e+06 1708.75
2.63366e+06 1708.34
2.63426e+06 1707.94
2.63486e+06 1707.54
2.63546e+06 1707.13
2.63606e+06 1706.73
2.63666e+06 1706.33
2.63726e+06 1705.92
2.63786e+06 1705.52
2.63846e+06 1705.11
2.63906e+06 1704.71
2.63966e+06 1704.31
2.64026e+06 1703.9
2.64086e+06 1703.5
2.64146e+06 1703.09
2.64206e+06 1702.69
2.64266e+06 1702.29
2.64326e+06 1701.88
2.64386e+06 1701.48
2.64446e+06 1701.07
2.64506e+06 1700.67
2.64566e+06 1700.27
2.64626e+06 1699.86
2.64686e+06 1699.46
2.64746e+06 1699.05
2.64806e+06 1698.65
2.64866e+06 1698.25
2.64926e+06 1697.84
2.64986e+06 1697.44
2.65047e+06 1697.03
2.65107e+06 1696.63
2.65167e+06 1696.22
2.65227e+06 1695.82
2.65287e+06 1695.42
2.65347e+06 1695.01
2.65407e+06 1694.61
2.65467e+06 1694.2
2.65527e+06 1693.8
2.65587e+06 1693.39
2.65647e+06 1692.99
2.65707e+06 1692.58
2.65767e+06 1692.18
2.65827e+06 1691.77
2.65887e+06 1691.37
2.65947e+06 1690.97
2.66007e+06 1690.56
2.66067e+06 1690.16
2.66127e+06 1689.75
2.66187e+06 1689.35
2.66247e+06 1688.94
2.66307e+06 1688.54
2.66367e+06 1688.13
2.66427e+06 1687.73
2.66487e+06 1687.32
2.66547e+06 1686.92
2.66607e+06 1686.51
2.66667e+06 1686.11
2.66727e+06 1685.7
2.66787e+06 1685.3
2.66847e+06 1684.89
2.66907e+06 1684.49
2.66967e+06 1684.08
2.67027e+06 1683.68
2.67087e+06 1683.27
2.67147e+06 1682.87
2.67207e+06 1682.46
2.67267e+06 1682.06
2.67327e+06 1681.65
2.67387e+06 1681.24
2.67447e+06 1680.84
2.67507e+06 1680.43
2.67567e+06 1680.03
2.67627e+06 1679.62
2.67687e+06 1679.22
2.67747e+06 1678.81
2.67807e+06 1678.41
2.67867e+06 1678
2.67927e+06 1677.6
2.67987e+06 1677.19
2.68047e+06 1676.78
2.68107e+06 1676.38
2.68167e+06 1675.97
2.68227e+06 1675.57
2.68287e+06 1675.16
2.68347e+06 1674.76
2.68407e+06 1674.35
2.68467e+06 1673.94
2.68527e+06 1673.54
2.68587e+06 1673.13
2.68647e+06 1672.73
2.68707e+06 1672.32
2.68767e+06 1671.91
2.68827e+06 1671.51
2.68887e+06 1671.1
2.68947e+06 1670.7
2.69007e+06 1670.29
2.69067e+06 1669.88
2.69127e+06 1669.48
2.69187e+06 1669.07
2.69247e+06 1668.66
2.69307e+06 1668.26
2.69367e+06 1667.85
2.69427e+06 1667.45
2.69487e+06 1667.04
2.69547e+06 1666.63
2.69607e+06 1666.23
2.69667e+06 1665.82
2.69727e+06 1665.41
2.69787e+06 1665.01
2.69847e+06 1664.6
2.69907e+06 1664.19
2.69967e+06 1663.79
2.70027e+06 1663.38
2.70087e+06 1662.97
2.70147e+06 1662.57
2.70207e+06 1662.16
2.70267e+06 1661.75
2.70327e+06 1661.35
2.70387e+06 1660.94
2.70447e+06 1660.53
2.70507e+06 1660.13
2.70567e+06 1659.72
2.70627e+06 1659.31
2.70687e+06 1658.91
2.70747e+06 1658.5
2.70807e+06 1658.09
2.70867e+06 1657.69
2.70927e+06 1657.28
2.70987e+06 1656.87
2.71047e+06 1656.46
2.71107e+06 1656.06
2.71167e+06 1655.65
2.71227e+06 1655.24
2.71287e+06 1654.84
2.71347e+06 1654.43
2.71407e+06 1654.02
2.71467e+06 1653.61
2.71527e+06 1653.21
2.71587e+06 1652.8
2.71647e+06 1652.39
2.71707e+06 1651.98
2.71767e+06 1651.58
2.71827e+06 1651.17
2.71887e+06 1650.76
2.71947e+06 1650.35
2.72007e+06 1649.95
2.72067e+06 1649.54
2.72127e+06 1649.13
2.72187e+06 1648.72
2.72247e+06 1648.32
2.72307e+06 1647.91
2.72367e+06 1647.5
2.72427e+06 1647.09
2.72487e+06 1646.68
2.72547e+06 1646.28
2.72607e+06 1645.87
2.72667e+06 1645.46
2.72727e+06 1645.05
2.72787e+06 1644.64
2.72847e+06 1644.24
2.72907e+06 1643.83
2.72967e+06 1643.42
2.73027e+06 1643.01
2.73087e+06 1642.6
2.73147e+06 1642.2
2.73207e+06 1641.79
2.73267e+06 1641.38
2.73327e+06 1640.97
2.73387e+06 1640.56
2.73447e+06 1640.15
2.73507e+06 1639.75
2.73567e+06 1639.34
2.73627e+06 1638.93
2.73687e+06 1638.52
2.73747e+06 1638.11
2.73807e+06 1637.7
2.73867e+06 1637.29
2.73927e+06 1636.89
2.73987e+06 1636.48
2.74047e+06 1636.07
2.74107e+06 1635.66
2.74167e+06 1635.25
2.74227e+06 1634.84
2.74287e+06 1634.43
2.74347e+06 1634.02
2.74407e+06 1633.61
2.74467e+06 1633.21
2.74527e+06 1632.8
2.74587e+06 1632.39
2.74647e+06 1631.98
2.74707e+06 1631.57
2.74767e+06 1631.16
2.74827e+06 1630.75
2.74887e+06 1630.34
2.74947e+06 1629.93
2.75008e+06 1629.52
2.75068e+06 1629.11
2.75128e+06 1628.7
2.75188e+06 1628.3
2.75248e+06 1627.89
2.75308e+06 1627.48
2.75368e+06 1627.07
2.75428e+06 1626.66
2.75488e+06 1626.25
2.75548e+06 1625.84
2.75608e+06 1625.43
2.75668e+06 1625.02
2.75728e+06 1624.61
2.75788e+06 1624.2
2.75848e+06 1623.79
2.75908e+06 1623.38
2.75968e+06 1622.97
2.76028e+06 1622.56
2.76088e+06 1622.15
2.76148e+06 1621.74
2.76208e+06 1621.33
2.76268e+06 1620.92
2.76328e+06 1620.51
2.76388e+06 1620.1
2.76448e+06 1619.69
2.76508e+06 1619.28
2.76568e+06 1618.87
2.76628e+06 1618.46
2.76688e+06 1618.05
2.76748e+06 1617.64
2.76808e+06 1617.23
2.76868e+06 1616.82
2.76928e+06 1616.41
2.76988e+06 1616
2.77048e+06 1615.59
2.77108e+06 1615.18
2.77168e+06 1614.77
2.77228e+06 1614.35
2.77288e+06 1613.94
2.77348e+06 1613.53
2.77408e+06 1613.12
2.77468e+06 1612.71
2.77528e+06 1612.3
2.77588e+06 1611.89
2.77648e+06 1611.48
2.77708e+06 1611.07
2.77768e+06 1610.66
2.77828e+06 1610.25
2.77888e+06 1609.84
2.77948e+06 1609.42
2.78008e+06 1609.01
2.78068e+06 1608.6
2.78128e+06 1608.19
2.78188e+06 1607.78
2.78248e+06 1607.37
2.78308e+06 1606.96
2.78368e+06 1606.55
2.78428e+06 1606.13
2.78488e+06 1605.72
2.78548e+06 1605.31
2.78608e+06 1604.9
2.78668e+06 1604.49
2.78728e+06 1604.08
2.78788e+06 1603.67
2.78848e+06 1603.25
2.78908e+06 1602.84
2.78968e+06 1602.43
2.79028e+06 1602.02
2.79088e+06 1601.61
2.79148e+06 1601.19
2.79208e+06 1600.78
2.79268e+06 1600.37
2.79328e+06 1599.96
2.79388e+06 1599.55
2.79448e+06 1599.14
2.79508e+06 1598.72
2.79568e+06 1598.31
2.79628e+06 1597.9
2.79688e+06 1597.49
2.79748e+06 1597.07
2.79808e+06 1596.66
2.79868e+06 1596.25
2.79928e+06 1595.84
2.79988e+06 1595.43
2.80048e+06 1595.01
2.80108e+06 1594.6
2.80168e+06 1594.19
2.80228e+06 1593.78
2.80288e+06 1593.36
2.80348e+06 1592.95
2.80408e+06 1592.54
2.80468e+06 1592.12
2.80528e+06 1591.71
2.80588e+06 1591.3
2.80648e+06 1590.89
2.80708e+06 1590.47
2.80768e+06 1590.06
2.80828e+06 1589.65
2.80888e+06 1589.23
2.80948e+06 1588.82
2.81008e+06 1588.41
2.81068e+06 1588
2.81128e+06 1587.58
2.81188e+06 1587.17
2.81248e+06 1586.76
2.81308e+06 1586.34
2.81368e+06 1585.93
2.81428e+06 1585.52
2.81488e+06 1585.1
2.81548e+06 1584.69
2.81608e+06 1584.28
2.81668e+06 1583.86
2.81728e+06 1583.45
2.81788e+06 1583.04
2.81848e+06 1582.62
2.81908e+06 1582.21
2.81968e+06 1581.79
2.82028e+06 1581.38
2.82088e+06 1580.97
2.82148e+06 1580.55
2.82208e+06 1580.14
2.82268e+06 1579.73
2.82328e+06 1579.31
2.82388e+06 1578.9
2.82448e+06 1578.48
2.82508e+06 1578.07
2.82568e+06 1577.65
2.82628e+06 1577.24
2.82688e+06 1576.83
2.82748e+06 1576.41
2.82808e+06 1576
2.82868e+06 1575.58
2.82928e+06 1575.17
2.82988e+06 1574.75
2.83048e+06 1574.34
2.83108e+06 1573.93
2.83168e+06 1573.51
2.83228e+06 1573.1
2.83288e+06 1572.68
2.83348e+06 1572.27
2.83408e+06 1571.85
2.83468e+06 1571.44
2.83528e+06 1571.02
2.83588e+06 1570.61
2.83648e+06 1570.19
2.83708e+06 1569.78
2.83768e+06 1569.36
2.83828e+06 1568.95
2.83888e+06 1568.53
2.83948e+06 1568.12
2.84008e+06 1567.7
2.84068e+06 1567.29
2.84128e+06 1566.87
2.84188e+06 1566.46
2.84248e+06 1566.04
2.84308e+06 1565.63
2.84368e+06 1565.21
2.84428e+06 1564.8
2.84488e+06 1564.38
2.84548e+06 1563.96
2.84608e+06 1563.55
2.84668e+06 1563.13
2.84728e+06 1562.72
2.84788e+06 1562.3
2.84848e+06 1561.89
2.84908e+06 1561.47
2.84968e+06 1561.05
2.85029e+06 1560.64
2.85089e+06 1560.22
2.85149e+06 1559.81
2.85209e+06 1559.39
2.85269e+06 1558.97
2.85329e+06 1558.56
2.85389e+06 1558.14
2.85449e+06 1557.73
2.85509e+06 1557.31
2.85569e+06 1556.89
2.85629e+06 1556.48
2.85689e+06 1556.06
2.85749e+06 1555.64
2.85809e+06 1555.23
2.85869e+06 1554.81
2.85929e+06 1554.39
2.85989e+06 1553.98
2.86049e+06 1553.56
2.86109e+06 1553.14
2.86169e+06 1552.73
2.86229e+06 1552.31
2.86289e+06 1551.89
2.86349e+06 1551.48
2.86409e+06 1551.06
2.86469e+06 1550.64
2.86529e+06 1550.22
2.86589e+06 1549.81
2.86649e+06 1549.39
2.86709e+06 1548.97
2.86769e+06 1548.56
2.86829e+06 1548.14
2.86889e+06 1547.72
2.86949e+06 1547.3
2.87009e+06 1546.89
2.87069e+06 1546.47
2.87129e+06 1546.05
2.87189e+06 1545.63
2.87249e+06 1545.22
2.87309e+06 1544.8
2.87369e+06 1544.38
2.87429e+06 1543.96
2.87489e+06 1543.55
2.87549e+06 1543.13
2.87609e+06 1542.71
2.87669e+06 1542.29
2.87729e+06 1541.87
2.87789e+06 1541.46
2.87849e+06 1541.04
2.87909e+06 1540.62
2.87969e+06 1540.2
2.88029e+06 1539.78
2.88089e+06 1539.36
2.88149e+06 1538.95
2.88209e+06 1538.53
2.88269e+06 1538.11
2.88329e+06 1537.69
2.88389e+06 1537.27
2.88449e+06 1536.85
2.88509e+06 1536.43
2.88569e+06 1536.02
2.88629e+06 1535.6
2.88689e+06 1535.18
2.88749e+06 1534.76
2.88809e+06 1534.34
2.88869e+06 1533.92
2.88929e+06 1533.5
2.88989e+06 1533.08
2.89049e+06 1532.66
2.89109e+06 1532.25
2.89169e+06 1531.83
2.89229e+06 1531.41
2.89289e+06 1530.99
2.89349e+06 1530.57
2.89409e+06 1530.15
2.89469e+06 1529.73
2.89529e+06 1529.31
2.89589e+06 1528.89
2.89649e+06 1528.47
2.89709e+06 1528.05
2.89769e+06 1527.63
2.89829e+06 1527.21
2.89889e+06 1526.79
2.89949e+06 1526.37
2.90009e+06 1525.95
2.90069e+06 1525.53
2.90129e+06 1525.11
2.90189e+06 1524.69
2.90249e+06 1524.27
2.90309e+06 1523.85
2.90369e+06 1523.43
2.90429e+06 1523.01
2.90489e+06 1522.59
2.90549e+06 1522.17
2.90609e+06 1521.75
2.90669e+06 1521.33
2.90729e+06 1520.91
2.90789e+06 1520.49
2.90849e+06 1520.07
2.90909e+06 1519.65
2.90969e+06 1519.23
2.91029e+06 1518.81
2.91089e+06 1518.39
2.91149e+06 1517.96
2.91209e+06 1517.54
2.91269e+06 1517.12
2.91329e+06 1516.7
2.91389e+06 1516.28
2.91449e+06 1515.86
2.91509e+06 1515.44
2.91569e+06 1515.02
2.91629e+06 1514.6
2.91689e+06 1514.17
2.91749e+06 1513.75
2.91809e+06 1513.33
2.91869e+06 1512.91
2.91929e+06 1512.49
2.91989e+06 1512.07
2.92049e+06 1511.65
2.92109e+06 1511.22
2.92169e+06 1510.8
2.92229e+06 1510.38
2.92289e+06 1509.96
2.92349e+06 1509.54
2.92409e+06 1509.11
2.92469e+06 1508.69
2.92529e+06 1508.27
2.92589e+06 1507.85
2.92649e+06 1507.43
2.92709e+06 1507
2.92769e+06 1506.58
2.92829e+06 1506.16
2.92889e+06 1505.74
2.92949e+06 1505.31
2.93009e+06 1504.89
2.93069e+06 1504.47
2.93129e+06 1504.05
2.93189e+06 1503.62
2.93249e+06 1503.2
2.93309e+06 1502.78
2.93369e+06 1502.36
2.93429e+06 1501.93
2.93489e+06 1501.51
2.93549e+06 1501.09
2.93609e+06 1500.66
2.93669e+06 1500.24
2.93729e+06 1499.82
2.93789e+06 1499.39
2.93849e+06 1498.97
2.93909e+06 1498.55
2.93969e+06 1498.12
2.94029e+06 1497.7
2.94089e+06 1497.28
2.94149e+06 1496.85
2.94209e+06 1496.43
2.94269e+06 1496.01
2.94329e+06 1495.58
2.94389e+06 1495.16
2.94449e+06 1494.74
2.94509e+06 1494.31
2.94569e+06 1493.89
2.94629e+06 1493.46
2.94689e+06 1493.04
2.94749e+06 1492.62
2.94809e+06 1492.19
2.94869e+06 1491.77
2.94929e+06 1491.34
2.94989e+06 1490.92
2.9505e+06 1490.49
2.9511e+06 1490.07
2.9517e+06 1489.64
2.9523e+06 1489.22
2.9529e+06 1488.8
2.9535e+06 1488.37
2.9541e+06 1487.95
2.9547e+06 1487.52
2.9553e+06 1487.1
2.9559e+06 1486.67
2.9565e+06 1486.25
2.9571e+06 1485.82
2.9577e+06 1485.4
2.9583e+06 1484.97
2.9589e+06 1484.55
2.9595e+06 1484.12
2.9601e+06 1483.7
2.9607e+06 1483.27
2.9613e+06 1482.84
2.9619e+06 1482.42
2.9625e+06 1481.99
2.9631e+06 1481.57
2.9637e+06 1481.14
2.9643e+06 1480.72
2.9649e+06 1480.29
2.9655e+06 1479.87
2.9661e+06 1479.44
2.9667e+06 1479.01
2.9673e+06 1478.59
2.9679e+06 1478.16
2.9685e+06 1477.74
2.9691e+06 1477.31
2.9697e+06 1476.88
2.9703e+06 1476.46
2.9709e+06 1476.03
2.9715e+06 1475.6
2.9721e+06 1475.18
2.9727e+06 1474.75
2.9733e+06 1474.32
2.9739e+06 1473.9
2.9745e+06 1473.47
2.9751e+06 1473.04
2.9757e+06 1472.62
2.9763e+06 1472.19
2.9769e+06 1471.76
2.9775e+06 1471.34
2.9781e+06 1470.91
2.9787e+06 1470.48
2.9793e+06 1470.05
2.9799e+06 1469.63
2.9805e+06 1469.2
2.9811e+06 1468.77
2.9817e+06 1468.35
2.9823e+06 1467.92
2.9829e+06 1467.49
2.9835e+06 1467.06
2.9841e+06 1466.64
2.9847e+06 1466.21
2.9853e+06 1465.78
2.9859e+06 1465.35
2.9865e+06 1464.92
2.9871e+06 1464.5
2.9877e+06 1464.07
2.9883e+06 1463.64
2.9889e+06 1463.21
2.9895e+06 1462.78
2.9901e+06 1462.35
2.9907e+06 1461.93
2.9913e+06 1461.5
2.9919e+06 1461.07
2.9925e+06 1460.64
2.9931e+06 1460.21
2.9937e+06 1459.78
2.9943e+06 1459.36
2.9949e+06 1458.93
2.9955e+06 1458.5
2.9961e+06 1458.07
2.9967e+06 1457.64
2.9973e+06 1457.21
2.9979e+06 1456.78
2.9985e+06 1456.35
2.9991e+06 1455.92
2.9997e+06 1455.49
3.0003e+06 1455.06
3.0009e+06 1454.64
3.0015e+06 1454.21
3.0021e+06 1453.78
3.0027e+06 1453.35
3.0033e+06 1452.92
3.0039e+06 1452.49
3.0045e+06 1452.06
3.0051e+06 1451.63
3.0057e+06 1451.2
3.0063e+06 1450.77
3.0069e+06 1450.34
3.0075e+06 1449.91
3.0081e+06 1449.48
3.0087e+06 1449.05
3.0093e+06 1448.62
3.0099e+06 1448.19
3.0105e+06 1447.76
3.0111e+06 1447.33
3.0117e+06 1446.89
3.0123e+06 1446.46
3.0129e+06 1446.03
3.0135e+06 1445.6
3.0141e+06 1445.17
3.0147e+06 1444.74
3.0153e+06 1444.31
3.0159e+06 1443.88
3.0165e+06 1443.45
3.0171e+06 1443.02
3.0177e+06 1442.59
3.0183e+06 1442.15
3.0189e+06 1441.72
3.0195e+06 1441.29
3.0201e+06 1440.86
3.0207e+06 1440.43
3.0213e+06 1440
3.0219e+06 1439.56
3.0225e+06 1439.13
3.0231e+06 1438.7
3.0237e+06 1438.27
3.0243e+06 1437.84
3.0249e+06 1437.41
3.0255e+06 1436.97
3.0261e+06 1436.54
3.0267e+06 1436.11
3.0273e+06 1435.68
3.0279e+06 1435.24
3.0285e+06 1434.81
3.0291e+06 1434.38
3.0297e+06 1433.95
3.0303e+06 1433.51
3.0309e+06 1433.08
3.0315e+06 1432.65
3.0321e+06 1432.22
3.0327e+06 1431.78
3.0333e+06 1431.35
3.0339e+06 1430.92
3.0345e+06 1430.48
3.0351e+06 1430.05
3.0357e+06 1429.62
3.0363e+06 1429.18
3.0369e+06 1428.75
3.0375e+06 1428.32
3.0381e+06 1427.88
3.0387e+06 1427.45
3.0393e+06 1427.02
3.0399e+06 1426.58
3.0405e+06 1426.15
3.0411e+06 1425.72
3.0417e+06 1425.28
3.0423e+06 1424.85
3.0429e+06 1424.41
3.0435e+06 1423.98
3.0441e+06 1423.55
3.0447e+06 1423.11
3.0453e+06 1422.68
3.0459e+06 1422.24
3.0465e+06 1421.81
3.0471e+06 1421.37
3.0477e+06 1420.94
3.0483e+06 1420.5
3.0489e+06 1420.07
3.0495e+06 1419.63
3.05011e+06 1419.2
3.05071e+06 1418.76
3.05131e+06 1418.33
3.05191e+06 1417.89
3.05251e+06 1417.46
3.05311e+06 1417.02
3.05371e+06 1416.59
3.05431e+06 1416.15
3.05491e+06 1415.72
3.05551e+06 1415.28
3.05611e+06 1414.85
3.05671e+06 1414.41
3.05731e+06 1413.98
3.05791e+06 1413.54
3.05851e+06 1413.1
3.05911e+06 1412.67
3.05971e+06 1412.23
3.06031e+06 1411.8
3.06091e+06 1411.36
3.06151e+06 1410.92
3.06211e+06 1410.49
3.06271e+06 1410.05
3.06331e+06 1409.61
3.06391e+06 1409.18
3.06451e+06 1408.74
3.06511e+06 1408.3
3.06571e+06 1407.87
3.06631e+06 1407.43
3.06691e+06 1406.99
3.06751e+06 1406.56
3.06811e+06 1406.12
3.06871e+06 1405.68
3.06931e+06 1405.25
3.06991e+06 1404.81
3.07051e+06 1404.37
3.07111e+06 1403.93
3.07171e+06 1403.5
3.07231e+06 1403.06
3.07291e+06 1402.62
3.07351e+06 1402.18
3.07411e+06 1401.75
3.07471e+06 1401.31
3.07531e+06 1400.87
3.07591e+06 1400.43
3.07651e+06 1399.99
3.07711e+06 1399.56
3.07771e+06 1399.12
3.07831e+06 1398.68
3.07891e+06 1398.24
3.07951e+06 1397.8
3.08011e+06 1397.36
3.08071e+06 1396.93
3.08131e+06 1396.49
3.08191e+06 1396.05
3.08251e+06 1395.61
3.08311e+06 1395.17
3.08371e+06 1394.73
3.08431e+06 1394.29
3.08491e+06 1393.85
3.08551e+06 1393.41
3.08611e+06 1392.98
3.08671e+06 1392.54
3.08731e+06 1392.1
3.08791e+06 1391.66
3.08851e+06 1391.22
3.08911e+06 1390.78
3.08971e+06 1390.34
3.09031e+06 1389.9
3.09091e+06 1389.46
3.09151e+06 1389.02
3.09211e+06 1388.58
3.09271e+06 1388.14
3.09331e+06 1387.7
3.09391e+06 1387.26
3.09451e+06 1386.82
3.09511e+06 1386.38
3.09571e+06 1385.94
3.09631e+06 1385.5
3.09691e+06 1385.06
3.09751e+06 1384.62
3.09811e+06 1384.17
3.09871e+06 1383.73
3.09931e+06 1383.29
3.09991e+06 1382.85
3.10051e+06 1382.41
3.10111e+06 1381.97
3.10171e+06 1381.53
3.10231e+06 1381.09
3.10291e+06 1380.65
3.10351e+06 1380.2
3.10411e+06 1379.76
3.10471e+06 1379.32
3.10531e+06 1378.88
3.10591e+06 1378.44
3.10651e+06 1378
3.10711e+06 1377.55
3.10771e+06 1377.11
3.10831e+06 1376.67
3.10891e+06 1376.23
3.10951e+06 1375.78
3.11011e+06 1375.34
3.11071e+06 1374.9
3.11131e+06 1374.46
3.11191e+06 1374.01
3.11251e+06 1373.57
3.11311e+06 1373.13
3.11371e+06 1372.69
3.11431e+06 1372.24
3.11491e+06 1371.8
3.11551e+06 1371.36
3.11611e+06 1370.91
3.11671e+06 1370.47
3.11731e+06 1370.03
3.11791e+06 1369.58
3.11851e+06 1369.14
3.11911e+06 1368.7
3.11971e+06 1368.25
3.12031e+06 1367.81
3.12091e+06 1367.37
3.12151e+06 1366.92
3.12211e+06 1366.48
3.12271e+06 1366.03
3.12331e+06 1365.59
3.12391e+06 1365.15
3.12451e+06 1364.7
3.12511e+06 1364.26
3.12571e+06 1363.81
3.12631e+06 1363.37
3.12691e+06 1362.92
3.12751e+06 1362.48
3.12811e+06 1362.03
3.12871e+06 1361.59
3.12931e+06 1361.14
3.12991e+06 1360.7
3.13051e+06 1360.25
3.13111e+06 1359.81
3.13171e+06 1359.36
3.13231e+06 1358.92
3.13291e+06 1358.47
3.13351e+06 1358.03
3.13411e+06 1357.58
3.13471e+06 1357.14
3.13531e+06 1356.69
3.13591e+06 1356.24
3.13651e+06 1355.8
3.13711e+06 1355.35
3.13771e+06 1354.91
3.13831e+06 1354.46
3.13891e+06 1354.01
3.13951e+06 1353.57
3.14011e+06 1353.12
3.14071e+06 1352.67
3.14131e+06 1352.23
3.14191e+06 1351.78
3.14251e+06 1351.33
3.14311e+06 1350.89
3.14371e+06 1350.44
3.14431e+06 1349.99
3.14491e+06 1349.55
3.14551e+06 1349.1
3.14611e+06 1348.65
3.14671e+06 1348.2
3.14731e+06 1347.76
3.14791e+06 1347.31
3.14851e+06 1346.86
3.14911e+06 1346.41
3.14971e+06 1345.97
3.15032e+06 1345.52
3.15092e+06 1345.07
3.15152e+06 1344.62
3.15212e+06 1344.17
3.15272e+06 1343.73
3.15332e+06 1343.28
3.15392e+06 1342.83
3.15452e+06 1342.38
3.15512e+06 1341.93
3.15572e+06 1341.48
3.15632e+06 1341.03
3.15692e+06 1340.59
3.15752e+06 1340.14
3.15812e+06 1339.69
3.15872e+06 1339.24
3.15932e+06 1338.79
3.15992e+06 1338.34
3.16052e+06 1337.89
3.16112e+06 1337.44
3.16172e+06 1336.99
3.16232e+06 1336.54
3.16292e+06 1336.09
3.16352e+06 1335.64
3.16412e+06 1335.19
3.16472e+06 1334.74
3.16532e+06 1334.29
3.16592e+06 1333.84
3.16652e+06 1333.39
3.16712e+06 1332.94
3.16772e+06 1332.49
3.16832e+06 1332.04
3.16892e+06 1331.59
3.16952e+06 1331.14
3.17012e+06 1330.69
3.17072e+06 1330.24
3.17132e+06 1329.79
3.17192e+06 1329.33
3.17252e+06 1328.88
3.17312e+06 1328.43
3.17372e+06 1327.98
3.17432e+06 1327.53
3.17492e+06 1327.08
3.17552e+06 1326.63
3.17612e+06 1326.17
3.17672e+06 1325.72
3.17732e+06 1325.27
3.17792e+06 1324.82
3.17852e+06 1324.37
3.17912e+06 1323.91
3.17972e+06 1323.46
3.18032e+06 1323.01
3.18092e+06 1322.56
3.18152e+06 1322.1
3.18212e+06 1321.65
3.18272e+06 1321.2
3.18332e+06 1320.75
3.18392e+06 1320.29
3.18452e+06 1319.84
3.18512e+06 1319.39
3.18572e+06 1318.93
3.18632e+06 1318.48
3.18692e+06 1318.03
3.18752e+06 1317.57
3.18812e+06 1317.12
3.18872e+06 1316.67
3.18932e+06 1316.21
3.18992e+06 1315.76
3.19052e+06 1315.3
3.19112e+06 1314.85
3.19172e+06 1314.4
3.19232e+06 1313.94
3.19292e+06 1313.49
3.19352e+06 1313.03
3.19412e+06 1312.58
3.19472e+06 1312.12
3.19532e+06 1311.67
3.19592e+06 1311.21
3.19652e+06 1310.76
3.19712e+06 1310.3
3.19772e+06 1309.85
3.19832e+06 1309.39
3.19892e+06 1308.94
3.19952e+06 1308.48
3.20012e+06 1308.03
3.20072e+06 1307.57
3.20132e+06 1307.12
3.20192e+06 1306.66
3.20252e+06 1306.21
3.20312e+06 1305.75
3.20372e+06 1305.29
3.20432e+06 1304.84
3.20492e+06 1304.38
3.20552e+06 1303.92
3.20612e+06 1303.47
3.20672e+06 1303.01
3.20732e+06 1302.55
3.20792e+06 1302.1
3.20852e+06 1301.64
3.20912e+06 1301.18
3.20972e+06 1300.73
3.21032e+06 1300.27
3.21092e+06 1299.81
3.21152e+06 1299.36
3.21212e+06 1298.9
3.21272e+06 1298.44
3.21332e+06 1297.98
3.21392e+06 1297.53
3.21452e+06 1297.07
3.21512e+06 1296.61
3.21572e+06 1296.15
3.21632e+06 1295.69
3.21692e+06 1295.24
3.21752e+06 1294.78
3.21812e+06 1294.32
3.21872e+06 1293.86
3.21932e+06 1293.4
3.21992e+06 1292.94
3.22052e+06 1292.48
3.22112e+06 1292.02
3.22172e+06 1291.57
3.22232e+06 1291.11
3.22292e+06 1290.65
3.22352e+06 1290.19
3.22412e+06 1289.73
3.22472e+06 1289.27
3.22532e+06 1288.81
3.22592e+06 1288.35
3.22652e+06 1287.89
3.22712e+06 1287.43
3.22772e+06 1286.97
3.22832e+06 1286.51
3.22892e+06 1286.05
3.22952e+06 1285.59
3.23012e+06 1285.13
3.23072e+06 1284.67
3.23132e+06 1284.21
3.23192e+06 1283.75
3.23252e+06 1283.29
3.23312e+06 1282.82
3.23372e+06 1282.36
3.23432e+06 1281.9
3.23492e+06 1281.44
3.23552e+06 1280.98
3.23612e+06 1280.52
3.23672e+06 1280.06
3.23732e+06 1279.6
3.23792e+06 1279.13
3.23852e+06 1278.67
3.23912e+06 1278.21
3.23972e+06 1277.75
3.24032e+06 1277.29
3.24092e+06 1276.82
3.24152e+06 1276.36
3.24212e+06 1275.9
3.24272e+06 1275.44
3.24332e+06 1274.97
3.24392e+06 1274.51
3.24452e+06 1274.05
3.24512e+06 1273.58
3.24572e+06 1273.12
3.24632e+06 1272.66
3.24692e+06 1272.19
3.24752e+06 1271.73
3.24812e+06 1271.27
3.24872e+06 1270.8
3.24932e+06 1270.34
3.24992e+06 1269.88
3.25053e+06 1269.41
3.25113e+06 1268.95
3.25173e+06 1268.48
3.25233e+06 1268.02
3.25293e+06 1267.55
3.25353e+06 1267.09
3.25413e+06 1266.63
3.25473e+06 1266.16
3.25533e+06 1265.7
3.25593e+06 1265.23
3.25653e+06 1264.77
3.25713e+06 1264.3
3.25773e+06 1263.83
3.25833e+06 1263.37
3.25893e+06 1262.9
3.25953e+06 1262.44
3.26013e+06 1261.97
3.26073e+06 1261.51
3.26133e+06 1261.04
3.26193e+06 1260.57
3.26253e+06 1260.11
3.26313e+06 1259.64
3.26373e+06 1259.18
3.26433e+06 1258.71
3.26493e+06 1258.24
3.26553e+06 1257.78
3.26613e+06 1257.31
3.26673e+06 1256.84
3.26733e+06 1256.38
3.26793e+06 1255.91
3.26853e+06 1255.44
3.26913e+06 1254.97
3.26973e+06 1254.51
3.27033e+06 1254.04
3.27093e+06 1253.57
3.27153e+06 1253.1
3.27213e+06 1252.63
3.27273e+06 1252.17
3.27333e+06 1251.7
3.27393e+06 1251.23
3.27453e+06 1250.76
3.27513e+06 1250.29
3.27573e+06 1249.82
3.27633e+06 1249.36
3.27693e+06 1248.89
3.27753e+06 1248.42
3.27813e+06 1247.95
3.27873e+06 1247.48
3.27933e+06 1247.01
3.27993e+06 1246.54
3.28053e+06 1246.07
3.28113e+06 1245.6
3.28173e+06 1245.13
3.28233e+06 1244.66
3.28293e+06 1244.19
3.28353e+06 1243.72
3.28413e+06 1243.25
3.28473e+06 1242.78
3.28533e+06 1242.31
3.28593e+06 1241.84
3.28653e+06 1241.37
3.28713e+06 1240.9
3.28773e+06 1240.43
3.28833e+06 1239.96
3.28893e+06 1239.49
3.28953e+06 1239.01
3.29013e+06 1238.54
3.29073e+06 1238.07
3.29133e+06 1237.6
3.29193e+06 1237.13
3.29253e+06 1236.66
3.29313e+06 1236.18
3.29373e+06 1235.71
3.29433e+06 1235.24
3.29493e+06 1234.77
3.29553e+06 1234.3
3.29613e+06 1233.82
3.29673e+06 1233.35
3.29733e+06 1232.88
3.29793e+06 1232.4
3.29853e+06 1231.93
3.29913e+06 1231.46
3.29973e+06 1230.98
3.30033e+06 1230.51
3.30093e+06 1230.04
3.30153e+06 1229.56
3.30213e+06 1229.09
3.30273e+06 1228.62
3.30333e+06 1228.14
3.30393e+06 1227.67
3.30453e+06 1227.19
3.30513e+06 1226.72
3.30573e+06 1226.25
3.30633e+06 1225.77
3.30693e+06 1225.3
3.30753e+06 1224.82
3.30813e+06 1224.35
3.30873e+06 1223.87
3.30933e+06 1223.4
3.30993e+06 1222.92
3.31053e+06 1222.45
3.31113e+06 1221.97
3.31173e+06 1221.49
3.31233e+06 1221.02
3.31293e+06 1220.54
3.31353e+06 1220.07
3.31413e+06 1219.59
3.31473e+06 1219.11
3.31533e+06 1218.64
3.31593e+06 1218.16
3.31653e+06 1217.68
3.31713e+06 1217.21
3.31773e+06 1216.73
3.31833e+06 1216.25
3.31893e+06 1215.78
3.31953e+06 1215.3
3.32013e+06 1214.82
3.32073e+06 1214.34
3.32133e+06 1213.87
3.32193e+06 1213.39
3.32253e+06 1212.91
3.32313e+06 1212.43
3.32373e+06 1211.95
3.32433e+06 1211.47
3.32493e+06 1210.99
3.32553e+06 1210.51
3.32613e+06 1210.03
3.32673e+06 1209.55
3.32733e+06 1209.07
3.32793e+06 1208.59
3.32853e+06 1208.1
3.32913e+06 1207.62
3.32973e+06 1207.14
3.33033e+06 1206.65
3.33093e+06 1206.17
3.33153e+06 1205.69
3.33213e+06 1205.2
3.33273e+06 1204.72
3.33333e+06 1204.23
3.33393e+06 1203.74
3.33453e+06 1203.26
3.33513e+06 1202.77
3.33573e+06 1202.28
3.33633e+06 1201.8
3.33693e+06 1201.31
3.33753e+06 1200.82
3.33813e+06 1200.33
3.33873e+06 1199.84
3.33933e+06 1199.35
3.33993e+06 1198.86
3.34053e+06 1198.37
3.34113e+06 1197.88
3.34173e+06 1197.39
3.34233e+06 1196.9
3.34293e+06 1196.41
3.34353e+06 1195.91
3.34413e+06 1195.42
3.34473e+06 1194.93
3.34533e+06 1194.44
3.34593e+06 1193.94
3.34653e+06 1193.45
3.34713e+06 1192.95
3.34773e+06 1192.46
3.34833e+06 1191.96
3.34893e+06 1191.46
3.34953e+06 1190.97
3.35014e+06 1190.47
3.35074e+06 1189.97
3.35134e+06 1189.48
3.35194e+06 1188.98
3.35254e+06 1188.48
3.35314e+06 1187.98
3.35374e+06 1187.48
3.35434e+06 1186.98
3.35494e+06 1186.48
3.35554e+06 1185.98
3.35614e+06 1185.48
3.35674e+06 1184.98
3.35734e+06 1184.48
3.35794e+06 1183.97
3.35854e+06 1183.47
3.35914e+06 1182.97
3.35974e+06 1182.46
3.36034e+06 1181.96
3.36094e+06 1181.45
3.36154e+06 1180.95
3.36214e+06 1180.44
3.36274e+06 1179.94
3.36334e+06 1179.43
3.36394e+06 1178.92
3.36454e+06 1178.42
3.36514e+06 1177.91
3.36574e+06 1177.4
3.36634e+06 1176.89
3.36694e+06 1176.38
3.36754e+06 1175.87
3.36814e+06 1175.36
3.36874e+06 1174.85
3.36934e+06 1174.34
3.36994e+06 1173.83
3.37054e+06 1173.32
3.37114e+06 1172.81
3.37174e+06 1172.3
3.37234e+06 1171.78
3.37294e+06 1171.27
3.37354e+06 1170.76
3.37414e+06 1170.24
3.37474e+06 1169.73
3.37534e+06 1169.21
3.37594e+06 1168.7
3.37654e+06 1168.18
3.37714e+06 1167.66
3.37774e+06 1167.15
3.37834e+06 1166.63
3.37894e+06 1166.11
3.37954e+06 1165.59
3.38014e+06 1165.07
3.38074e+06 1164.56
3.38134e+06 1164.04
3.38194e+06 1163.52
3.38254e+06 1162.99
3.38314e+06 1162.47
3.38374e+06 1161.95
3.38434e+06 1161.43
3.38494e+06 1160.91
3.38554e+06 1160.38
3.38614e+06 1159.86
3.38674e+06 1159.34
3.38734e+06 1158.81
3.38794e+06 1158.29
3.38854e+06 1157.76
3.38914e+06 1157.24
3.38974e+06 1156.71
3.39034e+06 1156.18
3.39094e+06 1155.66
3.39154e+06 1155.13
3.39214e+06 1154.6
3.39274e+06 1154.07
3.39334e+06 1153.54
3.39394e+06 1153.01
3.39454e+06 1152.48
3.39514e+06 1151.95
3.39574e+06 1151.42
3.39634e+06 1150.89
3.39694e+06 1150.36
3.39754e+06 1149.83
3.39814e+06 1149.29
3.39874e+06 1148.76
3.39934e+06 1148.22
3.39994e+06 1147.69
3.40054e+06 1147.16
3.40114e+06 1146.62
3.40174e+06 1146.08
3.40234e+06 1145.55
3.40294e+06 1145.01
3.40354e+06 1144.47
3.40414e+06 1143.94
3.40474e+06 1143.4
3.40534e+06 1142.86
3.40594e+06 1142.32
3.40654e+06 1141.78
3.40714e+06 1141.24
3.40774e+06 1140.7
3.40834e+06 1140.16
3.40894e+06 1139.62
3.40954e+06 1139.07
3.41014e+06 1138.53
3.41074e+06 1137.99
3.41134e+06 1137.44
3.41194e+06 1136.9
3.41254e+06 1136.35
3.41314e+06 1135.81
3.41374e+06 1135.26
3.41434e+06 1134.72
3.41494e+06 1134.17
3.41554e+06 1133.62
3.41614e+06 1133.07
3.41674e+06 1132.52
3.41734e+06 1131.98
3.41794e+06 1131.43
3.41854e+06 1130.88
3.41914e+06 1130.33
3.41974e+06 1129.77
3.42034e+06 1129.22
3.42094e+06 1128.67
3.42154e+06 1128.12
3.42214e+06 1127.57
3.42274e+06 1127.01
3.42334e+06 1126.46
3.42394e+06 1125.9
3.42454e+06 1125.35
3.42514e+06 1124.79
3.42574e+06 1124.24
3.42634e+06 1123.68
3.42694e+06 1123.12
3.42754e+06 1122.56
3.42814e+06 1122
3.42874e+06 1121.45
3.42934e+06 1120.89
3.42994e+06 1120.33
3.43054e+06 1119.77
3.43114e+06 1119.2
3.43174e+06 1118.64
3.43234e+06 1118.08
3.43294e+06 1117.52
3.43354e+06 1116.95
3.43414e+06 1116.39
3.43474e+06 1115.83
3.43534e+06 1115.26
3.43594e+06 1114.7
3.43654e+06 1114.13
3.43714e+06 1113.56
3.43774e+06 1113
3.43834e+06 1112.43
3.43894e+06 1111.86
3.43954e+06 1111.29
3.44014e+06 1110.72
3.44074e+06 1110.15
3.44134e+06 1109.58
3.44194e+06 1109.01
3.44254e+06 1108.44
3.44314e+06 1107.87
3.44374e+06 1107.29
3.44434e+06 1106.72
3.44494e+06 1106.15
3.44554e+06 1105.57
3.44614e+06 1105
3.44674e+06 1104.42
3.44734e+06 1103.84
3.44794e+06 1103.27
3.44854e+06 1102.69
3.44914e+06 1102.11
3.44974e+06 1101.53
3.45035e+06 1100.95
3.45095e+06 1100.38
3.45155e+06 1099.79
3.45215e+06 1099.21
3.45275e+06 1098.63
3.45335e+06 1098.05
3.45395e+06 1097.47
3.45455e+06 1096.88
3.45515e+06 1096.3
3.45575e+06 1095.72
3.45635e+06 1095.13
3.45695e+06 1094.55
3.45755e+06 1093.96
3.45815e+06 1093.37
3.45875e+06 1092.79
3.45935e+06 1092.2
3.45995e+06 1091.61
3.46055e+06 1091.02
3.46115e+06 1090.43
3.46175e+06 1089.84
3.46235e+06 1089.25
3.46295e+06 1088.66
3.46355e+06 1088.07
3.46415e+06 1087.47
3.46475e+06 1086.88
3.46535e+06 1086.29
3.46595e+06 1085.69
3.46655e+06 1085.1
3.46715e+06 1084.5
3.46775e+06 1083.9
3.46835e+06 1083.31
3.46895e+06 1082.71
3.46955e+06 1082.11
3.47015e+06 1081.51
3.47075e+06 1080.91
3.47135e+06 1080.31
3.47195e+06 1079.71
3.47255e+06 1079.11
3.47315e+06 1078.51
3.47375e+06 1077.9
3.47435e+06 1077.3
3.47495e+06 1076.7
3.47555e+06 1076.09
3.47615e+06 1075.49
3.47675e+06 1074.88
3.47735e+06 1074.28
3.47795e+06 1073.67
3.47855e+06 1073.06
3.47915e+06 1072.45
3.47975e+06 1071.84
3.48035e+06 1071.23
3.48095e+06 1070.62
3.48155e+06 1070.01
3.48215e+06 1069.4
3.48275e+06 1068.79
3.48335e+06 1068.17
3.48395e+06 1067.56
3.48455e+06 1066.95
3.48515e+06 1066.33
3.48575e+06 1065.72
3.48635e+06 1065.1
3.48695e+06 1064.48
3.48755e+06 1063.86
3.48815e+06 1063.25
3.48875e+06 1062.63
3.48935e+06 1062.01
3.48995e+06 1061.39
3.49055e+06 1060.77
3.49115e+06 1060.14
3.49175e+06 1059.52
3.49235e+06 1058.9
3.49295e+06 1058.28
3.49355e+06 1057.65
3.49415e+06 1057.03
3.49475e+06 1056.4
3.49535e+06 1055.77
3.49595e+06 1055.15
3.49655e+06 1054.52
3.49715e+06 1053.89
3.49775e+06 1053.26
3.49835e+06 1052.63
3.49895e+06 1052
3.49955e+06 1051.37
3.50015e+06 1050.74
3.50075e+06 1050.1
3.50135e+06 1049.47
3.50195e+06 1048.84
3.50255e+06 1048.2
3.50315e+06 1047.57
3.50375e+06 1046.93
3.50435e+06 1046.29
3.50495e+06 1045.66
3.50555e+06 1045.02
3.50615e+06 1044.38
3.50675e+06 1043.74
3.50735e+06 1043.1
3.50795e+06 1042.46
3.50855e+06 1041.81
3.50915e+06 1041.17
3.50975e+06 1040.53
3.51035e+06 1039.88
3.51095e+06 1039.24
3.51155e+06 1038.59
3.51215e+06 1037.95
3.51275e+06 1037.3
3.51335e+06 1036.65
3.51395e+06 1036
3.51455e+06 1035.35
3.51515e+06 1034.7
3.51575e+06 1034.05
3.51635e+06 1033.4
3.51695e+06 1032.75
3.51755e+06 1032.09
3.51815e+06 1031.44
3.51875e+06 1030.79
3.51935e+06 1030.13
3.51995e+06 1029.47
3.52055e+06 1028.82
3.52115e+06 1028.16
3.52175e+06 1027.5
3.52235e+06 1026.84
3.52295e+06 1026.18
3.52355e+06 1025.52
3.52415e+06 1024.86
3.52475e+06 1024.2
3.52535e+06 1023.53
3.52595e+06 1022.87
3.52655e+06 1022.21
3.52715e+06 1021.54
3.52775e+06 1020.87
3.52835e+06 1020.21
3.52895e+06 1019.54
3.52955e+06 1018.87
3.53015e+06 1018.2
3.53075e+06 1017.53
3.53135e+06 1016.86
3.53195e+06 1016.19
3.53255e+06 1015.51
3.53315e+06 1014.84
3.53375e+06 1014.17
3.53435e+06 1013.49
3.53495e+06 1012.82
3.53555e+06 1012.14
3.53615e+06 1011.46
3.53675e+06 1010.78
3.53735e+06 1010.1
3.53795e+06 1009.42
3.53855e+06 1008.74
3.53915e+06 1008.06
3.53975e+06 1007.38
3.54035e+06 1006.69
3.54095e+06 1006.01
3.54155e+06 1005.33
3.54215e+06 1004.64
3.54275e+06 1003.95
3.54335e+06 1003.27
3.54395e+06 1002.58
3.54455e+06 1001.89
3.54515e+06 1001.2
3.54575e+06 1000.51
3.54635e+06 999.814
3.54695e+06 999.122
3.54755e+06 998.428
3.54815e+06 997.734
3.54875e+06 997.038
3.54935e+06 996.342
3.54995e+06 995.645
3.55056e+06 994.947
3.55116e+06 994.248
3.55176e+06 993.548
3.55236e+06 992.848
3.55296e+06 992.146
3.55356e+06 991.444
3.55416e+06 990.741
3.55476e+06 990.037
3.55536e+06 989.332
3.55596e+06 988.626
3.55656e+06 987.919
3.55716e+06 987.211
3.55776e+06 986.502
3.55836e+06 985.793
3.55896e+06 985.082
3.55956e+06 984.371
3.56016e+06 983.659
3.56076e+06 982.946
3.56136e+06 982.231
3.56196e+06 981.516
3.56256e+06 980.8
3.56316e+06 980.083
3.56376e+06 979.366
3.56436e+06 978.647
3.56496e+06 977.927
3.56556e+06 977.206
3.56616e+06 976.485
3.56676e+06 975.762
3.56736e+06 975.039
3.56796e+06 974.314
3.56856e+06 973.589
3.56916e+06 972.863
3.56976e+06 972.135
3.57036e+06 971.407
3.57096e+06 970.678
3.57156e+06 969.947
3.57216e+06 969.216
3.57276e+06 968.484
3.57336e+06 967.751
3.57396e+06 967.017
3.57456e+06 966.282
3.57516e+06 965.545
3.57576e+06 964.808
3.57636e+06 964.07
3.57696e+06 963.331
3.57756e+06 962.591
3.57816e+06 961.85
3.57876e+06 961.108
3.57936e+06 960.365
3.57996e+06 959.621
3.58056e+06 958.875
3.58116e+06 958.129
3.58176e+06 957.382
3.58236e+06 956.634
3.58296e+06 955.885
3.58356e+06 955.134
3.58416e+06 954.383
3.58476e+06 953.631
3.58536e+06 952.877
3.58596e+06 952.123
3.58656e+06 951.367
3.58716e+06 950.611
3.58776e+06 949.853
3.58836e+06 949.095
3.58896e+06 948.335
3.58956e+06 947.574
3.59016e+06 946.812
3.59076e+06 946.05
3.59136e+06 945.286
3.59196e+06 944.521
3.59256e+06 943.754
3.59316e+06 942.987
3.59376e+06 942.219
3.59436e+06 941.449
3.59496e+06 940.679
3.59556e+06 939.907
3.59616e+06 939.135
3.59676e+06 938.361
3.59736e+06 937.586
3.59796e+06 936.81
3.59856e+06 936.033
3.59916e+06 935.255
3.59976e+06 934.475
3.60036e+06 933.695
3.60096e+06 932.913
3.60156e+06 932.13
3.60216e+06 931.346
3.60276e+06 930.561
3.60336e+06 929.775
3.60396e+06 928.988
3.60456e+06 928.199
3.60516e+06 927.409
3.60576e+06 926.619
3.60636e+06 925.827
3.60696e+06 925.033
3.60756e+06 924.239
3.60816e+06 923.443
3.60876e+06 922.647
3.60936e+06 921.849
3.60996e+06 921.05
3.61056e+06 920.249
3.61116e+06 919.448
3.61176e+06 918.645
3.61236e+06 917.841
3.61296e+06 917.036
3.61356e+06 916.23
3.61416e+06 915.422
3.61476e+06 914.614
3.61536e+06 913.804
3.61596e+06 912.992
3.61656e+06 912.18
3.61716e+06 911.366
3.61776e+06 910.551
3.61836e+06 909.735
3.61896e+06 908.918
3.61956e+06 908.099
3.62016e+06 907.279
3.62076e+06 906.458
3.62136e+06 905.635
3.62196e+06 904.811
3.62256e+06 903.986
3.62316e+06 903.16
3.62376e+06 902.332
3.62436e+06 901.503
3.62496e+06 900.673
3.62556e+06 899.841
3.62616e+06 899.008
3.62676e+06 898.174
3.62736e+06 897.339
3.62796e+06 896.502
3.62856e+06 895.664
3.62916e+06 894.824
3.62976e+06 893.983
3.63036e+06 893.141
3.63096e+06 892.298
3.63156e+06 891.453
3.63216e+06 890.607
3.63276e+06 889.759
3.63336e+06 888.91
3.63396e+06 888.06
3.63456e+06 887.208
3.63516e+06 886.355
3.63576e+06 885.5
3.63636e+06 884.644
3.63696e+06 883.787
3.63756e+06 882.928
3.63816e+06 882.068
3.63876e+06 881.207
3.63936e+06 880.344
3.63996e+06 879.479
3.64056e+06 878.614
3.64116e+06 877.746
3.64176e+06 876.878
3.64236e+06 876.007
3.64296e+06 875.136
3.64356e+06 874.263
3.64416e+06 873.388
3.64476e+06 872.512
3.64536e+06 871.635
3.64596e+06 870.756
3.64656e+06 869.875
3.64716e+06 868.993
3.64776e+06 868.11
3.64836e+06 867.225
3.64896e+06 866.339
3.64956e+06 865.451
3.65017e+06 864.561
3.65077e+06 863.67
3.65137e+06 862.777
3.65197e+06 861.883
3.65257e+06 860.988
3.65317e+06 860.09
3.65377e+06 859.192
3.65437e+06 858.291
3.65497e+06 857.389
3.65557e+06 856.486
3.65617e+06 855.581
3.65677e+06 854.674
3.65737e+06 853.766
3.65797e+06 852.856
3.65857e+06 851.944
3.65917e+06 851.031
3.65977e+06 850.116
3.66037e+06 849.2
3.66097e+06 848.282
3.66157e+06 847.362
3.66217e+06 846.441
3.66277e+06 845.518
3.66337e+06 844.593
3.66397e+06 843.667
3.66457e+06 842.738
3.66517e+06 841.809
3.66577e+06 840.877
3.66637e+06 839.944
3.66697e+06 839.009
3.66757e+06 838.073
3.66817e+06 837.134
3.66877e+06 836.194
3.66937e+06 835.253
3.66997e+06 834.309
3.67057e+06 833.364
3.67117e+06 832.417
3.67177e+06 831.468
3.67237e+06 830.517
3.67297e+06 829.565
3.67357e+06 828.611
3.67417e+06 827.655
3.67477e+06 826.697
3.67537e+06 825.737
3.67597e+06 824.776
3.67657e+06 823.812
3.67717e+06 822.847
3.67777e+06 821.88
3.67837e+06 820.911
3.67897e+06 819.941
3.67957e+06 818.968
3.68017e+06 817.993
3.68077e+06 817.017
3.68137e+06 816.039
3.68197e+06 815.059
3.68257e+06 814.076
3.68317e+06 813.092
3.68377e+06 812.106
3.68437e+06 811.118
3.68497e+06 810.128
3.68557e+06 809.137
3.68617e+06 808.143
3.68677e+06 807.147
3.68737e+06 806.149
3.68797e+06 805.149
3.68857e+06 804.147
3.68917e+06 803.143
3.68977e+06 802.138
3.69037e+06 801.13
3.69097e+06 800.12
3.69157e+06 799.107
3.69217e+06 798.093
3.69277e+06 797.077
3.69337e+06 796.059
3.69397e+06 795.038
3.69457e+06 794.016
3.69517e+06 792.991
3.69577e+06 791.964
3.69637e+06 790.935
3.69697e+06 789.904
3.69757e+06 788.871
3.69817e+06 787.836
3.69877e+06 786.798
3.69937e+06 785.758
3.69997e+06 784.716
3.70057e+06 783.672
3.70117e+06 782.625
3.70177e+06 781.577
3.70237e+06 780.526
3.70297e+06 779.472
3.70357e+06 778.417
3.70417e+06 777.359
3.70477e+06 776.299
3.70537e+06 775.236
3.70597e+06 774.172
3.70657e+06 773.104
3.70717e+06 772.035
3.70777e+06 770.963
3.70837e+06 769.889
3.70897e+06 768.812
3.70957e+06 767.733
3.71017e+06 766.652
3.71077e+06 765.568
3.71137e+06 764.482
3.71197e+06 763.393
3.71257e+06 762.302
3.71317e+06 761.208
3.71377e+06 760.112
3.71437e+06 759.014
3.71497e+06 757.913
3.71557e+06 756.809
3.71617e+06 755.703
3.71677e+06 754.594
3.71737e+06 753.483
3.71797e+06 752.369
3.71857e+06 751.252
3.71917e+06 750.133
3.71977e+06 749.011
3.72037e+06 747.887
3.72097e+06 746.76
3.72157e+06 745.63
3.72217e+06 744.497
3.72277e+06 743.362
3.72337e+06 742.224
3.72397e+06 741.084
3.72457e+06 739.94
3.72517e+06 738.794
3.72577e+06 737.645
3.72637e+06 736.493
3.72697e+06 735.339
3.72757e+06 734.181
3.72817e+06 733.021
3.72877e+06 731.858
3.72937e+06 730.692
3.72997e+06 729.523
3.73057e+06 728.351
3.73117e+06 727.177
3.73177e+06 725.999
3.73237e+06 724.818
3.73297e+06 723.635
3.73357e+06 722.448
3.73417e+06 721.258
3.73477e+06 720.066
3.73537e+06 718.87
3.73597e+06 717.671
3.73657e+06 716.469
3.73717e+06 715.264
3.73777e+06 714.056
3.73837e+06 712.844
3.73897e+06 711.63
3.73957e+06 710.412
3.74017e+06 709.191
3.74077e+06 707.967
3.74137e+06 706.739
3.74197e+06 705.508
3.74257e+06 704.274
3.74317e+06 703.037
3.74377e+06 701.796
3.74437e+06 700.552
3.74497e+06 699.305
3.74557e+06 698.054
3.74617e+06 696.799
3.74677e+06 695.542
3.74737e+06 694.28
3.74797e+06 693.016
3.74857e+06 691.747
3.74917e+06 690.475
3.74977e+06 689.2
3.75038e+06 687.921
3.75098e+06 686.638
3.75158e+06 685.352
3.75218e+06 684.062
3.75278e+06 682.769
3.75338e+06 681.471
3.75398e+06 680.17
3.75458e+06 678.865
3.75518e+06 677.557
3.75578e+06 676.244
3.75638e+06 674.928
3.75698e+06 673.608
3.75758e+06 672.283
3.75818e+06 670.955
3.75878e+06 669.623
3.75938e+06 668.287
3.75998e+06 666.947
3.76058e+06 665.603
3.76118e+06 664.255
3.76178e+06 662.903
3.76238e+06 661.546
3.76298e+06 660.186
3.76358e+06 658.821
3.76418e+06 657.452
3.76478e+06 656.078
3.76538e+06 654.701
3.76598e+06 653.319
3.76658e+06 651.933
3.76718e+06 650.542
3.76778e+06 649.147
3.76838e+06 647.747
3.76898e+06 646.343
3.76958e+06 644.935
3.77018e+06 643.521
3.77078e+06 642.104
3.77138e+06 640.681
3.77198e+06 639.254
3.77258e+06 637.822
3.77318e+06 636.386
3.77378e+06 634.944
3.77438e+06 633.498
3.77498e+06 632.047
3.77558e+06 630.591
3.77618e+06 629.13
3.77678e+06 627.664
3.77738e+06 626.193
3.77798e+06 624.717
3.77858e+06 623.236
3.77918e+06 621.75
3.77978e+06 620.259
3.78038e+06 618.762
3.78098e+06 617.26
3.78158e+06 615.752
3.78218e+06 614.24
3.78278e+06 612.722
3.78338e+06 611.198
3.78398e+06 609.669
3.78458e+06 608.134
3.78518e+06 606.594
3.78578e+06 605.048
3.78638e+06 603.496
3.78698e+06 601.938
3.78758e+06 600.375
3.78818e+06 598.806
3.78878e+06 597.23
3.78938e+06 595.649
3.78998e+06 594.062
3.79058e+06 592.469
3.79118e+06 590.869
3.79178e+06 589.263
3.79238e+06 587.651
3.79298e+06 586.033
3.79358e+06 584.408
3.79418e+06 582.777
3.79478e+06 581.14
3.79538e+06 579.495
3.79598e+06 577.844
3.79658e+06 576.187
3.79718e+06 574.522
3.79778e+06 572.851
3.79838e+06 571.173
3.79898e+06 569.488
3.79958e+06 567.795
3.80018e+06 566.096
3.80078e+06 564.389
3.80138e+06 562.675
3.80198e+06 560.954
3.80258e+06 559.226
3.80318e+06 557.489
3.80378e+06 555.746
3.80438e+06 553.994
3.80498e+06 552.235
3.80558e+06 550.468
3.80618e+06 548.693
3.80678e+06 546.91
3.80738e+06 545.119
3.80798e+06 543.319
3.80858e+06 541.512
3.80918e+06 539.696
3.80978e+06 537.871
3.81038e+06 536.038
3.81098e+06 534.197
3.81158e+06 532.346
3.81218e+06 530.487
3.81278e+06 528.619
3.81338e+06 526.741
3.81398e+06 524.855
3.81458e+06 522.959
3.81518e+06 521.054
3.81578e+06 519.139
3.81638e+06 517.214
3.81698e+06 515.28
3.81758e+06 513.336
3.81818e+06 511.382
3.81878e+06 509.417
3.81938e+06 507.443
3.81998e+06 505.458
3.82058e+06 503.462
3.82118e+06 501.456
3.82178e+06 499.439
3.82238e+06 497.411
3.82298e+06 495.372
3.82358e+06 493.321
3.82418e+06 491.26
3.82478e+06 489.186
3.82538e+06 487.101
3.82598e+06 485.004
3.82658e+06 482.895
3.82718e+06 480.774
3.82778e+06 478.64
3.82838e+06 476.494
3.82898e+06 474.335
3.82958e+06 472.163
3.83018e+06 469.978
3.83078e+06 467.779
3.83138e+06 465.567
3.83198e+06 463.341
3.83258e+06 461.101
3.83318e+06 458.847
3.83378e+06 456.579
3.83438e+06 454.296
3.83498e+06 451.998
3.83558e+06 449.685
3.83618e+06 447.357
3.83678e+06 445.013
3.83738e+06 442.653
3.83798e+06 440.277
3.83858e+06 437.884
3.83918e+06 435.475
3.83978e+06 433.049
3.84038e+06 430.605
3.84098e+06 428.144
3.84158e+06 425.666
3.84218e+06 423.168
3.84278e+06 420.653
3.84338e+06 418.118
3.84398e+06 415.564
3.84458e+06 412.991
3.84518e+06 410.397
3.84578e+06 407.783
3.84638e+06 405.149
3.84698e+06 402.493
3.84758e+06 399.815
3.84818e+06 397.116
3.84878e+06 394.394
3.84938e+06 391.649
3.84998e+06 388.88
3.85059e+06 386.088
3.85119e+06 383.271
3.85179e+06 380.429
3.85239e+06 377.561
3.85299e+06 374.667
3.85359e+06 371.747
3.85419e+06 368.799
3.85479e+06 365.823
3.85539e+06 362.818
3.85599e+06 359.784
3.85659e+06 356.72
3.85719e+06 353.626
3.85779e+06 350.499
3.85839e+06 347.34
3.85899e+06 344.148
3.85959e+06 340.922
3.86019e+06 337.66
3.86079e+06 334.363
3.86139e+06 331.028
3.86199e+06 327.656
3.86259e+06 324.244
3.86319e+06 320.792
3.86379e+06 317.298
3.86439e+06 313.762
3.86499e+06 310.181
3.86559e+06 306.555
3.86619e+06 302.883
3.86679e+06 299.161
3.86739e+06 295.39
3.86799e+06 291.566
3.86859e+06 287.69
3.86919e+06 283.757
3.86979e+06 279.767
3.87039e+06 275.718
3.87099e+06 271.606
3.87159e+06 267.431
3.87219e+06 263.188
3.87279e+06 258.876
3.87339e+06 254.491
3.87399e+06 250.031
3.87459e+06 245.492
3.87519e+06 240.87
3.87579e+06 236.163
3.87639e+06 231.364
3.87699e+06 226.471
3.87759e+06 221.478
3.87819e+06 216.381
3.87879e+06 211.173
3.87939e+06 205.848
3.87999e+06 200.4
3.88059e+06 194.822
3.88119e+06 189.104
3.88179e+06 183.239
3.88239e+06 177.217
3.88299e+06 171.025
3.88359e+06 164.654
3.88419e+06 158.087
3.88479e+06 151.311
3.88539e+06 144.307
3.88599e+06 137.055
3.88659e+06 129.533
3.88719e+06 121.714
3.88779e+06 113.567
3.88839e+06 105.054
3.88899e+06 96.1334
3.88959e+06 86.7512
3.89019e+06 76.8434
3.89079e+06 66.3297
3.89139e+06 55.1083
3.89199e+06 43.047
3.89259e+06 29.9691
3.89319e+06 24.0078
3.89379e+06 23.463
3.89439e+06 22.9525
3.89499e+06 22.4742
3.89559e+06 22.0248
3.89619e+06 21.6016
3.89679e+06 21.202
3.89739e+06 20.8239
3.89799e+06 20.4656
3.89859e+06 20.1253
3.89919e+06 19.8015
3.89979e+06 19.4931
3.90039e+06 19.1987
3.90099e+06 18.9175
3.90159e+06 18.6483
3.90219e+06 18.3905
3.90279e+06 18.1431
3.90339e+06 17.9056
3.90399e+06 17.6773
3.90459e+06 17.4576
3.90519e+06 17.246
3.90579e+06 17.042
3.90639e+06 16.8451
3.90699e+06 16.655
3.90759e+06 16.4713
3.90819e+06 16.2936
3.90879e+06 16.1217
3.90939e+06 15.9551
3.90999e+06 15.7936
3.91059e+06 15.6371
3.91119e+06 15.4852
3.91179e+06 15.3376
3.91239e+06 15.1943
3.91299e+06 15.055
3.91359e+06 14.9195
3.91419e+06 14.7877
3.91479e+06 14.6594
3.91539e+06 14.5344
3.91599e+06 14.4126
3.91659e+06 14.2938
3.91719e+06 14.178
3.91779e+06 14.0651
3.91839e+06 13.9548
3.91899e+06 13.8471
3.91959e+06 13.742
3.92019e+06 13.6392
3.92079e+06 13.5388
3.92139e+06 13.4406
3.92199e+06 13.3445
3.92259e+06 13.2505
3.92319e+06 13.1586
3.92379e+06 13.0685
3.92439e+06 12.9803
3.92499e+06 12.8939
3.92559e+06 12.8093
3.92619e+06 12.7263
3.92679e+06 12.645
3.92739e+06 12.5652
3.92799e+06 12.487
3.92859e+06 12.4102
3.92919e+06 12.3349
3.92979e+06 12.261
3.93039e+06 12.1884
3.93099e+06 12.1171
3.93159e+06 12.0471
3.93219e+06 11.9783
3.93279e+06 11.9107
3.93339e+06 11.8443
3.93399e+06 11.779
3.93459e+06 11.7148
3.93519e+06 11.6517
3.93579e+06 11.5896
3.93639e+06 11.5285
3.93699e+06 11.4684
3.93759e+06 11.4092
3.93819e+06 11.351
3.93879e+06 11.2937
3.93939e+06 11.2373
3.93999e+06 11.1818
3.94059e+06 11.127
3.94119e+06 11.0731
3.94179e+06 11.02
3.94239e+06 10.9677
3.94299e+06 10.9162
3.94359e+06 10.8654
3.94419e+06 10.8153
3.94479e+06 10.7659
3.94539e+06 10.7172
3.94599e+06 10.6692
3.94659e+06 10.6219
3.94719e+06 10.5752
3.94779e+06 10.5291
3.94839e+06 10.4836
3.94899e+06 10.4388
3.94959e+06 10.3945
3.9502e+06 10.3509
3.9508e+06 10.3077
3.9514e+06 10.2652
3.952e+06 10.2232
3.9526e+06 10.1817
3.9532e+06 10.1407
3.9538e+06 10.1002
3.9544e+06 10.0603
3.955e+06 10.0208
3.9556e+06 9.98181
3.9562e+06 9.94329
3.9568e+06 9.90522
3.9574e+06 9.86761
3.958e+06 9.83044
3.9586e+06 9.7937
3.9592e+06 9.75739
3.9598e+06 9.72149
3.9604e+06 9.686
3.961e+06 9.65092
3.9616e+06 9.61623
3.9622e+06 9.58192
3.9628e+06 9.548
3.9634e+06 9.51445
3.964e+06 9.48126
3.9646e+06 9.44844
3.9652e+06 9.41597
3.9658e+06 9.38384
3.9664e+06 9.35206
3.967e+06 9.32061
3.9676e+06 9.28949
3.9682e+06 9.25869
3.9688e+06 9.22821
3.9694e+06 9.19805
3.97e+06 9.16819
3.9706e+06 9.13864
3.9712e+06 9.10938
3.9718e+06 9.08041
3.9724e+06 9.05173
3.973e+06 9.02334
3.9736e+06 8.99522
3.9742e+06 8.96737
3.9748e+06 8.9398
3.9754e+06 8.91249
3.976e+06 8.88544
3.9766e+06 8.85865
3.9772e+06 8.83211
3.9778e+06 8.80582
3.9784e+06 8.77978
3.979e+06 8.75397
3.9796e+06 8.72841
3.9802e+06 8.70308
3.9808e+06 8.67797
3.9814e+06 8.6531
3.982e+06 8.62845
3.9826e+06 8.60402
3.9832e+06 8.57981
3.9838e+06 8.55581
3.9844e+06 8.53202
3.985e+06 8.50844
3.9856e+06 8.48507
3.9862e+06 8.4619
3.9868e+06 8.43892
3.9874e+06 8.41615
3.988e+06 8.39356
3.9886e+06 8.37117
3.9892e+06 8.34897
3.9898e+06 8.32695
3.9904e+06 8.30511
3.991e+06 8.28346
3.9916e+06 8.26198
3.9922e+06 8.24068
3.9928e+06 8.21955
3.9934e+06 8.1986
3.994e+06 8.17781
3.9946e+06 8.15719
3.9952e+06 8.13673
3.9958e+06 8.11644
3.9964e+06 8.0963
3.997e+06 8.07633
3.9976e+06 8.05651
3.9982e+06 8.03684
3.9988e+06 8.01733
3.9994e+06 7.99796
4e+06 7.97875
4.0006e+06 7.95968
4.0012e+06 7.94075
4.0018e+06 7.92197
4.0024e+06 7.90333
4.003e+06 7.88483
4.0036e+06 7.86646
4.0042e+06 7.84824
4.0048e+06 7.83014
4.0054e+06 7.81218
4.006e+06 7.79435
4.0066e+06 7.77665
4.0072e+06 7.75908
4.0078e+06 7.74163
4.0084e+06 7.72431
4.009e+06 7.70711
4.0096e+06 7.69003
4.0102e+06 7.67308
4.0108e+06 7.65624
4.0114e+06 7.63952
4.012e+06 7.62292
4.0126e+06 7.60643
4.0132e+06 7.59006
4.0138e+06 7.5738
4.0144e+06 7.55765
4.015e+06 7.54161
4.0156e+06 7.52568
4.0162e+06 7.50986
4.0168e+06 7.49414
4.0174e+06 7.47853
4.018e+06 7.46302
4.0186e+06 7.44762
4.0192e+06 7.43232
4.0198e+06 7.41712
4.0204e+06 7.40201
4.021e+06 7.38701
4.0216e+06 7.3721
4.0222e+06 7.3573
4.0228e+06 7.34258
4.0234e+06 7.32796
4.024e+06 7.31344
4.0246e+06 7.299
4.0252e+06 7.28466
4.0258e+06 7.27041
4.0264e+06 7.25625
4.027e+06 7.24217
4.0276e+06 7.22819
4.0282e+06 7.21429
4.0288e+06 7.20048
4.0294e+06 7.18675
4.03e+06 7.17311
4.0306e+06 7.15955
4.0312e+06 7.14607
4.0318e+06 7.13268
4.0324e+06 7.11936
4.033e+06 7.10613
4.0336e+06 7.09297
4.0342e+06 7.0799
4.0348e+06 7.0669
4.0354e+06 7.05398
4.036e+06 7.04113
4.0366e+06 7.02837
4.0372e+06 7.01567
4.0378e+06 7.00305
4.0384e+06 6.9905
4.039e+06 6.97803
4.0396e+06 6.96563
4.0402e+06 6.9533
4.0408e+06 6.94104
4.0414e+06 6.92885
4.042e+06 6.91673
4.0426e+06 6.90468
4.0432e+06 6.89269
4.0438e+06 6.88078
4.0444e+06 6.86893
4.045e+06 6.85715
4.0456e+06 6.84543
4.0462e+06 6.83378
4.0468e+06 6.82219
4.0474e+06 6.81066
4.048e+06 6.7992
4.0486e+06 6.7878
4.0492e+06 6.77647
4.0498e+06 6.76519
4.05041e+06 6.75398
4.05101e+06 6.74283
4.05161e+06 6.73174
4.05221e+06 6.7207
4.05281e+06 6.70973
4.05341e+06 6.69881
4.05401e+06 6.68796
4.05461e+06 6.67715
4.05521e+06 6.66641
4.05581e+06 6.65572
4.05641e+06 6.64509
4.05701e+06 6.63452
4.05761e+06 6.624
4.05821e+06 6.61353
4.05881e+06 6.60312
4.05941e+06 6.59276
4.06001e+06 6.58245
4.06061e+06 6.5722
4.06121e+06 6.562
4.06181e+06 6.55185
4.06241e+06 6.54175
4.06301e+06 6.53171
4.06361e+06 6.52171
4.06421e+06 6.51177
4.06481e+06 6.50187
4.06541e+06 6.49203
4.06601e+06 6.48223
4.06661e+06 6.47248
4.06721e+06 6.46278
4.06781e+06 6.45313
4.06841e+06 6.44352
4.06901e+06 6.43396
4.06961e+06 6.42445
4.07021e+06 6.41498
4.07081e+06 6.40556
4.07141e+06 6.39619
4.07201e+06 6.38686
4.07261e+06 6.37757
4.07321e+06 6.36833
4.07381e+06 6.35914
4.07441e+06 6.34999
4.07501e+06 6.34088
4.07561e+06 6.33181
4.07621e+06 6.32279
4.07681e+06 6.31381
4.07741e+06 6.30487
4.07801e+06 6.29597
4.07861e+06 6.28712
4.07921e+06 6.2783
4.07981e+06 6.26953
4.08041e+06 6.2608
4.08101e+06 6.25211
4.08161e+06 6.24345
4.08221e+06 6.23484
4.08281e+06 6.22627
4.08341e+06 6.21773
4.08401e+06 6.20924
4.08461e+06 6.20078
4.08521e+06 6.19236
4.08581e+06 6.18398
4.08641e+06 6.17563
4.08701e+06 6.16733
4.08761e+06 6.15906
4.08821e+06 6.15083
4.08881e+06 6.14263
4.08941e+06 6.13447
4.09001e+06 6.12635
4.09061e+06 6.11826
4.09121e+06 6.11021
4.09181e+06 6.10219
4.09241e+06 6.09421
4.09301e+06 6.08626
4.09361e+06 6.07835
4.09421e+06 6.07047
4.09481e+06 6.06262
4.09541e+06 6.05481
4.09601e+06 6.04703
4.09661e+06 6.03929
4.09721e+06 6.03158
4.09781e+06 6.0239
4.09841e+06 6.01625
4.09901e+06 6.00864
4.09961e+06 6.00106
4.10021e+06 5.99351
4.10081e+06 5.98599
4.10141e+06 5.97851
4.10201e+06 5.97105
4.10261e+06 5.96363
4.10321e+06 5.95623
4.10381e+06 5.94887
4.10441e+06 5.94154
4.10501e+06 5.93424
4.10561e+06 5.92697
4.10621e+06 5.91973
4.10681e+06 5.91251
4.10741e+06 5.90533
4.10801e+06 5.89818
4.10861e+06 5.89105
4.10921e+06 5.88396
4.10981e+06 5.87689
4.11041e+06 5.86985
4.11101e+06 5.86284
4.11161e+06 5.85586
4.11221e+06 5.84891
4.11281e+06 5.84198
4.11341e+06 5.83508
4.11401e+06 5.82821
4.11461e+06 5.82137
4.11521e+06 5.81455
4.11581e+06 5.80776
4.11641e+06 5.801
4.11701e+06 5.79426
4.11761e+06 5.78755
4.11821e+06 5.78086
4.11881e+06 5.77421
4.11941e+06 5.76757
4.12001e+06 5.76097
4.12061e+06 5.75438
4.12121e+06 5.74783
4.12181e+06 5.7413
4.12241e+06 5.73479
4.12301e+06 5.72831
4.12361e+06 5.72185
4.12421e+06 5.71542
4.12481e+06 5.70902
4.12541e+06 5.70263
4.12601e+06 5.69627
4.12661e+06 5.68994
4.12721e+06 5.68363
4.12781e+06 5.67734
4.12841e+06 5.67108
4.12901e+06 5.66484
4.12961e+06 5.65862
4.13021e+06 5.65243
4.13081e+06 5.64626
4.13141e+06 5.64011
4.13201e+06 5.63398
4.13261e+06 5.62788
4.13321e+06 5.6218
4.13381e+06 5.61574
4.13441e+06 5.60971
4.13501e+06 5.60369
4.13561e+06 5.5977
4.13621e+06 5.59173
4.13681e+06 5.58578
4.13741e+06 5.57985
4.13801e+06 5.57395
4.13861e+06 5.56806
4.13921e+06 5.5622
4.13981e+06 5.55636
4.14041e+06 5.55054
4.14101e+06 5.54474
4.14161e+06 5.53896
4.14221e+06 5.5332
4.14281e+06 5.52746
4.14341e+06 5.52174
4.14401e+06 5.51604
4.14461e+06 5.51036
4.14521e+06 5.50471
4.14581e+06 5.49907
4.14641e+06 5.49345
4.14701e+06 5.48785
4.14761e+06 5.48227
4.14821e+06 5.47671
4.14881e+06 5.47117
4.14941e+06 5.46565
4.15002e+06 5.46014
4.15062e+06 5.45466
4.15122e+06 5.44919
4.15182e+06 5.44375
4.15242e+06 5.43832
4.15302e+06 5.43291
4.15362e+06 5.42752
4.15422e+06 5.42215
4.15482e+06 5.4168
4.15542e+06 5.41146
4.15602e+06 5.40614
4.15662e+06 5.40084
4.15722e+06 5.39556
4.15782e+06 5.3903
4.15842e+06 5.38505
4.15902e+06 5.37982
4.15962e+06 5.37461
4.16022e+06 5.36941
4.16082e+06 5.36424
4.16142e+06 5.35908
4.16202e+06 5.35393
4.16262e+06 5.34881
4.16322e+06 5.3437
4.16382e+06 5.33861
4.16442e+06 5.33353
4.16502e+06 5.32847
4.16562e+06 5.32343
4.16622e+06 5.31841
4.16682e+06 5.3134
4.16742e+06 5.3084
4.16802e+06 5.30343
4.16862e+06 5.29847
4.16922e+06 5.29352
4.16982e+06 5.28859
4.17042e+06 5.28368
4.17102e+06 5.27878
4.17162e+06 5.2739
4.17222e+06 5.26904
4.17282e+06 5.26419
4.17342e+06 5.25935
4.17402e+06 5.25453
4.17462e+06 5.24973
4.17522e+06 5.24494
4.17582e+06 5.24016
4.17642e+06 5.23541
4.17702e+06 5.23066
4.17762e+06 5.22593
4.17822e+06 5.22122
4.17882e+06 5.21652
4.17942e+06 5.21184
4.18002e+06 5.20717
4.18062e+06 5.20251
4.18122e+06 5.19787
4.18182e+06 5.19324
4.18242e+06 5.18863
4.18302e+06 5.18403
4.18362e+06 5.17945
4.18422e+06 5.17488
4.18482e+06 5.17032
4.18542e+06 5.16578
4.18602e+06 5.16125
4.18662e+06 5.15674
4.18722e+06 5.15224
4.18782e+06 5.14775
4.18842e+06 5.14328
4.18902e+06 5.13882
4.18962e+06 5.13437
4.19022e+06 5.12994
4.19082e+06 5.12552
4.19142e+06 5.12112
4.19202e+06 5.11672
4.19262e+06 5.11234
4.19322e+06 5.10798
4.19382e+06 5.10362
4.19442e+06 5.09928
4.19502e+06 5.09496
4.19562e+06 5.09064
4.19622e+06 5.08634
4.19682e+06 5.08205
4.19742e+06 5.07777
4.19802e+06 5.07351
4.19862e+06 5.06926
4.19922e+06 5.06502
4.19982e+06 5.06079
4.20042e+06 5.05658
4.20102e+06 5.05238
4.20162e+06 5.04819
4.20222e+06 5.04401
4.20282e+06 5.03985
4.20342e+06 5.03569
4.20402e+06 5.03155
4.20462e+06 5.02742
4.20522e+06 5.02331
4.20582e+06 5.0192
4.20642e+06 5.01511
4.20702e+06 5.01103
4.20762e+06 5.00696
4.20822e+06 5.0029
4.20882e+06 4.99885
4.20942e+06 4.99482
4.21002e+06 4.99079
4.21062e+06 4.98678
4.21122e+06 4.98278
4.21182e+06 4.97879
4.21242e+06 4.97481
4.21302e+06 4.97084
4.21362e+06 4.96689
4.21422e+06 4.96294
4.21482e+06 4.95901
4.21542e+06 4.95508
4.21602e+06 4.95117
4.21662e+06 4.94727
4.21722e+06 4.94338
4.21782e+06 4.9395
4.21842e+06 4.93563
4.21902e+06 4.93178
4.21962e+06 4.92793
4.22022e+06 4.92409
4.22082e+06 4.92027
4.22142e+06 4.91645
4.22202e+06 4.91265
4.22262e+06 4.90885
4.22322e+06 4.90507
4.22382e+06 4.90129
4.22442e+06 4.89753
4.22502e+06 4.89378
4.22562e+06 4.89003
4.22622e+06 4.8863
4.22682e+06 4.88258
4.22742e+06 4.87887
4.22802e+06 4.87516
4.22862e+06 4.87147
4.22922e+06 4.86779
4.22982e+06 4.86412
4.23042e+06 4.86045
4.23102e+06 4.8568
4.23162e+06 4.85316
4.23222e+06 4.84952
4.23282e+06 4.8459
4.23342e+06 4.84228
4.23402e+06 4.83868
4.23462e+06 4.83508
4.23522e+06 4.8315
4.23582e+06 4.82792
4.23642e+06 4.82436
4.23702e+06 4.8208
4.23762e+06 4.81725
4.23822e+06 4.81371
4.23882e+06 4.81018
4.23942e+06 4.80666
4.24002e+06 4.80315
4.24062e+06 4.79965
4.24122e+06 4.79616
4.24182e+06 4.79267
4.24242e+06 4.7892
4.24302e+06 4.78573
4.24362e+06 4.78228
4.24422e+06 4.77883
4.24482e+06 4.77539
4.24542e+06 4.77196
4.24602e+06 4.76854
4.24662e+06 4.76513
4.24722e+06 4.76173
4.24782e+06 4.75833
4.24842e+06 4.75495
4.24902e+06 4.75157
4.24962e+06 4.7482
4.25023e+06 4.74484
4.25083e+06 4.74149
4.25143e+06 4.73815
4.25203e+06 4.73481
4.25263e+06 4.73148
4.25323e+06 4.72817
4.25383e+06 4.72486
4.25443e+06 4.72156
4.25503e+06 4.71826
4.25563e+06 4.71498
4.25623e+06 4.7117
4.25683e+06 4.70844
4.25743e+06 4.70518
4.25803e+06 4.70192
4.25863e+06 4.69868
4.25923e+06 4.69544
4.25983e+06 4.69222
4.26043e+06 4.689
4.26103e+06 4.68579
4.26163e+06 4.68258
4.26223e+06 4.67939
4.26283e+06 4.6762
4.26343e+06 4.67302
4.26403e+06 4.66985
4.26463e+06 4.66668
4.26523e+06 4.66353
4.26583e+06 4.66038
4.26643e+06 4.65724
4.26703e+06 4.6541
4.26763e+06 4.65098
4.26823e+06 4.64786
4.26883e+06 4.64475
4.26943e+06 4.64164
4.27003e+06 4.63855
4.27063e+06 4.63546
4.27123e+06 4.63238
4.27183e+06 4.62931
4.27243e+06 4.62624
4.27303e+06 4.62318
4.27363e+06 4.62013
4.27423e+06 4.61709
4.27483e+06 4.61405
4.27543e+06 4.61102
4.27603e+06 4.608
4.27663e+06 4.60499
4.27723e+06 4.60198
4.27783e+06 4.59898
4.27843e+06 4.59598
4.27903e+06 4.593
4.27963e+06 4.59002
4.28023e+06 4.58705
4.28083e+06 4.58408
4.28143e+06 4.58112
4.28203e+06 4.57817
4.28263e+06 4.57523
4.28323e+06 4.57229
4.28383e+06 4.56936
4.28443e+06 4.56644
4.28503e+06 4.56352
4.28563e+06 4.56061
4.28623e+06 4.55771
4.28683e+06 4.55481
4.28743e+06 4.55192
4.28803e+06 4.54904
4.28863e+06 4.54616
4.28923e+06 4.54329
4.28983e+06 4.54043
4.29043e+06 4.53757
4.29103e+06 4.53472
4.29163e+06 4.53188
4.29223e+06 4.52904
4.29283e+06 4.52621
4.29343e+06 4.52339
4.29403e+06 4.52057
4.29463e+06 4.51776
4.29523e+06 4.51495
4.29583e+06 4.51215
4.29643e+06 4.50936
4.29703e+06 4.50658
4.29763e+06 4.5038
4.29823e+06 4.50103
4.29883e+06 4.49826
4.29943e+06 4.4955
4.30003e+06 4.49274
4.30063e+06 4.49
4.30123e+06 4.48725
4.30183e+06 4.48452
4.30243e+06 4.48179
4.30303e+06 4.47907
4.30363e+06 4.47635
4.30423e+06 4.47364
4.30483e+06 4.47093
4.30543e+06 4.46823
4.30603e+06 4.46554
4.30663e+06 4.46285
4.30723e+06 4.46017
4.30783e+06 4.4575
4.30843e+06 4.45483
4.30903e+06 4.45217
4.30963e+06 4.44951
4.31023e+06 4.44686
4.31083e+06 4.44421
4.31143e+06 4.44157
4.31203e+06 4.43894
4.31263e+06 4.43631
4.31323e+06 4.43369
4.31383e+06 4.43107
4.31443e+06 4.42846
4.31503e+06 4.42585
4.31563e+06 4.42325
4.31623e+06 4.42066
4.31683e+06 4.41807
4.31743e+06 4.41549
4.31803e+06 4.41291
4.31863e+06 4.41034
4.31923e+06 4.40777
4.31983e+06 4.40521
4.32043e+06 4.40266
4.32103e+06 4.40011
4.32163e+06 4.39756
4.32223e+06 4.39502
4.32283e+06 4.39249
4.32343e+06 4.38996
4.32403e+06 4.38744
4.32463e+06 4.38492
4.32523e+06 4.38241
4.32583e+06 4.37991
4.32643e+06 4.37741
4.32703e+06 4.37491
4.32763e+06 4.37242
4.32823e+06 4.36993
4.32883e+06 4.36746
4.32943e+06 4.36498
4.33003e+06 4.36251
4.33063e+06 4.36005
4.33123e+06 4.35759
4.33183e+06 4.35514
4.33243e+06 4.35269
4.33303e+06 4.35024
4.33363e+06 4.3478
4.33423e+06 4.34537
4.33483e+06 4.34294
4.33543e+06 4.34052
4.33603e+06 4.3381
4.33663e+06 4.33569
4.33723e+06 4.33328
4.33783e+06 4.33088
4.33843e+06 4.32848
4.33903e+06 4.32609
4.33963e+06 4.3237
4.34023e+06 4.32132
4.34083e+06 4.31894
4.34143e+06 4.31657
4.34203e+06 4.3142
4.34263e+06 4.31183
4.34323e+06 4.30948
4.34383e+06 4.30712
4.34443e+06 4.30477
4.34503e+06 4.30243
4.34563e+06 4.30009
4.34623e+06 4.29776
4.34683e+06 4.29543
4.34743e+06 4.2931
4.34803e+06 4.29078
4.34863e+06 4.28847
4.34923e+06 4.28615
4.34983e+06 4.28385
4.35044e+06 4.28155
4.35104e+06 4.27925
4.35164e+06 4.27696
4.35224e+06 4.27467
4.35284e+06 4.27239
4.35344e+06 4.27011
4.35404e+06 4.26783
4.35464e+06 4.26557
4.35524e+06 4.2633
4.35584e+06 4.26104
4.35644e+06 4.25879
4.35704e+06 4.25653
4.35764e+06 4.25429
4.35824e+06 4.25205
4.35884e+06 4.24981
4.35944e+06 4.24757
4.36004e+06 4.24535
4.36064e+06 4.24312
4.36124e+06 4.2409
4.36184e+06 4.23869
4.36244e+06 4.23647
4.36304e+06 4.23427
4.36364e+06 4.23207
4.36424e+06 4.22987
4.36484e+06 4.22767
4.36544e+06 4.22548
4.36604e+06 4.2233
4.36664e+06 4.22112
4.36724e+06 4.21894
4.36784e+06 4.21677
4.36844e+06 4.2146
4.36904e+06 4.21244
4.36964e+06 4.21028
4.37024e+06 4.20812
4.37084e+06 4.20597
4.37144e+06 4.20382
4.37204e+06 4.20168
4.37264e+06 4.19954
4.37324e+06 4.19741
4.37384e+06 4.19528
4.37444e+06 4.19315
4.37504e+06 4.19103
4.37564e+06 4.18891
4.37624e+06 4.1868
4.37684e+06 4.18469
4.37744e+06 4.18258
4.37804e+06 4.18048
4.37864e+06 4.17838
4.37924e+06 4.17629
4.37984e+06 4.1742
4.38044e+06 4.17211
4.38104e+06 4.17003
4.38164e+06 4.16795
4.38224e+06 4.16588
4.38284e+06 4.16381
4.38344e+06 4.16174
4.38404e+06 4.15968
4.38464e+06 4.15762
4.38524e+06 4.15556
4.38584e+06 4.15351
4.38644e+06 4.15147
4.38704e+06 4.14942
4.38764e+06 4.14739
4.38824e+06 4.14535
4.38884e+06 4.14332
4.38944e+06 4.14129
4.39004e+06 4.13927
4.39064e+06 4.13725
4.39124e+06 4.13523
4.39184e+06 4.13322
4.39244e+06 4.13121
4.39304e+06 4.12921
4.39364e+06 4.12721
4.39424e+06 4.12521
4.39484e+06 4.12321
4.39544e+06 4.12122
4.39604e+06 4.11924
4.39664e+06 4.11726
4.39724e+06 4.11528
4.39784e+06 4.1133
4.39844e+06 4.11133
4.39904e+06 4.10936
4.39964e+06 4.1074
4.40024e+06 4.10544
4.40084e+06 4.10348
4.40144e+06 4.10153
4.40204e+06 4.09958
4.40264e+06 4.09763
4.40324e+06 4.09569
4.40384e+06 4.09375
4.40444e+06 4.09181
4.40504e+06 4.08988
4.40564e+06 4.08795
4.40624e+06 4.08603
4.40684e+06 4.0841
4.40744e+06 4.08219
4.40804e+06 4.08027
4.40864e+06 4.07836
4.40924e+06 4.07645
4.40984e+06 4.07455
4.41044e+06 4.07265
4.41104e+06 4.07075
4.41164e+06 4.06886
4.41224e+06 4.06697
4.41284e+06 4.06508
4.41344e+06 4.0632
4.41404e+06 4.06131
4.41464e+06 4.05944
4.41524e+06 4.05756
4.41584e+06 4.05569
4.41644e+06 4.05383
4.41704e+06 4.05196
4.41764e+06 4.0501
4.41824e+06 4.04825
4.41884e+06 4.04639
4.41944e+06 4.04454
4.42004e+06 4.04269
4.42064e+06 4.04085
4.42124e+06 4.03901
4.42184e+06 4.03717
4.42244e+06 4.03534
4.42304e+06 4.03351
4.42364e+06 4.03168
4.42424e+06 4.02986
4.42484e+06 4.02804
4.42544e+06 4.02622
4.42604e+06 4.0244
4.42664e+06 4.02259
4.42724e+06 4.02078
4.42784e+06 4.01898
4.42844e+06 4.01718
4.42904e+06 4.01538
4.42964e+06 4.01358
4.43024e+06 4.01179
4.43084e+06 4.01
4.43144e+06 4.00821
4.43204e+06 4.00643
4.43264e+06 4.00465
4.43324e+06 4.00287
4.43384e+06 4.0011
4.43444e+06 3.99933
4.43504e+06 3.99756
4.43564e+06 3.9958
4.43624e+06 3.99403
4.43684e+06 3.99227
4.43744e+06 3.99052
4.43804e+06 3.98877
4.43864e+06 3.98702
4.43924e+06 3.98527
4.43984e+06 3.98353
4.44044e+06 3.98179
4.44104e+06 3.98005
4.44164e+06 3.97831
4.44224e+06 3.97658
4.44284e+06 3.97485
4.44344e+06 3.97313
4.44404e+06 3.97141
4.44464e+06 3.96969
4.44524e+06 3.96797
4.44584e+06 3.96625
4.44644e+06 3.96454
4.44704e+06 3.96284
4.44764e+06 3.96113
4.44824e+06 3.95943
4.44884e+06 3.95773
4.44944e+06 3.95603
4.45005e+06 3.95434
4.45065e+06 3.95265
4.45125e+06 3.95096
4.45185e+06 3.94927
4.45245e+06 3.94759
4.45305e+06 3.94591
4.45365e+06 3.94423
4.45425e+06 3.94256
4.45485e+06 3.94089
4.45545e+06 3.93922
4.45605e+06 3.93756
4.45665e+06 3.93589
4.45725e+06 3.93423
4.45785e+06 3.93258
4.45845e+06 3.93092
4.45905e+06 3.92927
4.45965e+06 3.92762
4.46025e+06 3.92597
4.46085e+06 3.92433
4.46145e+06 3.92269
4.46205e+06 3.92105
4.46265e+06 3.91942
4.46325e+06 3.91778
4.46385e+06 3.91615
4.46445e+06 3.91453
4.46505e+06 3.9129
4.46565e+06 3.91128
4.46625e+06 3.90966
4.46685e+06 3.90804
4.46745e+06 3.90643
4.46805e+06 3.90482
4.46865e+06 3.90321
4.46925e+06 3.9016
4.46985e+06 3.9
4.47045e+06 3.8984
4.47105e+06 3.8968
4.47165e+06 3.89521
4.47225e+06 3.89361
4.47285e+06 3.89202
4.47345e+06 3.89044
4.47405e+06 3.88885
4.47465e+06 3.88727
4.47525e+06 3.88569
4.47585e+06 3.88411
4.47645e+06 3.88253
4.47705e+06 3.88096
4.47765e+06 3.87939
4.47825e+06 3.87783
4.47885e+06 3.87626
4.47945e+06 3.8747
4.48005e+06 3.87314
4.48065e+06 3.87158
4.48125e+06 3.87003
4.48185e+06 3.86847
4.48245e+06 3.86692
4.48305e+06 3.86538
4.48365e+06 3.86383
4.48425e+06 3.86229
4.48485e+06 3.86075
4.48545e+06 3.85921
4.48605e+06 3.85768
4.48665e+06 3.85615
4.48725e+06 3.85462
4.48785e+06 3.85309
4.48845e+06 3.85156
4.48905e+06 3.85004
4.48965e+06 3.84852
4.49025e+06 3.847
4.49085e+06 3.84549
4.49145e+06 3.84397
4.49205e+06 3.84246
4.49265e+06 3.84095
4.49325e+06 3.83945
4.49385e+06 3.83794
4.49445e+06 3.83644
4.49505e+06 3.83494
4.49565e+06 3.83345
4.49625e+06 3.83195
4.49685e+06 3.83046
4.49745e+06 3.82897
4.49805e+06 3.82748
4.49865e+06 3.826
4.49925e+06 3.82452
4.49985e+06 3.82304
4.50045e+06 3.82156
4.50105e+06 3.82008
4.50165e+06 3.81861
4.50225e+06 3.81714
4.50285e+06 3.81567
4.50345e+06 3.8142
4.50405e+06 3.81274
4.50465e+06 3.81128
4.50525e+06 3.80982
4.50585e+06 3.80836
4.50645e+06 3.8069
4.50705e+06 3.80545
4.50765e+06 3.804
4.50825e+06 3.80255
4.50885e+06 3.80111
4.50945e+06 3.79966
4.51005e+06 3.79822
4.51065e+06 3.79678
4.51125e+06 3.79534
4.51185e+06 3.79391
4.51245e+06 3.79248
4.51305e+06 3.79104
4.51365e+06 3.78962
4.51425e+06 3.78819
4.51485e+06 3.78677
4.51545e+06 3.78534
4.51605e+06 3.78392
4.51665e+06 3.78251
4.51725e+06 3.78109
4.51785e+06 3.77968
4.51845e+06 3.77827
4.51905e+06 3.77686
4.51965e+06 3.77545
4.52025e+06 3.77404
4.52085e+06 3.77264
4.52145e+06 3.77124
4.52205e+06 3.76984
4.52265e+06 3.76845
4.52325e+06 3.76705
4.52385e+06 3.76566
4.52445e+06 3.76427
4.52505e+06 3.76288
4.52565e+06 3.7615
4.52625e+06 3.76011
4.52685e+06 3.75873
4.52745e+06 3.75735
4.52805e+06 3.75597
4.52865e+06 3.7546
4.52925e+06 3.75322
4.52985e+06 3.75185
4.53045e+06 3.75048
4.53105e+06 3.74912
4.53165e+06 3.74775
4.53225e+06 3.74639
4.53285e+06 3.74503
4.53345e+06 3.74367
4.53405e+06 3.74231
4.53465e+06 3.74095
4.53525e+06 3.7396
4.53585e+06 3.73825
4.53645e+06 3.7369
4.53705e+06 3.73555
4.53765e+06 3.73421
4.53825e+06 3.73287
4.53885e+06 3.73152
4.53945e+06 3.73018
4.54005e+06 3.72885
4.54065e+06 3.72751
4.54125e+06 3.72618
4.54185e+06 3.72485
4.54245e+06 3.72352
4.54305e+06 3.72219
4.54365e+06 3.72087
4.54425e+06 3.71954
4.54485e+06 3.71822
4.54545e+06 3.7169
4.54605e+06 3.71558
4.54665e+06 3.71427
4.54725e+06 3.71295
4.54785e+06 3.71164
4.54845e+06 3.71033
4.54905e+06 3.70902
4.54965e+06 3.70772
4.55026e+06 3.70641
4.55086e+06 3.70511
4.55146e+06 3.70381
4.55206e+06 3.70251
4.55266e+06 3.70121
4.55326e+06 3.69992
4.55386e+06 3.69862
4.55446e+06 3.69733
4.55506e+06 3.69604
4.55566e+06 3.69476
4.55626e+06 3.69347
4.55686e+06 3.69219
4.55746e+06 3.6909
4.55806e+06 3.68962
4.55866e+06 3.68834
4.55926e+06 3.68707
4.55986e+06 3.68579
4.56046e+06 3.68452
4.56106e+06 3.68325
4.56166e+06 3.68198
4.56226e+06 3.68071
4.56286e+06 3.67945
4.56346e+06 3.67818
4.56406e+06 3.67692
4.56466e+06 3.67566
4.56526e+06 3.6744
4.56586e+06 3.67315
4.56646e+06 3.67189
4.56706e+06 3.67064
4.56766e+06 3.66939
4.56826e+06 3.66814
4.56886e+06 3.66689
4.56946e+06 3.66564
4.57006e+06 3.6644
4.57066e+06 3.66316
4.57126e+06 3.66192
4.57186e+06 3.66068
4.57246e+06 3.65944
4.57306e+06 3.6582
4.57366e+06 3.65697
4.57426e+06 3.65574
4.57486e+06 3.65451
4.57546e+06 3.65328
4.57606e+06 3.65205
4.57666e+06 3.65083
4.57726e+06 3.6496
4.57786e+06 3.64838
4.57846e+06 3.64716
4.57906e+06 3.64594
4.57966e+06 3.64473
4.58026e+06 3.64351
4.58086e+06 3.6423
4.58146e+06 3.64109
4.58206e+06 3.63988
4.58266e+06 3.63867
4.58326e+06 3.63746
4.58386e+06 3.63626
4.58446e+06 3.63505
4.58506e+06 3.63385
4.58566e+06 3.63265
4.58626e+06 3.63145
4.58686e+06 3.63026
4.58746e+06 3.62906
4.58806e+06 3.62787
4.58866e+06 3.62668
4.58926e+06 3.62549
4.58986e+06 3.6243
4.59046e+06 3.62311
4.59106e+06 3.62193
4.59166e+06 3.62074
4.59226e+06 3.61956
4.59286e+06 3.61838
4.59346e+06 3.6172
4.59406e+06 3.61603
4.59466e+06 3.61485
4.59526e+06 3.61368
4.59586e+06 3.61251
4.59646e+06 3.61134
4.59706e+06 3.61017
4.59766e+06 3.609
4.59826e+06 3.60783
4.59886e+06 3.60667
4.59946e+06 3.60551
4.60006e+06 3.60435
4.60066e+06 3.60319
4.60126e+06 3.60203
4.60186e+06 3.60087
4.60246e+06 3.59972
4.60306e+06 3.59856
4.60366e+06 3.59741
4.60426e+06 3.59626
4.60486e+06 3.59511
4.60546e+06 3.59397
4.60606e+06 3.59282
4.60666e+06 3.59168
4.60726e+06 3.59053
4.60786e+06 3.58939
4.60846e+06 3.58825
4.60906e+06 3.58712
4.60966e+06 3.58598
4.61026e+06 3.58485
4.61086e+06 3.58371
4.61146e+06 3.58258
4.61206e+06 3.58145
4.61266e+06 3.58032
4.61326e+06 3.57919
4.61386e+06 3.57807
4.61446e+06 3.57694
4.61506e+06 3.57582
4.61566e+06 3.5747
4.61626e+06 3.57358
4.61686e+06 3.57246
4.61746e+06 3.57135
4.61806e+06 3.57023
4.61866e+06 3.56912
4.61926e+06 3.56801
4.61986e+06 3.56689
4.62046e+06 3.56578
4.62106e+06 3.56468
4.62166e+06 3.56357
4.62226e+06 3.56247
4.62286e+06 3.56136
4.62346e+06 3.56026
4.62406e+06 3.55916
4.62466e+06 3.55806
4.62526e+06 3.55696
4.62586e+06 3.55587
4.62646e+06 3.55477
4.62706e+06 3.55368
4.62766e+06 3.55259
4.62826e+06 3.5515
4.62886e+06 3.55041
4.62946e+06 3.54932
4.63006e+06 3.54823
4.63066e+06 3.54715
4.63126e+06 3.54606
4.63186e+06 3.54498
4.63246e+06 3.5439
4.63306e+06 3.54282
4.63366e+06 3.54175
4.63426e+06 3.54067
4.63486e+06 3.53959
4.63546e+06 3.53852
4.63606e+06 3.53745
4.63666e+06 3.53638
4.63726e+06 3.53531
4.63786e+06 3.53424
4.63846e+06 3.53317
4.63906e+06 3.53211
4.63966e+06 3.53104
4.64026e+06 3.52998
4.64086e+06 3.52892
4.64146e+06 3.52786
4.64206e+06 3.5268
4.64266e+06 3.52575
4.64326e+06 3.52469
4.64386e+06 3.52364
4.64446e+06 3.52258
4.64506e+06 3.52153
4.64566e+06 3.52048
4.64626e+06 3.51943
4.64686e+06 3.51838
4.64746e+06 3.51734
4.64806e+06 3.51629
4.64866e+06 3.51525
4.64926e+06 3.51421
4.64986e+06 3.51317
4.65047e+06 3.51213
4.65107e+06 3.51109
4.65167e+06 3.51005
4.65227e+06 3.50902
4.65287e+06 3.50798
4.65347e+06 3.50695
4.65407e+06 3.50592
4.65467e+06 3.50489
4.65527e+06 3.50386
4.65587e+06 3.50283
4.65647e+06 3.5018
4.65707e+06 3.50078
4.65767e+06 3.49975
4.65827e+06 3.49873
4.65887e+06 3.49771
4.65947e+06 3.49669
4.66007e+06 3.49567
4.66067e+06 3.49465
4.66127e+06 3.49364
4.66187e+06 3.49262
4.66247e+06 3.49161
4.66307e+06 3.4906
4.66367e+06 3.48959
4.66427e+06 3.48858
4.66487e+06 3.48757
4.66547e+06 3.48656
4.66607e+06 3.48555
4.66667e+06 3.48455
4.66727e+06 3.48355
4.66787e+06 3.48254
4.66847e+06 3.48154
4.66907e+06 3.48054
4.66967e+06 3.47954
4.67027e+06 3.47855
4.67087e+06 3.47755
4.67147e+06 3.47656
4.67207e+06 3.47556
4.67267e+06 3.47457
4.67327e+06 3.47358
4.67387e+06 3.47259
4.67447e+06 3.4716
4.67507e+06 3.47061
4.67567e+06 3.46963
4.67627e+06 3.46864
4.67687e+06 3.46766
4.67747e+06 3.46668
4.67807e+06 3.46569
4.67867e+06 3.46471
4.67927e+06 3.46374
4.67987e+06 3.46276
4.68047e+06 3.46178
4.68107e+06 3.46081
4.68167e+06 3.45983
4.68227e+06 3.45886
4.68287e+06 3.45789
4.68347e+06 3.45692
4.68407e+06 3.45595
4.68467e+06 3.45498
4.68527e+06 3.45401
4.68587e+06 3.45305
4.68647e+06 3.45208
4.68707e+06 3.45112
4.68767e+06 3.45016
4.68827e+06 3.4492
4.68887e+06 3.44824
4.68947e+06 3.44728
4.69007e+06 3.44632
4.69067e+06 3.44536
4.69127e+06 3.44441
4.69187e+06 3.44345
4.69247e+06 3.4425
4.69307e+06 3.44155
4.69367e+06 3.4406
4.69427e+06 3.43965
4.69487e+06 3.4387
4.69547e+06 3.43775
4.69607e+06 3.43681
4.69667e+06 3.43586
4.69727e+06 3.43492
4.69787e+06 3.43398
4.69847e+06 3.43304
4.69907e+06 3.43209
4.69967e+06 3.43116
4.70027e+06 3.43022
4.70087e+06 3.42928
4.70147e+06 3.42834
4.70207e+06 3.42741
4.70267e+06 3.42648
4.70327e+06 3.42554
4.70387e+06 3.42461
4.70447e+06 3.42368
4.70507e+06 3.42275
4.70567e+06 3.42183
4.70627e+06 3.4209
4.70687e+06 3.41997
4.70747e+06 3.41905
4.70807e+06 3.41812
4.70867e+06 3.4172
4.70927e+06 3.41628
4.70987e+06 3.41536
4.71047e+06 3.41444
4.71107e+06 3.41352
4.71167e+06 3.41261
4.71227e+06 3.41169
4.71287e+06 3.41078
4.71347e+06 3.40986
4.71407e+06 3.40895
4.71467e+06 3.40804
4.71527e+06 3.40713
4.71587e+06 3.40622
4.71647e+06 3.40531
4.71707e+06 3.4044
4.71767e+06 3.4035
4.71827e+06 3.40259
4.71887e+06 3.40169
4.71947e+06 3.40078
4.72007e+06 3.39988
4.72067e+06 3.39898
4.72127e+06 3.39808
4.72187e+06 3.39718
4.72247e+06 3.39629
4.72307e+06 3.39539
4.72367e+06 3.39449
4.72427e+06 3.3936
4.72487e+06 3.3927
4.72547e+06 3.39181
4.72607e+06 3.39092
4.72667e+06 3.39003
4.72727e+06 3.38914
4.72787e+06 3.38825
4.72847e+06 3.38737
4.72907e+06 3.38648
4.72967e+06 3.38559
4.73027e+06 3.38471
4.73087e+06 3.38383
4.73147e+06 3.38295
4.73207e+06 3.38206
4.73267e+06 3.38118
4.73327e+06 3.3803
4.73387e+06 3.37943
4.73447e+06 3.37855
4.73507e+06 3.37767
4.73567e+06 3.3768
4.73627e+06 3.37593
4.73687e+06 3.37505
4.73747e+06 3.37418
4.73807e+06 3.37331
4.73867e+06 3.37244
4.73927e+06 3.37157
4.73987e+06 3.3707
4.74047e+06 3.36984
4.74107e+06 3.36897
4.74167e+06 3.3681
4.74227e+06 3.36724
4.74287e+06 3.36638
4.74347e+06 3.36552
4.74407e+06 3.36465
4.74467e+06 3.3638
4.74527e+06 3.36294
4.74587e+06 3.36208
4.74647e+06 3.36122
4.74707e+06 3.36036
4.74767e+06 3.35951
4.74827e+06 3.35866
4.74887e+06 3.3578
4.74947e+06 3.35695
4.75008e+06 3.3561
4.75068e+06 3.35525
4.75128e+06 3.3544
4.75188e+06 3.35355
4.75248e+06 3.3527
4.75308e+06 3.35186
4.75368e+06 3.35101
4.75428e+06 3.35017
4.75488e+06 3.34932
4.75548e+06 3.34848
4.75608e+06 3.34764
4.75668e+06 3.3468
4.75728e+06 3.34596
4.75788e+06 3.34512
4.75848e+06 3.34428
4.75908e+06 3.34345
4.75968e+06 3.34261
4.76028e+06 3.34178
4.76088e+06 3.34094
4.76148e+06 3.34011
4.76208e+06 3.33928
4.76268e+06 3.33845
4.76328e+06 3.33762
4.76388e+06 3.33679
4.76448e+06 3.33596
4.76508e+06 3.33513
4.76568e+06 3.3343
4.76628e+06 3.33348
4.76688e+06 3.33265
4.76748e+06 3.33183
4.76808e+06 3.33101
4.76868e+06 3.33019
4.76928e+06 3.32936
4.76988e+06 3.32854
4.77048e+06 3.32773
4.77108e+06 3.32691
4.77168e+06 3.32609
4.77228e+06 3.32527
4.77288e+06 3.32446
4.77348e+06 3.32364
4.77408e+06 3.32283
4.77468e+06 3.32202
4.77528e+06 3.3212
4.77588e+06 3.32039
4.77648e+06 3.31958
4.77708e+06 3.31877
4.77768e+06 3.31797
4.77828e+06 3.31716
4.77888e+06 3.31635
4.77948e+06 3.31555
4.78008e+06 3.31474
4.78068e+06 3.31394
4.78128e+06 3.31314
4.78188e+06 3.31233
4.78248e+06 3.31153
4.78308e+06 3.31073
4.78368e+06 3.30993
4.78428e+06 3.30913
4.78488e+06 3.30834
4.78548e+06 3.30754
4.78608e+06 3.30674
4.78668e+06 3.30595
4.78728e+06 3.30515
4.78788e+06 3.30436
4.78848e+06 3.30357
4.78908e+06 3.30278
4.78968e+06 3.30199
4.79028e+06 3.3012
4.79088e+06 3.30041
4.79148e+06 3.29962
4.79208e+06 3.29883
4.79268e+06 3.29805
4.79328e+06 3.29726
4.79388e+06 3.29648
4.79448e+06 3.29569
4.79508e+06 3.29491
4.79568e+06 3.29413
4.79628e+06 3.29335
4.79688e+06 3.29256
4.79748e+06 3.29179
4.79808e+06 3.29101
4.79868e+06 3.29023
4.79928e+06 3.28945
4.79988e+06 3.28868
4.80048e+06 3.2879
4.80108e+06 3.28713
4.80168e+06 3.28635
4.80228e+06 3.28558
4.80288e+06 3.28481
4.80348e+06 3.28404
4.80408e+06 3.28327
4.80468e+06 3.2825
4.80528e+06 3.28173
4.80588e+06 3.28096
4.80648e+06 3.28019
4.80708e+06 3.27943
4.80768e+06 3.27866
4.80828e+06 3.2779
4.80888e+06 3.27713
4.80948e+06 3.27637
4.81008e+06 3.27561
4.81068e+06 3.27485
4.81128e+06 3.27409
4.81188e+06 3.27333
4.81248e+06 3.27257
4.81308e+06 3.27181
4.81368e+06 3.27105
4.81428e+06 3.2703
4.81488e+06 3.26954
4.81548e+06 3.26878
4.81608e+06 3.26803
4.81668e+06 3.26728
4.81728e+06 3.26653
4.81788e+06 3.26577
4.81848e+06 3.26502
4.81908e+06 3.26427
4.81968e+06 3.26352
4.82028e+06 3.26278
4.82088e+06 3.26203
4.82148e+06 3.26128
4.82208e+06 3.26053
4.82268e+06 3.25979
4.82328e+06 3.25904
4.82388e+06 3.2583
4.82448e+06 3.25756
4.82508e+06 3.25682
4.82568e+06 3.25607
4.82628e+06 3.25533
4.82688e+06 3.25459
4.82748e+06 3.25386
4.82808e+06 3.25312
4.82868e+06 3.25238
4.82928e+06 3.25164
4.82988e+06 3.25091
4.83048e+06 3.25017
4.83108e+06 3.24944
4.83168e+06 3.2487
4.83228e+06 3.24797
4.83288e+06 3.24724
4.83348e+06 3.24651
4.83408e+06 3.24578
4.83468e+06 3.24505
4.83528e+06 3.24432
4.83588e+06 3.24359
4.83648e+06 3.24286
4.83708e+06 3.24214
4.83768e+06 3.24141
4.83828e+06 3.24069
4.83888e+06 3.23996
4.83948e+06 3.23924
4.84008e+06 3.23852
4.84068e+06 3.23779
4.84128e+06 3.23707
4.84188e+06 3.23635
4.84248e+06 3.23563
4.84308e+06 3.23491
4.84368e+06 3.23419
4.84428e+06 3.23348
4.84488e+06 3.23276
4.84548e+06 3.23204
4.84608e+06 3.23133
4.84668e+06 3.23061
4.84728e+06 3.2299
4.84788e+06 3.22919
4.84848e+06 3.22847
4.84908e+06 3.22776
4.84968e+06 3.22705
4.85029e+06 3.22634
4.85089e+06 3.22563
4.85149e+06 3.22492
4.85209e+06 3.22421
4.85269e+06 3.22351
4.85329e+06 3.2228
4.85389e+06 3.22209
4.85449e+06 3.22139
4.85509e+06 3.22068
4.85569e+06 3.21998
4.85629e+06 3.21928
4.85689e+06 3.21858
4.85749e+06 3.21787
4.85809e+06 3.21717
4.85869e+06 3.21647
4.85929e+06 3.21577
4.85989e+06 3.21507
4.86049e+06 3.21438
4.86109e+06 3.21368
4.86169e+06 3.21298
4.86229e+06 3.21229
4.86289e+06 3.21159
4.86349e+06 3.2109
4.86409e+06 3.2102
4.86469e+06 3.20951
4.86529e+06 3.20882
4.86589e+06 3.20813
4.86649e+06 3.20744
4.86709e+06 3.20675
4.86769e+06 3.20606
4.86829e+06 3.20537
4.86889e+06 3.20468
4.86949e+06 3.20399
4.87009e+06 3.20331
4.87069e+06 3.20262
4.87129e+06 3.20193
4.87189e+06 3.20125
4.87249e+06 3.20057
4.87309e+06 3.19988
4.87369e+06 3.1992
4.87429e+06 3.19852
4.87489e+06 3.19784
4.87549e+06 3.19716
4.87609e+06 3.19648
4.87669e+06 3.1958
4.87729e+06 3.19512
4.87789e+06 3.19444
4.87849e+06 3.19376
4.87909e+06 3.19309
4.87969e+06 3.19241
4.88029e+06 3.19174
4.88089e+06 3.19106
4.88149e+06 3.19039
4.88209e+06 3.18972
4.88269e+06 3.18904
4.88329e+06 3.18837
4.88389e+06 3.1877
4.88449e+06 3.18703
4.88509e+06 3.18636
4.88569e+06 3.18569
4.88629e+06 3.18502
4.88689e+06 3.18436
4.88749e+06 3.18369
4.88809e+06 3.18302
4.88869e+06 3.18236
4.88929e+06 3.18169
4.88989e+06 3.18103
4.89049e+06 3.18036
4.89109e+06 3.1797
4.89169e+06 3.17904
4.89229e+06 3.17838
4.89289e+06 3.17772
4.89349e+06 3.17706
4.89409e+06 3.1764
4.89469e+06 3.17574
4.89529e+06 3.17508
4.89589e+06 3.17442
4.89649e+06 3.17376
4.89709e+06 3.17311
4.89769e+06 3.17245
4.89829e+06 3.1718
4.89889e+06 3.17114
4.89949e+06 3.17049
4.90009e+06 3.16983
4.90069e+06 3.16918
4.90129e+06 3.16853
4.90189e+06 3.16788
4.90249e+06 3.16723
4.90309e+06 3.16658
4.90369e+06 3.16593
4.90429e+06 3.16528
4.90489e+06 3.16463
4.90549e+06 3.16398
4.90609e+06 3.16334
4.90669e+06 3.16269
4.90729e+06 3.16204
4.90789e+06 3.1614
4.90849e+06 3.16076
4.90909e+06 3.16011
4.90969e+06 3.15947
4.91029e+06 3.15883
4.91089e+06 3.15818
4.91149e+06 3.15754
4.91209e+06 3.1569
4.91269e+06 3.15626
4.91329e+06 3.15562
4.91389e+06 3.15498
4.91449e+06 3.15435
4.91509e+06 3.15371
4.91569e+06 3.15307
4.91629e+06 3.15244
4.91689e+06 3.1518
4.91749e+06 3.15117
4.91809e+06 3.15053
4.91869e+06 3.1499
4.91929e+06 3.14926
4.91989e+06 3.14863
4.92049e+06 3.148
4.92109e+06 3.14737
4.92169e+06 3.14674
4.92229e+06 3.14611
4.92289e+06 3.14548
4.92349e+06 3.14485
4.92409e+06 3.14422
4.92469e+06 3.14359
4.92529e+06 3.14297
4.92589e+06 3.14234
4.92649e+06 3.14171
4.92709e+06 3.14109
4.92769e+06 3.14046
4.92829e+06 3.13984
4.92889e+06 3.13922
4.92949e+06 3.13859
4.93009e+06 3.13797
4.93069e+06 3.13735
4.93129e+06 3.13673
4.93189e+06 3.13611
4.93249e+06 3.13549
4.93309e+06 3.13487
4.93369e+06 3.13425
4.93429e+06 3.13363
4.93489e+06 3.13302
4.93549e+06 3.1324
4.93609e+06 3.13178
4.93669e+06 3.13117
4.93729e+06 3.13055
4.93789e+06 3.12994
4.93849e+06 3.12932
4.93909e+06 3.12871
4.93969e+06 3.1281
4.94029e+06 3.12748
4.94089e+06 3.12687
4.94149e+06 3.12626
4.94209e+06 3.12565
4.94269e+06 3.12504
4.94329e+06 3.12443
4.94389e+06 3.12382
4.94449e+06 3.12322
4.94509e+06 3.12261
4.94569e+06 3.122
4.94629e+06 3.12139
4.94689e+06 3.12079
4.94749e+06 3.12018
4.94809e+06 3.11958
4.94869e+06 3.11897
4.94929e+06 3.11837
4.94989e+06 3.11777
4.9505e+06 3.11717
4.9511e+06 3.11656
4.9517e+06 3.11596
4.9523e+06 3.11536
4.9529e+06 3.11476
4.9535e+06 3.11416
4.9541e+06 3.11356
4.9547e+06 3.11296
4.9553e+06 3.11237
4.9559e+06 3.11177
4.9565e+06 3.11117
4.9571e+06 3.11058
4.9577e+06 3.10998
4.9583e+06 3.10939
4.9589e+06 3.10879
4.9595e+06 3.1082
4.9601e+06 3.1076
4.9607e+06 3.10701
4.9613e+06 3.10642
4.9619e+06 3.10583
4.9625e+06 3.10523
4.9631e+06 3.10464
4.9637e+06 3.10405
4.9643e+06 3.10346
4.9649e+06 3.10288
4.9655e+06 3.10229
4.9661e+06 3.1017
4.9667e+06 3.10111
4.9673e+06 3.10052
4.9679e+06 3.09994
4.9685e+06 3.09935
4.9691e+06 3.09877
4.9697e+06 3.09818
4.9703e+06 3.0976
4.9709e+06 3.09702
4.9715e+06 3.09643
4.9721e+06 3.09585
4.9727e+06 3.09527
4.9733e+06 3.09469
4.9739e+06 3.09411
4.9745e+06 3.09353
4.9751e+06 3.09295
4.9757e+06 3.09237
4.9763e+06 3.09179
4.9769e+06 3.09121
4.9775e+06 3.09063
4.9781e+06 3.09005
4.9787e+06 3.08948
4.9793e+06 3.0889
4.9799e+06 3.08833
4.9805e+06 3.08775
4.9811e+06 3.08718
4.9817e+06 3.0866
4.9823e+06 3.08603
4.9829e+06 3.08546
4.9835e+06 3.08488
4.9841e+06 3.08431
4.9847e+06 3.08374
4.9853e+06 3.08317
4.9859e+06 3.0826
4.9865e+06 3.08203
4.9871e+06 3.08146
4.9877e+06 3.08089
4.9883e+06 3.08032
4.9889e+06 3.07976
4.9895e+06 3.07919
4.9901e+06 3.07862
4.9907e+06 3.07806
4.9913e+06 3.07749
4.9919e+06 3.07693
4.9925e+06 3.07636
4.9931e+06 3.0758
4.9937e+06 3.07523
4.9943e+06 3.07467
4.9949e+06 3.07411
4.9955e+06 3.07355
4.9961e+06 3.07298
4.9967e+06 3.07242
4.9973e+06 3.07186
4.9979e+06 3.0713
4.9985e+06 3.07074
4.9991e+06 3.07018
4.9997e+06 3.06963
5.0003e+06 3.06907
5.0009e+06 3.06851
5.0015e+06 3.06795
5.0021e+06 3.0674
5.0027e+06 3.06684
5.0033e+06 3.06629
5.0039e+06 3.06573
5.0045e+06 3.06518
5.0051e+06 3.06462
5.0057e+06 3.06407
5.0063e+06 3.06352
5.0069e+06 3.06296
5.0075e+06 3.06241
5.0081e+06 3.06186
5.0087e+06 3.06131
5.0093e+06 3.06076
5.0099e+06 3.06021
5.0105e+06 3.05966
5.0111e+06 3.05911
5.0117e+06 3.05856
5.0123e+06 3.05801
5.0129e+06 3.05747
5.0135e+06 3.05692
5.0141e+06 3.05637
5.0147e+06 3.05583
5.0153e+06 3.05528
5.0159e+06 3.05474
5.0165e+06 3.05419
5.0171e+06 3.05365
5.0177e+06 3.0531
5.0183e+06 3.05256
5.0189e+06 3.05202
5.0195e+06 3.05148
5.0201e+06 3.05093
5.0207e+06 3.05039
5.0213e+06 3.04985
5.0219e+06 3.04931
5.0225e+06 3.04877
5.0231e+06 3.04823
5.0237e+06 3.0477
5.0243e+06 3.04716
5.0249e+06 3.04662
5.0255e+06 3.04608
5.0261e+06 3.04554
5.0267e+06 3.04501
5.0273e+06 3.04447
5.0279e+06 3.04394
5.0285e+06 3.0434
5.0291e+06 3.04287
5.0297e+06 3.04233
5.0303e+06 3.0418
5.0309e+06 3.04127
5.0315e+06 3.04073
5.0321e+06 3.0402
5.0327e+06 3.03967
5.0333e+06 3.03914
5.0339e+06 3.03861
5.0345e+06 3.03808
5.0351e+06 3.03755
5.0357e+06 3.03702
5.0363e+06 3.03649
5.0369e+06 3.03596
5.0375e+06 3.03543
5.0381e+06 3.03491
5.0387e+06 3.03438
5.0393e+06 3.03385
5.0399e+06 3.03333
5.0405e+06 3.0328
5.0411e+06 3.03228
5.0417e+06 3.03175
5.0423e+06 3.03123
5.0429e+06 3.0307
5.0435e+06 3.03018
5.0441e+06 3.02966
5.0447e+06 3.02914
5.0453e+06 3.02861
5.0459e+06 3.02809
5.0465e+06 3.02757
5.0471e+06 3.02705
5.0477e+06 3.02653
5.0483e+06 3.02601
5.0489e+06 3.02549
5.0495e+06 3.02497
5.05011e+06 3.02445
5.05071e+06 3.02394
5.05131e+06 3.02342
5.05191e+06 3.0229
5.05251e+06 3.02239
5.05311e+06 3.02187
5.05371e+06 3.02135
5.05431e+06 3.02084
5.05491e+06 3.02032
5.05551e+06 3.01981
5.05611e+06 3.0193
5.05671e+06 3.01878
5.05731e+06 3.01827
5.05791e+06 3.01776
5.05851e+06 3.01724
5.05911e+06 3.01673
5.05971e+06 3.01622
5.06031e+06 3.01571
5.06091e+06 3.0152
5.06151e+06 3.01469
5.06211e+06 3.01418
5.06271e+06 3.01367
5.06331e+06 3.01316
5.06391e+06 3.01266
5.06451e+06 3.01215
5.06511e+06 3.01164
5.06571e+06 3.01113
5.06631e+06 3.01063
5.06691e+06 3.01012
5.06751e+06 3.00962
5.06811e+06 3.00911
5.06871e+06 3.00861
5.06931e+06 3.0081
5.06991e+06 3.0076
5.07051e+06 3.0071
5.07111e+06 3.00659
5.07171e+06 3.00609
5.07231e+06 3.00559
5.07291e+06 3.00509
5.07351e+06 3.00459
5.07411e+06 3.00408
5.07471e+06 3.00358
5.07531e+06 3.00308
5.07591e+06 3.00259
5.07651e+06 3.00209
5.07711e+06 3.00159
5.07771e+06 3.00109
5.07831e+06 3.00059
5.07891e+06 3.00009
5.07951e+06 2.9996
5.08011e+06 2.9991
5.08071e+06 2.9986
5.08131e+06 2.99811
5.08191e+06 2.99761
5.08251e+06 2.99712
5.08311e+06 2.99662
5.08371e+06 2.99613
5.08431e+06 2.99564
5.08491e+06 2.99514
5.08551e+06 2.99465
5.08611e+06 2.99416
5.08671e+06 2.99367
5.08731e+06 2.99318
5.08791e+06 2.99268
5.08851e+06 2.99219
5.08911e+06 2.9917
5.08971e+06 2.99121
5.09031e+06 2.99072
5.09091e+06 2.99024
5.09151e+06 2.98975
5.09211e+06 2.98926
5.09271e+06 2.98877
5.09331e+06 2.98828
5.09391e+06 2.9878
5.09451e+06 2.98731
5.09511e+06 2.98682
5.09571e+06 2.98634
5.09631e+06 2.98585
5.09691e+06 2.98537
5.09751e+06 2.98488
5.09811e+06 2.9844
5.09871e+06 2.98392
5.09931e+06 2.98343
5.09991e+06 2.98295
5.10051e+06 2.98247
5.10111e+06 2.98199
5.10171e+06 2.9815
5.10231e+06 2.98102
5.10291e+06 2.98054
5.10351e+06 2.98006
5.10411e+06 2.97958
5.10471e+06 2.9791
5.10531e+06 2.97862
5.10591e+06 2.97814
5.10651e+06 2.97767
5.10711e+06 2.97719
5.10771e+06 2.97671
5.10831e+06 2.97623
5.10891e+06 2.97576
5.10951e+06 2.97528
5.11011e+06 2.9748
5.11071e+06 2.97433
5.11131e+06 2.97385
5.11191e+06 2.97338
5.11251e+06 2.9729
5.11311e+06 2.97243
5.11371e+06 2.97196
5.11431e+06 2.97148
5.11491e+06 2.97101
5.11551e+06 2.97054
5.11611e+06 2.97007
5.11671e+06 2.96959
5.11731e+06 2.96912
5.11791e+06 2.96865
5.11851e+06 2.96818
5.11911e+06 2.96771
5.11971e+06 2.96724
5.12031e+06 2.96677
5.12091e+06 2.9663
5.12151e+06 2.96583
5.12211e+06 2.96537
5.12271e+06 2.9649
5.12331e+06 2.96443
5.12391e+06 2.96396
5.12451e+06 2.9635
5.12511e+06 2.96303
5.12571e+06 2.96256
5.12631e+06 2.9621
5.12691e+06 2.96163
5.12751e+06 2.96117
5.12811e+06 2.9607
5.12871e+06 2.96024
5.12931e+06 2.95978
5.12991e+06 2.95931
5.13051e+06 2.95885
5.13111e+06 2.95839
5.13171e+06 2.95793
5.13231e+06 2.95746
5.13291e+06 2.957
5.13351e+06 2.95654
5.13411e+06 2.95608
5.13471e+06 2.95562
5.13531e+06 2.95516
5.13591e+06 2.9547
5.13651e+06 2.95424
5.13711e+06 2.95378
5.13771e+06 2.95333
5.13831e+06 2.95287
5.13891e+06 2.95241
5.13951e+06 2.95195
5.14011e+06 2.9515
5.14071e+06 2.95104
5.14131e+06 2.95058
5.14191e+06 2.95013
5.14251e+06 2.94967
5.14311e+06 2.94922
5.14371e+06 2.94876
5.14431e+06 2.94831
5.14491e+06 2.94786
5.14551e+06 2.9474
5.14611e+06 2.94695
5.14671e+06 2.9465
5.14731e+06 2.94604
5.14791e+06 2.94559
5.14851e+06 2.94514
5.14911e+06 2.94469
5.14971e+06 2.94424
5.15032e+06 2.94379
5.15092e+06 2.94334
5.15152e+06 2.94289
5.15212e+06 2.94244
5.15272e+06 2.94199
5.15332e+06 2.94154
5.15392e+06 2.94109
5.15452e+06 2.94064
5.15512e+06 2.9402
5.15572e+06 2.93975
5.15632e+06 2.9393
5.15692e+06 2.93886
5.15752e+06 2.93841
5.15812e+06 2.93796
5.15872e+06 2.93752
5.15932e+06 2.93707
5.15992e+06 2.93663
5.16052e+06 2.93618
5.16112e+06 2.93574
5.16172e+06 2.9353
5.16232e+06 2.93485
5.16292e+06 2.93441
5.16352e+06 2.93397
5.16412e+06 2.93352
5.16472e+06 2.93308
5.16532e+06 2.93264
5.16592e+06 2.9322
5.16652e+06 2.93176
5.16712e+06 2.93132
5.16772e+06 2.93088
5.16832e+06 2.93044
5.16892e+06 2.93
5.16952e+06 2.92956
5.17012e+06 2.92912
5.17072e+06 2.92868
5.17132e+06 2.92824
5.17192e+06 2.92781
5.17252e+06 2.92737
5.17312e+06 2.92693
5.17372e+06 2.92649
5.17432e+06 2.92606
5.17492e+06 2.92562
5.17552e+06 2.92519
5.17612e+06 2.92475
5.17672e+06 2.92432
5.17732e+06 2.92388
5.17792e+06 2.92345
5.17852e+06 2.92301
5.17912e+06 2.92258
5.17972e+06 2.92215
5.18032e+06 2.92171
5.18092e+06 2.92128
5.18152e+06 2.92085
5.18212e+06 2.92042
5.18272e+06 2.91999
5.18332e+06 2.91955
5.18392e+06 2.91912
5.18452e+06 2.91869
5.18512e+06 2.91826
5.18572e+06 2.91783
5.18632e+06 2.9174
5.18692e+06 2.91697
5.18752e+06 2.91655
5.18812e+06 2.91612
5.18872e+06 2.91569
5.18932e+06 2.91526
5.18992e+06 2.91483
5.19052e+06 2.91441
5.19112e+06 2.91398
5.19172e+06 2.91355
5.19232e+06 2.91313
5.19292e+06 2.9127
5.19352e+06 2.91228
5.19412e+06 2.91185
5.19472e+06 2.91143
5.19532e+06 2.911
5.19592e+06 2.91058
5.19652e+06 2.91015
5.19712e+06 2.90973
5.19772e+06 2.90931
5.19832e+06 2.90888
5.19892e+06 2.90846
5.19952e+06 2.90804
5.20012e+06 2.90762
5.20072e+06 2.9072
5.20132e+06 2.90678
5.20192e+06 2.90636
5.20252e+06 2.90593
5.20312e+06 2.90551
5.20372e+06 2.90509
5.20432e+06 2.90468
5.20492e+06 2.90426
5.20552e+06 2.90384
5.20612e+06 2.90342
5.20672e+06 2.903
5.20732e+06 2.90258
5.20792e+06 2.90216
5.20852e+06 2.90175
5.20912e+06 2.90133
5.20972e+06 2.90091
5.21032e+06 2.9005
5.21092e+06 2.90008
5.21152e+06 2.89967
5.21212e+06 2.89925
5.21272e+06 2.89884
5.21332e+06 2.89842
5.21392e+06 2.89801
5.21452e+06 2.89759
5.21512e+06 2.89718
5.21572e+06 2.89677
5.21632e+06 2.89635
5.21692e+06 2.89594
5.21752e+06 2.89553
5.21812e+06 2.89512
5.21872e+06 2.8947
5.21932e+06 2.89429
5.21992e+06 2.89388
5.22052e+06 2.89347
5.22112e+06 2.89306
5.22172e+06 2.89265
5.22232e+06 2.89224
5.22292e+06 2.89183
5.22352e+06 2.89142
5.22412e+06 2.89101
5.22472e+06 2.8906
5.22532e+06 2.8902
5.22592e+06 2.88979
5.22652e+06 2.88938
5.22712e+06 2.88897
5.22772e+06 2.88857
5.22832e+06 2.88816
5.22892e+06 2.88775
5.22952e+06 2.88735
5.23012e+06 2.88694
5.23072e+06 2.88653
5.23132e+06 2.88613
5.23192e+06 2.88572
5.23252e+06 2.88532
5.23312e+06 2.88492
5.23372e+06 2.88451
5.23432e+06 2.88411
5.23492e+06 2.88371
5.23552e+06 2.8833
5.23612e+06 2.8829
5.23672e+06 2.8825
5.23732e+06 2.88209
5.23792e+06 2.88169
5.23852e+06 2.88129
5.23912e+06 2.88089
5.23972e+06 2.88049
5.24032e+06 2.88009
5.24092e+06 2.87969
5.24152e+06 2.87929
5.24212e+06 2.87889
5.24272e+06 2.87849
5.24332e+06 2.87809
5.24392e+06 2.87769
5.24452e+06 2.87729
5.24512e+06 2.8769
5.24572e+06 2.8765
5.24632e+06 2.8761
5.24692e+06 2.8757
5.24752e+06 2.87531
5.24812e+06 2.87491
5.24872e+06 2.87451
5.24932e+06 2.87412
5.24992e+06 2.87372
5.25053e+06 2.87333
5.25113e+06 2.87293
5.25173e+06 2.87254
5.25233e+06 2.87214
5.25293e+06 2.87175
5.25353e+06 2.87135
5.25413e+06 2.87096
5.25473e+06 2.87057
5.25533e+06 2.87017
5.25593e+06 2.86978
5.25653e+06 2.86939
5.25713e+06 2.869
5.25773e+06 2.8686
5.25833e+06 2.86821
5.25893e+06 2.86782
5.25953e+06 2.86743
5.26013e+06 2.86704
5.26073e+06 2.86665
5.26133e+06 2.86626
5.26193e+06 2.86587
5.26253e+06 2.86548
5.26313e+06 2.86509
5.26373e+06 2.8647
5.26433e+06 2.86431
5.26493e+06 2.86392
5.26553e+06 2.86354
5.26613e+06 2.86315
5.26673e+06 2.86276
5.26733e+06 2.86237
5.26793e+06 2.86199
5.26853e+06 2.8616
5.26913e+06 2.86121
5.26973e+06 2.86083
5.27033e+06 2.86044
5.27093e+06 2.86006
5.27153e+06 2.85967
5.27213e+06 2.85929
5.27273e+06 2.8589
5.27333e+06 2.85852
5.27393e+06 2.85813
5.27453e+06 2.85775
5.27513e+06 2.85737
5.27573e+06 2.85698
5.27633e+06 2.8566
5.27693e+06 2.85622
5.27753e+06 2.85584
5.27813e+06 2.85545
5.27873e+06 2.85507
5.27933e+06 2.85469
5.27993e+06 2.85431
5.28053e+06 2.85393
5.28113e+06 2.85355
5.28173e+06 2.85317
5.28233e+06 2.85279
5.28293e+06 2.85241
5.28353e+06 2.85203
5.28413e+06 2.85165
5.28473e+06 2.85127
5.28533e+06 2.85089
5.28593e+06 2.85051
5.28653e+06 2.85013
5.28713e+06 2.84976
5.28773e+06 2.84938
5.28833e+06 2.849
5.28893e+06 2.84862
5.28953e+06 2.84825
5.29013e+06 2.84787
5.29073e+06 2.8475
5.29133e+06 2.84712
5.29193e+06 2.84674
5.29253e+06 2.84637
5.29313e+06 2.84599
5.29373e+06 2.84562
5.29433e+06 2.84524
5.29493e+06 2.84487
5.29553e+06 2.8445
5.29613e+06 2.84412
5.29673e+06 2.84375
5.29733e+06 2.84338
5.29793e+06 2.843
5.29853e+06 2.84263
5.29913e+06 2.84226
5.29973e+06 2.84189
5.30033e+06 2.84151
5.30093e+06 2.84114
5.30153e+06 2.84077
5.30213e+06 2.8404
5.30273e+06 2.84003
5.30333e+06 2.83966
5.30393e+06 2.83929
5.30453e+06 2.83892
5.30513e+06 2.83855
5.30573e+06 2.83818
5.30633e+06 2.83781
5.30693e+06 2.83744
5.30753e+06 2.83707
5.30813e+06 2.83671
5.30873e+06 2.83634
5.30933e+06 2.83597
5.30993e+06 2.8356
5.31053e+06 2.83524
5.31113e+06 2.83487
5.31173e+06 2.8345
5.31233e+06 2.83414
5.31293e+06 2.83377
5.31353e+06 2.8334
5.31413e+06 2.83304
5.31473e+06 2.83267
5.31533e+06 2.83231
5.31593e+06 2.83194
5.31653e+06 2.83158
5.31713e+06 2.83121
5.31773e+06 2.83085
5.31833e+06 2.83049
5.31893e+06 2.83012
5.31953e+06 2.82976
5.32013e+06 2.8294
5.32073e+06 2.82903
5.32133e+06 2.82867
5.32193e+06 2.82831
5.32253e+06 2.82795
5.32313e+06 2.82759
5.32373e+06 2.82722
5.32433e+06 2.82686
5.32493e+06 2.8265
5.32553e+06 2.82614
5.32613e+06 2.82578
5.32673e+06 2.82542
5.32733e+06 2.82506
5.32793e+06 2.8247
5.32853e+06 2.82434
5.32913e+06 2.82398
5.32973e+06 2.82363
5.33033e+06 2.82327
5.33093e+06 2.82291
5.33153e+06 2.82255
5.33213e+06 2.82219
5.33273e+06 2.82184
5.33333e+06 2.82148
5.33393e+06 2.82112
5.33453e+06 2.82076
5.33513e+06 2.82041
5.33573e+06 2.82005
5.33633e+06 2.8197
5.33693e+06 2.81934
5.33753e+06 2.81898
5.33813e+06 2.81863
5.33873e+06 2.81827
5.33933e+06 2.81792
5.33993e+06 2.81757
5.34053e+06 2.81721
5.34113e+06 2.81686
5.34173e+06 2.8165
5.34233e+06 2.81615
5.34293e+06 2.8158
5.34353e+06 2.81544
5.34413e+06 2.81509
5.34473e+06 2.81474
5.34533e+06 2.81439
5.34593e+06 2.81403
5.34653e+06 2.81368
5.34713e+06 2.81333
5.34773e+06 2.81298
5.34833e+06 2.81263
5.34893e+06 2.81228
5.34953e+06 2.81193
5.35014e+06 2.81158
5.35074e+06 2.81123
5.35134e+06 2.81088
5.35194e+06 2.81053
5.35254e+06 2.81018
5.35314e+06 2.80983
5.35374e+06 2.80948
5.35434e+06 2.80913
5.35494e+06 2.80879
5.35554e+06 2.80844
5.35614e+06 2.80809
5.35674e+06 2.80774
5.35734e+06 2.8074
5.35794e+06 2.80705
5.35854e+06 2.8067
5.35914e+06 2.80636
5.35974e+06 2.80601
5.36034e+06 2.80566
5.36094e+06 2.80532
5.36154e+06 2.80497
5.36214e+06 2.80463
5.36274e+06 2.80428
5.36334e+06 2.80394
5.36394e+06 2.80359
5.36454e+06 2.80325
5.36514e+06 2.8029
5.36574e+06 2.80256
5.36634e+06 2.80222
5.36694e+06 2.80187
5.36754e+06 2.80153
5.36814e+06 2.80119
5.36874e+06 2.80084
5.36934e+06 2.8005
5.36994e+06 2.80016
5.37054e+06 2.79982
5.37114e+06 2.79948
5.37174e+06 2.79914
5.37234e+06 2.79879
5.37294e+06 2.79845
5.37354e+06 2.79811
5.37414e+06 2.79777
5.37474e+06 2.79743
5.37534e+06 2.79709
5.37594e+06 2.79675
5.37654e+06 2.79641
5.37714e+06 2.79607
5.37774e+06 2.79573
5.37834e+06 2.7954
5.37894e+06 2.79506
5.37954e+06 2.79472
5.38014e+06 2.79438
5.38074e+06 2.79404
5.38134e+06 2.79371
5.38194e+06 2.79337
5.38254e+06 2.79303
5.38314e+06 2.79269
5.38374e+06 2.79236
5.38434e+06 2.79202
5.38494e+06 2.79169
5.38554e+06 2.79135
5.38614e+06 2.79101
5.38674e+06 2.79068
5.38734e+06 2.79034
5.38794e+06 2.79001
5.38854e+06 2.78967
5.38914e+06 2.78934
5.38974e+06 2.789
5.39034e+06 2.78867
5.39094e+06 2.78834
5.39154e+06 2.788
5.39214e+06 2.78767
5.39274e+06 2.78734
5.39334e+06 2.787
5.39394e+06 2.78667
5.39454e+06 2.78634
5.39514e+06 2.78601
5.39574e+06 2.78567
5.39634e+06 2.78534
5.39694e+06 2.78501
5.39754e+06 2.78468
5.39814e+06 2.78435
5.39874e+06 2.78402
5.39934e+06 2.78369
5.39994e+06 2.78336
5.40054e+06 2.78303
5.40114e+06 2.7827
5.40174e+06 2.78237
5.40234e+06 2.78204
5.40294e+06 2.78171
5.40354e+06 2.78138
5.40414e+06 2.78105
5.40474e+06 2.78072
5.40534e+06 2.78039
5.40594e+06 2.78006
5.40654e+06 2.77974
5.40714e+06 2.77941
5.40774e+06 2.77908
5.40834e+06 2.77875
5.40894e+06 2.77843
5.40954e+06 2.7781
5.41014e+06 2.77777
5.41074e+06 2.77745
5.41134e+06 2.77712
5.41194e+06 2.7768
5.41254e+06 2.77647
5.41314e+06 2.77614
5.41374e+06 2.77582
5.41434e+06 2.77549
5.41494e+06 2.77517
5.41554e+06 2.77484
5.41614e+06 2.77452
5.41674e+06 2.7742
5.41734e+06 2.77387
5.41794e+06 2.77355
5.41854e+06 2.77322
5.41914e+06 2.7729
5.41974e+06 2.77258
5.42034e+06 2.77226
5.42094e+06 2.77193
5.42154e+06 2.77161
5.42214e+06 2.77129
5.42274e+06 2.77097
5.42334e+06 2.77065
5.42394e+06 2.77032
5.42454e+06 2.77
5.42514e+06 2.76968
5.42574e+06 2.76936
5.42634e+06 2.76904
5.42694e+06 2.76872
5.42754e+06 2.7684
5.42814e+06 2.76808
5.42874e+06 2.76776
5.42934e+06 2.76744
5.42994e+06 2.76712
5.43054e+06 2.7668
5.43114e+06 2.76648
5.43174e+06 2.76616
5.43234e+06 2.76585
5.43294e+06 2.76553
5.43354e+06 2.76521
5.43414e+06 2.76489
5.43474e+06 2.76457
5.43534e+06 2.76426
5.43594e+06 2.76394
5.43654e+06 2.76362
5.43714e+06 2.76331
5.43774e+06 2.76299
5.43834e+06 2.76267
5.43894e+06 2.76236
5.43954e+06 2.76204
5.44014e+06 2.76173
5.44074e+06 2.76141
5.44134e+06 2.76109
5.44194e+06 2.76078
5.44254e+06 2.76046
5.44314e+06 2.76015
5.44374e+06 2.75984
5.44434e+06 2.75952
5.44494e+06 2.75921
5.44554e+06 2.75889
5.44614e+06 2.75858
5.44674e+06 2.75827
5.44734e+06 2.75795
5.44794e+06 2.75764
5.44854e+06 2.75733
5.44914e+06 2.75702
5.44974e+06 2.7567
5.45035e+06 2.75639
5.45095e+06 2.75608
5.45155e+06 2.75577
5.45215e+06 2.75546
5.45275e+06 2.75515
5.45335e+06 2.75483
5.45395e+06 2.75452
5.45455e+06 2.75421
5.45515e+06 2.7539
5.45575e+06 2.75359
5.45635e+06 2.75328
5.45695e+06 2.75297
5.45755e+06 2.75266
5.45815e+06 2.75235
5.45875e+06 2.75204
5.45935e+06 2.75174
5.45995e+06 2.75143
5.46055e+06 2.75112
5.46115e+06 2.75081
5.46175e+06 2.7505
5.46235e+06 2.75019
5.46295e+06 2.74989
5.46355e+06 2.74958
5.46415e+06 2.74927
5.46475e+06 2.74896
5.46535e+06 2.74866
5.46595e+06 2.74835
5.46655e+06 2.74804
5.46715e+06 2.74774
5.46775e+06 2.74743
5.46835e+06 2.74713
5.46895e+06 2.74682
5.46955e+06 2.74651
5.47015e+06 2.74621
5.47075e+06 2.7459
5.47135e+06 2.7456
5.47195e+06 2.74529
5.47255e+06 2.74499
5.47315e+06 2.74469
5.47375e+06 2.74438
5.47435e+06 2.74408
5.47495e+06 2.74377
5.47555e+06 2.74347
5.47615e+06 2.74317
5.47675e+06 2.74286
5.47735e+06 2.74256
5.47795e+06 2.74226
5.47855e+06 2.74196
5.47915e+06 2.74165
5.47975e+06 2.74135
5.48035e+06 2.74105
5.48095e+06 2.74075
5.48155e+06 2.74045
5.48215e+06 2.74015
5.48275e+06 2.73984
5.48335e+06 2.73954
5.48395e+06 2.73924
5.48455e+06 2.73894
5.48515e+06 2.73864
5.48575e+06 2.73834
5.48635e+06 2.73804
5.48695e+06 2.73774
5.48755e+06 2.73744
5.48815e+06 2.73714
5.48875e+06 2.73684
5.48935e+06 2.73655
5.48995e+06 2.73625
5.49055e+06 2.73595
5.49115e+06 2.73565
5.49175e+06 2.73535
5.49235e+06 2.73505
5.49295e+06 2.73476
5.49355e+06 2.73446
5.49415e+06 2.73416
5.49475e+06 2.73386
5.49535e+06 2.73357
5.49595e+06 2.73327
5.49655e+06 2.73297
5.49715e+06 2.73268
5.49775e+06 2.73238
5.49835e+06 2.73208
5.49895e+06 2.73179
5.49955e+06 2.73149
5.50015e+06 2.7312
5.50075e+06 2.7309
5.50135e+06 2.73061
5.50195e+06 2.73031
5.50255e+06 2.73002
5.50315e+06 2.72972
5.50375e+06 2.72943
5.50435e+06 2.72914
5.50495e+06 2.72884
5.50555e+06 2.72855
5.50615e+06 2.72825
5.50675e+06 2.72796
5.50735e+06 2.72767
5.50795e+06 2.72738
5.50855e+06 2.72708
5.50915e+06 2.72679
5.50975e+06 2.7265
5.51035e+06 2.72621
5.51095e+06 2.72591
5.51155e+06 2.72562
5.51215e+06 2.72533
5.51275e+06 2.72504
5.51335e+06 2.72475
5.51395e+06 2.72446
5.51455e+06 2.72417
5.51515e+06 2.72387
5.51575e+06 2.72358
5.51635e+06 2.72329
5.51695e+06 2.723
5.51755e+06 2.72271
5.51815e+06 2.72242
5.51875e+06 2.72213
5.51935e+06 2.72185
5.51995e+06 2.72156
5.52055e+06 2.72127
5.52115e+06 2.72098
5.52175e+06 2.72069
5.52235e+06 2.7204
5.52295e+06 2.72011
5.52355e+06 2.71982
5.52415e+06 2.71954
5.52475e+06 2.71925
5.52535e+06 2.71896
5.52595e+06 2.71867
5.52655e+06 2.71839
5.52715e+06 2.7181
5.52775e+06 2.71781
5.52835e+06 2.71753
5.52895e+06 2.71724
5.52955e+06 2.71695
5.53015e+06 2.71667
5.53075e+06 2.71638
5.53135e+06 2.7161
5.53195e+06 2.71581
5.53255e+06 2.71553
5.53315e+06 2.71524
5.53375e+06 2.71496
5.53435e+06 2.71467
5.53495e+06 2.71439
5.53555e+06 2.7141
5.53615e+06 2.71382
5.53675e+06 2.71353
5.53735e+06 2.71325
5.53795e+06 2.71297
5.53855e+06 2.71268
5.53915e+06 2.7124
5.53975e+06 2.71212
5.54035e+06 2.71183
5.54095e+06 2.71155
5.54155e+06 2.71127
5.54215e+06 2.71099
5.54275e+06 2.7107
5.54335e+06 2.71042
5.54395e+06 2.71014
5.54455e+06 2.70986
5.54515e+06 2.70958
5.54575e+06 2.7093
5.54635e+06 2.70901
5.54695e+06 2.70873
5.54755e+06 2.70845
5.54815e+06 2.70817
5.54875e+06 2.70789
5.54935e+06 2.70761
5.54995e+06 2.70733
5.55056e+06 2.70705
5.55116e+06 2.70677
5.55176e+06 2.70649
5.55236e+06 2.70621
5.55296e+06 2.70593
5.55356e+06 2.70565
5.55416e+06 2.70538
5.55476e+06 2.7051
5.55536e+06 2.70482
5.55596e+06 2.70454
5.55656e+06 2.70426
5.55716e+06 2.70398
5.55776e+06 2.70371
5.55836e+06 2.70343
5.55896e+06 2.70315
5.55956e+06 2.70287
5.56016e+06 2.7026
5.56076e+06 2.70232
5.56136e+06 2.70204
5.56196e+06 2.70177
5.56256e+06 2.70149
5.56316e+06 2.70121
5.56376e+06 2.70094
5.56436e+06 2.70066
5.56496e+06 2.70039
5.56556e+06 2.70011
5.56616e+06 2.69984
5.56676e+06 2.69956
5.56736e+06 2.69929
5.56796e+06 2.69901
5.56856e+06 2.69874
5.56916e+06 2.69846
5.56976e+06 2.69819
5.57036e+06 2.69791
5.57096e+06 2.69764
5.57156e+06 2.69737
5.57216e+06 2.69709
5.57276e+06 2.69682
5.57336e+06 2.69655
5.57396e+06 2.69627
5.57456e+06 2.696
5.57516e+06 2.69573
5.57576e+06 2.69545
5.57636e+06 2.69518
5.57696e+06 2.69491
5.57756e+06 2.69464
5.57816e+06 2.69437
5.57876e+06 2.69409
5.57936e+06 2.69382
5.57996e+06 2.69355
5.58056e+06 2.69328
5.58116e+06 2.69301
5.58176e+06 2.69274
5.58236e+06 2.69247
5.58296e+06 2.6922
5.58356e+06 2.69193
5.58416e+06 2.69166
5.58476e+06 2.69139
5.58536e+06 2.69112
5.58596e+06 2.69085
5.58656e+06 2.69058
5.58716e+06 2.69031
5.58776e+06 2.69004
5.58836e+06 2.68977
5.58896e+06 2.6895
5.58956e+06 2.68923
5.59016e+06 2.68896
5.59076e+06 2.6887
5.59136e+06 2.68843
5.59196e+06 2.68816
5.59256e+06 2.68789
5.59316e+06 2.68762
5.59376e+06 2.68736
5.59436e+06 2.68709
5.59496e+06 2.68682
5.59556e+06 2.68655
5.59616e+06 2.68629
5.59676e+06 2.68602
5.59736e+06 2.68575
5.59796e+06 2.68549
5.59856e+06 2.68522
5.59916e+06 2.68496
5.59976e+06 2.68469
5.60036e+06 2.68442
5.60096e+06 2.68416
5.60156e+06 2.68389
5.60216e+06 2.68363
5.60276e+06 2.68336
5.60336e+06 2.6831
5.60396e+06 2.68283
5.60456e+06 2.68257
5.60516e+06 2.6823
5.60576e+06 2.68204
5.60636e+06 2.68178
5.60696e+06 2.68151
5.60756e+06 2.68125
5.60816e+06 2.68098
5.60876e+06 2.68072
5.60936e+06 2.68046
5.60996e+06 2.68019
5.61056e+06 2.67993
5.61116e+06 2.67967
5.61176e+06 2.67941
5.61236e+06 2.67914
5.61296e+06 2.67888
5.61356e+06 2.67862
5.61416e+06 2.67836
5.61476e+06 2.6781
5.61536e+06 2.67783
5.61596e+06 2.67757
5.61656e+06 2.67731
5.61716e+06 2.67705
5.61776e+06 2.67679
5.61836e+06 2.67653
5.61896e+06 2.67627
5.61956e+06 2.67601
5.62016e+06 2.67575
5.62076e+06 2.67549
5.62136e+06 2.67523
5.62196e+06 2.67497
5.62256e+06 2.67471
5.62316e+06 2.67445
5.62376e+06 2.67419
5.62436e+06 2.67393
5.62496e+06 2.67367
5.62556e+06 2.67341
5.62616e+06 2.67315
5.62676e+06 2.67289
5.62736e+06 2.67263
5.62796e+06 2.67238
5.62856e+06 2.67212
5.62916e+06 2.67186
5.62976e+06 2.6716
5.63036e+06 2.67134
5.63096e+06 2.67109
5.63156e+06 2.67083
5.63216e+06 2.67057
5.63276e+06 2.67032
5.63336e+06 2.67006
5.63396e+06 2.6698
5.63456e+06 2.66955
5.63516e+06 2.66929
5.63576e+06 2.66903
5.63636e+06 2.66878
5.63696e+06 2.66852
5.63756e+06 2.66826
5.63816e+06 2.66801
5.63876e+06 2.66775
5.63936e+06 2.6675
5.63996e+06 2.66724
5.64056e+06 2.66699
5.64116e+06 2.66673
5.64176e+06 2.66648
5.64236e+06 2.66622
5.64296e+06 2.66597
5.64356e+06 2.66572
5.64416e+06 2.66546
5.64476e+06 2.66521
5.64536e+06 2.66495
5.64596e+06 2.6647
5.64656e+06 2.66445
5.64716e+06 2.66419
5.64776e+06 2.66394
5.64836e+06 2.66369
5.64896e+06 2.66343
5.64956e+06 2.66318
5.65017e+06 2.66293
5.65077e+06 2.66268
5.65137e+06 2.66242
5.65197e+06 2.66217
5.65257e+06 2.66192
5.65317e+06 2.66167
5.65377e+06 2.66142
5.65437e+06 2.66116
5.65497e+06 2.66091
5.65557e+06 2.66066
5.65617e+06 2.66041
5.65677e+06 2.66016
5.65737e+06 2.65991
5.65797e+06 2.65966
5.65857e+06 2.65941
5.65917e+06 2.65916
5.65977e+06 2.65891
5.66037e+06 2.65866
5.66097e+06 2.65841
5.66157e+06 2.65816
5.66217e+06 2.65791
5.66277e+06 2.65766
5.66337e+06 2.65741
5.66397e+06 2.65716
5.66457e+06 2.65691
5.66517e+06 2.65666
5.66577e+06 2.65641
5.66637e+06 2.65617
5.66697e+06 2.65592
5.66757e+06 2.65567
5.66817e+06 2.65542
5.66877e+06 2.65517
5.66937e+06 2.65493
5.66997e+06 2.65468
5.67057e+06 2.65443
5.67117e+06 2.65418
5.67177e+06 2.65394
5.67237e+06 2.65369
5.67297e+06 2.65344
5.67357e+06 2.6532
5.67417e+06 2.65295
5.67477e+06 2.6527
5.67537e+06 2.65246
5.67597e+06 2.65221
5.67657e+06 2.65196
5.67717e+06 2.65172
5.67777e+06 2.65147
5.67837e+06 2.65123
5.67897e+06 2.65098
5.67957e+06 2.65074
5.68017e+06 2.65049
5.68077e+06 2.65025
5.68137e+06 2.65
5.68197e+06 2.64976
5.68257e+06 2.64951
5.68317e+06 2.64927
5.68377e+06 2.64902
5.68437e+06 2.64878
5.68497e+06 2.64854
5.68557e+06 2.64829
5.68617e+06 2.64805
5.68677e+06 2.6478
5.68737e+06 2.64756
5.68797e+06 2.64732
5.68857e+06 2.64707
5.68917e+06 2.64683
5.68977e+06 2.64659
5.69037e+06 2.64635
5.69097e+06 2.6461
5.69157e+06 2.64586
5.69217e+06 2.64562
5.69277e+06 2.64538
5.69337e+06 2.64513
5.69397e+06 2.64489
5.69457e+06 2.64465
5.69517e+06 2.64441
5.69577e+06 2.64417
5.69637e+06 2.64393
5.69697e+06 2.64369
5.69757e+06 2.64345
5.69817e+06 2.6432
5.69877e+06 2.64296
5.69937e+06 2.64272
5.69997e+06 2.64248
5.70057e+06 2.64224
5.70117e+06 2.642
5.70177e+06 2.64176
5.70237e+06 2.64152
5.70297e+06 2.64128
5.70357e+06 2.64104
5.70417e+06 2.6408
5.70477e+06 2.64056
5.70537e+06 2.64033
5.70597e+06 2.64009
5.70657e+06 2.63985
5.70717e+06 2.63961
5.70777e+06 2.63937
5.70837e+06 2.63913
5.70897e+06 2.63889
5.70957e+06 2.63866
5.71017e+06 2.63842
5.71077e+06 2.63818
5.71137e+06 2.63794
5.71197e+06 2.6377
5.71257e+06 2.63747
5.71317e+06 2.63723
5.71377e+06 2.63699
5.71437e+06 2.63676
5.71497e+06 2.63652
5.71557e+06 2.63628
5.71617e+06 2.63605
5.71677e+06 2.63581
5.71737e+06 2.63557
5.71797e+06 2.63534
5.71857e+06 2.6351
5.71917e+06 2.63486
5.71977e+06 2.63463
5.72037e+06 2.63439
5.72097e+06 2.63416
5.72157e+06 2.63392
5.72217e+06 2.63369
5.72277e+06 2.63345
5.72337e+06 2.63322
5.72397e+06 2.63298
5.72457e+06 2.63275
5.72517e+06 2.63251
5.72577e+06 2.63228
5.72637e+06 2.63204
5.72697e+06 2.63181
5.72757e+06 2.63158
5.72817e+06 2.63134
5.72877e+06 2.63111
5.72937e+06 2.63087
5.72997e+06 2.63064
5.73057e+06 2.63041
5.73117e+06 2.63017
5.73177e+06 2.62994
5.73237e+06 2.62971
5.73297e+06 2.62948
5.73357e+06 2.62924
5.73417e+06 2.62901
5.73477e+06 2.62878
5.73537e+06 2.62855
5.73597e+06 2.62831
5.73657e+06 2.62808
5.73717e+06 2.62785
5.73777e+06 2.62762
5.73837e+06 2.62739
5.73897e+06 2.62716
5.73957e+06 2.62692
5.74017e+06 2.62669
5.74077e+06 2.62646
5.74137e+06 2.62623
5.74197e+06 2.626
5.74257e+06 2.62577
5.74317e+06 2.62554
5.74377e+06 2.62531
5.74437e+06 2.62508
5.74497e+06 2.62485
5.74557e+06 2.62462
5.74617e+06 2.62439
5.74677e+06 2.62416
5.74737e+06 2.62393
5.74797e+06 2.6237
5.74857e+06 2.62347
5.74917e+06 2.62324
5.74977e+06 2.62301
5.75038e+06 2.62278
5.75098e+06 2.62255
5.75158e+06 2.62233
5.75218e+06 2.6221
5.75278e+06 2.62187
5.75338e+06 2.62164
5.75398e+06 2.62141
5.75458e+06 2.62118
5.75518e+06 2.62096
5.75578e+06 2.62073
5.75638e+06 2.6205
5.75698e+06 2.62027
5.75758e+06 2.62005
5.75818e+06 2.61982
5.75878e+06 2.61959
5.75938e+06 2.61937
5.75998e+06 2.61914
5.76058e+06 2.61891
5.76118e+06 2.61869
5.76178e+06 2.61846
5.76238e+06 2.61823
5.76298e+06 2.61801
5.76358e+06 2.61778
5.76418e+06 2.61755
5.76478e+06 2.61733
5.76538e+06 2.6171
5.76598e+06 2.61688
5.76658e+06 2.61665
5.76718e+06 2.61643
5.76778e+06 2.6162
5.76838e+06 2.61598
5.76898e+06 2.61575
5.76958e+06 2.61553
5.77018e+06 2.6153
5.77078e+06 2.61508
5.77138e+06 2.61485
5.77198e+06 2.61463
5.77258e+06 2.6144
5.77318e+06 2.61418
5.77378e+06 2.61396
5.77438e+06 2.61373
5.77498e+06 2.61351
5.77558e+06 2.61329
5.77618e+06 2.61306
5.77678e+06 2.61284
5.77738e+06 2.61262
5.77798e+06 2.61239
5.77858e+06 2.61217
5.77918e+06 2.61195
5.77978e+06 2.61173
5.78038e+06 2.6115
5.78098e+06 2.61128
5.78158e+06 2.61106
5.78218e+06 2.61084
5.78278e+06 2.61061
5.78338e+06 2.61039
5.78398e+06 2.61017
5.78458e+06 2.60995
5.78518e+06 2.60973
5.78578e+06 2.60951
5.78638e+06 2.60928
5.78698e+06 2.60906
5.78758e+06 2.60884
5.78818e+06 2.60862
5.78878e+06 2.6084
5.78938e+06 2.60818
5.78998e+06 2.60796
5.79058e+06 2.60774
5.79118e+06 2.60752
5.79178e+06 2.6073
5.79238e+06 2.60708
5.79298e+06 2.60686
5.79358e+06 2.60664
5.79418e+06 2.60642
5.79478e+06 2.6062
5.79538e+06 2.60598
5.79598e+06 2.60576
5.79658e+06 2.60554
5.79718e+06 2.60532
5.79778e+06 2.60511
5.79838e+06 2.60489
5.79898e+06 2.60467
5.79958e+06 2.60445
5.80018e+06 2.60423
5.80078e+06 2.60401
5.80138e+06 2.60379
5.80198e+06 2.60358
5.80258e+06 2.60336
5.80318e+06 2.60314
5.80378e+06 2.60292
5.80438e+06 2.60271
5.80498e+06 2.60249
5.80558e+06 2.60227
5.80618e+06 2.60205
5.80678e+06 2.60184
5.80738e+06 2.60162
5.80798e+06 2.6014
5.80858e+06 2.60119
5.80918e+06 2.60097
5.80978e+06 2.60075
5.81038e+06 2.60054
5.81098e+06 2.60032
5.81158e+06 2.6001
5.81218e+06 2.59989
5.81278e+06 2.59967
5.81338e+06 2.59946
5.81398e+06 2.59924
5.81458e+06 2.59903
5.81518e+06 2.59881
5.81578e+06 2.5986
5.81638e+06 2.59838
5.81698e+06 2.59817
5.81758e+06 2.59795
5.81818e+06 2.59774
5.81878e+06 2.59752
5.81938e+06 2.59731
5.81998e+06 2.59709
5.82058e+06 2.59688
5.82118e+06 2.59666
5.82178e+06 2.59645
5.82238e+06 2.59624
5.82298e+06 2.59602
5.82358e+06 2.59581
5.82418e+06 2.5956
5.82478e+06 2.59538
5.82538e+06 2.59517
5.82598e+06 2.59496
5.82658e+06 2.59474
5.82718e+06 2.59453
5.82778e+06 2.59432
5.82838e+06 2.5941
5.82898e+06 2.59389
5.82958e+06 2.59368
5.83018e+06 2.59347
5.83078e+06 2.59325
5.83138e+06 2.59304
5.83198e+06 2.59283
5.83258e+06 2.59262
5.83318e+06 2.59241
5.83378e+06 2.59219
5.83438e+06 2.59198
5.83498e+06 2.59177
5.83558e+06 2.59156
5.83618e+06 2.59135
5.83678e+06 2.59114
5.83738e+06 2.59093
5.83798e+06 2.59072
5.83858e+06 2.59051
5.83918e+06 2.59029
5.83978e+06 2.59008
5.84038e+06 2.58987
5.84098e+06 2.58966
5.84158e+06 2.58945
5.84218e+06 2.58924
5.84278e+06 2.58903
5.84338e+06 2.58882
5.84398e+06 2.58861
5.84458e+06 2.5884
5.84518e+06 2.5882
5.84578e+06 2.58799
5.84638e+06 2.58778
5.84698e+06 2.58757
5.84758e+06 2.58736
5.84818e+06 2.58715
5.84878e+06 2.58694
5.84938e+06 2.58673
5.84998e+06 2.58652
5.85059e+06 2.58632
5.85119e+06 2.58611
5.85179e+06 2.5859
5.85239e+06 2.58569
5.85299e+06 2.58548
5.85359e+06 2.58528
5.85419e+06 2.58507
5.85479e+06 2.58486
5.85539e+06 2.58465
5.85599e+06 2.58444
5.85659e+06 2.58424
5.85719e+06 2.58403
5.85779e+06 2.58382
5.85839e+06 2.58362
5.85899e+06 2.58341
5.85959e+06 2.5832
5.86019e+06 2.583
5.86079e+06 2.58279
5.86139e+06 2.58258
5.86199e+06 2.58238
5.86259e+06 2.58217
5.86319e+06 2.58196
5.86379e+06 2.58176
5.86439e+06 2.58155
5.86499e+06 2.58135
5.86559e+06 2.58114
5.86619e+06 2.58094
5.86679e+06 2.58073
5.86739e+06 2.58053
5.86799e+06 2.58032
5.86859e+06 2.58012
5.86919e+06 2.57991
5.86979e+06 2.57971
5.87039e+06 2.5795
5.87099e+06 2.5793
5.87159e+06 2.57909
5.87219e+06 2.57889
5.87279e+06 2.57868
5.87339e+06 2.57848
5.87399e+06 2.57828
5.87459e+06 2.57807
5.87519e+06 2.57787
5.87579e+06 2.57766
5.87639e+06 2.57746
5.87699e+06 2.57726
5.87759e+06 2.57705
5.87819e+06 2.57685
5.87879e+06 2.57665
5.87939e+06 2.57644
5.87999e+06 2.57624
5.88059e+06 2.57604
5.88119e+06 2.57584
5.88179e+06 2.57563
5.88239e+06 2.57543
5.88299e+06 2.57523
5.88359e+06 2.57503
5.88419e+06 2.57482
5.88479e+06 2.57462
5.88539e+06 2.57442
5.88599e+06 2.57422
5.88659e+06 2.57402
5.88719e+06 2.57381
5.88779e+06 2.57361
5.88839e+06 2.57341
5.88899e+06 2.57321
5.88959e+06 2.57301
5.89019e+06 2.57281
5.89079e+06 2.57261
5.89139e+06 2.57241
5.89199e+06 2.57221
5.89259e+06 2.57201
5.89319e+06 2.5718
5.89379e+06 2.5716
5.89439e+06 2.5714
5.89499e+06 2.5712
5.89559e+06 2.571
5.89619e+06 2.5708
5.89679e+06 2.5706
5.89739e+06 2.5704
5.89799e+06 2.5702
5.89859e+06 2.57001
5.89919e+06 2.56981
5.89979e+06 2.56961
5.90039e+06 2.56941
5.90099e+06 2.56921
5.90159e+06 2.56901
5.90219e+06 2.56881
5.90279e+06 2.56861
5.90339e+06 2.56841
5.90399e+06 2.56821
5.90459e+06 2.56802
5.90519e+06 2.56782
5.90579e+06 2.56762
5.90639e+06 2.56742
5.90699e+06 2.56722
5.90759e+06 2.56702
5.90819e+06 2.56683
5.90879e+06 2.56663
5.90939e+06 2.56643
5.90999e+06 2.56623
5.91059e+06 2.56604
5.91119e+06 2.56584
5.91179e+06 2.56564
5.91239e+06 2.56545
5.91299e+06 2.56525
5.91359e+06 2.56505
5.91419e+06 2.56485
5.91479e+06 2.56466
5.91539e+06 2.56446
5.91599e+06 2.56426
5.91659e+06 2.56407
5.91719e+06 2.56387
5.91779e+06 2.56368
5.91839e+06 2.56348
5.91899e+06 2.56328
5.91959e+06 2.56309
5.92019e+06 2.56289
5.92079e+06 2.5627
5.92139e+06 2.5625
5.92199e+06 2.56231
5.92259e+06 2.56211
5.92319e+06 2.56192
5.92379e+06 2.56172
5.92439e+06 2.56153
5.92499e+06 2.56133
5.92559e+06 2.56114
5.92619e+06 2.56094
5.92679e+06 2.56075
5.92739e+06 2.56055
5.92799e+06 2.56036
5.92859e+06 2.56016
5.92919e+06 2.55997
5.92979e+06 2.55977
5.93039e+06 2.55958
5.93099e+06 2.55939
5.93159e+06 2.55919
5.93219e+06 2.559
5.93279e+06 2.55881
5.93339e+06 2.55861
5.93399e+06 2.55842
5.93459e+06 2.55823
5.93519e+06 2.55803
5.93579e+06 2.55784
5.93639e+06 2.55765
5.93699e+06 2.55745
5.93759e+06 2.55726
5.93819e+06 2.55707
5.93879e+06 2.55688
5.93939e+06 2.55668
5.93999e+06 2.55649
5.94059e+06 2.5563
5.94119e+06 2.55611
5.94179e+06 2.55591
5.94239e+06 2.55572
5.94299e+06 2.55553
5.94359e+06 2.55534
5.94419e+06 2.55515
5.94479e+06 2.55496
5.94539e+06 2.55476
5.94599e+06 2.55457
5.94659e+06 2.55438
5.94719e+06 2.55419
5.94779e+06 2.554
5.94839e+06 2.55381
5.94899e+06 2.55362
5.94959e+06 2.55343
5.9502e+06 2.55324
5.9508e+06 2.55305
5.9514e+06 2.55286
5.952e+06 2.55267
5.9526e+06 2.55248
5.9532e+06 2.55229
5.9538e+06 2.5521
5.9544e+06 2.55191
5.955e+06 2.55172
5.9556e+06 2.55153
5.9562e+06 2.55134
5.9568e+06 2.55115
5.9574e+06 2.55096
5.958e+06 2.55077
5.9586e+06 2.55058
5.9592e+06 2.55039
5.9598e+06 2.5502
5.9604e+06 2.55001
5.961e+06 2.54982
5.9616e+06 2.54963
5.9622e+06 2.54945
5.9628e+06 2.54926
5.9634e+06 2.54907
5.964e+06 2.54888
5.9646e+06 2.54869
5.9652e+06 2.5485
5.9658e+06 2.54832
5.9664e+06 2.54813
5.967e+06 2.54794
5.9676e+06 2.54775
5.9682e+06 2.54756
5.9688e+06 2.54738
5.9694e+06 2.54719
5.97e+06 2.547
5.9706e+06 2.54682
5.9712e+06 2.54663
5.9718e+06 2.54644
5.9724e+06 2.54625
5.973e+06 2.54607
5.9736e+06 2.54588
5.9742e+06 2.54569
5.9748e+06 2.54551
5.9754e+06 2.54532
5.976e+06 2.54513
5.9766e+06 2.54495
5.9772e+06 2.54476
5.9778e+06 2.54458
5.9784e+06 2.54439
5.979e+06 2.5442
5.9796e+06 2.54402
5.9802e+06 2.54383
5.9808e+06 2.54365
5.9814e+06 2.54346
5.982e+06 2.54328
5.9826e+06 2.54309
5.9832e+06 2.54291
5.9838e+06 2.54272
5.9844e+06 2.54254
5.985e+06 2.54235
5.9856e+06 2.54217
5.9862e+06 2.54198
5.9868e+06 2.5418
5.9874e+06 2.54161
5.988e+06 2.54143
5.9886e+06 2.54124
5.9892e+06 2.54106
5.9898e+06 2.54087
5.9904e+06 2.54069
5.991e+06 2.54051
5.9916e+06 2.54032
5.9922e+06 2.54014
5.9928e+06 2.53996
5.9934e+06 2.53977
5.994e+06 2.53959
5.9946e+06 2.5394
5.9952e+06 2.53922
5.9958e+06 2.53904
5.9964e+06 2.53886
5.997e+06 2.53867
5.9976e+06 2.53849
5.9982e+06 2.53831
5.9988e+06 2.53812
5.9994e+06 2.53794
6e+06 2.53776
